date,net_load,AT_load_actual_entsoe_transparency,AT_solar_generation_actual,AT_wind_onshore_generation_actual,air_density,humidity,irradiance_surface,irradiance_toa,snow_mass,snowfall,temperature,wind_speed
2018/1/1 0:00,5102,5934,0,832,1.175,0.004,0,0,10.41,0.006,-0.489,1.193
2018/1/1 1:00,4803,5729,0,926,1.179,0.004,0,0,10.42,0.006,-0.701,1.271
2018/1/1 2:00,4775,5467,0,692,1.181,0.004,0,0,10.437,0.013,-0.658,1.404
2018/1/1 3:00,4874,5327,0,453,1.182,0.004,0,0,10.466,0.032,-0.714,1.205
2018/1/1 4:00,5102,5423,0,321,1.182,0.004,0,0,10.512,0.054,-0.539,1.276
2018/1/1 5:00,5134,5457,0,323,1.182,0.004,0,0,10.551,0.043,-0.013,1.456
2018/1/1 6:00,5552,5892,8,332,1.181,0.004,0.283,2.496,10.571,0.043,0.486,1.566
2018/1/1 7:00,5820,6145,21,304,1.179,0.004,19.302,116.517,10.583,0.049,1.166,1.722
2018/1/1 8:00,6166,6508,66,276,1.177,0.004,59.535,277.439,10.586,0.051,2.172,1.903
2018/1/1 9:00,6370,6832,125,337,1.174,0.005,88.169,391.895,10.571,0.055,3.076,1.904
2018/1/1 10:00,6423,7115,169,523,1.172,0.005,104.46,451.831,10.543,0.062,3.577,1.74
2018/1/1 11:00,6179,7144,184,781,1.17,0.005,109.644,453.189,10.511,0.074,3.789,1.577
2018/1/1 12:00,5889,7048,165,994,1.17,0.005,98.769,395.853,10.486,0.078,3.682,1.31
2018/1/1 13:00,5992,6992,115,885,1.169,0.005,69.142,283.79,10.484,0.062,3.232,1.041
2018/1/1 14:00,6141,6936,56,739,1.169,0.004,28.32,124.557,10.514,0.042,2.385,0.889
2018/1/1 15:00,6686,7199,18,495,1.17,0.004,1.222,4.601,10.555,0.027,1.462,0.909
2018/1/1 16:00,7302,7543,8,233,1.171,0.004,0,0,10.595,0.029,0.913,0.979
2018/1/1 17:00,7403,7608,8,197,1.172,0.004,0,0,10.647,0.057,0.368,1.021
2018/1/1 18:00,7102,7323,0,221,1.172,0.004,0,0,10.854,0.311,-0.14,1.005
2018/1/1 19:00,6738,6953,0,215,1.173,0.004,0,0,11.082,0.147,-0.375,1.045
2018/1/1 20:00,6337,6524,0,187,1.174,0.004,0,0,11.183,0.044,-0.548,1.064
2018/1/1 21:00,6409,6559,0,150,1.175,0.004,0,0,11.224,0.018,-0.662,1.04
2018/1/1 22:00,6065,6200,0,135,1.177,0.004,0,0,11.255,0.028,-0.913,1.067
2018/1/1 23:00,5708,5942,0,234,1.177,0.004,0,0,11.294,0.035,-1.23,1.085
2018/1/2 0:00,5269,5606,0,337,1.178,0.003,0,0,11.337,0.041,-1.447,1.17
2018/1/2 1:00,4974,5478,0,504,1.179,0.003,0,0,11.387,0.054,-1.561,1.256
2018/1/2 2:00,4858,5430,0,572,1.181,0.003,0,0,11.44,0.049,-1.459,1.388
2018/1/2 3:00,5151,5602,0,451,1.181,0.004,0,0,11.476,0.038,-1.169,1.681
2018/1/2 4:00,5725,6209,0,484,1.181,0.004,0,0,11.504,0.037,-0.813,1.828
2018/1/2 5:00,6327,7007,0,680,1.181,0.004,0,0,11.529,0.037,-0.557,1.923
2018/1/2 6:00,6794,7915,8,1113,1.18,0.004,0.537,2.716,11.555,0.04,-0.354,2.105
2018/1/2 7:00,6771,8401,24,1606,1.18,0.004,30.885,118.209,11.585,0.046,0.375,2.319
2018/1/2 8:00,6686,8682,78,1918,1.179,0.004,82.815,279.26,11.603,0.046,1.486,2.591
2018/1/2 9:00,6580,8770,153,2037,1.178,0.004,124.314,393.779,11.596,0.044,2.263,2.678
2018/1/2 10:00,6502,8877,208,2167,1.177,0.004,143.971,453.76,11.568,0.043,2.737,2.829
2018/1/2 11:00,6315,8821,226,2280,1.176,0.004,147.097,455.114,11.534,0.048,2.92,3.151
2018/1/2 12:00,6319,8681,206,2156,1.176,0.004,127.348,397.781,11.509,0.047,2.86,3.036
2018/1/2 13:00,6394,8610,154,2062,1.178,0.004,90.839,285.609,11.49,0.045,2.56,2.841
2018/1/2 14:00,6542,8656,77,2037,1.18,0.004,36.193,126.31,11.497,0.039,1.838,2.524
2018/1/2 15:00,7056,8891,22,1813,1.183,0.004,1.028,4.879,11.53,0.047,0.801,2.299
2018/1/2 16:00,7606,9273,8,1659,1.185,0.004,0,0,11.567,0.037,0.213,2.24
2018/1/2 17:00,7405,9145,8,1732,1.187,0.004,0,0,11.596,0.027,-0.181,2.186
2018/1/2 18:00,6972,8651,0,1679,1.188,0.004,0,0,11.628,0.038,-0.501,2.184
2018/1/2 19:00,6369,8092,0,1723,1.189,0.004,0,0,11.661,0.031,-0.922,1.991
2018/1/2 20:00,5653,7507,0,1854,1.189,0.004,0,0,11.697,0.038,-1.115,1.96
2018/1/2 21:00,5567,7549,0,1982,1.19,0.003,0,0,11.735,0.037,-1.351,1.893
2018/1/2 22:00,5254,7003,0,1749,1.19,0.003,0,0,11.78,0.046,-1.704,1.821
2018/1/2 23:00,5593,6654,0,1061,1.19,0.003,0,0,11.837,0.057,-2.158,1.54
2018/1/3 0:00,5769,6357,0,588,1.19,0.003,0,0,11.92,0.079,-2.395,1.288
2018/1/3 1:00,5924,6200,0,276,1.189,0.003,0,0,12.019,0.099,-2.346,1.189
2018/1/3 2:00,5862,6112,0,250,1.188,0.003,0,0,12.112,0.098,-2.114,1.195
2018/1/3 3:00,5809,6206,0,397,1.186,0.003,0,0,12.195,0.123,-1.699,1.235
2018/1/3 4:00,5999,6780,0,781,1.184,0.003,0,0,12.294,0.12,-1.253,1.344
2018/1/3 5:00,6100,7502,0,1402,1.183,0.003,0,0,12.358,0.075,-0.965,1.619
2018/1/3 6:00,6469,8440,8,1963,1.181,0.003,0.517,2.97,12.366,0.042,-0.708,2.027
2018/1/3 7:00,6717,8824,16,2091,1.179,0.004,31.903,120.039,12.323,0.036,-0.184,2.621
2018/1/3 8:00,6747,8992,44,2201,1.176,0.004,106.493,281.228,12.234,0.072,0.872,3.188
2018/1/3 9:00,6824,9168,83,2261,1.17,0.004,143.597,395.839,12.1,0.083,1.87,3.618
2018/1/3 10:00,6823,9251,129,2299,1.164,0.004,127.719,455.87,11.894,0.05,2.644,3.965
2018/1/3 11:00,6746,9206,148,2312,1.158,0.005,132.521,457.226,11.694,0.123,3.397,4.136
2018/1/3 12:00,7003,9223,113,2107,1.157,0.005,105.689,399.84,11.718,0.422,3.617,4.111
2018/1/3 13:00,7338,9157,85,1734,1.16,0.004,59.736,287.622,11.926,0.402,3.146,3.683
2018/1/3 14:00,7317,8994,48,1629,1.162,0.004,25.773,128.207,12.089,0.218,2.955,3.69
2018/1/3 15:00,7219,9220,16,1985,1.165,0.004,0.746,5.195,12.148,0.074,2.304,3.648
2018/1/3 16:00,7534,9475,8,1933,1.166,0.004,0,0,12.134,0.039,1.83,3.618
2018/1/3 17:00,7258,9274,8,2008,1.167,0.004,0,0,12.098,0.022,1.618,3.453
2018/1/3 18:00,6902,8713,0,1811,1.167,0.004,0,0,12.045,0.014,1.662,3.716
2018/1/3 19:00,6466,8247,0,1781,1.167,0.004,0,0,11.991,0.015,1.591,3.979
2018/1/3 20:00,5860,7652,0,1792,1.167,0.004,0,0,11.939,0.014,1.512,3.932
2018/1/3 21:00,5618,7553,0,1935,1.168,0.004,0,0,11.892,0.011,1.433,3.868
2018/1/3 22:00,5088,7064,0,1976,1.169,0.004,0,0,11.851,0.009,1.339,3.794
2018/1/3 23:00,4783,6758,0,1975,1.169,0.004,0,0,11.817,0.011,1.242,3.702
2018/1/4 0:00,4314,6450,0,2136,1.17,0.004,0,0,11.79,0.014,1.107,3.514
2018/1/4 1:00,4147,6240,0,2093,1.171,0.004,0,0,11.767,0.016,0.983,3.333
2018/1/4 2:00,3895,6052,0,2157,1.172,0.004,0,0,11.75,0.018,0.905,3.138
2018/1/4 3:00,4421,6186,0,1765,1.172,0.004,0,0,11.741,0.021,0.862,2.868
2018/1/4 4:00,5063,6729,0,1666,1.172,0.004,0,0,11.744,0.027,0.82,2.7
2018/1/4 5:00,5774,7480,0,1706,1.172,0.004,0,0,11.761,0.034,0.793,2.495
2018/1/4 6:00,6778,8296,8,1510,1.172,0.004,0.624,3.252,11.788,0.038,0.764,2.256
2018/1/4 7:00,7220,8694,20,1454,1.172,0.004,36.592,122.021,11.832,0.056,1.268,2.148
2018/1/4 8:00,7407,8945,59,1479,1.17,0.004,96.896,283.36,11.886,0.073,2.476,2.178
2018/1/4 9:00,8055,9097,110,932,1.167,0.005,132.018,398.071,11.94,0.1,3.478,2.088
2018/1/4 10:00,8233,9241,147,861,1.165,0.005,146.512,458.131,11.995,0.116,4.073,2.076
2018/1/4 11:00,8096,9179,156,927,1.163,0.005,123.197,459.526,12.047,0.132,4.244,1.901
2018/1/4 12:00,8278,9112,134,700,1.162,0.005,82.263,402.084,12.115,0.186,3.973,1.454
2018/1/4 13:00,8465,9009,94,450,1.163,0.005,44.036,289.812,12.273,0.256,3.244,1.15
2018/1/4 14:00,8556,9052,48,448,1.163,0.005,14.379,130.277,12.478,0.274,2.537,1.199
2018/1/4 15:00,8850,9318,17,451,1.165,0.004,0.425,5.562,12.682,0.265,2.051,1.269
2018/1/4 16:00,8769,9470,8,693,1.166,0.004,0,0,12.848,0.205,1.835,1.377
2018/1/4 17:00,8457,9338,8,873,1.166,0.004,0,0,12.951,0.172,1.723,1.435
2018/1/4 18:00,7979,8764,0,785,1.166,0.004,0,0,13.095,0.27,1.744,1.494
2018/1/4 19:00,7550,8157,0,607,1.165,0.004,0,0,13.226,0.152,1.743,1.604
2018/1/4 20:00,6908,7618,0,710,1.165,0.004,0,0,13.221,0.038,1.825,1.71
2018/1/4 21:00,6679,7523,0,844,1.164,0.005,0,0,13.152,0.019,2.037,1.85
2018/1/4 22:00,6213,7078,0,865,1.163,0.005,0,0,13.072,0.016,2.23,1.888
2018/1/4 23:00,5773,6670,0,897,1.161,0.005,0,0,12.982,0.011,2.494,1.919
2018/1/5 0:00,5530,6317,0,787,1.159,0.005,0,0,12.879,0.007,2.908,1.8
2018/1/5 1:00,5622,6144,0,522,1.155,0.005,0,0,12.774,0.004,3.43,1.734
2018/1/5 2:00,5665,6028,0,363,1.152,0.005,0,0,12.683,0.004,3.779,1.921
2018/1/5 3:00,5635,6078,0,443,1.152,0.005,0,0,12.607,0.003,3.592,1.837
2018/1/5 4:00,6083,6574,0,491,1.152,0.005,0,0,12.545,0.001,3.464,1.699
2018/1/5 5:00,6759,7384,0,625,1.153,0.005,0,0,12.493,0,3.545,1.613
2018/1/5 6:00,7649,8249,8,592,1.153,0.005,0.606,3.585,12.45,0,3.542,1.489
2018/1/5 7:00,8166,8647,21,460,1.153,0.005,37.862,124.168,12.414,0,4.097,1.482
2018/1/5 8:00,8359,8799,63,377,1.152,0.006,115.398,285.64,12.344,0,5.561,1.517
2018/1/5 9:00,8367,8821,116,338,1.15,0.006,167.401,400.452,12.192,0,6.808,1.588
2018/1/5 10:00,8393,8787,154,240,1.148,0.006,192.763,460.58,11.961,0,7.602,1.627
2018/1/5 11:00,8261,8639,167,211,1.146,0.006,163.82,461.958,11.719,0.001,7.859,1.407
2018/1/5 12:00,8054,8512,152,306,1.146,0.006,116.002,404.525,11.526,0.002,7.484,1.02
2018/1/5 13:00,7880,8504,113,511,1.146,0.006,70.323,292.112,11.39,0.001,6.572,0.867
2018/1/5 14:00,7723,8486,60,703,1.148,0.006,27.337,132.492,11.321,0.001,5.558,1.001
2018/1/5 15:00,8048,8789,20,721,1.151,0.005,1.064,5.969,11.301,0.002,4.771,1.161
2018/1/5 16:00,8501,9095,9,585,1.154,0.005,0,0,11.289,0.003,4.403,1.25
2018/1/5 17:00,8213,8913,8,692,1.157,0.005,0,0,11.275,0.004,4.05,1.26
2018/1/5 18:00,7629,8335,0,706,1.159,0.005,0,0,11.251,0,3.639,1.241
2018/1/5 19:00,7224,7783,0,559,1.162,0.005,0,0,11.227,0,3.047,1.229
2018/1/5 20:00,6747,7206,0,459,1.164,0.005,0,0,11.206,0,2.464,1.224
2018/1/5 21:00,6697,7055,0,358,1.165,0.005,0,0,11.17,0,2.037,1.179
2018/1/5 22:00,6317,6675,0,358,1.165,0.005,0,0,11.149,0,1.719,1.124
2018/1/5 23:00,6015,6314,0,299,1.165,0.004,0,0,11.133,0.001,1.499,1.046
2018/1/6 0:00,5817,6026,0,209,1.165,0.004,0,0,11.119,0.001,1.272,0.969
2018/1/6 1:00,5648,5856,0,208,1.164,0.004,0,0,11.107,0.001,1.274,0.936
2018/1/6 2:00,5460,5680,0,220,1.165,0.004,0,0,11.092,0.001,1.547,0.859
2018/1/6 3:00,5460,5643,0,183,1.165,0.004,0,0,11.076,0.001,1.78,0.745
2018/1/6 4:00,5724,5886,0,162,1.166,0.004,0,0,11.06,0.001,1.82,0.653
2018/1/6 5:00,5855,6050,0,195,1.167,0.004,0,0,11.045,0.001,1.636,0.618
2018/1/6 6:00,6375,6572,8,189,1.169,0.004,0.994,3.953,11.031,0.001,1.367,0.64
2018/1/6 7:00,6696,6910,21,193,1.171,0.004,53.34,126.477,11.015,0.001,1.742,0.612
2018/1/6 8:00,6955,7209,62,192,1.171,0.005,149.356,288.11,10.97,0.001,3.417,0.78
2018/1/6 9:00,7063,7327,113,151,1.169,0.005,228.706,402.98,10.85,0.001,4.619,0.998
2018/1/6 10:00,7102,7418,145,171,1.166,0.005,279.334,463.192,10.662,0.001,5.587,1.216
2018/1/6 11:00,6869,7208,154,185,1.161,0.006,284.667,464.572,10.447,0.001,6.452,1.378
2018/1/6 12:00,6651,6998,141,206,1.158,0.006,244.915,407.08,10.238,0.001,6.91,1.438
2018/1/6 13:00,6530,6858,104,224,1.157,0.006,163.694,294.608,10.07,0.001,6.633,1.243
2018/1/6 14:00,6612,6974,53,309,1.157,0.006,60.883,134.859,9.978,0.001,4.807,0.984
2018/1/6 15:00,6851,7255,18,386,1.16,0.005,1.907,6.436,9.94,0.001,2.977,1.07
2018/1/6 16:00,7346,7711,8,357,1.162,0.005,0,0,9.917,0.001,2.602,1.093
2018/1/6 17:00,7477,7761,8,276,1.165,0.005,0,0,9.894,0.001,2.528,1.095
2018/1/6 18:00,7174,7358,0,184,1.167,0.005,0,0,9.874,0,2.361,1.053
2018/1/6 19:00,6902,7056,0,154,1.169,0.005,0,0,9.857,0,2.226,1.009
2018/1/6 20:00,6513,6654,0,141,1.171,0.005,0,0,9.841,0,2.087,1.058
2018/1/6 21:00,6528,6666,0,138,1.173,0.005,0,0,9.828,0,1.885,1.111
2018/1/6 22:00,6128,6303,0,175,1.175,0.005,0,0,9.812,0,1.774,1.114
2018/1/6 23:00,5797,5958,0,161,1.176,0.005,0,0,9.794,0,1.74,1.101
2018/1/7 0:00,5538,5700,0,162,1.178,0.004,0,0,9.777,0,1.751,1.14
2018/1/7 1:00,5388,5546,0,158,1.179,0.004,0,0,9.76,0.001,1.693,1.225
2018/1/7 2:00,5235,5388,0,153,1.181,0.004,0,0,9.743,0,1.589,1.321
2018/1/7 3:00,5243,5393,0,150,1.181,0.004,0,0,9.729,0.001,1.466,1.28
2018/1/7 4:00,5464,5614,0,150,1.182,0.004,0,0,9.718,0.001,1.327,1.236
2018/1/7 5:00,5681,5790,0,109,1.183,0.004,0,0,9.708,0.001,1.219,1.16
2018/1/7 6:00,6211,6318,8,99,1.184,0.004,0.571,4.375,9.699,0.001,1.149,1.101
2018/1/7 7:00,6547,6661,19,95,1.185,0.004,34.605,128.925,9.687,0.001,1.634,1.065
2018/1/7 8:00,6973,7132,60,99,1.184,0.005,103.749,290.725,9.659,0.001,3.056,1.136
2018/1/7 9:00,7214,7432,111,107,1.182,0.005,158.457,405.7,9.587,0.001,4.356,1.176
2018/1/7 10:00,7363,7617,152,102,1.178,0.005,189.892,465.958,9.466,0.001,5.352,1.271
2018/1/7 11:00,7194,7474,170,110,1.175,0.006,189.138,467.347,9.336,0.001,6.044,1.405
2018/1/7 12:00,6922,7231,161,148,1.173,0.006,161.325,409.823,9.211,0.001,6.345,1.467
2018/1/7 13:00,6651,7044,121,272,1.173,0.006,101.072,297.269,9.114,0.001,6.002,1.379
2018/1/7 14:00,6677,7056,65,314,1.174,0.006,35.968,137.385,9.056,0,5.008,1.239
2018/1/7 15:00,6889,7328,21,418,1.176,0.005,1.425,6.955,9.033,0,4.092,1.317
2018/1/7 16:00,7343,7711,8,360,1.179,0.005,0,0,9.017,0,3.928,1.348
2018/1/7 17:00,7389,7763,8,366,1.181,0.005,0,0,8.998,0,3.727,1.365
2018/1/7 18:00,7062,7417,0,355,1.183,0.005,0,0,8.977,0,3.593,1.384
2018/1/7 19:00,6745,7085,0,340,1.184,0.005,0,0,8.955,0,3.452,1.346
2018/1/7 20:00,6364,6697,0,333,1.185,0.005,0,0,8.933,0,3.328,1.269
2018/1/7 21:00,6494,6780,0,286,1.186,0.005,0,0,8.912,0,3.253,1.2
2018/1/7 22:00,6147,6396,0,249,1.186,0.005,0,0,8.893,0,3.156,1.073
2018/1/7 23:00,5896,6118,0,222,1.187,0.005,0,0,8.874,0,3.098,1.053
2018/1/8 0:00,5716,5915,0,199,1.188,0.005,0,0,8.854,0,3.036,1.135
2018/1/8 1:00,5630,5843,0,213,1.189,0.005,0,0,8.835,0,2.959,1.186
2018/1/8 2:00,5477,5725,0,248,1.189,0.005,0,0,8.815,0,2.872,1.165
2018/1/8 3:00,5671,5948,0,277,1.189,0.005,0,0,8.797,0,2.876,1.15
2018/1/8 4:00,6475,6740,0,265,1.19,0.005,0,0,8.778,0,2.886,1.143
2018/1/8 5:00,7706,7943,0,237,1.19,0.005,0,0,8.76,0,2.929,1.141
2018/1/8 6:00,8763,9051,8,280,1.19,0.005,0.223,4.847,8.746,0,2.935,1.149
2018/1/8 7:00,9146,9417,19,252,1.191,0.005,14.434,131.528,8.73,0,3.16,1.241
2018/1/8 8:00,9204,9492,53,235,1.19,0.005,45.583,293.506,8.692,0,3.686,1.369
2018/1/8 9:00,9211,9524,99,214,1.189,0.005,86.679,408.565,8.613,0,4.252,1.39
2018/1/8 10:00,9240,9573,136,197,1.187,0.005,133.511,468.866,8.498,0.001,4.893,1.408
2018/1/8 11:00,9032,9388,152,204,1.184,0.006,156.575,470.291,8.357,0.001,5.489,1.47
2018/1/8 12:00,8968,9328,142,218,1.182,0.006,141.772,412.719,8.221,0.001,5.709,1.532
2018/1/8 13:00,8894,9270,112,264,1.182,0.006,95.122,300.08,8.116,0,5.462,1.57
2018/1/8 14:00,8898,9261,64,299,1.183,0.005,37.186,140.052,8.06,0.001,4.52,1.501
2018/1/8 15:00,9116,9438,22,300,1.186,0.005,1.666,7.54,8.044,0.001,3.505,1.504
2018/1/8 16:00,9256,9632,8,368,1.188,0.005,0,0,8.036,0.002,3.355,1.549
2018/1/8 17:00,9091,9489,8,390,1.189,0.005,0,0,8.028,0.001,3.3,1.584
2018/1/8 18:00,8518,8876,0,358,1.189,0.005,0,0,8.03,0.016,3.307,1.675
2018/1/8 19:00,7976,8322,0,346,1.189,0.005,0,0,8.039,0.013,3.362,1.772
2018/1/8 20:00,7403,7780,0,377,1.189,0.005,0,0,8.043,0.01,3.384,1.948
2018/1/8 21:00,7011,7578,0,567,1.189,0.005,0,0,8.042,0.012,3.343,2.08
2018/1/8 22:00,6214,7112,0,898,1.19,0.005,0,0,8.031,0.01,3.182,2.106
2018/1/8 23:00,5667,6783,0,1116,1.191,0.005,0,0,8.006,0.008,3.023,2.166
2018/1/9 0:00,5265,6530,0,1265,1.192,0.005,0,0,7.97,0.01,2.866,2.241
2018/1/9 1:00,4916,6412,0,1496,1.192,0.005,0,0,7.936,0.017,2.73,2.292
2018/1/9 2:00,4801,6274,0,1473,1.193,0.005,0,0,7.914,0.027,2.606,2.345
2018/1/9 3:00,4855,6386,0,1531,1.192,0.005,0,0,7.899,0.027,2.564,2.323
2018/1/9 4:00,5367,6981,0,1614,1.192,0.005,0,0,7.888,0.028,2.564,2.287
2018/1/9 5:00,6517,8017,0,1500,1.191,0.005,0,0,7.88,0.028,2.462,2.189
2018/1/9 6:00,7572,9112,8,1532,1.191,0.005,0.677,5.378,7.884,0.036,2.354,2.142
2018/1/9 7:00,7895,9442,22,1525,1.19,0.005,27.326,134.281,7.894,0.043,2.662,2.309
2018/1/9 8:00,8019,9452,66,1367,1.188,0.005,69.833,296.409,7.885,0.032,3.373,2.393
2018/1/9 9:00,7855,9478,121,1502,1.185,0.005,97.017,411.627,7.844,0.031,4.099,2.575
2018/1/9 10:00,8022,9557,163,1372,1.182,0.005,106.863,471.973,7.782,0.041,4.652,2.522
2018/1/9 11:00,7922,9341,174,1245,1.18,0.005,102.492,473.398,7.741,0.075,4.973,2.391
2018/1/9 12:00,7792,9251,158,1301,1.179,0.005,87.938,415.79,7.773,0.16,5.065,2.309
2018/1/9 13:00,7816,9184,114,1254,1.178,0.005,55.803,303.032,7.805,0.062,4.83,2.299
2018/1/9 14:00,7935,9238,60,1243,1.178,0.005,22.224,142.874,7.802,0.029,4.359,2.331
2018/1/9 15:00,8084,9370,21,1265,1.179,0.005,1.238,8.189,7.807,0.027,3.864,2.375
2018/1/9 16:00,8118,9639,8,1513,1.179,0.005,0,0,7.822,0.026,3.555,2.378
2018/1/9 17:00,7705,9466,8,1753,1.18,0.005,0,0,7.841,0.022,3.337,2.267
2018/1/9 18:00,7148,8900,0,1752,1.18,0.005,0,0,7.847,0.005,3.139,2.15
2018/1/9 19:00,6851,8344,0,1493,1.181,0.005,0,0,7.851,0.023,2.935,2.086
2018/1/9 20:00,6061,7718,0,1657,1.181,0.005,0,0,7.865,0.029,2.869,1.959
2018/1/9 21:00,5895,7480,0,1585,1.181,0.005,0,0,7.883,0.027,2.78,1.843
2018/1/9 22:00,5363,6924,0,1561,1.181,0.005,0,0,7.897,0.018,2.649,1.748
2018/1/9 23:00,5061,6540,0,1479,1.181,0.005,0,0,7.908,0.014,2.463,1.64
2018/1/10 0:00,4857,6336,0,1479,1.181,0.005,0,0,7.916,0.007,2.264,1.579
2018/1/10 1:00,4744,6247,0,1503,1.182,0.005,0,0,7.92,0.003,2.038,1.517
2018/1/10 2:00,4895,6139,0,1244,1.182,0.004,0,0,7.922,0.003,1.806,1.493
2018/1/10 3:00,5102,6299,0,1197,1.183,0.004,0,0,7.924,0.002,1.519,1.448
2018/1/10 4:00,5769,7000,0,1231,1.184,0.004,0,0,7.929,0.01,1.229,1.393
2018/1/10 5:00,6993,8160,0,1167,1.184,0.004,0,0,7.938,0.011,0.981,1.336
2018/1/10 6:00,8227,9184,9,948,1.185,0.004,0.291,5.968,7.945,0.004,0.73,1.311
2018/1/10 7:00,8673,9578,22,883,1.186,0.004,24.339,137.188,7.958,0.029,0.761,1.29
2018/1/10 8:00,8912,9687,67,708,1.187,0.004,77.339,299.49,7.978,0.045,1.497,1.194
2018/1/10 9:00,9050,9751,126,575,1.185,0.004,126.24,414.788,7.989,0.046,2.378,1.142
2018/1/10 10:00,9108,9673,175,390,1.183,0.004,165.64,475.211,7.965,0.034,3.088,1.11
2018/1/10 11:00,8936,9462,202,324,1.18,0.005,188.631,476.646,7.929,0.037,3.644,1.053
2018/1/10 12:00,8890,9341,189,262,1.177,0.005,185.836,418.979,7.891,0.021,4.043,0.994
2018/1/10 13:00,8963,9250,140,147,1.176,0.005,139.954,306.139,7.858,0.007,4.035,0.803
2018/1/10 14:00,9142,9314,74,98,1.177,0.005,58.054,145.839,7.848,0.003,3.09,0.624
2018/1/10 15:00,9353,9486,24,109,1.178,0.004,2.604,8.913,7.848,0.001,1.899,0.613
2018/1/10 16:00,9716,9811,9,86,1.18,0.004,0,0,7.849,0.001,1.329,0.593
2018/1/10 17:00,9604,9663,8,51,1.182,0.004,0,0,7.851,0.002,0.917,0.555
2018/1/10 18:00,9076,9100,0,24,1.183,0.004,0,0,7.853,0.001,0.548,0.552
2018/1/10 19:00,8455,8465,0,10,1.184,0.004,0,0,7.854,0.001,0.245,0.533
2018/1/10 20:00,7877,7888,0,11,1.186,0.004,0,0,7.855,0.002,0.114,0.516
2018/1/10 21:00,7625,7640,0,15,1.187,0.004,0,0,7.857,0.002,-0.165,0.565
2018/1/10 22:00,7082,7106,0,24,1.189,0.004,0,0,7.858,0.002,-0.462,0.627
2018/1/10 23:00,6722,6738,0,16,1.19,0.004,0,0,7.86,0.002,-0.718,0.648
2018/1/11 0:00,6457,6474,0,17,1.191,0.004,0,0,7.862,0.002,-0.841,0.643
2018/1/11 1:00,6335,6347,0,12,1.192,0.004,0,0,7.864,0.003,-0.962,0.648
2018/1/11 2:00,6192,6201,0,9,1.192,0.004,0,0,7.866,0.003,-1.008,0.668
2018/1/11 3:00,6351,6365,0,14,1.192,0.004,0,0,7.869,0.003,-0.987,0.647
2018/1/11 4:00,6944,6983,0,39,1.192,0.004,0,0,7.871,0.002,-0.894,0.698
2018/1/11 5:00,8038,8088,0,50,1.192,0.004,0,0,7.873,0.002,-0.92,0.704
2018/1/11 6:00,9195,9260,9,56,1.192,0.004,1.466,6.633,7.875,0.002,-0.884,0.734
2018/1/11 7:00,9526,9605,20,59,1.192,0.004,45.994,140.223,7.876,0.001,0.029,0.912
2018/1/11 8:00,9496,9634,57,81,1.19,0.004,130.218,302.712,7.871,0.001,1.323,1.167
2018/1/11 9:00,9494,9658,103,61,1.187,0.004,219.33,418.139,7.851,0.001,2.599,1.164
2018/1/11 10:00,9420,9607,146,41,1.182,0.004,283.59,478.647,7.808,0.001,3.74,1.176
2018/1/11 11:00,9195,9412,166,51,1.179,0.004,293.508,480.058,7.751,0.001,4.51,1.259
2018/1/11 12:00,9171,9382,152,59,1.177,0.004,252.932,422.351,7.698,0.002,4.686,1.36
2018/1/11 13:00,9142,9338,112,84,1.177,0.004,160.839,309.393,7.664,0.002,4.246,1.268
2018/1/11 14:00,9186,9395,63,146,1.18,0.004,58.208,148.942,7.653,0.003,2.591,0.789
2018/1/11 15:00,9351,9566,22,193,1.183,0.004,2.37,9.711,7.655,0.005,0.913,0.913
2018/1/11 16:00,9474,9742,8,260,1.186,0.004,0,0,7.659,0.005,0.528,0.944
2018/1/11 17:00,9205,9579,8,366,1.188,0.004,0,0,7.663,0.005,0.326,0.938
2018/1/11 18:00,8565,9013,0,448,1.191,0.004,0,0,7.669,0.007,0.045,0.916
2018/1/11 19:00,7830,8418,0,588,1.193,0.004,0,0,7.675,0.006,-0.288,0.952
2018/1/11 20:00,7148,7831,0,683,1.195,0.004,0,0,7.681,0.007,-0.559,1.025
2018/1/11 21:00,6726,7603,0,877,1.197,0.004,0,0,7.686,0.007,-0.639,1.117
2018/1/11 22:00,6251,7091,0,840,1.199,0.004,0,0,7.691,0.007,-0.727,1.237
2018/1/11 23:00,5871,6780,0,909,1.2,0.004,0,0,7.697,0.008,-0.842,1.357
2018/1/12 0:00,5612,6567,0,955,1.201,0.004,0,0,7.703,0.009,-0.994,1.416
2018/1/12 1:00,5504,6430,0,926,1.202,0.004,0,0,7.708,0.008,-1.115,1.452
2018/1/12 2:00,5359,6336,0,977,1.203,0.004,0,0,7.714,0.008,-1.22,1.458
2018/1/12 3:00,5502,6476,0,974,1.203,0.004,0,0,7.719,0.006,-1.258,1.478
2018/1/12 4:00,6139,7134,0,995,1.203,0.004,0,0,7.724,0.007,-1.316,1.489
2018/1/12 5:00,7192,8189,0,997,1.203,0.004,0,0,7.73,0.007,-1.318,1.509
2018/1/12 6:00,8338,9359,9,1012,1.204,0.004,1.432,7.358,7.735,0.007,-1.284,1.512
2018/1/12 7:00,8755,9731,21,955,1.204,0.004,46.503,143.423,7.739,0.007,-0.589,1.608
2018/1/12 8:00,8902,9783,65,816,1.202,0.004,132.536,306.082,7.741,0.006,0.778,1.746
2018/1/12 9:00,9045,9820,125,650,1.199,0.004,212.799,421.627,7.73,0.005,2.06,1.904
2018/1/12 10:00,8997,9803,167,639,1.195,0.004,260.951,482.198,7.702,0.004,2.986,2.03
2018/1/12 11:00,8746,9550,179,625,1.193,0.004,260.855,483.636,7.663,0.003,3.497,2.047
2018/1/12 12:00,8599,9362,162,601,1.191,0.004,215.271,425.864,7.625,0.003,3.604,2.003
2018/1/12 13:00,8534,9227,122,571,1.192,0.004,138.224,312.8,7.6,0.006,3.261,1.777
2018/1/12 14:00,8533,9205,67,605,1.194,0.004,52.843,152.194,7.595,0.007,2.078,1.3
2018/1/12 15:00,8787,9480,23,670,1.197,0.004,2.738,10.597,7.6,0.01,0.599,1.322
2018/1/12 16:00,9144,9755,9,602,1.2,0.004,0,0,7.613,0.019,0.117,1.44
2018/1/12 17:00,8982,9541,9,550,1.203,0.004,0,0,7.634,0.025,-0.201,1.477
2018/1/12 18:00,8340,8829,0,489,1.206,0.004,0,0,7.676,0.067,-0.583,1.457
2018/1/12 19:00,7854,8269,0,415,1.208,0.004,0,0,7.737,0.066,-0.939,1.408
2018/1/12 20:00,7273,7669,0,396,1.21,0.004,0,0,7.79,0.053,-1.26,1.332
2018/1/12 21:00,7124,7515,0,391,1.211,0.004,0,0,7.832,0.04,-1.499,1.255
2018/1/12 22:00,6610,6991,0,381,1.212,0.003,0,0,7.865,0.033,-1.735,1.133
2018/1/12 23:00,6255,6646,0,391,1.213,0.003,0,0,7.893,0.029,-1.969,1.065
2018/1/13 0:00,5980,6344,0,364,1.213,0.003,0,0,7.919,0.027,-2.212,1.043
2018/1/13 1:00,5866,6190,0,324,1.214,0.003,0,0,7.942,0.025,-2.431,1.017
2018/1/13 2:00,5793,6101,0,308,1.214,0.003,0,0,7.963,0.024,-2.574,1.001
2018/1/13 3:00,5832,6096,0,264,1.215,0.003,0,0,7.985,0.026,-2.691,1.008
2018/1/13 4:00,6124,6361,0,237,1.216,0.003,0,0,8.009,0.028,-2.826,0.999
2018/1/13 5:00,6463,6686,0,223,1.217,0.003,0,0,8.033,0.028,-2.966,0.972
2018/1/13 6:00,7212,7430,9,209,1.217,0.003,1.366,8.179,8.057,0.029,-3.108,0.963
2018/1/13 7:00,7808,7996,23,165,1.217,0.003,48.353,146.759,8.08,0.028,-2.471,1.214
2018/1/13 8:00,8152,8380,68,160,1.215,0.003,132.588,309.59,8.098,0.022,-1.236,1.5
2018/1/13 9:00,8342,8595,123,130,1.211,0.003,203.245,425.263,8.109,0.022,-0.029,1.581
2018/1/13 10:00,8417,8680,161,102,1.208,0.004,238.689,485.893,8.105,0.021,0.933,1.631
2018/1/13 11:00,8241,8516,175,100,1.205,0.004,235.168,487.338,8.085,0.019,1.431,1.679
2018/1/13 12:00,7985,8278,157,136,1.203,0.004,197.835,429.502,8.065,0.021,1.528,1.732
2018/1/13 13:00,7904,8218,117,197,1.203,0.004,132.966,316.367,8.058,0.021,1.214,1.736
2018/1/13 14:00,7912,8201,65,224,1.205,0.004,54.828,155.586,8.069,0.023,0.293,1.396
2018/1/13 15:00,8035,8336,23,278,1.208,0.004,3.371,11.567,8.095,0.034,-1.047,1.192
2018/1/13 16:00,8314,8632,9,309,1.21,0.003,0,0,8.131,0.047,-1.501,1.394
2018/1/13 17:00,8093,8445,9,343,1.212,0.003,0,0,8.178,0.057,-1.792,1.606
2018/1/13 18:00,7671,7976,0,305,1.213,0.003,0,0,8.227,0.054,-2.106,1.728
2018/1/13 19:00,7266,7552,0,286,1.214,0.003,0,0,8.276,0.056,-2.409,1.806
2018/1/13 20:00,6761,7098,0,337,1.216,0.003,0,0,8.325,0.054,-2.757,1.771
2018/1/13 21:00,6712,7099,0,387,1.216,0.003,0,0,8.374,0.057,-3.088,1.697
2018/1/13 22:00,6321,6761,0,440,1.217,0.003,0,0,8.427,0.062,-3.239,1.663
2018/1/13 23:00,6045,6472,0,427,1.217,0.003,0,0,8.482,0.068,-3.293,1.638
2018/1/14 0:00,5833,6162,0,329,1.217,0.003,0,0,8.547,0.074,-3.357,1.613
2018/1/14 1:00,5667,6002,0,335,1.217,0.003,0,0,8.623,0.08,-3.366,1.665
2018/1/14 2:00,5388,5836,0,448,1.217,0.003,0,0,8.708,0.091,-3.373,1.728
2018/1/14 3:00,5181,5804,0,623,1.217,0.003,0,0,8.801,0.097,-3.378,1.799
2018/1/14 4:00,5259,5975,0,716,1.217,0.003,0,0,8.904,0.11,-3.388,1.941
2018/1/14 5:00,5332,6147,0,815,1.218,0.003,0,0,9.019,0.12,-3.4,2.117
2018/1/14 6:00,5884,6807,10,913,1.219,0.003,1.241,9.073,9.143,0.127,-3.469,2.227
2018/1/14 7:00,6091,7179,21,1067,1.219,0.003,39.46,150.234,9.265,0.121,-3.2,2.41
2018/1/14 8:00,6481,7658,59,1118,1.219,0.003,106.052,313.257,9.374,0.104,-2.43,2.654
2018/1/14 9:00,6842,8014,113,1059,1.217,0.003,165.401,429.071,9.463,0.088,-1.678,2.787
2018/1/14 10:00,7115,8221,155,951,1.215,0.003,197.377,489.764,9.53,0.074,-1.062,2.738
2018/1/14 11:00,7057,7994,171,766,1.213,0.003,201.439,491.199,9.578,0.061,-0.693,2.67
2018/1/14 12:00,6815,7700,156,729,1.211,0.003,174.536,433.337,9.614,0.053,-0.609,2.604
2018/1/14 13:00,6727,7516,115,674,1.211,0.003,119.742,320.056,9.649,0.05,-0.852,2.478
2018/1/14 14:00,6674,7412,63,675,1.213,0.003,50.09,159.115,9.693,0.052,-1.547,2.115
2018/1/14 15:00,6900,7658,22,736,1.215,0.003,3.199,12.632,9.744,0.054,-2.557,1.784
2018/1/14 16:00,7379,8115,10,726,1.217,0.003,0,0,9.799,0.058,-3.023,1.77
2018/1/14 17:00,7471,8237,9,757,1.219,0.003,0,0,9.856,0.058,-3.372,1.74
2018/1/14 18:00,7133,7885,0,752,1.221,0.003,0,0,9.912,0.057,-3.712,1.69
2018/1/14 19:00,6864,7565,0,701,1.222,0.003,0,0,9.962,0.048,-3.978,1.69
2018/1/14 20:00,6504,7238,0,734,1.223,0.003,0,0,10.003,0.037,-4.192,1.707
2018/1/14 21:00,6596,7334,0,738,1.224,0.003,0,0,10.033,0.028,-4.442,1.604
2018/1/14 22:00,6282,6984,0,702,1.224,0.003,0,0,10.056,0.021,-4.65,1.583
2018/1/14 23:00,6160,6809,0,649,1.224,0.003,0,0,10.074,0.017,-4.819,1.545
2018/1/15 0:00,5956,6572,0,616,1.224,0.003,0,0,10.089,0.014,-4.965,1.477
2018/1/15 1:00,5824,6459,0,635,1.224,0.003,0,0,10.102,0.012,-5.095,1.457
2018/1/15 2:00,5840,6395,0,555,1.224,0.003,0,0,10.113,0.011,-5.188,1.449
2018/1/15 3:00,6130,6633,0,503,1.224,0.003,0,0,10.124,0.011,-5.383,1.41
2018/1/15 4:00,6762,7239,0,477,1.224,0.002,0,0,10.135,0.011,-5.493,1.464
2018/1/15 5:00,7915,8385,0,470,1.225,0.002,0,0,10.146,0.009,-5.62,1.494
2018/1/15 6:00,8946,9503,10,547,1.225,0.002,2.448,10.055,10.155,0.008,-5.681,1.585
2018/1/15 7:00,9312,9864,22,530,1.225,0.003,62.799,153.848,10.163,0.007,-4.951,1.801
2018/1/15 8:00,9259,9884,66,559,1.222,0.003,171.663,317.055,10.168,0.007,-3.352,2.131
2018/1/15 9:00,9101,9952,129,722,1.217,0.003,259.727,432.982,10.164,0.007,-1.858,2.357
2018/1/15 10:00,8942,9955,180,833,1.212,0.003,305.119,493.772,10.149,0.008,-0.758,2.417
2018/1/15 11:00,8634,9821,205,982,1.208,0.003,299.75,495.249,10.123,0.007,-0.12,2.398
2018/1/15 12:00,8400,9774,187,1187,1.205,0.003,254.91,437.313,10.094,0.006,0.086,2.363
2018/1/15 13:00,8277,9730,133,1320,1.204,0.003,171.038,323.897,10.076,0.005,-0.187,2.258
2018/1/15 14:00,8292,9721,70,1359,1.204,0.003,71.048,162.791,10.072,0.003,-1.387,2.015
2018/1/15 15:00,8418,9940,23,1499,1.206,0.003,4.042,13.798,10.075,0.002,-3.357,1.932
2018/1/15 16:00,8549,10244,10,1685,1.209,0.003,0,0,10.08,0.004,-4.174,2.134
2018/1/15 17:00,8229,10098,9,1860,1.21,0.003,0,0,10.087,0.006,-4.314,2.341
2018/1/15 18:00,7697,9648,0,1951,1.211,0.003,0,0,10.097,0.011,-4.274,2.435
2018/1/15 19:00,6983,9010,0,2027,1.212,0.003,0,0,10.11,0.013,-4.255,2.51
2018/1/15 20:00,6307,8406,0,2099,1.212,0.003,0,0,10.126,0.017,-4.221,2.598
2018/1/15 21:00,6087,8176,0,2089,1.211,0.003,0,0,10.148,0.025,-4.13,2.712
2018/1/15 22:00,5490,7640,0,2150,1.209,0.003,0,0,10.179,0.036,-4.02,2.784
2018/1/15 23:00,5010,7241,0,2231,1.207,0.003,0,0,10.217,0.039,-3.842,2.9
2018/1/16 0:00,4839,7020,0,2181,1.205,0.003,0,0,10.253,0.036,-3.596,2.936
2018/1/16 1:00,4667,6919,0,2252,1.202,0.003,0,0,10.29,0.044,-3.343,2.929
2018/1/16 2:00,4534,6769,0,2235,1.199,0.003,0,0,10.344,0.066,-3.165,2.901
2018/1/16 3:00,4757,6864,0,2107,1.197,0.003,0,0,10.415,0.076,-3.076,2.854
2018/1/16 4:00,5926,7562,0,1636,1.196,0.003,0,0,10.499,0.093,-2.99,2.69
2018/1/16 5:00,7078,8546,0,1468,1.194,0.003,0,0,10.603,0.112,-2.892,2.484
2018/1/16 6:00,8237,9582,9,1336,1.193,0.003,1.977,11.144,10.708,0.095,-2.851,2.364
2018/1/16 7:00,8701,9915,17,1197,1.191,0.003,55.496,157.61,10.8,0.086,-2.206,2.471
2018/1/16 8:00,8801,9989,46,1142,1.186,0.003,125.721,321.003,10.889,0.111,-0.798,2.634
2018/1/16 9:00,8859,10048,89,1100,1.18,0.004,178.717,437.066,10.965,0.129,0.607,2.725
2018/1/16 10:00,8870,10122,134,1118,1.174,0.004,200.855,497.91,11.02,0.184,1.608,2.761
2018/1/16 11:00,8746,9869,145,978,1.169,0.004,208.678,499.41,11.036,0.163,2.276,2.804
2018/1/16 12:00,8598,9758,132,1028,1.166,0.004,189.269,441.388,10.951,0.07,2.543,2.782
2018/1/16 13:00,8709,9609,101,799,1.164,0.004,138.438,327.89,10.845,0.053,2.492,2.732
2018/1/16 14:00,8851,9608,59,698,1.164,0.004,46.823,166.6,10.81,0.067,1.88,2.404
2018/1/16 15:00,9135,9826,23,668,1.163,0.004,2.968,15.069,10.804,0.061,1.098,2.284
2018/1/16 16:00,9405,10085,10,670,1.163,0.004,0,0,10.788,0.057,1.102,2.317
2018/1/16 17:00,9287,9985,9,689,1.163,0.004,0,0,10.774,0.043,1.004,2.07
2018/1/16 18:00,8411,9315,0,904,1.164,0.004,0,0,10.794,0.059,0.667,1.83
2018/1/16 19:00,7630,8724,0,1094,1.165,0.004,0,0,10.835,0.065,0.512,1.72
2018/1/16 20:00,6950,8186,0,1236,1.165,0.004,0,0,10.886,0.065,0.289,1.63
2018/1/16 21:00,6709,7934,0,1225,1.166,0.004,0,0,10.947,0.075,0.172,1.611
2018/1/16 22:00,6202,7391,0,1189,1.166,0.004,0,0,11.033,0.105,-0.069,1.474
2018/1/16 23:00,5820,7004,0,1184,1.166,0.004,0,0,11.164,0.149,-0.244,1.413
2018/1/17 0:00,5584,6864,0,1280,1.166,0.004,0,0,11.347,0.197,-0.306,1.414
2018/1/17 1:00,5507,6702,0,1195,1.167,0.004,0,0,11.552,0.203,-0.285,1.427
2018/1/17 2:00,5054,6602,0,1548,1.167,0.004,0,0,11.797,0.262,-0.465,1.238
2018/1/17 3:00,5340,6662,0,1322,1.167,0.004,0,0,12.066,0.262,-0.89,1.146
2018/1/17 4:00,6259,7350,0,1091,1.168,0.004,0,0,12.351,0.281,-1.054,1.207
2018/1/17 5:00,7769,8573,0,804,1.168,0.004,0,0,12.617,0.236,-0.931,1.379
2018/1/17 6:00,9093,9602,9,500,1.169,0.004,1.724,12.328,12.829,0.203,-0.808,1.588
2018/1/17 7:00,9413,9890,18,459,1.169,0.004,36.125,161.499,13.029,0.212,-0.263,1.876
2018/1/17 8:00,9368,9959,50,541,1.169,0.004,97.636,325.078,13.181,0.192,0.661,2.382
2018/1/17 9:00,9331,10018,102,585,1.168,0.004,166.152,441.282,13.247,0.164,1.114,2.771
2018/1/17 10:00,8827,10104,149,1128,1.168,0.004,195.45,502.221,13.263,0.185,1.298,3.189
2018/1/17 11:00,7959,9924,178,1787,1.169,0.004,206.512,503.702,13.292,0.204,1.311,3.52
2018/1/17 12:00,7634,9850,172,2044,1.171,0.004,171.791,445.629,13.327,0.163,0.987,3.927
2018/1/17 13:00,7276,9807,135,2396,1.175,0.003,112.449,332.008,13.372,0.136,0.338,4.147
2018/1/17 14:00,7214,9730,78,2438,1.179,0.003,44.946,170.523,13.454,0.134,-0.507,4.275
2018/1/17 15:00,7602,9903,27,2274,1.183,0.003,2.567,16.449,13.568,0.14,-1.39,4.041
2018/1/17 16:00,7811,10189,10,2368,1.186,0.003,0,0,13.709,0.168,-1.835,3.823
2018/1/17 17:00,7838,10018,9,2171,1.188,0.003,0,0,13.9,0.225,-2,3.634
2018/1/17 18:00,7274,9447,0,2173,1.189,0.003,0,0,14.098,0.194,-2.113,3.362
2018/1/17 19:00,6967,8860,0,1893,1.19,0.003,0,0,14.294,0.212,-2.279,2.976
2018/1/17 20:00,6827,8321,0,1494,1.19,0.003,0,0,14.486,0.193,-2.146,3.016
2018/1/17 21:00,6746,8137,0,1391,1.19,0.003,0,0,14.656,0.168,-1.892,3.141
2018/1/17 22:00,6336,7580,0,1244,1.19,0.003,0,0,14.806,0.151,-1.655,3.34
2018/1/17 23:00,5542,7267,0,1725,1.19,0.003,0,0,14.94,0.137,-1.46,3.54
2018/1/18 0:00,4833,6986,0,2153,1.19,0.003,0,0,15.061,0.125,-1.341,3.583
2018/1/18 1:00,4592,6886,0,2294,1.191,0.003,0,0,15.169,0.111,-1.371,3.409
2018/1/18 2:00,4662,6714,0,2052,1.192,0.003,0,0,15.259,0.088,-1.462,3.228
2018/1/18 3:00,4903,6858,0,1955,1.192,0.003,0,0,15.327,0.062,-1.662,2.939
2018/1/18 4:00,5967,7477,0,1510,1.193,0.003,0,0,15.373,0.04,-1.954,2.625
2018/1/18 5:00,7200,8576,0,1376,1.193,0.003,0,0,15.408,0.035,-2.212,2.408
2018/1/18 6:00,8330,9514,9,1175,1.193,0.003,4.08,13.616,15.452,0.047,-2.642,2.007
2018/1/18 7:00,8453,9751,21,1277,1.192,0.003,64.228,165.502,15.505,0.056,-1.757,2
2018/1/18 8:00,8817,9829,55,957,1.189,0.003,137.103,329.3,15.537,0.067,-0.138,2.156
2018/1/18 9:00,9148,9900,100,652,1.184,0.004,175.691,445.64,15.502,0.091,0.939,2.375
2018/1/18 10:00,8957,9970,131,882,1.18,0.004,173.438,506.637,15.417,0.132,1.524,2.758
2018/1/18 11:00,8050,9849,140,1659,1.178,0.004,151.627,508.127,15.259,0.129,1.63,3.261
2018/1/18 12:00,7602,9795,130,2063,1.175,0.004,138.575,450.01,15.002,0.055,1.67,3.661
2018/1/18 13:00,7426,9608,101,2081,1.172,0.004,129.307,336.228,14.643,0.023,1.91,3.591
2018/1/18 14:00,7196,9478,62,2220,1.17,0.004,73.14,174.596,14.304,0.006,1.87,3.284
2018/1/18 15:00,7254,9594,24,2316,1.167,0.004,5.726,17.949,14.021,0.004,1.282,3.156
2018/1/18 16:00,7604,9903,10,2289,1.166,0.004,0,0,13.745,0.004,1.155,3.08
2018/1/18 17:00,7434,9756,9,2313,1.164,0.004,0,0,13.494,0.002,1.327,3.106
2018/1/18 18:00,7149,9156,0,2007,1.163,0.004,0,0,13.313,0.024,1.465,2.97
2018/1/18 19:00,7028,8502,0,1474,1.164,0.004,0,0,13.24,0.114,1.396,2.748
2018/1/18 20:00,6730,7979,0,1249,1.168,0.004,0,0,13.342,0.316,1.158,2.548
2018/1/18 21:00,6412,7829,0,1417,1.171,0.004,0,0,13.671,0.467,0.873,2.292
2018/1/18 22:00,5585,7331,0,1746,1.173,0.004,0,0,14.041,0.366,0.669,2.216
2018/1/18 23:00,5090,7038,0,1948,1.174,0.004,0,0,14.324,0.242,0.354,2.079
2018/1/19 0:00,4744,6790,0,2046,1.176,0.004,0,0,14.538,0.199,-0.198,1.795
2018/1/19 1:00,4939,6626,0,1687,1.177,0.004,0,0,14.735,0.194,-0.679,1.66
2018/1/19 2:00,4952,6401,0,1449,1.177,0.004,0,0,14.928,0.187,-0.682,1.618
2018/1/19 3:00,5207,6585,0,1378,1.177,0.004,0,0,15.11,0.183,-0.61,1.597
2018/1/19 4:00,6190,7311,0,1121,1.177,0.004,0,0,15.261,0.178,-0.673,1.58
2018/1/19 5:00,7221,8388,0,1167,1.177,0.004,0,0,15.385,0.167,-0.68,1.603
2018/1/19 6:00,8450,9513,9,1054,1.177,0.004,3.404,15.026,15.489,0.133,-0.509,1.735
2018/1/19 7:00,9122,9941,22,797,1.178,0.004,49.865,169.655,15.578,0.151,0.454,1.915
2018/1/19 8:00,9333,10039,61,645,1.177,0.004,116.808,333.655,15.644,0.16,1.506,2.282
2018/1/19 9:00,9438,10052,117,497,1.177,0.004,183.834,450.14,15.649,0.15,2.129,2.807
2018/1/19 10:00,8921,9972,175,876,1.177,0.004,235.492,511.208,15.585,0.12,2.428,3.16
2018/1/19 11:00,7695,9649,217,1737,1.177,0.004,240.023,512.726,15.469,0.078,2.492,3.316
2018/1/19 12:00,6978,9388,204,2206,1.178,0.004,209.114,454.507,15.345,0.049,2.299,3.246
2018/1/19 13:00,7043,9226,146,2037,1.179,0.004,150.028,340.613,15.254,0.033,1.81,2.944
2018/1/19 14:00,7551,9147,83,1513,1.182,0.004,66.377,178.79,15.23,0.035,0.917,2.442
2018/1/19 15:00,8433,9362,31,898,1.184,0.004,5.137,19.569,15.256,0.028,-0.593,1.918
2018/1/19 16:00,9293,9841,10,538,1.186,0.003,0,0,15.287,0.026,-1.66,1.607
2018/1/19 17:00,9055,9699,9,635,1.188,0.003,0,0,15.318,0.025,-2.312,1.417
2018/1/19 18:00,8408,9124,0,716,1.19,0.003,0,0,15.344,0.019,-2.787,1.298
2018/1/19 19:00,7692,8469,0,777,1.191,0.003,0,0,15.37,0.026,-3.155,1.263
2018/1/19 20:00,7115,7856,0,741,1.193,0.003,0,0,15.404,0.034,-3.432,1.25
2018/1/19 21:00,7072,7704,0,632,1.194,0.003,0,0,15.444,0.04,-3.562,1.285
2018/1/19 22:00,6704,7286,0,582,1.194,0.003,0,0,15.497,0.061,-3.688,1.271
2018/1/19 23:00,6545,6986,0,441,1.195,0.003,0,0,15.576,0.081,-3.749,1.23
2018/1/20 0:00,6364,6674,0,310,1.195,0.003,0,0,15.68,0.114,-3.732,1.173
2018/1/20 1:00,6353,6553,0,200,1.195,0.003,0,0,15.818,0.151,-3.594,1.11
2018/1/20 2:00,6202,6337,0,135,1.195,0.003,0,0,15.986,0.173,-3.314,1.115
2018/1/20 3:00,6152,6318,0,166,1.195,0.003,0,0,16.162,0.166,-3.003,1.172
2018/1/20 4:00,6154,6519,0,365,1.196,0.003,0,0,16.336,0.176,-2.908,1.152
2018/1/20 5:00,6549,6928,0,379,1.197,0.003,0,0,16.501,0.145,-3.005,1.141
2018/1/20 6:00,7249,7614,9,356,1.198,0.003,2.937,16.559,16.633,0.118,-3.288,1.174
2018/1/20 7:00,7591,8037,24,422,1.198,0.003,60.75,173.929,16.73,0.077,-2.751,1.378
2018/1/20 8:00,8027,8373,67,279,1.197,0.003,155.596,338.124,16.775,0.034,-1.305,1.77
2018/1/20 9:00,8142,8500,122,236,1.192,0.004,241.118,454.751,16.753,0.043,0.15,1.93
2018/1/20 10:00,8163,8504,172,169,1.188,0.004,283.327,515.924,16.671,0.052,1.092,1.996
2018/1/20 11:00,7913,8250,185,152,1.185,0.004,265.025,517.404,16.565,0.045,1.506,1.954
2018/1/20 12:00,7743,8073,168,162,1.183,0.004,192.892,459.138,16.469,0.033,1.465,1.615
2018/1/20 13:00,7567,7946,131,248,1.182,0.004,130.671,345.122,16.42,0.031,1.169,1.169
2018/1/20 14:00,7619,7906,77,210,1.182,0.004,50.775,183.115,16.438,0.046,0.023,0.863
2018/1/20 15:00,7912,8057,27,118,1.182,0.003,3.882,21.32,16.488,0.049,-1.449,0.903
2018/1/20 16:00,8458,8575,10,107,1.182,0.003,0,0,16.546,0.057,-2.064,0.965
2018/1/20 17:00,8276,8482,9,197,1.183,0.003,0,0,16.622,0.086,-2.354,1.016
2018/1/20 18:00,7463,7936,0,473,1.184,0.003,0,0,16.779,0.206,-2.341,1.212
2018/1/20 19:00,6630,7514,0,884,1.185,0.003,0,0,17.004,0.228,-2.249,1.554
2018/1/20 20:00,5779,7060,0,1281,1.186,0.003,0,0,17.211,0.196,-2.382,1.843
2018/1/20 21:00,5471,7075,0,1604,1.186,0.003,0,0,17.374,0.164,-2.565,2
2018/1/20 22:00,5067,6674,0,1607,1.186,0.003,0,0,17.515,0.153,-2.486,2.186
2018/1/20 23:00,4862,6330,0,1468,1.185,0.003,0,0,17.658,0.233,-2.37,2.152
2018/1/21 0:00,4845,6093,0,1248,1.184,0.003,0,0,17.996,0.511,-2.29,2.058
2018/1/21 1:00,5075,5909,0,834,1.183,0.003,0,0,18.537,0.599,-2.227,2.001
2018/1/21 2:00,5280,5805,0,525,1.184,0.003,0,0,19.116,0.593,-2.254,1.789
2018/1/21 3:00,5499,5784,0,285,1.185,0.003,0,0,19.684,0.542,-2.351,1.337
2018/1/21 4:00,5734,5905,0,171,1.186,0.003,0,0,20.125,0.372,-2.566,0.979
2018/1/21 5:00,5877,6053,0,176,1.187,0.003,0,0,20.445,0.285,-2.823,1.092
2018/1/21 6:00,6368,6644,9,267,1.189,0.003,3.589,18.213,20.713,0.258,-2.981,1.303
2018/1/21 7:00,6589,7054,22,443,1.19,0.003,51.621,178.336,20.974,0.266,-2.254,1.775
2018/1/21 8:00,6726,7472,61,685,1.19,0.003,123.958,342.718,21.239,0.29,-1.197,2.252
2018/1/21 9:00,6687,7748,111,950,1.189,0.003,185.324,459.478,21.478,0.293,-0.442,2.739
2018/1/21 10:00,6854,7924,148,922,1.188,0.003,215.227,520.721,21.654,0.27,-0.037,3.03
2018/1/21 11:00,6742,7742,161,839,1.188,0.003,218.843,522.255,21.777,0.24,0.12,3.136
2018/1/21 12:00,6507,7554,145,902,1.189,0.003,185.235,463.937,21.89,0.229,0.017,3.101
2018/1/21 13:00,6148,7360,109,1103,1.191,0.003,127.125,349.758,22.036,0.217,-0.284,2.847
2018/1/21 14:00,5942,7352,64,1346,1.194,0.003,58.331,187.557,22.207,0.187,-0.921,2.362
2018/1/21 15:00,5919,7494,24,1551,1.197,0.003,5.195,23.202,22.367,0.15,-2.015,2.205
2018/1/21 16:00,6241,7986,10,1735,1.2,0.003,0,0,22.497,0.117,-2.557,2.38
2018/1/21 17:00,6193,8118,9,1916,1.202,0.003,0,0,22.599,0.092,-2.935,2.467
2018/1/21 18:00,6066,7828,0,1762,1.205,0.003,0,0,22.695,0.097,-3.447,2.359
2018/1/21 19:00,5980,7503,0,1523,1.208,0.003,0,0,22.777,0.069,-4.073,2.133
2018/1/21 20:00,5735,7160,0,1425,1.209,0.003,0,0,22.836,0.047,-4.667,1.986
2018/1/21 21:00,5913,7344,0,1431,1.211,0.003,0,0,22.883,0.042,-5.174,1.858
2018/1/21 22:00,5714,7008,0,1294,1.213,0.003,0,0,22.93,0.048,-5.506,1.778
2018/1/21 23:00,5724,6747,0,1023,1.214,0.002,0,0,22.993,0.071,-5.711,1.639
2018/1/22 0:00,5704,6488,0,784,1.214,0.002,0,0,23.094,0.117,-5.824,1.459
2018/1/22 1:00,5841,6428,0,587,1.215,0.002,0,0,23.243,0.161,-5.875,1.346
2018/1/22 2:00,5962,6337,0,375,1.215,0.002,0,0,23.431,0.187,-5.843,1.251
2018/1/22 3:00,6347,6577,0,230,1.214,0.002,0,0,23.631,0.184,-5.753,1.103
2018/1/22 4:00,7150,7319,0,169,1.214,0.002,0,0,23.816,0.164,-5.499,0.984
2018/1/22 5:00,8364,8455,0,91,1.213,0.003,0,0,23.978,0.148,-5.313,0.862
2018/1/22 6:00,9484,9583,9,90,1.212,0.003,5.346,19.999,24.112,0.133,-5.118,0.88
2018/1/22 7:00,9820,9904,19,65,1.211,0.003,73.963,182.858,24.22,0.113,-4.177,0.835
2018/1/22 8:00,9855,9973,51,67,1.206,0.003,167.329,347.444,24.31,0.12,-2.256,1.126
2018/1/22 9:00,9858,10014,93,63,1.201,0.003,222.657,464.384,24.361,0.14,-0.943,1.593
2018/1/22 10:00,9803,9993,130,60,1.196,0.003,247.569,525.686,24.399,0.158,-0.145,1.81
2018/1/22 11:00,9579,9835,154,102,1.193,0.003,237.717,527.221,24.426,0.158,0.382,1.921
2018/1/22 12:00,9471,9809,147,191,1.19,0.003,188.911,468.821,24.443,0.146,0.637,1.935
2018/1/22 13:00,9356,9726,112,258,1.188,0.004,118.983,354.516,24.416,0.162,0.609,1.851
2018/1/22 14:00,9276,9706,63,367,1.188,0.004,52.163,192.121,24.464,0.2,0.055,1.504
2018/1/22 15:00,9350,9822,23,449,1.189,0.004,4.146,25.225,24.567,0.159,-0.935,1.387
2018/1/22 16:00,9589,10146,10,547,1.19,0.004,0,0,24.668,0.167,-1.054,1.646
2018/1/22 17:00,9327,10010,9,674,1.191,0.004,0,0,24.765,0.176,-1.038,1.682
2018/1/22 18:00,8688,9419,0,731,1.191,0.004,0,0,24.886,0.219,-1.059,1.563
2018/1/22 19:00,8101,8757,0,656,1.192,0.004,0,0,25.046,0.237,-1.086,1.413
2018/1/22 20:00,7486,8089,0,603,1.193,0.004,0,0,25.16,0.166,-1.083,1.299
2018/1/22 21:00,7357,7855,0,498,1.193,0.004,0,0,25.203,0.121,-1.086,1.17
2018/1/22 22:00,7014,7300,0,286,1.194,0.004,0,0,25.245,0.118,-1.158,1.035
2018/1/22 23:00,6732,6885,0,153,1.194,0.004,0,0,25.275,0.114,-1.241,0.997
2018/1/23 0:00,6465,6645,0,180,1.195,0.004,0,0,25.317,0.096,-1.3,1.103
2018/1/23 1:00,6265,6492,0,227,1.196,0.004,0,0,25.351,0.092,-1.274,1.237
2018/1/23 2:00,6156,6416,0,260,1.196,0.004,0,0,25.411,0.13,-0.993,1.519
2018/1/23 3:00,6189,6532,0,343,1.197,0.004,0,0,25.504,0.152,-0.73,1.801
2018/1/23 4:00,6828,7201,0,373,1.198,0.004,0,0,25.624,0.17,-0.605,1.926
2018/1/23 5:00,8045,8417,0,372,1.199,0.004,0,0,25.752,0.164,-0.473,2.003
2018/1/23 6:00,9251,9533,10,272,1.2,0.004,5.267,21.924,25.86,0.141,-0.399,2.02
2018/1/23 7:00,9677,9891,26,188,1.2,0.004,66.111,187.499,25.918,0.111,0.184,2.076
2018/1/23 8:00,9670,9945,70,205,1.2,0.004,151.12,352.3,25.853,0.082,1.035,2.043
2018/1/23 9:00,9561,9890,129,200,1.198,0.004,224.541,469.375,25.63,0.058,1.783,2.062
2018/1/23 10:00,9536,9923,183,204,1.196,0.004,264.664,530.715,25.285,0.046,2.333,2.194
2018/1/23 11:00,9211,9665,219,235,1.195,0.004,273.05,532.265,24.875,0.035,2.667,2.202
2018/1/23 12:00,9072,9572,216,284,1.194,0.004,240.569,473.841,24.482,0.029,2.765,1.988
2018/1/23 13:00,8981,9438,175,282,1.194,0.004,170.442,359.395,24.188,0.021,2.53,1.495
2018/1/23 14:00,9109,9453,105,239,1.196,0.004,80.246,196.814,24.048,0.016,1.621,1.025
2018/1/23 15:00,9367,9590,38,185,1.197,0.004,8.547,27.394,24.03,0.01,0.281,0.978
2018/1/23 16:00,9689,9905,11,205,1.199,0.004,0,0,24.038,0.007,-0.381,1.016
2018/1/23 17:00,9586,9790,9,195,1.2,0.004,0,0,24.043,0.004,-0.779,1.013
2018/1/23 18:00,9057,9223,0,166,1.201,0.004,0,0,24.048,0.001,-1.058,1.038
2018/1/23 19:00,8502,8628,0,126,1.202,0.003,0,0,24.053,0.001,-1.444,1.067
2018/1/23 20:00,7905,8020,0,115,1.202,0.003,0,0,24.058,0,-1.859,1.11
2018/1/23 21:00,7758,7895,0,137,1.202,0.003,0,0,24.063,0,-2.029,1.116
2018/1/23 22:00,7269,7398,0,129,1.201,0.003,0,0,24.067,0,-2.04,1.103
2018/1/23 23:00,6973,7075,0,102,1.201,0.003,0,0,24.07,0,-2.177,1.151
2018/1/24 0:00,6669,6779,0,110,1.2,0.003,0,0,24.074,0,-2.341,1.197
2018/1/24 1:00,6473,6652,0,179,1.2,0.003,0,0,24.077,0.001,-2.54,1.243
2018/1/24 2:00,6277,6560,0,283,1.199,0.003,0,0,24.083,0.002,-2.584,1.262
2018/1/24 3:00,6359,6686,0,327,1.199,0.003,0,0,24.088,0.001,-2.596,1.258
2018/1/24 4:00,6992,7349,0,357,1.2,0.003,0,0,24.094,0.004,-2.541,1.271
2018/1/24 5:00,8078,8459,0,381,1.2,0.003,0,0,24.099,0.006,-2.287,1.299
2018/1/24 6:00,8992,9441,10,439,1.2,0.003,7.294,23.992,24.096,0.004,-1.827,1.309
2018/1/24 7:00,9267,9737,31,439,1.199,0.003,77.454,192.256,24.072,0.001,-0.306,1.282
2018/1/24 8:00,9360,9859,89,410,1.197,0.004,157.755,357.264,23.953,0,1.439,1.294
2018/1/24 9:00,9322,9893,171,400,1.195,0.004,232.099,474.488,23.658,0,2.563,1.279
2018/1/24 10:00,9121,9793,246,426,1.192,0.004,279.728,535.93,23.136,0,3.332,1.268
2018/1/24 11:00,8761,9465,283,421,1.188,0.004,297.785,537.493,22.425,0,3.94,1.269
2018/1/24 12:00,8581,9248,270,397,1.185,0.005,279.284,478.973,21.739,0,4.272,1.289
2018/1/24 13:00,8538,9187,211,438,1.184,0.005,216.478,364.39,21.176,0,4.063,1.236
2018/1/24 14:00,8437,9188,123,628,1.185,0.005,108.457,201.599,20.883,0,2.773,1.151
2018/1/24 15:00,8487,9319,44,788,1.186,0.004,11.64,29.711,20.822,0,0.903,1.332
2018/1/24 16:00,8770,9843,12,1061,1.187,0.004,0,0,20.802,0,0.238,1.622
2018/1/24 17:00,8523,9846,9,1314,1.189,0.004,0,0,20.775,0,-0.001,1.794
2018/1/24 18:00,7680,9341,0,1661,1.191,0.004,0,0,20.742,0,-0.213,1.942
2018/1/24 19:00,6907,8782,0,1875,1.194,0.004,0,0,20.703,0.001,-0.52,1.975
2018/1/24 20:00,6154,8187,0,2033,1.197,0.004,0,0,20.669,0.002,-0.829,2.038
2018/1/24 21:00,5898,8038,0,2140,1.199,0.004,0,0,20.644,0.002,-0.997,2.131
2018/1/24 22:00,5428,7496,0,2068,1.2,0.004,0,0,20.631,0.003,-1.303,2.15
2018/1/24 23:00,5198,7143,0,1945,1.201,0.003,0,0,20.627,0.003,-1.63,2.036
2018/1/25 0:00,4955,6871,0,1916,1.201,0.003,0,0,20.626,0.004,-1.692,1.987
2018/1/25 1:00,4927,6724,0,1797,1.201,0.003,0,0,20.629,0.003,-1.582,1.88
2018/1/25 2:00,4962,6622,0,1660,1.199,0.003,0,0,20.631,0.002,-1.372,1.674
2018/1/25 3:00,5251,6766,0,1515,1.198,0.003,0,0,20.633,0.001,-1.178,1.421
2018/1/25 4:00,6113,7432,0,1319,1.197,0.003,0,0,20.635,0.001,-1.017,1.263
2018/1/25 5:00,7544,8579,0,1035,1.195,0.003,0,0,20.636,0.001,-0.748,1.166
2018/1/25 6:00,8673,9486,10,803,1.194,0.003,7.704,26.212,20.638,0.001,-0.447,1.206
2018/1/25 7:00,8957,9748,29,762,1.192,0.003,80.404,197.123,20.634,0.001,0.584,1.268
2018/1/25 8:00,9034,9722,80,608,1.189,0.004,188.857,362.347,20.552,0.001,2.185,1.363
2018/1/25 9:00,9011,9724,147,566,1.185,0.004,292.542,479.716,20.284,0,3.535,1.407
2018/1/25 10:00,8848,9623,201,574,1.182,0.004,345.297,541.274,19.797,0,4.472,1.481
2018/1/25 11:00,8607,9404,234,563,1.179,0.004,338.538,542.778,19.209,0,4.937,1.59
2018/1/25 12:00,8602,9323,231,490,1.178,0.005,284.346,484.224,18.688,0,4.734,1.704
2018/1/25 13:00,8568,9261,189,504,1.179,0.005,192.795,369.512,18.309,0,3.985,1.723
2018/1/25 14:00,8590,9322,116,616,1.182,0.004,87.873,206.524,18.137,0,2.71,1.497
2018/1/25 15:00,8478,9447,43,926,1.185,0.004,9.662,32.188,18.103,0,1.088,1.326
2018/1/25 16:00,8609,9958,12,1337,1.187,0.004,0,0,18.096,0.001,0.406,1.487
2018/1/25 17:00,8289,9934,9,1636,1.19,0.004,0,0,18.095,0.002,0.028,1.575
2018/1/25 18:00,7597,9317,0,1720,1.191,0.004,0,0,18.094,0.002,-0.157,1.67
2018/1/25 19:00,6838,8646,0,1808,1.192,0.004,0,0,18.091,0.003,-0.296,1.695
2018/1/25 20:00,6337,8026,0,1689,1.193,0.004,0,0,18.087,0.003,-0.412,1.704
2018/1/25 21:00,6287,7758,0,1471,1.193,0.004,0,0,18.083,0.003,-0.473,1.692
2018/1/25 22:00,6087,7238,0,1151,1.194,0.004,0,0,18.081,0.004,-0.584,1.576
2018/1/25 23:00,5865,6839,0,974,1.194,0.004,0,0,18.081,0.004,-0.699,1.444
2018/1/26 0:00,5784,6582,0,798,1.195,0.004,0,0,18.082,0.005,-0.812,1.246
2018/1/26 1:00,5793,6405,0,612,1.195,0.004,0,0,18.086,0.006,-0.991,1.052
2018/1/26 2:00,5928,6332,0,404,1.195,0.004,0,0,18.091,0.006,-1.175,0.929
2018/1/26 3:00,6245,6501,0,256,1.195,0.003,0,0,18.095,0.005,-1.276,0.822
2018/1/26 4:00,7004,7172,0,168,1.195,0.003,0,0,18.099,0.004,-1.376,0.744
2018/1/26 5:00,8209,8321,0,112,1.194,0.003,0,0,18.102,0.003,-1.482,0.704
2018/1/26 6:00,9383,9460,10,67,1.194,0.003,6.7,28.586,18.105,0.003,-1.344,0.695
2018/1/26 7:00,9690,9782,33,59,1.193,0.004,64.284,202.1,18.104,0.002,-0.218,0.665
2018/1/26 8:00,9725,9874,93,56,1.191,0.004,139.437,367.542,18.069,0.002,1.253,0.59
2018/1/26 9:00,9748,9969,171,50,1.189,0.004,216.035,485.059,17.929,0.001,2.371,0.577
2018/1/26 10:00,9629,9922,235,58,1.186,0.004,270.055,546.688,17.671,0,3.114,0.781
2018/1/26 11:00,9335,9657,264,58,1.184,0.004,280.785,548.228,17.303,0,3.665,0.96
2018/1/26 12:00,9083,9395,249,63,1.182,0.005,245.864,489.591,16.937,0,3.888,1.097
2018/1/26 13:00,8998,9255,196,61,1.182,0.005,176.569,374.738,16.664,0,3.594,1.093
2018/1/26 14:00,9036,9220,121,63,1.184,0.005,86.43,211.541,16.529,0,2.531,0.913
2018/1/26 15:00,9205,9333,45,83,1.187,0.004,10.843,34.823,16.511,0.001,0.753,0.828
2018/1/26 16:00,9635,9749,13,101,1.191,0.004,0,0,16.512,0.001,-0.155,0.952
2018/1/26 17:00,9480,9618,9,129,1.194,0.004,0,0,16.515,0.002,-0.483,1.052
2018/1/26 18:00,8822,8971,0,149,1.197,0.004,0,0,16.518,0.005,-0.651,1.067
2018/1/26 19:00,8185,8329,0,144,1.199,0.004,0,0,16.524,0.007,-0.872,1.038
2018/1/26 20:00,7586,7722,0,136,1.201,0.004,0,0,16.532,0.008,-1.087,0.974
2018/1/26 21:00,7441,7566,0,125,1.203,0.004,0,0,16.54,0.008,-1.276,0.893
2018/1/26 22:00,6984,7084,0,100,1.204,0.004,0,0,16.548,0.008,-1.433,0.876
2018/1/26 23:00,6708,6791,0,83,1.206,0.003,0,0,16.556,0.008,-1.559,0.894
2018/1/27 0:00,6431,6479,0,48,1.207,0.003,0,0,16.566,0.009,-1.594,0.989
2018/1/27 1:00,6283,6345,0,62,1.207,0.003,0,0,16.575,0.009,-1.621,1.019
2018/1/27 2:00,6028,6094,0,66,1.208,0.003,0,0,16.585,0.009,-1.659,1.096
2018/1/27 3:00,6001,6084,0,83,1.209,0.003,0,0,16.594,0.009,-1.685,1.15
2018/1/27 4:00,6231,6372,0,141,1.21,0.003,0,0,16.603,0.008,-1.682,1.161
2018/1/27 5:00,6557,6743,0,186,1.211,0.003,0,0,16.611,0.007,-1.636,1.167
2018/1/27 6:00,7173,7483,10,300,1.211,0.003,6.369,31.12,16.618,0.006,-1.533,1.222
2018/1/27 7:00,7606,8006,28,372,1.212,0.003,66.471,207.198,16.623,0.005,-0.738,1.357
2018/1/27 8:00,7952,8442,78,412,1.211,0.004,151.766,372.839,16.603,0.003,0.515,1.514
2018/1/27 9:00,7995,8567,142,430,1.208,0.004,235.024,490.533,16.505,0.001,1.721,1.602
2018/1/27 10:00,7966,8572,207,399,1.205,0.004,297.406,552.256,16.323,0.001,2.636,1.591
2018/1/27 11:00,7702,8301,248,351,1.202,0.004,321.326,553.771,16.058,0.001,3.371,1.537
2018/1/27 12:00,7482,8027,240,305,1.199,0.004,281.133,495.061,15.769,0.001,3.764,1.469
2018/1/27 13:00,7463,7920,190,267,1.199,0.004,201.892,380.085,15.547,0.001,3.666,1.314
2018/1/27 14:00,7598,7934,119,217,1.2,0.004,99.239,216.68,15.449,0.001,2.718,0.789
2018/1/27 15:00,7758,7976,45,173,1.202,0.004,13.034,37.627,15.437,0.001,0.981,0.742
2018/1/27 16:00,8265,8488,13,210,1.205,0.004,0,0,15.438,0.001,0.189,0.767
2018/1/27 17:00,8104,8405,9,292,1.208,0.004,0,0,15.439,0.001,-0.228,0.768
2018/1/27 18:00,7520,7907,0,387,1.21,0.004,0,0,15.441,0.001,-0.515,0.777
2018/1/27 19:00,7203,7579,0,376,1.211,0.004,0,0,15.443,0.001,-0.733,0.822
2018/1/27 20:00,6903,7189,0,286,1.213,0.004,0,0,15.444,0.001,-0.976,0.88
2018/1/27 21:00,6894,7106,0,212,1.213,0.004,0,0,15.446,0.001,-1.147,0.927
2018/1/27 22:00,6503,6651,0,148,1.213,0.004,0,0,15.448,0.001,-1.358,0.967
2018/1/27 23:00,6301,6392,0,91,1.212,0.004,0,0,15.45,0.001,-1.571,1.009
2018/1/28 0:00,6001,6113,0,112,1.212,0.004,0,0,15.453,0.001,-1.732,1.039
2018/1/28 1:00,5884,5999,0,115,1.211,0.004,0,0,15.455,0.001,-1.857,1.081
2018/1/28 2:00,5584,5801,0,217,1.211,0.003,0,0,15.457,0.001,-1.947,1.149
2018/1/28 3:00,5453,5776,0,323,1.211,0.003,0,0,15.458,0,-1.916,1.196
2018/1/28 4:00,5536,5954,0,418,1.211,0.003,0,0,15.458,0,-1.798,1.252
2018/1/28 5:00,5667,6125,0,458,1.21,0.003,0,0,15.456,0,-1.738,1.332
2018/1/28 6:00,6142,6677,10,525,1.209,0.004,11.114,33.819,15.451,0,-1.467,1.434
2018/1/28 7:00,6296,7059,35,728,1.208,0.004,95.575,212.39,15.432,0,0.34,1.747
2018/1/28 8:00,6577,7451,102,772,1.204,0.004,211.063,378.249,15.354,0,2.341,2.118
2018/1/28 9:00,6601,7670,188,881,1.198,0.005,295.047,496.067,15.184,0,4.216,2.214
2018/1/28 10:00,6595,7833,251,987,1.191,0.005,338.8,557.857,14.888,0,5.668,2.524
2018/1/28 11:00,6414,7543,277,852,1.187,0.005,317.407,559.415,14.528,0,6.453,2.772
2018/1/28 12:00,6197,7335,256,882,1.185,0.005,267.303,500.619,14.231,0,6.624,2.707
2018/1/28 13:00,6081,7211,195,935,1.185,0.005,190.264,385.51,14.016,0,6.171,2.491
2018/1/28 14:00,5969,7161,117,1075,1.187,0.005,84.537,221.914,13.885,0,4.89,2.187
2018/1/28 15:00,5896,7264,45,1323,1.189,0.005,10.348,40.601,13.821,0,3.474,1.999
2018/1/28 16:00,6389,7851,13,1449,1.19,0.004,0,0,13.774,0,3.016,2.017
2018/1/28 17:00,6453,8040,9,1578,1.191,0.004,0,0,13.727,0,2.912,1.951
2018/1/28 18:00,6276,7691,0,1415,1.191,0.004,0,0,13.679,0,2.876,1.903
2018/1/28 19:00,6044,7344,0,1300,1.191,0.005,0,0,13.629,0,2.975,1.981
2018/1/28 20:00,5721,6991,0,1270,1.191,0.005,0,0,13.579,0,3.007,2.023
2018/1/28 21:00,5818,7036,0,1218,1.191,0.005,0,0,13.527,0,2.948,2.094
2018/1/28 22:00,5512,6651,0,1139,1.192,0.005,0,0,13.478,0,2.729,2.106
2018/1/28 23:00,5332,6379,0,1047,1.192,0.005,0,0,13.435,0,2.591,2.157
2018/1/29 0:00,5178,6140,0,962,1.191,0.005,0,0,13.395,0,2.651,2.382
2018/1/29 1:00,5108,6079,0,971,1.191,0.005,0,0,13.359,0,2.665,2.557
2018/1/29 2:00,4990,5978,0,988,1.191,0.005,0,0,13.326,0,2.574,2.616
2018/1/29 3:00,5124,6212,0,1088,1.191,0.005,0,0,13.296,0,2.576,2.561
2018/1/29 4:00,5798,6974,0,1176,1.191,0.005,0,0,13.267,0,2.588,2.504
2018/1/29 5:00,6992,8186,0,1194,1.191,0.005,0,0,13.24,0,2.455,2.357
2018/1/29 6:00,8061,9223,11,1151,1.191,0.005,12.3,36.688,13.216,0,2.485,2.323
2018/1/29 7:00,8450,9497,47,1000,1.191,0.005,96.245,217.695,13.186,0,3.827,2.464
2018/1/29 8:00,8362,9500,133,1005,1.188,0.005,198.453,383.748,13.126,0,5.568,2.627
2018/1/29 9:00,8105,9435,239,1091,1.183,0.006,293.372,501.737,12.986,0,6.979,2.94
2018/1/29 10:00,7788,9275,329,1158,1.178,0.006,368.887,563.609,12.785,0,8.22,3.178
2018/1/29 11:00,7435,9010,372,1203,1.172,0.006,389.03,565.18,12.574,0,9.173,3.288
2018/1/29 12:00,7295,8935,352,1288,1.168,0.006,346.184,506.334,12.376,0,9.629,3.141
2018/1/29 13:00,7270,8850,277,1303,1.166,0.006,255.868,391.032,12.221,0,9.402,2.729
2018/1/29 14:00,7530,8836,166,1140,1.167,0.006,129.797,227.256,12.138,0,7.909,2.135
2018/1/29 15:00,7751,8918,63,1104,1.168,0.006,17.909,43.751,12.117,0,5.433,1.805
2018/1/29 16:00,8405,9510,16,1089,1.171,0.005,0,0.001,12.11,0,4.126,1.685
2018/1/29 17:00,8505,9567,9,1053,1.173,0.005,0,0,12.105,0,3.493,1.632
2018/1/29 18:00,8050,9072,0,1022,1.176,0.005,0,0,12.1,0,3.041,1.686
2018/1/29 19:00,7447,8482,0,1035,1.177,0.005,0,0,12.094,0,2.896,1.845
2018/1/29 20:00,6688,7882,0,1194,1.179,0.005,0,0,12.086,0,2.752,2.046
2018/1/29 21:00,6252,7679,0,1427,1.181,0.005,0,0,12.074,0,2.695,2.338
2018/1/29 22:00,5429,7138,0,1709,1.183,0.005,0,0,12.057,0,2.832,2.745
2018/1/29 23:00,4643,6830,0,2187,1.184,0.005,0,0,12.034,0,3.069,3.188
2018/1/30 0:00,4053,6510,0,2457,1.185,0.005,0,0,12.008,0,3.152,3.342
2018/1/30 1:00,3819,6369,0,2550,1.186,0.005,0,0,11.987,0.001,3.041,3.281
2018/1/30 2:00,3745,6284,0,2539,1.187,0.005,0,0,11.973,0.002,2.953,3.362
2018/1/30 3:00,3934,6446,0,2512,1.188,0.005,0,0,11.963,0.003,2.944,3.473
2018/1/30 4:00,4558,7058,0,2500,1.188,0.005,0,0,11.958,0.006,2.909,3.265
2018/1/30 5:00,5751,8145,0,2394,1.19,0.005,0,0,11.957,0.006,2.67,2.932
2018/1/30 6:00,7081,9234,11,2142,1.193,0.005,12.66,39.733,11.958,0.005,2.228,2.453
2018/1/30 7:00,8089,9552,51,1412,1.194,0.005,100.071,223.091,11.955,0.003,2.927,2.36
2018/1/30 8:00,8343,9568,138,1087,1.193,0.005,210.094,389.351,11.94,0.002,4.244,2.601
2018/1/30 9:00,8347,9523,238,938,1.191,0.005,307.882,507.522,11.904,0.002,5.37,2.87
2018/1/30 10:00,8096,9530,317,1117,1.188,0.004,364.053,569.456,11.852,0.002,6.132,2.981
2018/1/30 11:00,7692,9273,352,1229,1.186,0.004,366.292,570.996,11.795,0.001,6.617,2.916
2018/1/30 12:00,7792,9135,332,1011,1.184,0.004,326.761,512.087,11.744,0.001,6.812,2.742
2018/1/30 13:00,7987,9033,264,782,1.183,0.004,237.866,396.663,11.702,0.001,6.599,2.349
2018/1/30 14:00,8189,9002,164,649,1.184,0.005,122.259,232.695,11.677,0,5.567,1.415
2018/1/30 15:00,8349,9106,65,692,1.186,0.004,17.711,47.082,11.672,0,3.201,0.939
2018/1/30 16:00,8904,9632,17,711,1.188,0.004,0,0.002,11.672,0,2.025,0.934
2018/1/30 17:00,9078,9626,9,539,1.191,0.004,0,0,11.672,0,1.384,0.936
2018/1/30 18:00,8461,9040,0,579,1.193,0.004,0,0,11.673,0,0.842,0.929
2018/1/30 19:00,7786,8444,0,658,1.195,0.004,0,0,11.673,0,0.43,0.916
2018/1/30 20:00,7372,7829,0,457,1.196,0.004,0,0,11.673,0,0.099,0.91
2018/1/30 21:00,7260,7572,0,312,1.197,0.004,0,0,11.674,0,-0.285,0.923
2018/1/30 22:00,6771,7063,0,292,1.197,0.004,0,0,11.675,0,-0.716,0.93
2018/1/30 23:00,6583,6788,0,205,1.197,0.004,0,0,11.675,0,-0.987,0.9
2018/1/31 0:00,6502,6593,0,91,1.198,0.004,0,0,11.676,0,-1.057,0.844
2018/1/31 1:00,6460,6506,0,46,1.199,0.004,0,0,11.677,0,-1.121,0.771
2018/1/31 2:00,6367,6399,0,32,1.199,0.004,0,0,11.678,0,-1.174,0.706
2018/1/31 3:00,6522,6556,0,34,1.2,0.004,0,0,11.678,0,-1.172,0.67
2018/1/31 4:00,7053,7128,0,75,1.201,0.004,0,0,11.679,0.001,-1.171,0.68
2018/1/31 5:00,8141,8218,0,77,1.201,0.004,0,0,11.68,0.001,-1.203,0.736
2018/1/31 6:00,9173,9280,10,97,1.201,0.004,10.651,42.954,11.68,0.001,-1.174,0.791
2018/1/31 7:00,9406,9578,37,135,1.2,0.004,86.057,228.575,11.681,0,0.231,1.039
2018/1/31 8:00,9349,9648,101,198,1.195,0.004,194.269,395.073,11.676,0,2.068,1.364
2018/1/31 9:00,9184,9642,181,277,1.188,0.004,299.68,513.342,11.661,0,3.908,1.634
2018/1/31 10:00,8960,9542,268,314,1.18,0.005,382.45,575.423,11.615,0,5.516,1.934
2018/1/31 11:00,8553,9197,318,326,1.174,0.005,395.206,576.974,11.545,0.001,6.509,2.067
2018/1/31 12:00,8357,9088,303,428,1.17,0.005,350.478,517.978,11.478,0.001,6.937,2.074
2018/1/31 13:00,8140,8971,240,591,1.168,0.005,253.533,402.413,11.428,0.001,6.752,1.954
2018/1/31 14:00,8142,8990,150,698,1.168,0.005,134.698,238.221,11.401,0.001,5.437,1.458
2018/1/31 15:00,8231,9076,61,784,1.17,0.005,21.909,50.596,11.395,0.001,2.54,1.341
2018/1/31 16:00,8482,9588,16,1090,1.173,0.004,0.001,0.007,11.396,0.001,1.191,1.524
2018/1/31 17:00,8565,9642,9,1068,1.176,0.004,0,0,11.398,0.001,0.688,1.575
2018/1/31 18:00,7905,9092,0,1187,1.178,0.004,0,0,11.403,0.006,0.362,1.586
2018/1/31 19:00,7300,8515,0,1215,1.18,0.004,0,0,11.41,0.007,0.07,1.663
2018/1/31 20:00,6501,7876,0,1375,1.181,0.004,0,0,11.417,0.007,-0.191,1.676
2018/1/31 21:00,6446,7711,0,1265,1.181,0.004,0,0,11.424,0.007,-0.28,1.647
2018/1/31 22:00,6193,7195,0,1002,1.181,0.004,0,0,11.431,0.008,-0.435,1.549
2018/1/31 23:00,5818,6927,0,1109,1.181,0.004,0,0,11.438,0.009,-0.582,1.514
2018/2/1 0:00,5543,6689,0,1146,1.181,0.004,0,0,11.446,0.011,-0.67,1.416
2018/2/1 1:00,5470,6540,0,1070,1.18,0.004,0,0,11.459,0.015,-0.754,1.235
2018/2/1 2:00,5540,6406,0,866,1.179,0.004,0,0,11.477,0.022,-0.735,1.098
2018/2/1 3:00,5911,6507,0,596,1.178,0.004,0,0,11.504,0.033,-0.783,0.984
2018/2/1 4:00,6792,7219,0,427,1.178,0.004,0,0,11.54,0.039,-0.824,0.974
2018/2/1 5:00,7916,8197,0,281,1.177,0.004,0,0,11.581,0.042,-0.848,0.995
2018/2/1 6:00,9069,9282,11,202,1.176,0.004,10.991,46.362,11.624,0.044,-0.598,1.02
2018/2/1 7:00,9408,9626,43,175,1.175,0.004,67.534,234.172,11.666,0.043,0.949,1.187
2018/2/1 8:00,9416,9682,107,159,1.172,0.004,141.935,400.891,11.709,0.051,2.557,1.435
2018/2/1 9:00,9374,9745,180,191,1.168,0.004,198.831,519.324,11.758,0.068,3.858,1.559
2018/2/1 10:00,9300,9722,237,185,1.165,0.005,211.579,581.444,11.811,0.089,4.679,1.562
2018/2/1 11:00,9089,9492,258,145,1.162,0.005,196.934,582.979,11.878,0.113,5.072,1.533
2018/2/1 12:00,9101,9483,237,145,1.161,0.005,170.245,523.962,11.966,0.132,5.161,1.535
2018/2/1 13:00,9094,9440,184,162,1.161,0.005,119.475,408.247,12.098,0.174,4.868,1.432
2018/2/1 14:00,9080,9432,118,234,1.162,0.005,53.228,243.845,12.272,0.204,3.923,1.16
2018/2/1 15:00,9178,9509,50,281,1.165,0.005,7,54.293,12.466,0.202,2.63,0.984
2018/2/1 16:00,9501,9838,15,322,1.169,0.005,0.001,0.016,12.668,0.218,1.966,0.955
2018/2/1 17:00,8695,9748,9,1044,1.173,0.004,0,0,12.887,0.224,1.412,1.205
2018/2/1 18:00,7594,9183,0,1589,1.176,0.004,0,0,13.096,0.206,0.877,1.419
2018/2/1 19:00,7525,8587,0,1062,1.179,0.004,0,0,13.299,0.21,0.426,1.602
2018/2/1 20:00,7354,7960,0,606,1.182,0.004,0,0,13.508,0.216,0.066,1.644
2018/2/1 21:00,7291,7769,0,478,1.183,0.004,0,0,13.728,0.227,-0.235,1.492
2018/2/1 22:00,6876,7284,0,408,1.183,0.004,0,0,13.937,0.2,-0.483,1.326
2018/2/1 23:00,6600,6928,0,328,1.184,0.004,0,0,14.128,0.188,-0.741,1.223
2018/2/2 0:00,6397,6703,0,306,1.184,0.004,0,0,14.324,0.203,-0.988,1.171
2018/2/2 1:00,6354,6594,0,240,1.185,0.004,0,0,14.535,0.216,-1.227,1.091
2018/2/2 2:00,6219,6438,0,219,1.186,0.004,0,0,14.754,0.21,-1.4,1.05
2018/2/2 3:00,6408,6590,0,182,1.186,0.003,0,0,14.955,0.185,-1.508,1.104
2018/2/2 4:00,6941,7166,0,225,1.187,0.003,0,0,15.122,0.144,-1.6,1.091
2018/2/2 5:00,7985,8222,0,237,1.187,0.003,0,0,15.261,0.129,-1.698,1.006
2018/2/2 6:00,9074,9309,11,224,1.187,0.003,7.23,49.956,15.402,0.141,-1.697,0.935
2018/2/2 7:00,9466,9707,37,204,1.187,0.004,45.648,239.859,15.559,0.16,-0.785,0.977
2018/2/2 8:00,9555,9829,88,186,1.186,0.004,87.016,406.751,15.72,0.165,0.106,1.234
2018/2/2 9:00,9599,9909,142,168,1.185,0.004,121.755,525.332,15.858,0.151,0.716,1.261
2018/2/2 10:00,9595,9917,184,138,1.183,0.004,158.082,587.533,15.978,0.16,1.248,1.33
2018/2/2 11:00,9361,9672,202,109,1.181,0.004,161.809,589.132,16.1,0.168,1.478,1.445
2018/2/2 12:00,9084,9408,190,134,1.181,0.004,133.347,530.007,16.219,0.156,1.332,1.387
2018/2/2 13:00,8957,9262,146,159,1.182,0.004,100.104,414.16,16.333,0.131,1.002,1.099
2018/2/2 14:00,8895,9091,92,104,1.183,0.004,53.629,249.565,16.443,0.112,0.318,0.778
2018/2/2 15:00,8987,9127,42,98,1.184,0.004,11.566,58.181,16.543,0.087,-0.766,0.662
2018/2/2 16:00,9453,9606,14,139,1.185,0.003,0.005,0.03,16.625,0.07,-1.501,0.791
2018/2/2 17:00,9291,9584,9,284,1.185,0.003,0,0,16.688,0.052,-1.944,0.892
2018/2/2 18:00,8446,8989,0,543,1.186,0.003,0,0,16.73,0.03,-2.274,0.971
2018/2/2 19:00,7595,8392,0,797,1.187,0.003,0,0,16.757,0.022,-2.524,1.077
2018/2/2 20:00,6939,7798,0,859,1.189,0.003,0,0,16.775,0.013,-2.731,1.183
2018/2/2 21:00,6855,7705,0,850,1.19,0.003,0,0,16.788,0.011,-3.069,1.208
2018/2/2 22:00,6527,7264,0,737,1.191,0.003,0,0,16.801,0.013,-3.388,1.18
2018/2/2 23:00,6280,6813,0,533,1.192,0.003,0,0,16.824,0.029,-3.26,1.166
2018/2/3 0:00,6056,6541,0,485,1.192,0.003,0,0,16.875,0.065,-3.226,1.111
2018/2/3 1:00,5927,6349,0,422,1.191,0.003,0,0,16.954,0.087,-3.227,1.044
2018/2/3 2:00,5708,6104,0,396,1.192,0.003,0,0,17.047,0.091,-3.128,1.001
2018/2/3 3:00,5691,6110,0,419,1.192,0.003,0,0,17.135,0.078,-3.053,0.959
2018/2/3 4:00,5945,6323,0,378,1.192,0.003,0,0,17.196,0.045,-3.101,0.963
2018/2/3 5:00,6301,6704,0,403,1.192,0.003,0,0,17.243,0.049,-3.115,1.119
2018/2/3 6:00,6965,7336,11,360,1.192,0.003,13.097,53.742,17.289,0.044,-3.169,1.137
2018/2/3 7:00,7355,7845,37,453,1.191,0.003,69.539,245.616,17.338,0.053,-1.983,1.505
2018/2/3 8:00,7716,8313,89,508,1.188,0.003,128.582,412.735,17.39,0.066,-0.819,1.69
2018/2/3 9:00,7806,8526,151,569,1.184,0.003,148.844,531.487,17.455,0.101,-0.008,1.604
2018/2/3 10:00,7924,8600,205,471,1.182,0.004,141.756,593.765,17.535,0.121,0.31,1.691
2018/2/3 11:00,7625,8441,228,588,1.181,0.004,124.838,595.362,17.614,0.106,0.341,1.77
2018/2/3 12:00,6939,8224,214,1071,1.18,0.004,107.147,536.122,17.676,0.08,0.231,1.701
2018/2/3 13:00,6960,8033,170,903,1.18,0.004,84.409,420.162,17.716,0.055,0.002,1.466
2018/2/3 14:00,7125,7910,106,679,1.181,0.004,50.191,255.376,17.748,0.04,-0.444,1.253
2018/2/3 15:00,7268,7897,45,584,1.182,0.003,11.582,62.261,17.784,0.039,-1.334,1.102
2018/2/3 16:00,7610,8387,15,762,1.183,0.003,0.007,0.053,17.827,0.043,-2.08,1.201
2018/2/3 17:00,7369,8454,9,1076,1.185,0.003,0,0,17.872,0.044,-2.286,1.369
2018/2/3 18:00,6737,7914,0,1177,1.186,0.003,0,0,17.933,0.07,-2.402,1.443
2018/2/3 19:00,6316,7446,0,1130,1.187,0.003,0,0,18,0.062,-2.512,1.448
2018/2/3 20:00,5793,6997,0,1204,1.189,0.003,0,0,18.058,0.052,-2.668,1.391
2018/2/3 21:00,5941,7004,0,1063,1.19,0.003,0,0,18.102,0.036,-2.866,1.384
2018/2/3 22:00,5682,6649,0,967,1.192,0.003,0,0,18.133,0.026,-3.06,1.387
2018/2/3 23:00,5432,6311,0,879,1.193,0.003,0,0,18.156,0.019,-3.281,1.367
2018/2/4 0:00,5206,6004,0,798,1.194,0.003,0,0,18.174,0.015,-3.547,1.357
2018/2/4 1:00,5197,5887,0,690,1.196,0.003,0,0,18.189,0.013,-3.865,1.352
2018/2/4 2:00,5123,5699,0,576,1.197,0.003,0,0,18.202,0.012,-4.193,1.338
2018/2/4 3:00,5262,5687,0,425,1.199,0.003,0,0,18.217,0.014,-4.383,1.353
2018/2/4 4:00,5409,5864,0,455,1.2,0.003,0,0,18.234,0.018,-4.564,1.338
2018/2/4 5:00,5517,6006,0,489,1.201,0.003,0,0,18.259,0.027,-4.674,1.31
2018/2/4 6:00,6065,6546,11,470,1.203,0.003,18.449,57.731,18.295,0.041,-4.431,1.34
2018/2/4 7:00,6564,7029,46,419,1.203,0.003,103.956,251.496,18.34,0.046,-3.026,1.709
2018/2/4 8:00,6882,7459,121,456,1.2,0.003,202.174,418.796,18.379,0.054,-1.285,1.68
2018/2/4 9:00,6899,7604,205,500,1.197,0.003,279.782,537.685,18.365,0.054,-0.006,1.615
2018/2/4 10:00,6903,7719,278,538,1.195,0.003,304.733,600.037,18.3,0.042,0.677,1.509
2018/2/4 11:00,6774,7488,315,399,1.193,0.003,291.949,601.63,18.204,0.031,1.01,1.448
2018/2/4 12:00,6609,7252,298,345,1.193,0.003,255.583,542.36,18.108,0.024,1.114,1.357
2018/2/4 13:00,6507,7080,236,337,1.193,0.003,184.583,426.265,18.04,0.016,0.956,1.175
2018/2/4 14:00,6558,7007,145,304,1.195,0.003,99.524,261.255,18.017,0.011,0.279,0.703
2018/2/4 15:00,6781,7053,58,214,1.197,0.003,20.086,66.529,18.023,0.008,-1.401,0.687
2018/2/4 16:00,7482,7674,16,176,1.199,0.003,0.015,0.085,18.029,0.005,-2.457,0.817
2018/2/4 17:00,7831,7998,9,158,1.202,0.003,0,0,18.035,0.005,-3,0.853
2018/2/4 18:00,7582,7739,0,157,1.205,0.003,0,0,18.039,0.002,-3.48,0.875
2018/2/4 19:00,7242,7399,0,157,1.208,0.003,0,0,18.041,0.002,-3.899,0.893
2018/2/4 20:00,6897,7063,0,166,1.21,0.003,0,0,18.044,0.002,-4.301,0.897
2018/2/4 21:00,7004,7181,0,177,1.212,0.003,0,0,18.046,0.002,-4.67,0.915
2018/2/4 22:00,6672,6843,0,171,1.213,0.003,0,0,18.049,0.002,-4.94,0.926
2018/2/4 23:00,6518,6664,0,146,1.215,0.003,0,0,18.051,0.002,-5.17,0.927
2018/2/5 0:00,6353,6480,0,127,1.216,0.003,0,0,18.054,0.001,-5.376,0.94
2018/2/5 1:00,6304,6411,0,107,1.217,0.003,0,0,18.056,0.001,-5.545,0.945
2018/2/5 2:00,6213,6323,0,110,1.219,0.003,0,0,18.058,0.001,-5.664,0.94
2018/2/5 3:00,6413,6535,0,122,1.22,0.002,0,0,18.06,0.001,-5.812,0.927
2018/2/5 4:00,7062,7195,0,133,1.222,0.002,0,0,18.062,0.001,-6.006,0.915
2018/2/5 5:00,8227,8360,0,133,1.223,0.002,0,0,18.064,0.001,-6.168,0.904
2018/2/5 6:00,9303,9434,12,119,1.225,0.002,24.002,61.919,18.067,0.002,-5.933,1.007
2018/2/5 7:00,9620,9798,48,130,1.224,0.003,131.934,257.41,18.069,0.002,-4.316,1.363
2018/2/5 8:00,9553,9793,127,113,1.218,0.003,255.61,424.97,18.058,0.003,-2.125,1.485
2018/2/5 9:00,9449,9745,215,81,1.214,0.003,334.922,543.968,18.006,0.005,-0.873,1.477
2018/2/5 10:00,9334,9740,272,134,1.211,0.003,359.45,606.396,17.914,0.006,-0.13,1.365
2018/2/5 11:00,9063,9536,291,182,1.208,0.003,343.957,608.037,17.786,0.005,0.263,1.309
2018/2/5 12:00,9044,9485,279,162,1.206,0.003,299.503,548.632,17.657,0.004,0.431,1.345
2018/2/5 13:00,9113,9470,231,126,1.205,0.003,223.591,432.42,17.558,0.003,0.29,1.385
2018/2/5 14:00,9142,9441,152,147,1.206,0.003,123.02,267.238,17.513,0.003,-0.379,1.158
2018/2/5 15:00,9232,9490,65,193,1.207,0.003,26.18,70.992,17.509,0.002,-2.228,0.95
2018/2/5 16:00,9659,9887,18,210,1.209,0.003,0.029,0.131,17.512,0.002,-3.471,1.121
2018/2/5 17:00,9751,9976,9,216,1.212,0.003,0,0,17.516,0.004,-3.905,1.223
2018/2/5 18:00,9241,9392,0,151,1.214,0.003,0,0,17.522,0.006,-4.152,1.28
2018/2/5 19:00,8613,8750,0,137,1.215,0.003,0,0,17.529,0.006,-4.449,1.303
2018/2/5 20:00,8000,8097,0,97,1.217,0.003,0,0,17.536,0.005,-4.73,1.324
2018/2/5 21:00,7816,7913,0,97,1.218,0.003,0,0,17.542,0.004,-4.969,1.316
2018/2/5 22:00,7232,7421,0,189,1.218,0.003,0,0,17.547,0.003,-5.206,1.28
2018/2/5 23:00,6882,7126,0,244,1.219,0.003,0,0,17.551,0.003,-5.44,1.254
2018/2/6 0:00,6695,6885,0,190,1.219,0.002,0,0,17.554,0.002,-5.7,1.247
2018/2/6 1:00,6533,6742,0,209,1.22,0.002,0,0,17.558,0.002,-5.887,1.276
2018/2/6 2:00,6399,6631,0,232,1.22,0.002,0,0,17.562,0.003,-6.011,1.304
2018/2/6 3:00,6453,6710,0,257,1.22,0.002,0,0,17.566,0.003,-6.14,1.383
2018/2/6 4:00,7076,7355,0,279,1.221,0.002,0,0,17.57,0.003,-6.237,1.443
2018/2/6 5:00,8128,8420,0,292,1.221,0.002,0,0,17.575,0.003,-6.306,1.436
2018/2/6 6:00,9094,9455,12,349,1.221,0.002,20.962,66.301,17.579,0.003,-6.094,1.591
2018/2/6 7:00,9457,9860,42,361,1.218,0.003,116.702,263.441,17.582,0.003,-4.637,1.926
2018/2/6 8:00,9390,9888,98,400,1.213,0.003,225.215,431.175,17.575,0.003,-2.757,2.248
2018/2/6 9:00,9233,9897,158,506,1.207,0.003,304.969,550.343,17.548,0.003,-1.269,2.455
2018/2/6 10:00,9065,9849,208,576,1.202,0.003,352.481,612.864,17.477,0.003,-0.121,2.542
2018/2/6 11:00,8614,9592,235,743,1.197,0.003,353.807,614.411,17.311,0.003,0.597,2.531
2018/2/6 12:00,8447,9550,227,876,1.194,0.003,317.832,555.031,17.127,0.001,0.946,2.474
2018/2/6 13:00,8335,9432,188,909,1.192,0.003,236.339,438.659,16.984,0.001,0.874,2.345
2018/2/6 14:00,8328,9384,123,933,1.193,0.003,128.462,273.297,16.916,0.001,0.166,2.064
2018/2/6 15:00,8444,9436,56,936,1.196,0.003,26.507,75.651,16.906,0.001,-1.482,1.685
2018/2/6 16:00,8883,9821,18,920,1.199,0.003,0.05,0.192,16.909,0.002,-2.686,1.97
2018/2/6 17:00,8851,9864,9,1004,1.202,0.003,0,0,16.913,0.003,-3.201,2.142
2018/2/6 18:00,8242,9307,0,1065,1.204,0.003,0,0,16.923,0.013,-3.534,2.179
2018/2/6 19:00,7557,8684,0,1127,1.205,0.003,0,0,16.939,0.016,-3.716,2.198
2018/2/6 20:00,6845,8073,0,1228,1.207,0.003,0,0,16.957,0.018,-3.847,2.193
2018/2/6 21:00,6564,7931,0,1367,1.208,0.003,0,0,16.977,0.02,-3.984,2.162
2018/2/6 22:00,5978,7424,0,1446,1.208,0.003,0,0,17.001,0.023,-4.11,2.097
2018/2/6 23:00,5636,7088,0,1452,1.209,0.003,0,0,17.029,0.031,-4.201,2.048
2018/2/7 0:00,5392,6855,0,1463,1.208,0.003,0,0,17.065,0.038,-4.271,1.991
2018/2/7 1:00,5285,6742,0,1457,1.208,0.003,0,0,17.111,0.052,-4.291,1.995
2018/2/7 2:00,5350,6581,0,1231,1.207,0.003,0,0,17.186,0.093,-4.258,1.983
2018/2/7 3:00,5634,6700,0,1066,1.207,0.003,0,0,17.317,0.159,-4.182,1.96
2018/2/7 4:00,6483,7293,0,810,1.206,0.003,0,0,17.508,0.218,-4.039,1.913
2018/2/7 5:00,7706,8313,0,607,1.206,0.003,0,0,17.789,0.329,-3.885,1.854
2018/2/7 6:00,8941,9412,13,458,1.206,0.003,8.399,70.903,18.164,0.409,-3.736,1.825
2018/2/7 7:00,9479,9903,41,383,1.205,0.003,38.368,269.537,18.598,0.451,-3.321,1.806
2018/2/7 8:00,9666,10123,90,367,1.204,0.003,69.623,437.443,19.038,0.438,-2.73,1.812
2018/2/7 9:00,9641,10282,139,502,1.202,0.003,99.464,556.796,19.459,0.425,-2.155,1.883
2018/2/7 10:00,9456,10235,168,611,1.2,0.003,119.297,619.358,19.856,0.404,-1.656,1.923
2018/2/7 11:00,9351,10029,189,489,1.198,0.003,129.083,620.928,20.231,0.394,-1.299,1.813
2018/2/7 12:00,9480,9992,184,328,1.197,0.003,122.534,561.492,20.58,0.37,-1.079,1.688
2018/2/7 13:00,9437,9826,153,236,1.196,0.003,94.971,444.993,20.888,0.311,-1.055,1.566
2018/2/7 14:00,9438,9734,101,195,1.196,0.003,52.391,279.39,21.154,0.259,-1.299,1.363
2018/2/7 15:00,9521,9706,44,141,1.197,0.003,11.945,80.501,21.389,0.219,-1.969,0.96
2018/2/7 16:00,9893,10001,14,94,1.199,0.003,0.035,0.27,21.594,0.191,-2.712,0.877
2018/2/7 17:00,9915,9963,9,39,1.2,0.003,0,0,21.774,0.166,-3.08,0.906
2018/2/7 18:00,9335,9366,0,31,1.201,0.003,0,0,21.902,0.095,-3.368,0.935
2018/2/7 19:00,8628,8744,0,116,1.201,0.003,0,0,21.993,0.085,-3.586,1.012
2018/2/7 20:00,7791,8116,0,325,1.202,0.003,0,0,22.083,0.089,-3.694,1.159
2018/2/7 21:00,7430,7964,0,534,1.203,0.003,0,0,22.175,0.088,-3.731,1.354
2018/2/7 22:00,6736,7453,0,717,1.204,0.003,0,0,22.26,0.081,-3.773,1.618
2018/2/7 23:00,6052,7058,0,1006,1.205,0.003,0,0,22.34,0.079,-3.851,1.857
2018/2/8 0:00,5728,6825,0,1097,1.205,0.003,0,0,22.417,0.076,-3.957,2.017
2018/2/8 1:00,5504,6687,0,1183,1.206,0.003,0,0,22.494,0.079,-4.044,2.12
2018/2/8 2:00,5316,6531,0,1215,1.207,0.003,0,0,22.576,0.086,-4.12,2.13
2018/2/8 3:00,5460,6728,0,1268,1.207,0.003,0,0,22.674,0.111,-4.112,2.213
2018/2/8 4:00,5970,7348,0,1378,1.208,0.003,0,0,22.798,0.135,-4.074,2.213
2018/2/8 5:00,6933,8403,0,1470,1.208,0.003,0,0,22.938,0.147,-4.042,2.23
2018/2/8 6:00,7917,9493,11,1565,1.209,0.003,10.363,75.713,23.081,0.143,-3.944,2.286
2018/2/8 7:00,8145,9903,38,1720,1.208,0.003,58.919,275.707,23.21,0.123,-3.307,2.419
2018/2/8 8:00,8232,10079,91,1756,1.207,0.003,123.212,443.816,23.297,0.087,-2.322,2.539
2018/2/8 9:00,8359,10221,150,1712,1.205,0.003,189.17,563.274,23.314,0.055,-1.49,2.626
2018/2/8 10:00,8286,10221,199,1736,1.202,0.003,240.249,625.937,23.236,0.029,-0.794,2.608
2018/2/8 11:00,8021,10016,232,1763,1.2,0.003,254.636,627.556,23.076,0.022,-0.296,2.499
2018/2/8 12:00,7880,9841,228,1733,1.198,0.003,233.232,567.992,22.886,0.02,-0.023,2.329
2018/2/8 13:00,7759,9704,193,1752,1.197,0.003,175.246,451.37,22.723,0.02,-0.006,2.098
2018/2/8 14:00,7758,9625,134,1733,1.198,0.003,98.553,285.619,22.642,0.017,-0.335,1.745
2018/2/8 15:00,7892,9555,60,1603,1.2,0.003,23.362,85.55,22.638,0.013,-1.399,1.406
2018/2/8 16:00,8377,9871,17,1477,1.202,0.003,0.068,0.37,22.651,0.011,-2.418,1.471
2018/2/8 17:00,8456,9891,9,1426,1.205,0.003,0,0,22.663,0.009,-2.893,1.48
2018/2/8 18:00,7937,9344,0,1407,1.207,0.003,0,0,22.672,0.006,-3.368,1.39
2018/2/8 19:00,7483,8739,0,1256,1.209,0.003,0,0,22.679,0.005,-3.9,1.356
2018/2/8 20:00,7027,8105,0,1078,1.211,0.003,0,0,22.686,0.004,-4.46,1.309
2018/2/8 21:00,6931,7929,0,998,1.212,0.003,0,0,22.693,0.004,-4.898,1.253
2018/2/8 22:00,6659,7528,0,869,1.213,0.003,0,0,22.7,0.004,-5.209,1.216
2018/2/8 23:00,6468,7175,0,707,1.214,0.003,0,0,22.706,0.004,-5.437,1.207
2018/2/9 0:00,6304,6905,0,601,1.215,0.003,0,0,22.711,0.004,-5.613,1.221
2018/2/9 1:00,6192,6756,0,564,1.216,0.002,0,0,22.716,0.004,-5.767,1.213
2018/2/9 2:00,6078,6595,0,517,1.216,0.002,0,0,22.721,0.003,-5.894,1.223
2018/2/9 3:00,6251,6767,0,516,1.217,0.002,0,0,22.726,0.003,-6.031,1.235
2018/2/9 4:00,6818,7434,0,616,1.217,0.002,0,0,22.731,0.003,-6.182,1.216
2018/2/9 5:00,7874,8497,0,623,1.218,0.002,0,0,22.737,0.003,-6.368,1.209
2018/2/9 6:00,8930,9396,13,453,1.218,0.002,28.414,80.735,22.741,0.003,-6.269,1.235
2018/2/9 7:00,9432,9813,54,327,1.217,0.003,141.142,281.941,22.745,0.002,-4.73,1.226
2018/2/9 8:00,9619,9993,135,239,1.21,0.003,269.698,450.249,22.728,0.002,-2.179,1.14
2018/2/9 9:00,9565,9978,224,189,1.204,0.003,374.162,569.847,22.599,0.002,-0.52,1.121
2018/2/9 10:00,9427,9904,308,169,1.2,0.003,419.831,632.568,22.306,0.003,0.438,1.05
2018/2/9 11:00,9145,9633,344,144,1.196,0.003,418.2,634.225,21.864,0.003,0.976,0.972
2018/2/9 12:00,8984,9401,308,109,1.193,0.003,367.076,574.559,21.42,0.004,1.213,0.961
2018/2/9 13:00,8943,9262,241,78,1.192,0.003,268.836,457.81,21.081,0.005,1.09,0.967
2018/2/9 14:00,8999,9228,158,71,1.193,0.004,144.555,291.888,20.939,0.005,0.435,0.864
2018/2/9 15:00,9088,9232,71,73,1.195,0.003,34.041,90.792,20.925,0.004,-1.578,0.714
2018/2/9 16:00,9535,9644,20,89,1.199,0.003,0.116,0.494,20.93,0.004,-3.14,0.855
2018/2/9 17:00,9559,9689,9,121,1.202,0.003,0,0,20.935,0.004,-3.593,0.849
2018/2/9 18:00,8890,9036,0,146,1.204,0.003,0,0,20.94,0.003,-3.848,0.784
2018/2/9 19:00,8299,8416,0,117,1.206,0.003,0,0,20.945,0.004,-4.064,0.713
2018/2/9 20:00,7712,7798,0,86,1.208,0.003,0,0,20.95,0.004,-4.294,0.634
2018/2/9 21:00,7599,7650,0,51,1.209,0.003,0,0,20.955,0.005,-4.47,0.571
2018/2/9 22:00,7163,7212,0,49,1.21,0.003,0,0,20.961,0.006,-4.622,0.524
2018/2/9 23:00,6843,6908,0,65,1.211,0.003,0,0,20.969,0.007,-4.76,0.484
2018/2/10 0:00,6551,6622,0,71,1.211,0.003,0,0,20.978,0.009,-4.87,0.481
2018/2/10 1:00,6356,6452,0,96,1.212,0.003,0,0,20.988,0.01,-5.014,0.559
2018/2/10 2:00,6082,6217,0,135,1.213,0.003,0,0,20.999,0.011,-5.343,0.727
2018/2/10 3:00,6040,6151,0,111,1.214,0.003,0,0,21.011,0.01,-5.636,0.861
2018/2/10 4:00,6337,6452,0,115,1.214,0.003,0,0,21.022,0.01,-5.785,0.954
2018/2/10 5:00,6651,6804,0,153,1.215,0.002,0,0.002,21.033,0.009,-5.895,0.998
2018/2/10 6:00,7343,7466,12,111,1.216,0.002,23.673,85.97,21.043,0.008,-5.7,1.122
2018/2/10 7:00,7823,8035,50,162,1.215,0.003,112.3,288.259,21.051,0.006,-4.288,1.366
2018/2/10 8:00,8072,8451,115,264,1.21,0.003,214.757,456.744,21.039,0.006,-2.335,1.617
2018/2/10 9:00,8076,8667,183,408,1.207,0.003,292.54,576.484,20.97,0.007,-1.268,1.85
2018/2/10 10:00,7952,8733,247,534,1.204,0.003,338.509,639.288,20.844,0.008,-0.638,2.002
2018/2/10 11:00,7593,8487,283,611,1.202,0.003,326.129,640.868,20.691,0.009,-0.265,2.052
2018/2/10 12:00,7439,8272,276,557,1.2,0.003,310.953,581.249,20.541,0.01,-0.04,2.036
2018/2/10 13:00,7445,8110,238,427,1.199,0.003,220.621,464.325,20.429,0.011,-0.123,1.895
2018/2/10 14:00,7550,8066,168,348,1.199,0.003,120.349,298.233,20.383,0.009,-0.619,1.318
2018/2/10 15:00,7701,8084,78,305,1.2,0.003,29.886,96.216,20.381,0.006,-2.239,0.782
2018/2/10 16:00,8036,8431,22,373,1.202,0.003,0.111,0.649,20.389,0.006,-3.697,0.881
2018/2/10 17:00,8155,8478,9,314,1.204,0.003,0,0,20.397,0.006,-4.215,0.981
2018/2/10 18:00,7713,7998,0,285,1.206,0.003,0,0,20.405,0.008,-4.575,1.029
2018/2/10 19:00,7275,7572,0,297,1.207,0.003,0,0,20.415,0.007,-4.928,1.048
2018/2/10 20:00,6894,7169,0,275,1.208,0.003,0,0,20.423,0.006,-5.263,1.058
2018/2/10 21:00,6912,7191,0,279,1.209,0.003,0,0,20.432,0.006,-5.61,1.027
2018/2/10 22:00,6436,6752,0,316,1.209,0.003,0,0,20.44,0.006,-5.846,1.01
2018/2/10 23:00,6144,6456,0,312,1.21,0.003,0,0,20.448,0.006,-5.992,0.998
2018/2/11 0:00,5961,6186,0,225,1.21,0.003,0,0,20.456,0.005,-6.083,0.993
2018/2/11 1:00,5905,6074,0,169,1.21,0.002,0,0,20.463,0.005,-6.239,0.997
2018/2/11 2:00,5746,5894,0,148,1.21,0.002,0,0,20.47,0.005,-6.389,0.998
2018/2/11 3:00,5761,5887,0,126,1.21,0.002,0,0,20.476,0.004,-6.551,1.007
2018/2/11 4:00,5973,6057,0,84,1.21,0.002,0,0,20.482,0.003,-6.748,0.995
2018/2/11 5:00,6122,6196,0,74,1.21,0.002,0.002,0.014,20.486,0.002,-6.936,0.988
2018/2/11 6:00,6696,6780,16,68,1.21,0.002,34.066,91.416,20.49,0.002,-6.639,1.042
2018/2/11 7:00,7111,7250,69,70,1.209,0.003,150.544,294.615,20.492,0.002,-4.597,1.289
2018/2/11 8:00,7406,7630,170,54,1.202,0.003,280.286,463.306,20.469,0.003,-2.081,1.321
2018/2/11 9:00,7475,7791,281,35,1.195,0.003,389.906,583.2,20.315,0.005,-0.189,1.195
2018/2/11 10:00,7423,7830,376,31,1.189,0.003,442.279,646.047,20.051,0.006,0.982,1.154
2018/2/11 11:00,7064,7549,421,64,1.184,0.003,435.776,647.646,19.76,0.012,1.69,1.243
2018/2/11 12:00,6771,7259,396,92,1.181,0.003,377.874,587.929,19.491,0.016,2.002,1.38
2018/2/11 13:00,6614,7124,312,198,1.179,0.003,277.048,470.904,19.296,0.012,1.921,1.423
2018/2/11 14:00,6572,7157,193,392,1.179,0.004,157.774,304.62,19.206,0.012,1.146,1.107
2018/2/11 15:00,6616,7275,81,578,1.181,0.003,38.753,101.829,19.203,0.015,-1.019,1.023
2018/2/11 16:00,6965,7817,22,830,1.183,0.003,0.113,0.845,19.224,0.017,-2.524,1.295
2018/2/11 17:00,7108,8193,9,1076,1.186,0.003,0,0,19.247,0.02,-2.857,1.436
2018/2/11 18:00,6745,7862,0,1117,1.187,0.003,0,0,19.285,0.044,-2.935,1.422
2018/2/11 19:00,6700,7505,0,805,1.189,0.003,0,0,19.337,0.045,-2.824,1.323
2018/2/11 20:00,6645,7106,0,461,1.189,0.003,0,0,19.4,0.064,-2.641,1.263
2018/2/11 21:00,6919,7237,0,318,1.189,0.003,0,0,19.479,0.08,-2.537,1.15
2018/2/11 22:00,6609,6835,0,226,1.189,0.003,0,0,19.582,0.113,-2.408,1.117
2018/2/11 23:00,6359,6562,0,203,1.189,0.003,0,0,19.718,0.145,-2.186,1.092
2018/2/12 0:00,6163,6369,0,206,1.189,0.003,0,0,19.89,0.182,-2.092,1.026
2018/2/12 1:00,6002,6264,0,262,1.189,0.003,0,0,20.092,0.206,-2.079,0.97
2018/2/12 2:00,5932,6133,0,201,1.189,0.003,0,0,20.308,0.209,-2.143,0.956
2018/2/12 3:00,6132,6335,0,203,1.19,0.003,0,0,20.543,0.243,-2.222,0.984
2018/2/12 4:00,6836,7126,0,290,1.19,0.003,0,0,20.806,0.274,-2.24,0.993
2018/2/12 5:00,7939,8254,0,315,1.191,0.003,0.006,0.058,21.081,0.271,-2.27,0.979
2018/2/12 6:00,8872,9220,13,335,1.192,0.003,14.356,97.046,21.347,0.255,-2.123,1.007
2018/2/12 7:00,9352,9693,47,294,1.193,0.003,53.844,301.052,21.595,0.239,-1.446,1.18
2018/2/12 8:00,9516,9863,108,239,1.193,0.004,92.392,469.902,21.81,0.223,-0.725,1.269
2018/2/12 9:00,9692,9991,168,131,1.192,0.004,124.498,589.921,21.969,0.192,-0.207,1.261
2018/2/12 10:00,9740,10047,213,94,1.191,0.004,149.232,652.843,22.065,0.161,0.086,1.248
2018/2/12 11:00,9740,10049,237,72,1.191,0.004,153.306,654.465,22.125,0.146,0.222,1.23
2018/2/12 12:00,9550,9847,231,66,1.19,0.004,139.942,594.699,22.177,0.136,0.208,1.121
2018/2/12 13:00,9421,9711,198,92,1.19,0.004,110.917,477.531,22.239,0.127,0.009,1.002
2018/2/12 14:00,9384,9630,138,108,1.191,0.004,68.082,311.053,22.326,0.119,-0.473,0.885
2018/2/12 15:00,9359,9612,66,187,1.192,0.003,18.622,107.615,22.442,0.115,-1.472,0.86
2018/2/12 16:00,9566,9942,21,355,1.195,0.003,0.133,1.093,22.56,0.107,-2.424,0.895
2018/2/12 17:00,9270,9971,10,691,1.197,0.003,0,0,22.671,0.097,-2.874,0.949
2018/2/12 18:00,8543,9371,0,828,1.2,0.003,0,0,22.77,0.088,-3.042,1.057
2018/2/12 19:00,7722,8747,0,1025,1.202,0.003,0,0,22.856,0.073,-3.11,1.222
2018/2/12 20:00,6960,8046,0,1086,1.204,0.003,0,0,22.929,0.067,-3.228,1.414
2018/2/12 21:00,6596,7836,0,1240,1.206,0.003,0,0,22.996,0.063,-3.353,1.575
2018/2/12 22:00,5919,7471,0,1552,1.207,0.003,0,0,23.056,0.053,-3.521,1.666
2018/2/12 23:00,5410,7091,0,1681,1.208,0.003,0,0,23.107,0.048,-3.683,1.721
2018/2/13 0:00,5145,6835,0,1690,1.209,0.003,0,0,23.155,0.047,-3.842,1.748
2018/2/13 1:00,5056,6714,0,1658,1.21,0.003,0,0,23.202,0.046,-4,1.761
2018/2/13 2:00,5024,6571,0,1547,1.211,0.003,0,0,23.248,0.044,-4.127,1.77
2018/2/13 3:00,5432,6696,0,1264,1.211,0.003,0,0,23.29,0.041,-4.235,1.78
2018/2/13 4:00,6118,7285,0,1167,1.212,0.003,0,0,23.331,0.04,-4.405,1.748
2018/2/13 5:00,7170,8336,0,1166,1.213,0.003,0.009,0.16,23.371,0.039,-4.598,1.735
2018/2/13 6:00,8122,9374,15,1237,1.214,0.003,18.979,102.846,23.409,0.038,-4.603,1.81
2018/2/13 7:00,8483,9798,59,1256,1.213,0.003,81.524,307.54,23.446,0.039,-3.893,1.994
2018/2/13 8:00,8652,9877,136,1089,1.211,0.003,160.812,476.591,23.472,0.042,-2.817,2.143
2018/2/13 9:00,8720,9886,202,964,1.208,0.003,232.317,596.672,23.472,0.039,-2.013,2.283
2018/2/13 10:00,8777,9837,267,793,1.205,0.003,269.994,659.706,23.43,0.035,-1.514,2.291
2018/2/13 11:00,8624,9665,302,739,1.203,0.003,275.822,661.301,23.362,0.032,-1.238,2.218
2018/2/13 12:00,8590,9527,285,652,1.202,0.003,248.608,601.493,23.292,0.03,-1.152,2.142
2018/2/13 13:00,8461,9296,234,601,1.201,0.003,197.02,484.246,23.243,0.026,-1.261,2.005
2018/2/13 14:00,8489,9191,163,539,1.201,0.003,121.046,317.601,23.231,0.027,-1.64,1.719
2018/2/13 15:00,8484,9136,79,573,1.202,0.003,37.218,113.559,23.252,0.031,-2.665,1.427
2018/2/13 16:00,8999,9660,23,638,1.203,0.003,0.489,1.402,23.289,0.041,-3.86,1.58
2018/2/13 17:00,9264,9927,10,653,1.205,0.003,0,0,23.336,0.05,-4.467,1.694
2018/2/13 18:00,8780,9378,0,598,1.206,0.003,0,0,23.397,0.066,-4.9,1.762
2018/2/13 19:00,8220,8818,0,598,1.207,0.003,0,0,23.462,0.061,-5.272,1.774
2018/2/13 20:00,7653,8215,0,562,1.208,0.003,0,0,23.521,0.054,-5.713,1.703
2018/2/13 21:00,7519,7994,0,475,1.209,0.002,0,0,23.575,0.049,-6.169,1.624
2018/2/13 22:00,7083,7513,0,430,1.21,0.002,0,0,23.623,0.044,-6.524,1.535
2018/2/13 23:00,6805,7184,0,379,1.211,0.002,0,0,23.669,0.042,-6.879,1.43
2018/2/14 0:00,6572,6905,0,333,1.212,0.002,0,0,23.712,0.04,-7.17,1.39
2018/2/14 1:00,6492,6790,0,298,1.213,0.002,0,0,23.752,0.035,-7.413,1.429
2018/2/14 2:00,6342,6684,0,342,1.213,0.002,0,0,23.787,0.031,-7.642,1.497
2018/2/14 3:00,6434,6812,0,378,1.214,0.002,0,0,23.819,0.03,-7.829,1.531
2018/2/14 4:00,6992,7450,0,458,1.215,0.002,0,0,23.854,0.035,-7.946,1.559
2018/2/14 5:00,7924,8503,0,579,1.216,0.002,0.04,0.344,23.896,0.043,-7.98,1.612
2018/2/14 6:00,8753,9464,14,697,1.218,0.002,34.793,108.79,23.944,0.046,-7.642,1.714
2018/2/14 7:00,9058,9892,54,780,1.217,0.002,134.944,314.1,23.987,0.04,-5.843,2.002
2018/2/14 8:00,8955,9918,126,837,1.214,0.003,240.108,483.305,24.004,0.034,-3.774,2.261
2018/2/14 9:00,8744,9880,201,935,1.209,0.003,331.775,603.535,23.951,0.028,-2.323,2.31
2018/2/14 10:00,8432,9789,257,1100,1.206,0.003,386.941,666.592,23.805,0.024,-1.384,2.293
2018/2/14 11:00,8166,9616,284,1166,1.204,0.003,388.29,668.251,23.62,0.022,-0.903,2.268
2018/2/14 12:00,8126,9638,276,1236,1.203,0.003,345.14,608.309,23.449,0.022,-0.756,2.281
2018/2/14 13:00,8053,9611,231,1327,1.203,0.003,260.659,490.979,23.333,0.019,-0.896,2.264
2018/2/14 14:00,8052,9588,156,1380,1.204,0.003,150.326,324.157,23.285,0.014,-1.39,1.983
2018/2/14 15:00,8037,9602,73,1492,1.206,0.003,45.308,119.666,23.284,0.01,-2.715,1.513
2018/2/14 16:00,8464,9975,22,1489,1.208,0.003,0.615,1.785,23.293,0.008,-4.165,1.608
2018/2/14 17:00,8574,10154,10,1570,1.211,0.002,0,0,23.303,0.008,-4.819,1.714
2018/2/14 18:00,8043,9538,0,1495,1.213,0.002,0,0,23.321,0.023,-5.32,1.695
2018/2/14 19:00,7547,8916,0,1369,1.216,0.002,0,0,23.343,0.018,-5.779,1.724
2018/2/14 20:00,6833,8308,0,1475,1.218,0.002,0,0,23.364,0.018,-6.243,1.76
2018/2/14 21:00,6655,8124,0,1469,1.219,0.002,0,0,23.383,0.015,-6.73,1.683
2018/2/14 22:00,6284,7653,0,1369,1.221,0.002,0,0,23.399,0.011,-7.205,1.598
2018/2/14 23:00,6082,7377,0,1295,1.222,0.002,0,0,23.41,0.006,-7.631,1.521
2018/2/15 0:00,6022,7144,0,1122,1.223,0.002,0,0,23.418,0.004,-7.972,1.505
2018/2/15 1:00,5977,7016,0,1039,1.223,0.002,0,0,23.424,0.004,-8.261,1.539
2018/2/15 2:00,5948,6898,0,950,1.224,0.002,0,0,23.43,0.004,-8.486,1.549
2018/2/15 3:00,6259,7055,0,796,1.225,0.002,0,0,23.437,0.004,-8.641,1.528
2018/2/15 4:00,7040,7705,0,665,1.226,0.002,0,0,23.443,0.004,-8.762,1.472
2018/2/15 5:00,8087,8700,0,613,1.226,0.002,0.134,0.624,23.449,0.004,-8.777,1.397
2018/2/15 6:00,9081,9615,17,517,1.227,0.002,48.601,114.862,23.455,0.006,-8.04,1.35
2018/2/15 7:00,9531,9951,72,348,1.225,0.002,164.844,320.69,23.462,0.009,-5.667,1.511
2018/2/15 8:00,9670,10003,167,166,1.219,0.003,276.533,490.057,23.451,0.018,-3.231,1.354
2018/2/15 9:00,9724,10063,267,72,1.214,0.003,351.627,610.407,23.366,0.032,-1.765,1.147
2018/2/15 10:00,9549,9947,352,46,1.211,0.003,393.614,673.535,23.214,0.04,-0.861,0.966
2018/2/15 11:00,9299,9714,398,17,1.207,0.003,390.493,675.212,23.037,0.057,-0.184,0.935
2018/2/15 12:00,9205,9595,381,9,1.205,0.003,332.859,615.213,22.881,0.065,0.206,1.072
2018/2/15 13:00,9187,9503,304,12,1.203,0.003,229.436,497.75,22.787,0.065,0.221,1.147
2018/2/15 14:00,9307,9522,196,19,1.202,0.003,116.265,330.779,22.777,0.046,-0.24,0.913
2018/2/15 15:00,9412,9558,90,56,1.203,0.003,29.893,125.912,22.804,0.023,-1.564,0.81
2018/2/15 16:00,9755,9943,25,163,1.204,0.003,0.232,2.257,22.835,0.017,-2.53,1.024
2018/2/15 17:00,9700,10082,10,372,1.205,0.003,0,0,22.869,0.014,-2.579,1.278
2018/2/15 18:00,8830,9490,0,660,1.205,0.003,0,0,22.904,0.019,-2.577,1.495
2018/2/15 19:00,7920,8837,0,917,1.206,0.003,0,0,22.943,0.019,-2.702,1.558
2018/2/15 20:00,7302,8253,0,951,1.207,0.003,0,0,22.988,0.022,-2.842,1.551
2018/2/15 21:00,6916,8028,0,1112,1.207,0.003,0,0,23.04,0.026,-2.9,1.525
2018/2/15 22:00,6408,7543,0,1135,1.206,0.003,0,0,23.102,0.035,-2.922,1.461
2018/2/15 23:00,6149,7180,0,1031,1.206,0.003,0,0,23.178,0.048,-2.704,1.485
2018/2/16 0:00,5925,6890,0,965,1.204,0.003,0,0,23.261,0.053,-2.418,1.417
2018/2/16 1:00,5801,6782,0,981,1.203,0.003,0,0,23.348,0.058,-2.084,1.347
2018/2/16 2:00,5726,6642,0,916,1.201,0.003,0,0,23.437,0.065,-1.776,1.309
2018/2/16 3:00,5966,6760,0,794,1.201,0.003,0,0,23.534,0.08,-1.608,1.323
2018/2/16 4:00,6773,7394,0,621,1.202,0.003,0,0,23.639,0.095,-1.646,1.283
2018/2/16 5:00,7913,8447,0,534,1.203,0.003,0.112,1.012,23.769,0.133,-1.569,1.144
2018/2/16 6:00,9197,9503,12,294,1.204,0.004,24.894,121.059,23.928,0.157,-1.255,0.971
2018/2/16 7:00,9739,9988,48,201,1.205,0.004,90.564,327.331,24.06,0.18,-0.441,0.962
2018/2/16 8:00,9722,10015,111,182,1.204,0.004,169.404,496.869,24.128,0.21,0.534,1.035
2018/2/16 9:00,9739,10025,179,107,1.201,0.004,242.487,617.342,23.959,0.093,1.371,1.286
2018/2/16 10:00,9611,9927,229,87,1.198,0.004,280.498,680.506,23.57,0.045,2.049,1.563
2018/2/16 11:00,9366,9708,251,91,1.197,0.004,264.664,682.196,23.121,0.033,2.446,1.755
2018/2/16 12:00,9065,9413,245,103,1.196,0.004,231.648,622.158,22.676,0.028,2.543,1.779
2018/2/16 13:00,8880,9232,211,141,1.196,0.004,183.157,504.574,22.316,0.024,2.438,1.577
2018/2/16 14:00,8753,9061,153,155,1.197,0.004,123.952,337.431,22.092,0.021,2.02,1.076
2018/2/16 15:00,8930,9114,83,101,1.198,0.004,41.868,132.287,22.03,0.02,0.843,0.723
2018/2/16 16:00,9524,9641,27,90,1.201,0.004,0.538,2.836,22.046,0.022,-0.221,0.732
2018/2/16 17:00,9631,9711,10,70,1.203,0.004,0,0,22.067,0.02,-0.59,0.723
2018/2/16 18:00,9084,9132,0,48,1.206,0.004,0,0,22.08,0.006,-0.826,0.647
2018/2/16 19:00,8399,8439,0,40,1.208,0.004,0,0,22.085,0.003,-1.147,0.606
2018/2/16 20:00,7751,7778,0,27,1.21,0.004,0,0,22.089,0.003,-1.521,0.662
2018/2/16 21:00,7595,7611,0,16,1.211,0.004,0,0,22.094,0.004,-1.846,0.728
2018/2/16 22:00,7066,7082,0,16,1.211,0.003,0,0,22.099,0.004,-2.098,0.748
2018/2/16 23:00,6720,6750,0,30,1.212,0.003,0,0,22.104,0.004,-2.385,0.735
2018/2/17 0:00,6457,6484,0,27,1.214,0.003,0,0,22.11,0.004,-2.825,0.813
2018/2/17 1:00,6283,6310,0,27,1.215,0.003,0,0,22.117,0.005,-3.228,0.774
2018/2/17 2:00,6076,6116,0,40,1.217,0.003,0,0,22.124,0.006,-3.536,0.711
2018/2/17 3:00,6035,6117,0,82,1.217,0.003,0,0,22.133,0.006,-3.774,0.834
2018/2/17 4:00,6233,6430,0,197,1.217,0.003,0,0,22.142,0.006,-3.91,0.882
2018/2/17 5:00,6628,6812,0,184,1.217,0.003,0.244,1.52,22.153,0.008,-3.99,0.982
2018/2/17 6:00,7198,7470,17,255,1.216,0.003,46.19,127.348,22.165,0.008,-3.485,1.231
2018/2/17 7:00,7655,7991,63,273,1.213,0.003,151.508,334.018,22.166,0.008,-1.682,1.666
2018/2/17 8:00,7887,8435,134,414,1.206,0.004,243.537,503.707,22.105,0.01,-0.024,2.034
2018/2/17 9:00,7869,8594,188,537,1.201,0.004,291.493,624.317,21.917,0.013,0.966,2.3
2018/2/17 10:00,7688,8631,224,719,1.197,0.004,268.229,687.597,21.661,0.013,1.386,2.422
2018/2/17 11:00,7354,8383,243,786,1.195,0.004,229.951,689.19,21.416,0.026,1.518,2.483
2018/2/17 12:00,7075,8164,227,862,1.194,0.004,174.586,629.12,21.228,0.058,1.401,2.542
2018/2/17 13:00,6882,8050,190,978,1.194,0.004,113.563,511.424,21.134,0.091,1.04,2.497
2018/2/17 14:00,6819,8032,139,1074,1.196,0.004,60.839,344.16,21.156,0.139,0.467,2.308
2018/2/17 15:00,6923,8050,75,1052,1.198,0.004,17.307,138.758,21.307,0.207,-0.121,1.928
2018/2/17 16:00,7575,8432,24,833,1.199,0.004,0.329,3.539,21.535,0.229,-0.618,1.755
2018/2/17 17:00,7489,8532,10,1033,1.201,0.004,0,0,21.758,0.204,-0.897,1.843
2018/2/17 18:00,7076,8000,0,924,1.202,0.004,0,0,22.02,0.306,-1.093,1.876
2018/2/17 19:00,6623,7506,0,883,1.203,0.004,0,0,22.332,0.316,-1.308,1.772
2018/2/17 20:00,6333,7066,0,733,1.205,0.003,0,0,22.657,0.33,-1.606,1.632
2018/2/17 21:00,6393,7059,0,666,1.206,0.003,0,0,22.989,0.328,-1.859,1.524
2018/2/17 22:00,5980,6629,0,649,1.208,0.003,0,0,23.301,0.297,-2.074,1.484
2018/2/17 23:00,5868,6290,0,422,1.209,0.003,0,0,23.584,0.27,-2.291,1.489
2018/2/18 0:00,5808,6041,0,233,1.211,0.003,0,0,23.855,0.267,-2.519,1.521
2018/2/18 1:00,5802,5925,0,123,1.212,0.003,0,0,24.121,0.263,-2.71,1.509
2018/2/18 2:00,5682,5788,0,106,1.214,0.003,0,0,24.378,0.247,-2.933,1.407
2018/2/18 3:00,5628,5788,0,160,1.215,0.003,0,0,24.603,0.201,-3.148,1.27
2018/2/18 4:00,5747,5959,0,212,1.216,0.003,0,0,24.774,0.144,-3.337,1.216
2018/2/18 5:00,5877,6152,0,275,1.217,0.003,0.137,2.162,24.89,0.093,-3.486,1.272
2018/2/18 6:00,6224,6684,15,445,1.219,0.003,26.849,133.748,24.965,0.059,-3.358,1.461
2018/2/18 7:00,6503,7206,54,649,1.218,0.003,105.444,340.766,25.007,0.037,-2.382,1.802
2018/2/18 8:00,6876,7660,120,664,1.214,0.003,220.293,510.641,24.97,0.024,-1.211,2.042
2018/2/18 9:00,6969,7841,199,673,1.211,0.003,324.099,631.305,24.785,0.021,-0.285,2.239
2018/2/18 10:00,7046,7973,269,658,1.209,0.003,377.66,694.61,24.501,0.019,0.291,2.301
2018/2/18 11:00,6813,7770,324,633,1.207,0.003,395.486,696.234,24.181,0.018,0.647,2.307
2018/2/18 12:00,6536,7480,324,620,1.206,0.003,361.736,636.14,23.883,0.016,0.772,2.328
2018/2/18 13:00,6333,7323,281,709,1.206,0.003,274.794,518.334,23.667,0.013,0.608,2.296
2018/2/18 14:00,6326,7233,200,707,1.207,0.003,162.713,350.906,23.557,0.009,0.104,2.007
2018/2/18 15:00,6699,7298,103,496,1.209,0.003,54.886,145.326,23.534,0.007,-1.17,1.378
2018/2/18 16:00,7178,7707,32,497,1.212,0.003,1.089,4.389,23.539,0.006,-3.015,1.282
2018/2/18 17:00,7604,8098,11,483,1.215,0.003,0,0,23.546,0.004,-3.885,1.358
2018/2/18 18:00,7345,7780,0,435,1.218,0.003,0,0,23.551,0.002,-4.755,1.294
2018/2/18 19:00,7054,7420,0,366,1.221,0.003,0,0,23.555,0.002,-5.515,1.265
2018/2/18 20:00,6666,7082,0,416,1.223,0.002,0,0,23.558,0.001,-6.059,1.275
2018/2/18 21:00,6791,7230,0,439,1.225,0.002,0,0,23.561,0.001,-6.564,1.286
2018/2/18 22:00,6516,6863,0,347,1.226,0.002,0,0,23.565,0.002,-7.012,1.278
2018/2/18 23:00,6389,6631,0,242,1.228,0.002,0,0,23.569,0.002,-7.392,1.241
2018/2/19 0:00,6131,6384,0,253,1.229,0.002,0,0,23.572,0.001,-7.734,1.208
2018/2/19 1:00,6151,6363,0,212,1.23,0.002,0,0,23.576,0.002,-8.015,1.179
2018/2/19 2:00,6136,6292,0,156,1.231,0.002,0,0,23.58,0.003,-8.149,1.148
2018/2/19 3:00,6338,6451,0,113,1.232,0.002,0,0,23.586,0.005,-8.198,1.103
2018/2/19 4:00,7090,7163,0,73,1.233,0.002,0,0,23.594,0.008,-8.276,0.982
2018/2/19 5:00,8323,8365,0,42,1.233,0.002,0.623,2.952,23.605,0.011,-8.405,0.956
2018/2/19 6:00,9324,9381,22,35,1.233,0.002,58.634,140.226,23.617,0.011,-7.912,1.011
2018/2/19 7:00,9658,9785,83,44,1.229,0.002,188.985,347.552,23.626,0.011,-5.657,1.285
2018/2/19 8:00,9552,9790,181,57,1.222,0.003,320.053,517.579,23.611,0.011,-3.316,1.624
2018/2/19 9:00,9401,9756,252,103,1.215,0.003,414.209,638.297,23.526,0.009,-1.636,1.768
2018/2/19 10:00,9239,9718,315,164,1.21,0.003,465.643,701.673,23.338,0.006,-0.651,1.787
2018/2/19 11:00,8853,9451,391,207,1.206,0.003,464.649,703.338,23.055,0.004,-0.086,1.756
2018/2/19 12:00,8806,9420,403,211,1.204,0.003,408.958,643.178,22.769,0.004,0.131,1.726
2018/2/19 13:00,8754,9314,342,218,1.203,0.003,310.179,525.239,22.562,0.004,-0.026,1.687
2018/2/19 14:00,8858,9315,237,220,1.203,0.003,180.902,357.731,22.466,0.004,-0.624,1.491
2018/2/19 15:00,8996,9311,118,197,1.205,0.003,59.739,151.943,22.451,0.004,-2.178,0.953
2018/2/19 16:00,9408,9657,35,214,1.208,0.003,1.239,5.412,22.456,0.005,-3.883,0.911
2018/2/19 17:00,9709,9920,11,200,1.21,0.003,0,0,22.463,0.005,-4.341,0.962
2018/2/19 18:00,9166,9362,0,196,1.212,0.003,0,0,22.483,0.029,-4.534,0.946
2018/2/19 19:00,8528,8706,0,178,1.213,0.003,0,0,22.52,0.041,-4.676,0.9
2018/2/19 20:00,7925,8098,0,173,1.214,0.003,0,0,22.574,0.063,-4.824,0.862
2018/2/19 21:00,7633,7850,0,217,1.215,0.003,0,0,22.652,0.088,-4.928,0.868
2018/2/19 22:00,7113,7344,0,231,1.215,0.003,0,0,22.757,0.117,-5.029,0.908
2018/2/19 23:00,6807,7019,0,212,1.215,0.003,0,0,22.897,0.156,-5.068,0.968
2018/2/20 0:00,6621,6756,0,135,1.215,0.003,0,0,23.074,0.189,-5.057,1.01
2018/2/20 1:00,6555,6669,0,114,1.214,0.003,0,0,23.279,0.216,-5.055,1.002
2018/2/20 2:00,6412,6547,0,135,1.214,0.003,0,0,23.506,0.234,-5.056,1.004
2018/2/20 3:00,6485,6655,0,170,1.214,0.003,0,0,23.746,0.242,-5.073,1.023
2018/2/20 4:00,7152,7326,0,174,1.214,0.003,0,0,23.99,0.244,-5.122,1.059
2018/2/20 5:00,8286,8470,0,184,1.214,0.003,0.326,3.901,24.233,0.24,-5.193,1.108
2018/2/20 6:00,9256,9465,16,193,1.215,0.003,27.453,146.782,24.455,0.207,-4.952,1.309
2018/2/20 7:00,9625,9924,59,240,1.213,0.003,91.261,354.356,24.654,0.196,-3.972,1.531
2018/2/20 8:00,9685,10046,123,238,1.21,0.003,165.865,524.513,24.828,0.187,-2.91,1.72
2018/2/20 9:00,9715,10126,177,234,1.207,0.003,226.163,645.346,24.976,0.185,-2.125,1.85
2018/2/20 10:00,9666,10120,219,235,1.205,0.003,261.406,708.794,25.1,0.186,-1.569,1.937
2018/2/20 11:00,9402,9919,243,274,1.202,0.003,264.94,710.406,25.204,0.194,-1.224,2.007
2018/2/20 12:00,9348,9858,238,272,1.201,0.003,233.199,650.181,25.298,0.207,-1.129,2.062
2018/2/20 13:00,9321,9811,210,280,1.2,0.003,171.886,532.252,25.432,0.223,-1.262,2.045
2018/2/20 14:00,9252,9746,150,344,1.201,0.003,99.145,364.541,25.626,0.242,-1.642,1.835
2018/2/20 15:00,9215,9674,79,380,1.202,0.003,32.656,158.623,25.872,0.27,-2.344,1.399
2018/2/20 16:00,9455,9896,26,415,1.204,0.003,1.014,6.622,26.152,0.287,-3.237,1.317
2018/2/20 17:00,9556,10025,10,459,1.206,0.003,0,0,26.437,0.281,-3.663,1.482
2018/2/20 18:00,8946,9462,0,516,1.208,0.003,0,0,26.705,0.254,-3.878,1.57
2018/2/20 19:00,8299,8861,0,562,1.21,0.003,0,0,26.937,0.212,-4.085,1.584
2018/2/20 20:00,7624,8198,0,574,1.211,0.003,0,0,27.124,0.166,-4.339,1.542
2018/2/20 21:00,7426,7976,0,550,1.212,0.003,0,0,27.267,0.124,-4.654,1.475
2018/2/20 22:00,6902,7415,0,513,1.213,0.003,0,0,27.372,0.089,-5.019,1.44
2018/2/20 23:00,6594,7071,0,477,1.214,0.003,0,0,27.449,0.066,-5.457,1.437
2018/2/21 0:00,6359,6834,0,475,1.215,0.002,0,0,27.514,0.06,-5.853,1.518
2018/2/21 1:00,6263,6775,0,512,1.216,0.002,0,0,27.578,0.062,-6.197,1.598
2018/2/21 2:00,6117,6657,0,540,1.218,0.002,0,0,27.645,0.066,-6.474,1.716
2018/2/21 3:00,6164,6780,0,616,1.219,0.002,0,0,27.72,0.078,-6.596,1.792
2018/2/21 4:00,6782,7450,0,668,1.22,0.002,0,0,27.808,0.089,-6.666,1.867
2018/2/21 5:00,7836,8545,0,709,1.221,0.002,0.757,5.017,27.902,0.092,-6.625,1.937
2018/2/21 6:00,8691,9550,17,842,1.221,0.002,45.481,153.401,27.992,0.087,-6.204,2.108
2018/2/21 7:00,8961,9979,61,957,1.22,0.002,141.639,361.213,28.065,0.078,-4.977,2.418
2018/2/21 8:00,8999,10126,131,996,1.217,0.003,253.06,531.483,28.105,0.063,-3.681,2.526
2018/2/21 9:00,8979,10164,204,981,1.213,0.003,351.949,652.445,28.084,0.049,-2.674,2.608
2018/2/21 10:00,8886,10114,263,965,1.21,0.003,405.158,715.891,27.974,0.041,-1.927,2.649
2018/2/21 11:00,8675,9894,284,935,1.207,0.003,408.654,717.584,27.79,0.037,-1.404,2.684
2018/2/21 12:00,8626,9867,271,970,1.205,0.003,357.034,657.262,27.598,0.037,-1.137,2.73
2018/2/21 13:00,8569,9761,230,962,1.204,0.003,275.152,539.24,27.461,0.043,-1.159,2.78
2018/2/21 14:00,8473,9740,157,1110,1.205,0.003,167.33,371.403,27.414,0.052,-1.551,2.696
2018/2/21 15:00,8387,9714,81,1246,1.207,0.003,59.367,165.317,27.443,0.062,-2.448,2.272
2018/2/21 16:00,8596,9950,27,1327,1.21,0.003,1.864,8.024,27.507,0.075,-3.726,2.12
2018/2/21 17:00,8822,10128,10,1296,1.212,0.003,0,0,27.586,0.084,-4.34,2.287
2018/2/21 18:00,8178,9555,0,1377,1.215,0.003,0,0,27.668,0.085,-4.696,2.356
2018/2/21 19:00,7573,8909,0,1336,1.217,0.003,0,0,27.752,0.086,-5.004,2.361
2018/2/21 20:00,6978,8261,0,1283,1.218,0.003,0,0,27.845,0.104,-5.269,2.336
2018/2/21 21:00,7018,8148,0,1130,1.219,0.002,0,0,27.956,0.118,-5.445,2.349
2018/2/21 22:00,6619,7625,0,1006,1.219,0.002,0,0,28.077,0.126,-5.582,2.338
2018/2/21 23:00,6394,7293,0,899,1.22,0.002,0,0,28.201,0.126,-5.717,2.346
2018/2/22 0:00,6222,7035,0,813,1.22,0.002,0,0,28.327,0.128,-5.841,2.35
2018/2/22 1:00,6130,6936,0,806,1.22,0.002,0,0,28.46,0.137,-5.998,2.337
2018/2/22 2:00,5917,6764,0,847,1.221,0.002,0,0,28.601,0.147,-6.126,2.321
2018/2/22 3:00,6057,6936,0,879,1.222,0.002,0,0,28.754,0.16,-6.229,2.27
2018/2/22 4:00,6721,7550,0,829,1.222,0.002,0,0,28.913,0.16,-6.35,2.234
2018/2/22 5:00,7774,8542,0,768,1.223,0.002,0.973,6.306,29.064,0.146,-6.499,2.255
2018/2/22 6:00,8736,9560,16,808,1.223,0.002,41.312,160.075,29.173,0.084,-6.284,2.368
2018/2/22 7:00,9236,10051,58,757,1.222,0.002,123.806,368.079,29.247,0.087,-5.409,2.71
2018/2/22 8:00,9363,10177,118,696,1.218,0.002,205.51,538.491,29.306,0.091,-4.447,2.822
2018/2/22 9:00,9491,10330,169,670,1.215,0.003,268.332,659.515,29.332,0.094,-3.595,2.736
2018/2/22 10:00,9536,10330,215,579,1.213,0.003,291.181,723.041,29.318,0.102,-2.931,2.674
2018/2/22 11:00,9399,10143,224,520,1.21,0.003,267.289,724.678,29.299,0.112,-2.511,2.621
2018/2/22 12:00,9283,10035,210,542,1.208,0.003,217.17,664.393,29.306,0.115,-2.33,2.548
2018/2/22 13:00,9224,9971,179,568,1.208,0.003,153.745,546.244,29.353,0.115,-2.379,2.402
2018/2/22 14:00,9137,9872,126,609,1.208,0.003,92.77,378.311,29.434,0.116,-2.669,2.119
2018/2/22 15:00,9070,9732,68,594,1.209,0.003,35.558,172.067,29.528,0.101,-3.26,1.827
2018/2/22 16:00,9301,9924,24,599,1.212,0.003,1.72,9.622,29.615,0.081,-4.154,1.766
2018/2/22 17:00,9398,10124,10,716,1.214,0.003,0,0,29.689,0.068,-4.875,1.849
2018/2/22 18:00,8906,9576,0,670,1.216,0.003,0,0,29.751,0.054,-5.404,1.833
2018/2/22 19:00,8341,8953,0,612,1.219,0.002,0,0,29.798,0.038,-5.93,1.761
2018/2/22 20:00,7865,8340,0,475,1.22,0.002,0,0,29.837,0.035,-6.409,1.695
2018/2/22 21:00,7712,8095,0,383,1.222,0.002,0,0,29.873,0.034,-6.722,1.632
2018/2/22 22:00,7337,7630,0,293,1.222,0.002,0,0,29.907,0.03,-6.909,1.598
2018/2/22 23:00,7025,7277,0,252,1.223,0.002,0,0,29.936,0.025,-7.025,1.553
2018/2/23 0:00,6724,7002,0,278,1.223,0.002,0,0,29.962,0.024,-7.115,1.521
2018/2/23 1:00,6561,6860,0,299,1.223,0.002,0,0,29.99,0.029,-7.232,1.549
2018/2/23 2:00,6447,6775,0,328,1.224,0.002,0,0,30.025,0.037,-7.359,1.589
2018/2/23 3:00,6545,6894,0,349,1.224,0.002,0,0,30.071,0.05,-7.514,1.595
2018/2/23 4:00,7169,7515,0,346,1.225,0.002,0,0,30.134,0.069,-7.737,1.583
2018/2/23 5:00,8222,8556,0,334,1.226,0.002,1.23,7.774,30.217,0.091,-7.923,1.594
2018/2/23 6:00,9225,9591,20,346,1.227,0.002,45.152,166.798,30.319,0.109,-7.489,1.712
2018/2/23 7:00,9688,10068,63,317,1.224,0.002,134.829,375.001,30.431,0.126,-5.984,2.058
2018/2/23 8:00,9849,10218,126,243,1.22,0.002,228.286,545.503,30.541,0.14,-4.537,2.144
2018/2/23 9:00,9830,10239,183,226,1.216,0.003,290.983,666.658,30.627,0.133,-3.39,2.139
2018/2/23 10:00,9605,10127,228,294,1.213,0.003,316.658,730.214,30.661,0.102,-2.595,2.161
2018/2/23 11:00,9271,9877,258,348,1.211,0.003,327.655,731.835,30.637,0.061,-2.007,2.269
2018/2/23 12:00,9040,9659,256,363,1.208,0.003,310.944,671.456,30.567,0.032,-1.598,2.355
2018/2/23 13:00,9005,9585,221,359,1.207,0.003,252.917,553.28,30.48,0.021,-1.453,2.356
2018/2/23 14:00,8917,9457,163,377,1.206,0.003,159.992,385.23,30.424,0.018,-1.694,2.28
2018/2/23 15:00,8677,9305,93,535,1.207,0.003,58.624,178.857,30.416,0.018,-2.438,1.897
2018/2/23 16:00,8731,9618,34,853,1.21,0.003,2.792,11.418,30.432,0.021,-3.716,1.808
2018/2/23 17:00,8967,9883,11,905,1.213,0.003,0,0,30.458,0.026,-4.575,2.016
2018/2/23 18:00,8485,9328,0,843,1.217,0.003,0,0,30.487,0.025,-5.196,2.081
2018/2/23 19:00,7733,8724,0,991,1.219,0.002,0,0,30.513,0.021,-5.739,2.055
2018/2/23 20:00,7035,8119,0,1084,1.222,0.002,0,0,30.536,0.017,-6.329,1.986
2018/2/23 21:00,6953,7997,0,1044,1.224,0.002,0,0,30.554,0.012,-6.93,1.96
2018/2/23 22:00,6383,7587,0,1204,1.225,0.002,0,0,30.569,0.009,-7.459,1.994
2018/2/23 23:00,5986,7236,0,1250,1.227,0.002,0,0,30.582,0.007,-7.959,2.014
2018/2/24 0:00,5672,6927,0,1255,1.23,0.002,0,0,30.594,0.008,-8.504,1.972
2018/2/24 1:00,5576,6793,0,1217,1.232,0.002,0,0,30.608,0.009,-8.98,1.996
2018/2/24 2:00,5380,6621,0,1241,1.234,0.002,0,0,30.621,0.008,-9.368,2.044
2018/2/24 3:00,5487,6636,0,1149,1.236,0.002,0,0,30.632,0.006,-9.777,2.015
2018/2/24 4:00,5695,6912,0,1217,1.238,0.002,0,0,30.641,0.005,-10.171,1.993
2018/2/24 5:00,5824,7135,0,1311,1.24,0.002,2.653,9.426,30.65,0.004,-10.468,2.014
2018/2/24 6:00,6438,7736,27,1271,1.24,0.002,83.433,173.563,30.657,0.003,-9.78,2.228
2018/2/24 7:00,6953,8305,90,1262,1.237,0.002,241.853,381.944,30.648,0.001,-7.611,2.655
2018/2/24 8:00,7270,8710,189,1251,1.232,0.002,400.273,552.527,30.606,0.001,-5.756,2.943
2018/2/24 9:00,7255,8785,302,1228,1.226,0.002,513.883,673.733,30.523,0.001,-4.376,3.071
2018/2/24 10:00,7197,8842,398,1247,1.221,0.002,570.687,737.351,30.398,0.001,-3.278,3.151
2018/2/24 11:00,6717,8625,446,1462,1.217,0.003,556.033,739.019,30.23,0.007,-2.574,3.211
2018/2/24 12:00,6545,8419,431,1443,1.215,0.003,472.901,678.595,30.068,0.01,-2.351,3.302
2018/2/24 13:00,6319,8245,336,1590,1.215,0.003,359.048,560.308,29.953,0.012,-2.604,3.374
2018/2/24 14:00,6410,8294,204,1680,1.217,0.002,222.678,392.185,29.886,0.009,-3.324,3.279
2018/2/24 15:00,6344,8324,96,1884,1.221,0.002,78.592,185.667,29.856,0.012,-4.485,2.953
2018/2/24 16:00,6691,8736,31,2014,1.225,0.002,3.604,13.413,29.852,0.009,-6.065,2.625
2018/2/24 17:00,6686,8805,10,2109,1.23,0.002,0,0,29.854,0.008,-7.243,2.557
2018/2/24 18:00,6395,8473,0,2078,1.234,0.002,0,0,29.856,0.004,-8.006,2.582
2018/2/24 19:00,6004,8121,0,2117,1.238,0.002,0,0,29.858,0.004,-8.617,2.623
2018/2/24 20:00,5474,7735,0,2261,1.241,0.002,0,0,29.86,0.004,-9.204,2.654
2018/2/24 21:00,5662,7752,0,2090,1.244,0.002,0,0,29.864,0.004,-9.805,2.635
2018/2/24 22:00,5488,7344,0,1856,1.247,0.002,0,0,29.867,0.004,-10.478,2.542
2018/2/24 23:00,5363,6925,0,1562,1.25,0.001,0,0,29.868,0.003,-11.198,2.339
2018/2/25 0:00,5232,6698,0,1466,1.252,0.001,0,0,29.869,0.002,-11.96,2.163
2018/2/25 1:00,5131,6586,0,1455,1.255,0.001,0,0,29.87,0.002,-12.777,2.076
2018/2/25 2:00,4888,6380,0,1492,1.257,0.001,0,0,29.872,0.002,-13.438,2.079
2018/2/25 3:00,4902,6345,0,1443,1.259,0.001,0,0,29.873,0.001,-14.015,2.037
2018/2/25 4:00,5115,6488,0,1373,1.261,0.001,0,0,29.876,0.001,-14.748,1.978
2018/2/25 5:00,5476,6668,0,1192,1.264,0.001,3.875,11.27,29.879,0.001,-15.447,1.944
2018/2/25 6:00,6092,7154,26,1036,1.265,0.001,94.037,180.38,29.882,0.002,-14.688,2.147
2018/2/25 7:00,6446,7518,86,986,1.263,0.001,250.808,388.866,29.874,0.001,-12.241,2.704
2018/2/25 8:00,6911,7925,171,843,1.259,0.001,403.959,559.618,29.838,0.001,-10.686,2.856
2018/2/25 9:00,7150,8121,261,710,1.255,0.001,520.056,680.879,29.775,0.001,-9.518,2.867
2018/2/25 10:00,7159,8191,312,720,1.251,0.001,577.446,744.517,29.692,0.001,-8.624,2.892
2018/2/25 11:00,6785,7938,334,819,1.247,0.002,579.306,746.209,29.599,0.001,-8.001,2.928
2018/2/25 12:00,6434,7704,296,974,1.245,0.002,514.099,685.786,29.506,0.001,-7.714,2.97
2018/2/25 13:00,6239,7540,234,1067,1.243,0.002,406.409,567.374,29.426,0.001,-7.8,2.984
2018/2/25 14:00,6222,7540,162,1156,1.243,0.001,255.704,399.152,29.368,0.002,-8.309,2.914
2018/2/25 15:00,6292,7633,86,1255,1.245,0.001,95.353,192.518,29.337,0.002,-9.333,2.64
2018/2/25 16:00,6673,8046,28,1345,1.249,0.001,5.157,15.612,29.328,0.002,-11.089,2.271
2018/2/25 17:00,7034,8617,10,1573,1.253,0.001,0,0,29.327,0.002,-12.433,2.177
2018/2/25 18:00,6752,8390,0,1638,1.257,0.001,0,0,29.328,0.002,-13.398,2.073
2018/2/25 19:00,6429,8069,0,1640,1.26,0.001,0,0,29.33,0.002,-14.214,1.977
2018/2/25 20:00,6218,7700,0,1482,1.262,0.001,0,0,29.333,0.002,-14.875,1.947
2018/2/25 21:00,6646,7852,0,1206,1.264,0.001,0,0,29.336,0.002,-15.499,1.939
2018/2/25 22:00,6456,7537,0,1081,1.265,0.001,0,0,29.34,0.002,-16.055,1.929
2018/2/25 23:00,6341,7367,0,1026,1.267,0.001,0,0,29.344,0.002,-16.455,1.922
2018/2/26 0:00,6239,7130,0,891,1.268,0.001,0,0,29.349,0.003,-16.721,1.939
2018/2/26 1:00,6202,7016,0,814,1.269,0.001,0,0,29.354,0.003,-16.896,1.966
2018/2/26 2:00,6181,6942,0,761,1.27,0.001,0,0,29.359,0.004,-17.096,1.954
2018/2/26 3:00,6467,7150,0,683,1.271,0.001,0,0,29.364,0.004,-17.31,1.922
2018/2/26 4:00,7069,7772,0,703,1.272,0.001,0,0,29.37,0.004,-17.493,1.93
2018/2/26 5:00,8136,8914,0,778,1.272,0.001,4.048,13.307,29.376,0.005,-17.598,1.989
2018/2/26 6:00,9200,9967,22,745,1.272,0.001,81.545,187.233,29.381,0.006,-16.584,2.208
2018/2/26 7:00,9723,10424,77,624,1.269,0.001,191.708,395.877,29.379,0.008,-14.412,2.64
2018/2/26 8:00,9664,10458,151,643,1.265,0.001,284.24,566.68,29.361,0.01,-13.095,2.801
2018/2/26 9:00,9557,10477,215,705,1.261,0.001,333.479,688.072,29.33,0.012,-12.07,2.877
2018/2/26 10:00,9492,10556,253,811,1.256,0.001,353.271,751.705,29.293,0.015,-11.24,2.946
2018/2/26 11:00,9165,10402,268,969,1.253,0.001,320.867,753.324,29.257,0.019,-10.675,2.99
2018/2/26 12:00,8987,10383,244,1152,1.25,0.001,258.37,692.904,29.225,0.02,-10.381,3.042
2018/2/26 13:00,8736,10317,189,1392,1.247,0.001,185.628,574.458,29.201,0.023,-10.291,3.066
2018/2/26 14:00,8551,10259,129,1579,1.246,0.001,110.643,406.135,29.191,0.027,-10.378,3
2018/2/26 15:00,8347,10176,70,1759,1.246,0.001,40.808,199.385,29.197,0.031,-10.718,2.792
2018/2/26 16:00,8532,10455,24,1899,1.247,0.001,2.467,18.014,29.218,0.034,-11.265,2.639
2018/2/26 17:00,8736,10744,10,1998,1.249,0.001,0,0,29.244,0.034,-11.633,2.71
2018/2/26 18:00,8202,10220,0,2018,1.25,0.001,0,0,29.273,0.038,-11.928,2.716
2018/2/26 19:00,7556,9550,0,1994,1.252,0.001,0,0,29.305,0.038,-12.2,2.685
2018/2/26 20:00,6952,8885,0,1933,1.253,0.001,0,0,29.337,0.04,-12.467,2.684
2018/2/26 21:00,7114,8822,0,1708,1.254,0.001,0,0,29.371,0.04,-12.699,2.639
2018/2/26 22:00,6728,8252,0,1524,1.254,0.001,0,0,29.404,0.04,-12.874,2.569
2018/2/26 23:00,6448,7916,0,1468,1.254,0.001,0,0,29.438,0.04,-13.051,2.488
2018/2/27 0:00,6325,7657,0,1332,1.255,0.001,0,0,29.471,0.038,-13.228,2.437
2018/2/27 1:00,6152,7525,0,1373,1.255,0.001,0,0,29.502,0.036,-13.412,2.421
2018/2/27 2:00,5982,7401,0,1419,1.255,0.001,0,0,29.531,0.033,-13.583,2.456
2018/2/27 3:00,6013,7537,0,1524,1.255,0.001,0,0,29.558,0.033,-13.771,2.524
2018/2/27 4:00,6532,8118,0,1586,1.256,0.001,0,0,29.584,0.031,-13.978,2.578
2018/2/27 5:00,7518,9258,1,1739,1.257,0.001,1.692,15.54,29.608,0.029,-14.176,2.614
2018/2/27 6:00,8444,10281,18,1819,1.258,0.001,37.393,194.109,29.628,0.026,-14.081,2.714
2018/2/27 7:00,8893,10717,57,1767,1.258,0.001,106.493,402.865,29.637,0.024,-13.586,2.907
2018/2/27 8:00,8965,10724,116,1643,1.257,0.001,185.442,573.774,29.634,0.023,-12.98,2.957
2018/2/27 9:00,9065,10788,173,1550,1.254,0.001,256.005,695.166,29.618,0.022,-12.301,2.943
2018/2/27 10:00,8880,10697,214,1603,1.252,0.001,306.527,758.912,29.591,0.024,-11.654,2.956
2018/2/27 11:00,8612,10477,226,1639,1.249,0.001,302.658,760.507,29.561,0.027,-11.196,2.983
2018/2/27 12:00,8609,10473,212,1652,1.247,0.001,256.341,700.054,29.536,0.031,-10.977,2.988
2018/2/27 13:00,8518,10384,175,1691,1.246,0.001,187.518,581.536,29.52,0.034,-10.982,2.948
2018/2/27 14:00,8555,10371,123,1693,1.246,0.001,112.864,413.134,29.518,0.035,-11.195,2.815
2018/2/27 15:00,8512,10322,68,1742,1.247,0.001,45.864,206.271,29.529,0.032,-11.614,2.591
2018/2/27 16:00,8734,10522,25,1763,1.249,0.001,3.65,20.619,29.548,0.027,-12.268,2.374
2018/2/27 17:00,9109,10783,10,1664,1.251,0.001,0,0,29.567,0.024,-12.838,2.272
2018/2/27 18:00,8692,10250,0,1558,1.252,0.001,0,0,29.586,0.023,-13.204,2.206
2018/2/27 19:00,8188,9602,0,1414,1.254,0.001,0,0,29.604,0.02,-13.528,2.095
2018/2/27 20:00,7639,8940,0,1301,1.255,0.001,0,0,29.62,0.016,-13.841,1.983
2018/2/27 21:00,7618,8754,0,1136,1.256,0.001,0,0,29.633,0.014,-14.187,1.884
2018/2/27 22:00,7200,8296,0,1096,1.257,0.001,0,0,29.646,0.013,-14.508,1.826
2018/2/27 23:00,6949,8057,0,1108,1.258,0.001,0,0,29.657,0.012,-14.849,1.762
2018/2/28 0:00,6743,7792,0,1049,1.259,0.001,0,0,29.668,0.01,-15.182,1.746
2018/2/28 1:00,6611,7622,0,1011,1.26,0.001,0,0,29.677,0.008,-15.549,1.765
2018/2/28 2:00,6432,7433,0,1001,1.262,0.001,0,0,29.684,0.007,-15.914,1.813
2018/2/28 3:00,6578,7573,0,995,1.263,0.001,0,0,29.69,0.006,-16.295,1.837
2018/2/28 4:00,7254,8256,0,1002,1.265,0.001,0,0,29.696,0.005,-16.658,1.837
2018/2/28 5:00,8245,9317,0,1072,1.266,0.001,4.456,17.975,29.701,0.005,-16.965,1.85
2018/2/28 6:00,9188,10291,51,1052,1.268,0.001,85.708,201.013,29.704,0.004,-16.327,1.989
2018/2/28 7:00,9610,10645,129,906,1.266,0.001,220.858,409.852,29.699,0.004,-14.354,2.22
2018/2/28 8:00,9569,10574,210,795,1.262,0.001,342.079,580.851,29.672,0.005,-12.518,2.201
2018/2/28 9:00,9684,10674,300,690,1.257,0.001,430.177,702.325,29.626,0.004,-11.077,2.033
2018/2/28 10:00,9543,10549,411,595,1.252,0.001,480.477,766.095,29.563,0.004,-9.93,1.89
2018/2/28 11:00,9270,10267,458,539,1.248,0.001,474.59,767.717,29.492,0.005,-9.077,1.83
2018/2/28 12:00,9363,10250,443,444,1.245,0.001,428.932,707.201,29.422,0.006,-8.479,1.833
2018/2/28 13:00,9229,10046,396,421,1.242,0.002,335.581,588.649,29.361,0.007,-8.2,1.802
2018/2/28 14:00,9368,10034,278,388,1.241,0.002,215.217,420.149,29.317,0.007,-8.306,1.793
2018/2/28 15:00,9364,9937,138,435,1.242,0.002,92.353,213.195,29.297,0.005,-8.971,1.563
2018/2/28 16:00,9726,10260,44,490,1.244,0.001,7.938,23.431,29.297,0.003,-10.763,1.425
2018/2/28 17:00,10173,10690,12,505,1.247,0.001,0,0,29.3,0.002,-12.416,1.544
2018/2/28 18:00,9748,10223,0,475,1.25,0.001,0,0,29.303,0.001,-13.451,1.603
2018/2/28 19:00,9274,9612,0,338,1.252,0.001,0,0,29.307,0.001,-14.115,1.521
2018/2/28 20:00,8763,9007,0,244,1.254,0.001,0,0,29.309,0.001,-14.299,1.441
2018/2/28 21:00,8696,8887,0,191,1.256,0.001,0,0,29.312,0.002,-14.371,1.349
2018/2/28 22:00,8184,8366,0,182,1.257,0.001,0,0,29.314,0.002,-14.457,1.315
2018/2/28 23:00,7804,8041,0,237,1.258,0.001,0,0,29.316,0.002,-14.57,1.283
2018/3/1 0:00,7452,7748,0,296,1.259,0.001,0,0,29.318,0.002,-14.684,1.179
2018/3/1 1:00,7190,7601,0,411,1.259,0.001,0,0,29.32,0.003,-14.849,1.111
2018/3/1 2:00,6680,7417,0,737,1.259,0.001,0,0,29.324,0.004,-15.074,1.251
2018/3/1 3:00,6481,7504,0,1023,1.259,0.001,0,0,29.328,0.006,-15.366,1.46
2018/3/1 4:00,6831,8220,0,1389,1.259,0.001,0,0,29.334,0.007,-15.593,1.654
2018/3/1 5:00,7672,9241,1,1568,1.259,0.001,6.268,20.614,29.341,0.008,-15.65,1.768
2018/3/1 6:00,8383,10146,61,1702,1.258,0.001,91.163,207.948,29.347,0.008,-14.53,2.077
2018/3/1 7:00,8729,10438,151,1558,1.252,0.001,230.058,416.864,29.343,0.008,-12.147,2.739
2018/3/1 8:00,8746,10514,239,1529,1.242,0.002,353.97,587.897,29.318,0.008,-10.011,3.231
2018/3/1 9:00,8572,10616,334,1710,1.234,0.002,429.343,709.464,29.273,0.009,-8.308,3.468
2018/3/1 10:00,8148,10558,453,1957,1.228,0.002,444.074,773.227,29.215,0.009,-7.088,3.463
2018/3/1 11:00,7891,10436,482,2063,1.223,0.002,405.031,774.894,29.151,0.01,-6.256,3.374
2018/3/1 12:00,8127,10391,444,1820,1.22,0.002,331.568,714.332,29.074,0.012,-5.794,3.231
2018/3/1 13:00,8203,10339,383,1753,1.217,0.002,257.75,595.727,29,0.015,-5.614,3.05
2018/3/1 14:00,8440,10309,265,1604,1.216,0.002,180.175,427.145,28.946,0.013,-5.768,2.897
2018/3/1 15:00,8639,10221,133,1449,1.217,0.002,85.087,220.145,28.924,0.011,-6.331,2.627
2018/3/1 16:00,9028,10339,41,1270,1.219,0.002,8.153,26.45,28.928,0.01,-7.567,2.217
2018/3/1 17:00,9349,10615,12,1254,1.222,0.002,0,0,28.94,0.011,-8.733,2.108
2018/3/1 18:00,8961,10154,0,1193,1.224,0.002,0,0,28.956,0.015,-9.4,2.082
2018/3/1 19:00,8461,9552,0,1091,1.225,0.002,0,0,28.974,0.016,-9.822,2.067
2018/3/1 20:00,7856,8933,0,1077,1.226,0.002,0,0,28.992,0.016,-10.139,2.069
2018/3/1 21:00,7658,8751,0,1093,1.227,0.002,0,0,29.009,0.013,-10.34,2.01
2018/3/1 22:00,7179,8294,0,1115,1.227,0.002,0,0,29.024,0.012,-10.43,1.956
2018/3/1 23:00,6833,8041,0,1208,1.227,0.002,0,0,29.036,0.01,-10.525,1.896
2018/3/2 0:00,6597,7757,0,1160,1.226,0.002,0,0,29.048,0.009,-10.594,1.793
2018/3/2 1:00,6509,7613,0,1104,1.225,0.002,0,0,29.059,0.009,-10.642,1.722
2018/3/2 2:00,6237,7445,0,1208,1.223,0.002,0,0,29.07,0.01,-10.638,1.717
2018/3/2 3:00,6301,7594,0,1293,1.222,0.002,0,0,29.084,0.013,-10.624,1.773
2018/3/2 4:00,6947,8206,0,1259,1.221,0.002,0,0,29.102,0.017,-10.579,1.837
2018/3/2 5:00,7943,9121,0,1178,1.221,0.002,5.031,23.458,29.122,0.019,-10.495,1.885
2018/3/2 6:00,9163,10129,30,936,1.219,0.002,79.714,214.875,29.144,0.023,-9.633,2.181
2018/3/2 7:00,9676,10609,111,822,1.214,0.002,189.261,423.894,29.157,0.027,-7.851,2.483
2018/3/2 8:00,9725,10644,230,689,1.206,0.002,289.814,595.009,29.148,0.029,-5.973,2.628
2018/3/2 9:00,9725,10738,338,675,1.2,0.003,362.095,716.644,29.058,0.028,-4.49,2.666
2018/3/2 10:00,9706,10720,415,599,1.194,0.003,406.069,780.388,28.877,0.028,-3.373,2.63
2018/3/2 11:00,9445,10426,449,532,1.19,0.003,408.117,782.092,28.611,0.031,-2.603,2.623
2018/3/2 12:00,9314,10186,433,439,1.187,0.003,364.667,721.474,28.347,0.036,-2.183,2.584
2018/3/2 13:00,9272,10015,365,378,1.186,0.003,282.055,602.84,28.152,0.051,-2.167,2.496
2018/3/2 14:00,9424,9962,254,284,1.187,0.003,171.85,434.207,28.062,0.058,-2.593,2.347
2018/3/2 15:00,9561,9957,135,261,1.189,0.003,64.984,227.084,28.071,0.06,-3.364,1.987
2018/3/2 16:00,9925,10200,44,231,1.193,0.003,4.891,29.677,28.127,0.067,-4.476,1.352
2018/3/2 17:00,10187,10357,12,158,1.197,0.003,0,0,28.2,0.077,-5.374,1.068
2018/3/2 18:00,9691,9797,0,106,1.199,0.003,0,0,28.296,0.107,-5.948,0.884
2018/3/2 19:00,8923,9159,0,236,1.201,0.002,0,0,28.398,0.094,-6.421,0.797
2018/3/2 20:00,8120,8470,0,350,1.202,0.002,0,0,28.478,0.066,-6.693,0.848
2018/3/2 21:00,7919,8294,0,375,1.203,0.002,0,0,28.528,0.034,-6.871,0.909
2018/3/2 22:00,7382,7822,0,440,1.203,0.002,0,0,28.556,0.021,-7.079,0.938
2018/3/2 23:00,7017,7514,0,497,1.204,0.002,0,0,28.581,0.025,-7.321,1.001
2018/3/3 0:00,6807,7270,0,463,1.205,0.002,0,0,28.618,0.043,-7.501,1.089
2018/3/3 1:00,6620,7080,0,460,1.206,0.002,0,0,28.675,0.062,-7.69,1.173
2018/3/3 2:00,6400,6844,0,444,1.206,0.002,0,0,28.747,0.074,-7.847,1.227
2018/3/3 3:00,6425,6836,0,411,1.206,0.002,0,0,28.817,0.062,-7.988,1.204
2018/3/3 4:00,6722,7101,0,379,1.206,0.002,0,0,28.873,0.049,-8.195,1.146
2018/3/3 5:00,7142,7463,0,321,1.206,0.002,6.16,26.514,28.912,0.027,-8.264,1.148
2018/3/3 6:00,7879,8132,29,224,1.206,0.002,78.473,221.839,28.929,0.008,-7.365,1.26
2018/3/3 7:00,8322,8572,96,154,1.203,0.002,227.503,430.922,28.921,0.004,-5.27,1.534
2018/3/3 8:00,8647,8909,189,73,1.197,0.003,380.634,602.084,28.833,0.005,-3.36,1.554
2018/3/3 9:00,8778,9098,264,56,1.191,0.003,460.929,723.731,28.641,0.008,-1.931,1.487
2018/3/3 10:00,8667,9041,313,61,1.186,0.003,490.744,787.562,28.343,0.008,-0.884,1.417
2018/3/3 11:00,8401,8808,341,66,1.182,0.003,458.263,789.185,27.992,0.008,-0.152,1.362
2018/3/3 12:00,8138,8536,335,63,1.179,0.003,398.554,728.588,27.671,0.01,0.242,1.396
2018/3/3 13:00,8035,8391,287,69,1.178,0.003,319.849,609.913,27.432,0.013,0.29,1.51
2018/3/3 14:00,8109,8407,205,93,1.178,0.003,213.344,441.226,27.299,0.011,-0.151,1.638
2018/3/3 15:00,8195,8411,114,102,1.181,0.003,93.397,234.054,27.255,0.01,-1.208,1.521
2018/3/3 16:00,8351,8524,40,133,1.185,0.003,8.34,33.114,27.26,0.015,-3.082,1.234
2018/3/3 17:00,8660,8852,12,180,1.19,0.003,0,0,27.278,0.021,-4.224,1.279
2018/3/3 18:00,8202,8408,0,206,1.194,0.003,0,0,27.304,0.025,-4.813,1.211
2018/3/3 19:00,7741,7965,0,224,1.197,0.003,0,0,27.327,0.018,-5.351,1.184
2018/3/3 20:00,7242,7497,0,255,1.2,0.002,0,0,27.345,0.016,-5.843,1.283
2018/3/3 21:00,7192,7495,0,303,1.202,0.002,0,0,27.36,0.015,-6.381,1.302
2018/3/3 22:00,6863,7233,0,370,1.204,0.002,0,0,27.377,0.017,-6.967,1.33
2018/3/3 23:00,6576,6964,0,388,1.206,0.002,0,0,27.395,0.019,-7.476,1.371
2018/3/4 0:00,6358,6696,0,338,1.208,0.002,0,0,27.416,0.023,-7.825,1.386
2018/3/4 1:00,6148,6496,0,348,1.209,0.002,0,0,27.445,0.034,-8.008,1.349
2018/3/4 2:00,6005,6300,0,295,1.21,0.002,0,0,27.485,0.043,-8.011,1.25
2018/3/4 3:00,5984,6267,0,283,1.21,0.002,0,0,27.522,0.033,-7.872,1.139
2018/3/4 4:00,6201,6431,0,230,1.21,0.002,0,0,27.546,0.015,-7.672,1.102
2018/3/4 5:00,6409,6577,0,168,1.21,0.002,7.256,29.774,27.561,0.011,-7.409,1.063
2018/3/4 6:00,7028,7131,30,73,1.209,0.002,77.083,228.809,27.573,0.01,-6.436,0.955
2018/3/4 7:00,7394,7520,96,30,1.205,0.003,188.141,437.969,27.562,0.007,-4.355,0.866
2018/3/4 8:00,7680,7882,192,10,1.199,0.003,323.893,609.183,27.48,0.005,-2.336,0.693
2018/3/4 9:00,7771,8068,286,11,1.192,0.003,440.546,730.868,27.301,0.004,-0.495,1.082
2018/3/4 10:00,7641,8038,362,35,1.185,0.003,531.641,794.72,26.973,0.004,0.955,1.428
2018/3/4 11:00,7327,7878,412,139,1.18,0.004,556.124,796.367,26.485,0.003,1.906,1.649
2018/3/4 12:00,6758,7519,414,347,1.176,0.004,518.047,735.727,25.902,0.002,2.505,1.792
2018/3/4 13:00,6404,7334,362,568,1.173,0.004,426.022,616.977,25.358,0.002,2.711,1.918
2018/3/4 14:00,6198,7148,262,688,1.172,0.004,286.076,448.25,25.027,0.002,2.35,2.014
2018/3/4 15:00,6185,7147,144,818,1.174,0.004,133.017,241.027,24.912,0.002,1.092,1.819
2018/3/4 16:00,6522,7667,50,1095,1.178,0.004,14.534,36.757,24.901,0.002,-1.266,1.635
2018/3/4 17:00,6719,8318,14,1585,1.182,0.003,0,0,24.906,0.002,-2.595,1.888
2018/3/4 18:00,6292,8156,0,1864,1.185,0.003,0,0,24.915,0.005,-3.078,1.991
2018/3/4 19:00,5984,7904,0,1920,1.187,0.003,0,0,24.925,0.005,-3.282,2.042
2018/3/4 20:00,5441,7494,0,2053,1.189,0.003,0,0,24.934,0.005,-3.463,2.077
2018/3/4 21:00,5444,7609,0,2165,1.191,0.003,0,0,24.943,0.005,-3.612,2.091
2018/3/4 22:00,5157,7305,0,2148,1.192,0.003,0,0,24.952,0.005,-3.731,2.121
2018/3/4 23:00,4997,7043,0,2046,1.193,0.003,0,0,24.961,0.005,-3.773,2.167
2018/3/5 0:00,4773,6786,0,2013,1.194,0.003,0,0,24.97,0.006,-3.873,2.104
2018/3/5 1:00,4737,6720,0,1983,1.194,0.003,0,0,24.98,0.006,-4.004,2.088
2018/3/5 2:00,4576,6577,0,2001,1.194,0.003,0,0,24.989,0.006,-4.026,2.066
2018/3/5 3:00,4851,6769,0,1918,1.194,0.003,0,0,24.998,0.006,-4.01,2.022
2018/3/5 4:00,5857,7490,0,1633,1.194,0.003,0,0,25.006,0.006,-3.903,1.965
2018/3/5 5:00,7092,8569,0,1477,1.194,0.003,6.282,33.245,25.013,0.006,-3.756,1.936
2018/3/5 6:00,8119,9580,27,1434,1.193,0.003,57.177,235.792,25.018,0.007,-3.193,1.953
2018/3/5 7:00,8533,9999,85,1381,1.191,0.003,131.719,444.992,25.015,0.012,-2.034,2.065
2018/3/5 8:00,8577,10056,171,1308,1.187,0.003,208.457,616.246,24.989,0.02,-0.695,2.209
2018/3/5 9:00,8513,10021,262,1246,1.183,0.004,280.845,737.974,24.934,0.027,0.349,2.253
2018/3/5 10:00,8470,10012,341,1201,1.179,0.004,332.868,801.798,24.835,0.024,1.135,2.269
2018/3/5 11:00,8331,9842,373,1138,1.176,0.004,341.564,803.43,24.684,0.021,1.629,2.289
2018/3/5 12:00,8323,9762,361,1078,1.174,0.004,304.249,742.843,24.499,0.022,1.819,2.296
2018/3/5 13:00,8464,9742,313,965,1.173,0.004,232.031,624.061,24.357,0.027,1.697,2.281
2018/3/5 14:00,8458,9621,229,934,1.174,0.004,144.746,455.295,24.292,0.035,1.21,2.226
2018/3/5 15:00,8704,9574,130,740,1.175,0.004,64.925,248.014,24.296,0.045,0.371,2.06
2018/3/5 16:00,9239,9829,46,544,1.177,0.004,8.653,40.608,24.338,0.05,-0.766,1.854
2018/3/5 17:00,9730,10197,13,454,1.179,0.004,0,0,24.387,0.05,-1.472,1.872
2018/3/5 18:00,9245,9716,0,471,1.181,0.003,0,0,24.45,0.073,-1.849,1.856
2018/3/5 19:00,8493,9062,0,569,1.182,0.003,0,0,24.524,0.075,-2.191,1.795
2018/3/5 20:00,7696,8379,0,683,1.182,0.003,0,0,24.599,0.075,-2.447,1.694
2018/3/5 21:00,7322,8098,0,776,1.182,0.003,0,0,24.683,0.091,-2.586,1.588
2018/3/5 22:00,6877,7586,0,709,1.182,0.003,0,0,24.782,0.106,-2.642,1.521
2018/3/5 23:00,6554,7268,0,714,1.182,0.003,0,0,24.895,0.119,-2.615,1.533
2018/3/6 0:00,6311,6978,0,667,1.181,0.003,0,0,25.032,0.151,-2.565,1.568
2018/3/6 1:00,6250,6844,0,594,1.181,0.003,0,0,25.196,0.173,-2.547,1.568
2018/3/6 2:00,6239,6699,0,460,1.18,0.003,0,0,25.385,0.199,-2.529,1.531
2018/3/6 3:00,6355,6823,0,468,1.179,0.003,0,0,25.606,0.235,-2.508,1.467
2018/3/6 4:00,7052,7509,0,457,1.179,0.003,0,0,25.876,0.295,-2.513,1.403
2018/3/6 5:00,8129,8605,1,475,1.178,0.003,3.34,36.917,26.197,0.338,-2.554,1.347
2018/3/6 6:00,9127,9630,32,471,1.178,0.003,38.438,242.775,26.555,0.372,-2.146,1.407
2018/3/6 7:00,9572,10119,94,453,1.176,0.004,88.585,452.038,26.914,0.361,-1.347,1.426
2018/3/6 8:00,9516,10179,179,484,1.173,0.004,152.078,623.362,27.209,0.294,-0.479,1.444
2018/3/6 9:00,9427,10176,250,499,1.17,0.004,210.383,745.055,27.36,0.214,0.194,1.554
2018/3/6 10:00,9307,10179,298,574,1.167,0.004,278.714,808.932,27.245,0.15,0.774,1.767
2018/3/6 11:00,8942,10005,323,740,1.165,0.004,316.822,810.556,26.885,0.08,1.288,1.845
2018/3/6 12:00,8711,9925,322,892,1.162,0.004,317.759,749.916,26.416,0.056,1.645,1.833
2018/3/6 13:00,8632,9796,287,877,1.161,0.004,261.232,631.138,26.002,0.053,1.733,1.804
2018/3/6 14:00,8550,9659,218,891,1.161,0.004,176.038,462.313,25.713,0.043,1.567,1.627
2018/3/6 15:00,8870,9578,127,581,1.162,0.004,79.339,255.008,25.6,0.03,0.978,1.138
2018/3/6 16:00,9156,9722,48,518,1.164,0.004,9.201,44.674,25.611,0.022,-0.496,0.89
2018/3/6 17:00,9450,10033,14,569,1.166,0.004,0,0,25.628,0.017,-1.389,0.991
2018/3/6 18:00,8993,9592,0,599,1.168,0.004,0,0,25.641,0.012,-1.637,1.076
2018/3/6 19:00,8299,8923,0,624,1.17,0.004,0,0,25.652,0.012,-1.7,1.075
2018/3/6 20:00,7686,8262,0,576,1.171,0.004,0,0,25.664,0.013,-1.772,1.032
2018/3/6 21:00,7541,8039,0,498,1.172,0.004,0,0,25.677,0.013,-1.85,1.04
2018/3/6 22:00,7116,7486,0,370,1.172,0.004,0,0,25.69,0.012,-1.923,1.068
2018/3/6 23:00,6845,7165,0,320,1.171,0.004,0,0,25.702,0.011,-1.99,1.045
2018/3/7 0:00,6597,6881,0,284,1.17,0.004,0,0,25.714,0.01,-2.018,1.013
2018/3/7 1:00,6522,6767,0,245,1.169,0.003,0,0,25.727,0.011,-1.972,1.028
2018/3/7 2:00,6369,6649,0,280,1.168,0.004,0,0,25.741,0.012,-1.816,1.068
2018/3/7 3:00,6463,6767,0,304,1.167,0.004,0,0,25.755,0.011,-1.715,1.088
2018/3/7 4:00,7087,7402,0,315,1.167,0.003,0,0,25.769,0.013,-1.778,1.086
2018/3/7 5:00,8115,8541,1,425,1.166,0.004,11.824,40.801,25.783,0.016,-1.779,1.115
2018/3/7 6:00,8912,9439,43,484,1.165,0.004,100.949,249.789,25.785,0.019,-0.25,1.236
2018/3/7 7:00,9268,9807,119,420,1.163,0.004,207.25,459.046,25.636,0.023,1.678,1.457
2018/3/7 8:00,9175,9813,216,422,1.16,0.004,285.123,630.386,25.258,0.027,2.754,1.623
2018/3/7 9:00,9080,9754,306,368,1.157,0.005,347.785,752.124,24.658,0.039,3.603,1.734
2018/3/7 10:00,8978,9663,367,318,1.154,0.005,398.005,816.008,23.888,0.049,4.388,1.825
2018/3/7 11:00,8689,9359,387,283,1.152,0.005,410.82,817.612,23.076,0.047,4.98,1.885
2018/3/7 12:00,8572,9261,374,315,1.151,0.005,363.63,756.966,22.323,0.048,5.188,1.823
2018/3/7 13:00,8530,9173,324,319,1.152,0.005,278.748,638.161,21.749,0.055,5.04,1.537
2018/3/7 14:00,8631,9199,233,335,1.153,0.005,184.814,469.358,21.399,0.062,4.396,1.074
2018/3/7 15:00,8890,9232,137,205,1.155,0.005,87.123,262.004,21.286,0.074,3.2,0.807
2018/3/7 16:00,9325,9511,56,130,1.157,0.004,10.219,48.942,21.333,0.064,1.897,0.842
2018/3/7 17:00,9751,9871,17,103,1.16,0.004,0,0,21.394,0.048,1.285,0.905
2018/3/7 18:00,9340,9399,0,59,1.162,0.004,0,0,21.459,0.048,0.861,0.951
2018/3/7 19:00,8684,8728,0,44,1.164,0.004,0,0,21.521,0.031,0.304,1.002
2018/3/7 20:00,7984,8047,0,63,1.166,0.004,0,0,21.565,0.023,-0.191,1.041
2018/3/7 21:00,7733,7842,0,109,1.168,0.004,0,0,21.591,0.024,-0.25,1.11
2018/3/7 22:00,7005,7340,0,335,1.17,0.004,0,0,21.602,0.024,-0.295,1.179
2018/3/7 23:00,6319,7019,0,700,1.171,0.004,0,0,21.613,0.023,-0.271,1.192
2018/3/8 0:00,5630,6859,0,1229,1.172,0.004,0,0,21.623,0.03,-0.199,1.275
2018/3/8 1:00,5410,6758,0,1348,1.174,0.004,0,0,21.63,0.041,-0.119,1.384
2018/3/8 2:00,5277,6634,0,1357,1.175,0.004,0,0,21.647,0.045,-0.178,1.429
2018/3/8 3:00,5432,6791,0,1359,1.176,0.004,0,0,21.666,0.039,-0.224,1.522
2018/3/8 4:00,6247,7406,0,1159,1.177,0.004,0,0,21.682,0.028,-0.368,1.546
2018/3/8 5:00,7215,8398,2,1181,1.179,0.004,7.581,44.894,21.692,0.021,-0.426,1.61
2018/3/8 6:00,8065,9243,53,1125,1.18,0.004,75.293,256.776,21.669,0.014,0.286,1.76
2018/3/8 7:00,8191,9523,163,1169,1.179,0.004,189.812,466.079,21.556,0.01,1.489,1.904
2018/3/8 8:00,8246,9436,305,885,1.176,0.004,329.603,637.432,21.274,0.009,2.815,2.221
2018/3/8 9:00,8189,9311,430,692,1.172,0.004,480.249,759.153,20.748,0.005,4.029,2.493
2018/3/8 10:00,8075,9260,517,668,1.168,0.004,573.417,823.008,20.041,0.001,5.041,2.479
2018/3/8 11:00,7706,8994,565,723,1.166,0.004,587.236,824.727,19.305,0,5.733,2.303
2018/3/8 12:00,7613,8925,554,758,1.164,0.004,531.285,764.032,18.621,0,6.086,2.138
2018/3/8 13:00,7746,8865,477,642,1.163,0.004,420.986,645.246,18.115,0,6.077,1.916
2018/3/8 14:00,7950,8860,345,565,1.162,0.004,284.154,476.354,17.787,0,5.619,1.401
2018/3/8 15:00,8290,8865,195,380,1.163,0.004,140.588,269.003,17.64,0,4.071,0.759
2018/3/8 16:00,8644,8973,72,257,1.165,0.004,20.515,53.421,17.621,0.001,1.62,0.961
2018/3/8 17:00,9181,9526,19,326,1.167,0.004,0,0.001,17.624,0.001,-0.206,1.154
2018/3/8 18:00,8409,9170,0,761,1.17,0.003,0,0,17.627,0,-1.127,1.222
2018/3/8 19:00,7401,8677,0,1276,1.173,0.003,0,0,17.63,0,-1.572,1.283
2018/3/8 20:00,6516,8085,0,1569,1.175,0.003,0,0,17.633,0,-1.735,1.304
2018/3/8 21:00,6221,7831,0,1610,1.176,0.003,0,0,17.635,0,-1.737,1.308
2018/3/8 22:00,5919,7390,0,1471,1.177,0.003,0,0,17.638,0,-1.734,1.324
2018/3/8 23:00,5788,7078,0,1290,1.177,0.003,0,0,17.64,0,-1.662,1.331
2018/3/9 0:00,5832,6830,0,998,1.177,0.003,0,0,17.642,0,-1.48,1.378
2018/3/9 1:00,6039,6719,0,680,1.176,0.003,0,0,17.643,0,-0.889,1.436
2018/3/9 2:00,6087,6595,0,508,1.175,0.003,0,0,17.643,0,-0.703,1.402
2018/3/9 3:00,6272,6698,0,426,1.174,0.003,0,0,17.643,0,-0.688,1.368
2018/3/9 4:00,6868,7321,0,453,1.175,0.003,0,0,17.642,0,-0.58,1.331
2018/3/9 5:00,7819,8297,20,458,1.176,0.003,11.58,49.194,17.64,0,-0.357,1.315
2018/3/9 6:00,8645,9154,98,411,1.176,0.004,102.691,263.776,17.611,0,1.242,1.452
2018/3/9 7:00,9031,9466,192,243,1.174,0.004,254.544,473.075,17.495,0,3.526,1.764
2018/3/9 8:00,9081,9487,273,133,1.169,0.004,402.549,644.405,17.24,0,5.531,1.924
2018/3/9 9:00,9032,9506,361,113,1.162,0.005,477.908,766.214,16.855,0.001,7.279,2.09
2018/3/9 10:00,8856,9432,474,102,1.157,0.005,499.203,830.079,16.444,0.001,8.41,2.217
2018/3/9 11:00,8592,9189,516,81,1.154,0.005,479.744,831.735,16.07,0,9.044,2.268
2018/3/9 12:00,8328,8944,492,124,1.152,0.005,416.441,771.056,15.752,0,9.273,2.175
2018/3/9 13:00,8274,8807,434,99,1.151,0.005,330.937,652.214,15.5,0,9.196,1.829
2018/3/9 14:00,8241,8682,314,127,1.152,0.006,217.734,483.365,15.302,0,8.474,1.177
2018/3/9 15:00,8290,8636,179,167,1.153,0.006,112.366,276.002,15.184,0,7.035,0.861
2018/3/9 16:00,8666,8904,81,157,1.156,0.005,19.215,58.102,15.146,0,5.514,0.84
2018/3/9 17:00,9139,9310,26,145,1.158,0.005,0.001,0.006,15.136,0,4.769,0.713
2018/3/9 18:00,8769,8925,0,156,1.16,0.005,0,0,15.125,0,4.15,0.646
2018/3/9 19:00,8140,8264,0,124,1.162,0.005,0,0,15.111,0,3.377,0.779
2018/3/9 20:00,7518,7632,0,114,1.163,0.004,0,0,15.09,0,2.719,0.853
2018/3/9 21:00,7347,7432,0,85,1.164,0.004,0,0,15.062,0,2.183,0.868
2018/3/9 22:00,6860,6944,0,84,1.165,0.004,0,0,15.037,0,2.196,0.825
2018/3/9 23:00,6631,6702,0,71,1.166,0.004,0,0,15.015,0,2.156,0.843
2018/3/10 0:00,6320,6390,0,70,1.167,0.004,0,0,14.984,0,2.017,0.849
2018/3/10 1:00,6168,6231,0,63,1.168,0.004,0,0,14.964,0,1.809,0.868
2018/3/10 2:00,5906,5993,0,87,1.169,0.004,0,0,14.947,0,1.784,0.863
2018/3/10 3:00,5937,6026,0,89,1.17,0.004,0,0,14.931,0,1.781,0.832
2018/3/10 4:00,6233,6306,0,73,1.172,0.004,0,0,14.916,0.001,1.661,0.816
2018/3/10 5:00,6518,6652,18,116,1.173,0.004,10.553,53.699,14.902,0.002,1.527,0.871
2018/3/10 6:00,7044,7228,89,95,1.173,0.004,92.134,270.766,14.87,0.003,2.51,0.898
2018/3/10 7:00,7308,7548,168,72,1.172,0.005,218.553,480.07,14.788,0.002,4.28,1.041
2018/3/10 8:00,7381,7714,241,92,1.165,0.005,340.008,651.462,14.651,0.003,6.322,1.183
2018/3/10 9:00,7308,7760,330,122,1.158,0.005,419.397,773.186,14.486,0.003,8.14,1.291
2018/3/10 10:00,7197,7823,440,186,1.152,0.006,429.842,837.072,14.322,0.004,9.383,1.427
2018/3/10 11:00,6896,7593,480,217,1.148,0.006,383.248,838.709,14.145,0.003,10.033,1.564
2018/3/10 12:00,6721,7435,457,257,1.146,0.006,313.55,778.078,13.982,0.003,10.142,1.617
2018/3/10 13:00,6692,7397,399,306,1.146,0.006,221.809,659.234,13.844,0.001,9.714,1.564
2018/3/10 14:00,6746,7378,290,342,1.147,0.006,131.39,490.355,13.724,0.001,8.683,1.305
2018/3/10 15:00,6829,7334,168,337,1.148,0.006,60.555,282.989,13.652,0.001,7.229,1.135
2018/3/10 16:00,7200,7623,76,347,1.15,0.006,10.783,62.984,13.623,0,5.837,1.054
2018/3/10 17:00,7539,7980,24,417,1.152,0.005,0.002,0.018,13.609,0,5.094,0.997
2018/3/10 18:00,7163,7592,0,429,1.154,0.005,0,0,13.597,0.001,4.757,0.95
2018/3/10 19:00,6857,7180,0,323,1.155,0.005,0,0,13.586,0.001,4.516,0.899
2018/3/10 20:00,6423,6719,0,296,1.156,0.005,0,0,13.577,0.001,4.276,0.839
2018/3/10 21:00,6476,6657,0,181,1.157,0.005,0,0,13.569,0,4.062,0.806
2018/3/10 22:00,6162,6280,0,118,1.157,0.005,0,0,13.561,0,3.804,0.788
2018/3/10 23:00,5816,5953,0,137,1.158,0.005,0,0,13.553,0,3.317,0.77
2018/3/11 0:00,5541,5725,0,184,1.16,0.005,0,0,13.547,0.001,2.714,0.757
2018/3/11 1:00,5454,5663,0,209,1.161,0.005,0,0,13.541,0.001,2.165,0.767
2018/3/11 2:00,5315,5533,0,218,1.163,0.004,0,0,13.536,0.001,1.712,0.837
2018/3/11 3:00,5178,5538,0,360,1.165,0.004,0,0,13.531,0.001,1.346,0.882
2018/3/11 4:00,5388,5782,0,394,1.166,0.004,0,0,13.527,0.001,0.871,0.962
2018/3/11 5:00,5311,5841,21,509,1.168,0.004,21.445,58.41,13.523,0.001,0.767,1.127
2018/3/11 6:00,5569,6328,98,661,1.168,0.005,141.48,277.739,13.509,0.002,2.94,1.393
2018/3/11 7:00,5766,6619,195,658,1.165,0.005,282.261,487.044,13.471,0.002,5.087,1.792
2018/3/11 8:00,5906,6860,271,683,1.156,0.006,414.484,658.462,13.412,0.003,7.441,2.119
2018/3/11 9:00,5647,7057,350,1060,1.147,0.006,518.029,780.169,13.33,0.004,9.554,2.556
2018/3/11 10:00,5565,7291,444,1282,1.14,0.006,566.066,844.048,13.209,0.003,11.08,2.853
2018/3/11 11:00,4968,7077,462,1647,1.134,0.006,555.76,845.669,13.071,0.004,12.152,2.985
2018/3/11 12:00,4667,6809,420,1722,1.129,0.007,495.522,784.998,12.934,0.005,12.701,3.007
2018/3/11 13:00,4414,6581,360,1807,1.127,0.007,396.631,666.218,12.825,0.006,12.71,2.922
2018/3/11 14:00,4131,6517,271,2115,1.126,0.007,270.581,497.332,12.753,0.006,12.092,2.722
2018/3/11 15:00,4241,6655,169,2245,1.128,0.007,125.602,289.967,12.712,0.007,10.504,2.268
2018/3/11 16:00,4601,6932,82,2249,1.132,0.007,17.491,68.065,12.695,0.008,8.005,1.888
2018/3/11 17:00,5199,7497,26,2272,1.137,0.006,0.003,0.039,12.688,0.009,6.625,1.759
2018/3/11 18:00,4967,7293,0,2326,1.141,0.006,0,0,12.683,0.014,6.21,1.781
2018/3/11 19:00,4655,7000,0,2345,1.142,0.006,0,0,12.678,0.01,5.979,1.766
2018/3/11 20:00,4415,6686,0,2271,1.143,0.006,0,0,12.676,0.013,5.711,1.706
2018/3/11 21:00,4772,6736,0,1964,1.143,0.006,0,0,12.679,0.01,5.537,1.664
2018/3/11 22:00,4545,6346,0,1801,1.142,0.006,0,0,12.677,0.004,5.515,1.631
2018/3/11 23:00,4210,6013,0,1803,1.142,0.006,0,0,12.667,0.003,5.399,1.639
2018/3/12 0:00,3884,5762,0,1878,1.142,0.006,0,0,12.651,0.003,5.397,1.805
2018/3/12 1:00,3701,5711,0,2010,1.142,0.006,0,0,12.636,0.005,5.355,2.06
2018/3/12 2:00,3551,5696,0,2145,1.143,0.006,0,0,12.628,0.004,5.008,2.177
2018/3/12 3:00,3625,5947,0,2322,1.144,0.006,0,0,12.623,0.003,4.419,2.138
2018/3/12 4:00,4386,6704,0,2318,1.145,0.006,0,0,12.619,0.003,3.846,2.075
2018/3/12 5:00,5509,7791,16,2266,1.147,0.005,20.41,63.327,12.617,0.004,3.612,2.088
2018/3/12 6:00,6425,8682,79,2178,1.147,0.006,118.248,284.73,12.616,0.006,5.163,2.403
2018/3/12 7:00,6923,8971,149,1899,1.144,0.006,251.257,494.02,12.615,0.007,7.027,2.675
2018/3/12 8:00,7294,9114,215,1605,1.138,0.006,338.489,665.342,12.607,0.009,8.802,2.855
2018/3/12 9:00,7619,9191,297,1275,1.135,0.006,401.481,787.11,12.576,0.013,9.959,2.935
2018/3/12 10:00,7338,9207,401,1468,1.134,0.006,422.718,850.918,12.532,0.016,10.446,3.025
2018/3/12 11:00,6999,8997,440,1558,1.134,0.006,377.404,852.604,12.479,0.016,10.411,3.074
2018/3/12 12:00,7064,8944,416,1464,1.135,0.006,310.163,791.921,12.423,0.015,10.036,2.956
2018/3/12 13:00,7861,8950,365,724,1.136,0.006,231.394,673.147,12.373,0.015,9.55,2.548
2018/3/12 14:00,8188,8907,275,444,1.138,0.006,152.437,504.292,12.34,0.016,8.842,1.937
2018/3/12 15:00,8227,8863,169,467,1.14,0.006,71.59,296.947,12.329,0.013,7.604,1.371
2018/3/12 16:00,8422,8976,82,472,1.142,0.006,13.562,73.336,12.335,0.012,6.096,1.173
2018/3/12 17:00,8634,9332,26,672,1.145,0.006,0.011,0.071,12.347,0.014,5.255,1.197
2018/3/12 18:00,8100,8919,0,819,1.146,0.006,0,0,12.354,0.004,4.761,1.252
2018/3/12 19:00,7590,8273,0,683,1.148,0.005,0,0,12.355,0.001,4.322,1.325
2018/3/12 20:00,7099,7636,0,537,1.149,0.005,0,0,12.356,0.001,3.95,1.375
2018/3/12 21:00,6886,7394,0,508,1.151,0.005,0,0,12.357,0.002,3.646,1.455
2018/3/12 22:00,6313,6863,0,550,1.152,0.005,0,0,12.361,0.005,3.303,1.428
2018/3/12 23:00,5859,6518,0,659,1.153,0.005,0,0,12.368,0.009,3,1.409
2018/3/13 0:00,5604,6375,0,771,1.155,0.005,0,0,12.378,0.01,2.578,1.438
2018/3/13 1:00,5473,6334,0,861,1.156,0.005,0,0,12.387,0.009,2.103,1.441
2018/3/13 2:00,5500,6246,0,746,1.158,0.005,0,0,12.396,0.008,1.751,1.451
2018/3/13 3:00,5712,6416,0,704,1.16,0.005,0,0,12.403,0.007,1.624,1.535
2018/3/13 4:00,6101,6993,0,892,1.161,0.005,0,0,12.41,0.006,1.633,1.647
2018/3/13 5:00,6758,8070,23,1289,1.162,0.005,21.982,68.446,12.415,0.006,2.043,1.767
2018/3/13 6:00,7359,8794,112,1323,1.162,0.005,117.839,291.692,12.417,0.003,4.059,2.102
2018/3/13 7:00,7532,8978,217,1229,1.16,0.005,247.374,500.921,12.412,0.001,5.961,2.432
2018/3/13 8:00,7472,8972,296,1204,1.156,0.005,388.116,672.278,12.398,0.001,7.531,3.129
2018/3/13 9:00,7323,9051,368,1360,1.153,0.005,494.191,793.987,12.378,0.002,8.615,3.284
2018/3/13 10:00,7288,9093,454,1351,1.151,0.005,554.074,857.824,12.356,0.004,9.426,3.143
2018/3/13 11:00,7035,8793,475,1283,1.148,0.005,548.024,859.455,12.322,0.005,9.917,2.929
2018/3/13 12:00,7074,8694,438,1182,1.147,0.005,490.11,798.824,12.278,0.006,10.084,2.75
2018/3/13 13:00,7353,8688,375,960,1.146,0.005,386.361,679.995,12.238,0.007,9.916,2.583
2018/3/13 14:00,7537,8618,290,791,1.147,0.005,256.243,511.235,12.214,0.008,9.371,2.297
2018/3/13 15:00,7816,8598,184,598,1.148,0.006,121.159,303.906,12.208,0.008,8.103,1.498
2018/3/13 16:00,8200,8788,83,505,1.151,0.005,19.923,78.794,12.214,0.01,5.618,1.138
2018/3/13 17:00,8781,9280,24,475,1.154,0.005,0.007,0.12,12.224,0.012,4.366,1.222
2018/3/13 18:00,8520,8944,0,424,1.158,0.005,0,0,12.241,0.022,3.795,1.297
2018/3/13 19:00,7680,8287,0,607,1.161,0.005,0,0,12.261,0.022,3.35,1.366
2018/3/13 20:00,6766,7639,0,873,1.165,0.005,0,0,12.279,0.022,3.05,1.48
2018/3/13 21:00,6286,7374,0,1088,1.167,0.005,0,0,12.295,0.02,2.807,1.572
2018/3/13 22:00,5815,6878,0,1063,1.169,0.005,0,0,12.307,0.016,2.641,1.624
2018/3/13 23:00,5303,6527,0,1224,1.17,0.005,0,0,12.317,0.016,2.544,1.592
2018/3/14 0:00,5101,6261,0,1160,1.172,0.005,0,0,12.328,0.018,2.432,1.579
2018/3/14 1:00,4915,6155,0,1240,1.173,0.005,0,0,12.341,0.021,2.158,1.605
2018/3/14 2:00,4867,6070,0,1203,1.174,0.005,0,0,12.357,0.025,1.887,1.706
2018/3/14 3:00,4882,6246,0,1364,1.176,0.004,0,0,12.377,0.029,1.557,1.703
2018/3/14 4:00,5483,6981,0,1498,1.178,0.004,0,0,12.397,0.03,1.164,1.667
2018/3/14 5:00,6522,7970,21,1427,1.179,0.004,20.921,73.772,12.417,0.031,1.104,1.705
2018/3/14 6:00,7597,8906,101,1208,1.18,0.004,121.192,298.661,12.433,0.025,2.492,2.111
2018/3/14 7:00,8035,9257,194,1028,1.177,0.005,243.186,507.87,12.439,0.019,3.89,2.678
2018/3/14 8:00,8018,9330,258,1054,1.174,0.005,350.918,679.186,12.431,0.012,5.11,2.939
2018/3/14 9:00,7994,9406,297,1115,1.172,0.004,445.509,800.861,12.404,0.006,6.037,2.933
2018/3/14 10:00,8071,9405,338,996,1.169,0.004,510.633,864.719,12.36,0.005,6.806,2.843
2018/3/14 11:00,7759,9100,360,981,1.167,0.004,526.223,866.336,12.31,0.004,7.359,2.717
2018/3/14 12:00,7667,9041,348,1026,1.164,0.004,497.698,805.703,12.262,0.004,7.636,2.562
2018/3/14 13:00,7547,8923,311,1065,1.163,0.004,406.952,686.934,12.215,0.003,7.577,2.334
2018/3/14 14:00,7708,8857,243,906,1.163,0.004,265.282,518.147,12.168,0.003,7.078,2.021
2018/3/14 15:00,8016,8769,152,601,1.164,0.005,127.384,310.876,12.145,0.002,6.025,1.322
2018/3/14 16:00,8539,8997,72,386,1.167,0.005,28.709,84.44,12.141,0.001,3.797,0.764
2018/3/14 17:00,9102,9368,23,243,1.17,0.004,0.054,0.189,12.141,0,2.381,0.842
2018/3/14 18:00,8855,9034,0,179,1.173,0.004,0,0,12.141,0,1.657,0.843
2018/3/14 19:00,8286,8400,0,114,1.175,0.004,0,0,12.141,0,1.006,0.851
2018/3/14 20:00,7712,7790,0,78,1.176,0.004,0,0,12.142,0.001,0.48,0.826
2018/3/14 21:00,7499,7557,0,58,1.177,0.004,0,0,12.144,0.002,0.02,0.768
2018/3/14 22:00,7032,7073,0,41,1.178,0.004,0,0,12.146,0.002,-0.381,0.713
2018/3/14 23:00,6678,6728,0,50,1.179,0.004,0,0,12.148,0.002,-0.666,0.696
2018/3/15 0:00,6442,6523,0,81,1.179,0.004,0,0,12.15,0.002,-0.783,0.738
2018/3/15 1:00,6311,6401,0,90,1.179,0.004,0,0,12.152,0.002,-0.921,0.797
2018/3/15 2:00,6235,6363,0,128,1.18,0.004,0,0,12.154,0.003,-1.046,0.856
2018/3/15 3:00,6336,6536,0,200,1.18,0.004,0,0,12.156,0.003,-1.132,0.932
2018/3/15 4:00,6985,7215,0,230,1.18,0.004,0,0,12.158,0.003,-1.16,1.027
2018/3/15 5:00,7905,8215,5,305,1.18,0.004,23.316,79.297,12.159,0.003,-0.726,1.115
2018/3/15 6:00,8620,9100,73,407,1.179,0.004,126.983,305.621,12.159,0.002,1.331,1.622
2018/3/15 7:00,8561,9352,191,600,1.174,0.005,255.163,514.786,12.155,0.001,3.247,2.016
2018/3/15 8:00,8357,9343,316,670,1.167,0.005,373.01,686.006,12.14,0.001,5.097,2.309
2018/3/15 9:00,8473,9476,398,605,1.162,0.005,442.372,807.677,12.121,0.002,6.363,2.538
2018/3/15 10:00,8276,9404,464,664,1.158,0.005,469.728,871.478,12.101,0.004,7.206,2.694
2018/3/15 11:00,7967,9203,500,736,1.155,0.005,455.427,873.103,12.082,0.006,7.772,2.764
2018/3/15 12:00,7908,9211,494,809,1.152,0.005,407.726,812.478,12.053,0.007,8.085,2.753
2018/3/15 13:00,7678,9029,439,912,1.15,0.005,323.006,693.806,12.034,0.005,8.104,2.698
2018/3/15 14:00,7625,8951,332,994,1.149,0.005,209.794,525.027,12.023,0.004,7.673,2.569
2018/3/15 15:00,7681,8983,200,1102,1.151,0.006,105.339,317.821,12.016,0.003,6.666,2.309
2018/3/15 16:00,7722,9115,84,1309,1.153,0.005,21.984,90.257,12.014,0.005,5.081,2.09
2018/3/15 17:00,7907,9392,23,1462,1.157,0.005,0.045,0.281,12.016,0.006,4.029,2.045
2018/3/15 18:00,7506,9003,0,1497,1.16,0.005,0,0,12.022,0.012,3.543,2.009
2018/3/15 19:00,6795,8424,0,1629,1.162,0.005,0,0,12.034,0.016,3.172,2.028
2018/3/15 20:00,5943,7790,0,1847,1.163,0.005,0,0,12.052,0.021,2.898,2.091
2018/3/15 21:00,5757,7654,0,1897,1.164,0.005,0,0,12.073,0.023,2.667,2.019
2018/3/15 22:00,5027,6980,0,1953,1.164,0.005,0,0,12.096,0.026,2.51,1.986
2018/3/15 23:00,4379,6670,0,2291,1.164,0.005,0,0,12.127,0.033,2.424,1.995
2018/3/16 0:00,4056,6393,0,2337,1.164,0.005,0,0,12.177,0.062,2.367,1.936
2018/3/16 1:00,4004,6346,0,2342,1.163,0.005,0,0,12.25,0.081,2.401,1.839
2018/3/16 2:00,3993,6184,0,2191,1.162,0.005,0,0,12.34,0.1,2.404,1.74
2018/3/16 3:00,4552,6311,0,1759,1.163,0.005,0,0,12.435,0.09,2.303,1.535
2018/3/16 4:00,5668,6950,0,1282,1.164,0.005,0,0,12.536,0.119,2.131,1.34
2018/3/16 5:00,7031,8028,8,989,1.165,0.005,8.054,85.024,12.657,0.131,1.983,1.251
2018/3/16 6:00,8011,8942,39,892,1.166,0.005,48.456,312.569,12.771,0.115,2.536,1.26
2018/3/16 7:00,8739,9421,68,614,1.166,0.005,106.64,521.684,12.834,0.055,3.276,1.391
2018/3/16 8:00,8875,9495,106,514,1.165,0.005,178.882,692.852,12.833,0.02,4.055,1.348
2018/3/16 9:00,9016,9520,161,343,1.161,0.005,241.995,814.416,12.795,0.01,5.01,1.415
2018/3/16 10:00,8993,9478,226,259,1.157,0.005,281.026,878.268,12.734,0.005,5.953,1.635
2018/3/16 11:00,8687,9154,279,188,1.154,0.005,309.179,879.857,12.659,0.003,6.787,1.927
2018/3/16 12:00,8330,8898,314,254,1.151,0.005,303.844,819.29,12.587,0.003,7.369,2.187
2018/3/16 13:00,7936,8662,323,403,1.148,0.005,266.017,700.568,12.508,0.002,7.688,2.27
2018/3/16 14:00,7673,8506,274,559,1.147,0.005,207.384,531.898,12.436,0.002,7.691,2.027
2018/3/16 15:00,7785,8414,175,454,1.147,0.006,122.43,324.749,12.397,0.004,7.202,1.415
2018/3/16 16:00,8231,8651,74,346,1.149,0.005,32.25,96.247,12.388,0.003,5.41,1.042
2018/3/16 17:00,8672,9049,21,356,1.151,0.005,0.077,0.399,12.391,0.003,3.745,1.074
2018/3/16 18:00,8350,8703,0,353,1.153,0.005,0,0,12.394,0.002,2.989,1.049
2018/3/16 19:00,7832,8122,0,290,1.155,0.005,0,0,12.396,0.001,2.549,1.015
2018/3/16 20:00,7107,7458,0,351,1.157,0.005,0,0,12.397,0.001,2.289,0.974
2018/3/16 21:00,6967,7276,0,309,1.159,0.005,0,0,12.397,0.001,2.181,0.962
2018/3/16 22:00,6620,6850,0,230,1.161,0.005,0,0,12.398,0.001,2.057,1.035
2018/3/16 23:00,6194,6478,0,284,1.164,0.005,0,0,12.399,0.003,1.943,1.089
2018/3/17 0:00,5840,6228,0,388,1.167,0.004,0,0,12.4,0.004,1.881,1.194
2018/3/17 1:00,5712,6094,0,382,1.17,0.004,0,0,12.402,0.008,1.422,1.402
2018/3/17 2:00,5469,5914,0,445,1.172,0.004,0,0,12.405,0.011,0.782,1.591
2018/3/17 3:00,5521,5954,0,433,1.174,0.004,0,0,12.407,0.011,0.218,1.738
2018/3/17 4:00,5824,6241,0,417,1.177,0.004,0,0.001,12.41,0.016,-0.205,1.836
2018/3/17 5:00,6002,6536,5,529,1.179,0.004,10.979,90.938,12.418,0.028,-0.48,1.991
2018/3/17 6:00,6520,7220,66,634,1.18,0.004,48.874,319.472,12.438,0.047,-0.17,2.222
2018/3/17 7:00,7041,7887,158,688,1.18,0.004,91.057,528.499,12.478,0.066,0.355,2.437
2018/3/17 8:00,7316,8277,245,716,1.178,0.004,140.021,699.61,12.526,0.086,0.969,2.578
2018/3/17 9:00,7424,8438,303,711,1.176,0.004,189.358,821.16,12.599,0.126,1.469,2.663
2018/3/17 10:00,7463,8422,334,625,1.174,0.004,211.292,884.95,12.694,0.158,1.739,2.724
2018/3/17 11:00,7277,8250,347,626,1.173,0.004,222.574,886.573,12.792,0.172,1.972,2.809
2018/3/17 12:00,6882,8087,338,867,1.171,0.004,216.644,826.026,12.864,0.153,2.082,2.949
2018/3/17 13:00,6622,7981,291,1068,1.171,0.004,184.253,707.346,12.928,0.141,1.997,3.094
2018/3/17 14:00,6735,7992,217,1040,1.172,0.004,125.53,538.723,13.023,0.16,1.559,3.129
2018/3/17 15:00,6743,7974,136,1095,1.174,0.004,65.071,331.644,13.174,0.197,0.81,3.024
2018/3/17 16:00,6930,8110,63,1117,1.178,0.004,15.045,102.401,13.385,0.24,-0.143,2.917
2018/3/17 17:00,7108,8360,21,1231,1.182,0.004,0.041,0.551,13.649,0.294,-1.057,2.909
2018/3/17 18:00,6656,7969,0,1313,1.185,0.003,0,0,13.947,0.301,-1.687,2.896
2018/3/17 19:00,6186,7575,0,1389,1.188,0.003,0,0,14.236,0.279,-2.279,2.846
2018/3/17 20:00,5567,7146,0,1579,1.191,0.003,0,0,14.485,0.231,-2.857,2.837
2018/3/17 21:00,5469,7194,0,1725,1.194,0.003,0,0,14.689,0.189,-3.374,2.857
2018/3/17 22:00,5070,6861,0,1791,1.195,0.003,0,0,14.865,0.175,-3.792,2.893
2018/3/17 23:00,4641,6500,0,1859,1.197,0.003,0,0,15.042,0.185,-4.132,2.881
2018/3/18 0:00,4446,6202,0,1756,1.199,0.003,0,0,15.237,0.206,-4.413,2.92
2018/3/18 1:00,4369,6073,0,1704,1.2,0.003,0,0,15.45,0.221,-4.653,2.994
2018/3/18 2:00,4343,5892,0,1549,1.202,0.002,0,0,15.674,0.231,-4.88,3
2018/3/18 3:00,4437,5910,0,1473,1.204,0.002,0,0,15.895,0.217,-5.182,2.944
2018/3/18 4:00,4735,6078,0,1343,1.206,0.002,0,0.012,16.095,0.189,-5.467,2.85
2018/3/18 5:00,4982,6208,2,1224,1.207,0.002,13.366,97.04,16.265,0.158,-5.553,2.771
2018/3/18 6:00,5508,6738,43,1187,1.207,0.002,69.717,326.342,16.403,0.128,-5.084,2.756
2018/3/18 7:00,6084,7231,104,1043,1.205,0.002,152.521,535.277,16.502,0.096,-4.205,2.715
2018/3/18 8:00,6650,7654,179,825,1.202,0.003,250.452,706.362,16.553,0.065,-3.109,2.704
2018/3/18 9:00,6942,7867,239,686,1.199,0.003,351.981,827.87,16.545,0.048,-2.085,2.707
2018/3/18 10:00,7137,7967,275,555,1.196,0.003,423.036,891.637,16.486,0.04,-1.191,2.716
2018/3/18 11:00,6800,7706,290,616,1.193,0.003,463.163,893.246,16.399,0.036,-0.502,2.799
2018/3/18 12:00,6514,7493,284,695,1.191,0.003,438.146,832.649,16.302,0.038,-0.246,2.908
2018/3/18 13:00,6526,7394,255,613,1.19,0.003,361.713,714.067,16.237,0.045,-0.415,2.935
2018/3/18 14:00,6599,7348,200,549,1.192,0.003,242.129,545.484,16.22,0.049,-0.983,2.812
2018/3/18 15:00,6636,7422,128,658,1.194,0.003,121.727,338.544,16.24,0.045,-1.816,2.605
2018/3/18 16:00,6876,7684,58,750,1.198,0.003,26.645,108.701,16.272,0.038,-2.994,2.355
2018/3/18 17:00,7195,8045,19,831,1.203,0.003,0.099,0.746,16.306,0.034,-4.116,2.316
2018/3/18 18:00,6941,7846,0,905,1.206,0.002,0,0,16.332,0.023,-4.726,2.357
2018/3/18 19:00,6644,7513,0,869,1.209,0.002,0,0,16.354,0.022,-5.105,2.306
2018/3/18 20:00,6428,7183,0,755,1.21,0.002,0,0,16.376,0.024,-5.344,2.197
2018/3/18 21:00,6541,7254,0,713,1.211,0.002,0,0,16.402,0.029,-5.463,2.064
2018/3/18 22:00,6243,6895,0,652,1.211,0.002,0,0,16.435,0.038,-5.534,1.937
2018/3/18 23:00,6091,6657,0,566,1.211,0.002,0,0,16.477,0.047,-5.622,1.834
2018/3/19 0:00,5991,6495,0,504,1.211,0.002,0,0,16.527,0.053,-5.73,1.762
2018/3/19 1:00,5962,6435,0,473,1.212,0.002,0,0,16.583,0.058,-5.829,1.72
2018/3/19 2:00,5861,6338,0,477,1.212,0.002,0,0,16.643,0.063,-5.97,1.717
2018/3/19 3:00,6022,6519,0,497,1.213,0.002,0,0,16.706,0.063,-6.186,1.74
2018/3/19 4:00,6742,7247,0,505,1.215,0.002,0.008,0.059,16.766,0.057,-6.478,1.742
2018/3/19 5:00,7871,8335,3,461,1.216,0.002,23.865,103.308,16.82,0.053,-6.552,1.786
2018/3/19 6:00,8982,9416,53,381,1.216,0.002,104.211,333.208,16.868,0.051,-5.964,1.945
2018/3/19 7:00,9364,9837,129,344,1.215,0.002,198.061,542.056,16.908,0.05,-5.246,1.97
2018/3/19 8:00,9345,9878,211,322,1.213,0.002,277.577,713.061,16.94,0.053,-4.441,1.951
2018/3/19 9:00,9386,9964,281,297,1.21,0.002,337.136,834.517,16.966,0.059,-3.684,1.946
2018/3/19 10:00,9354,9970,328,288,1.208,0.002,365.476,898.236,16.987,0.064,-3.054,1.96
2018/3/19 11:00,9133,9822,353,336,1.205,0.002,358.804,899.882,17.005,0.068,-2.582,1.988
2018/3/19 12:00,9015,9785,344,426,1.203,0.002,330.812,839.334,17.024,0.069,-2.311,2.012
2018/3/19 13:00,8966,9738,298,474,1.202,0.002,258.116,720.745,17.049,0.068,-2.357,2.018
2018/3/19 14:00,8931,9674,226,517,1.202,0.002,175.091,552.302,17.085,0.067,-2.671,1.991
2018/3/19 15:00,8836,9602,139,627,1.203,0.002,94.172,345.39,17.134,0.067,-3.205,1.875
2018/3/19 16:00,8947,9693,59,687,1.206,0.002,22.466,115.142,17.192,0.062,-4.056,1.627
2018/3/19 17:00,9188,9920,18,714,1.208,0.002,0.089,0.998,17.249,0.054,-4.93,1.531
2018/3/19 18:00,8738,9506,0,768,1.21,0.002,0,0,17.304,0.056,-5.33,1.579
2018/3/19 19:00,7970,8858,0,888,1.212,0.002,0,0,17.355,0.048,-5.59,1.603
2018/3/19 20:00,7217,8209,0,992,1.213,0.002,0,0,17.4,0.043,-5.826,1.677
2018/3/19 21:00,7095,8020,0,925,1.214,0.002,0,0,17.44,0.039,-5.97,1.664
2018/3/19 22:00,6749,7686,0,937,1.214,0.002,0,0,17.478,0.038,-6.071,1.663
2018/3/19 23:00,6551,7303,0,752,1.214,0.002,0,0,17.515,0.038,-6.19,1.645
2018/3/20 0:00,6344,7104,0,760,1.214,0.002,0,0,17.551,0.036,-6.326,1.654
2018/3/20 1:00,6169,6977,0,808,1.214,0.002,0,0,17.585,0.033,-6.48,1.686
2018/3/20 2:00,6036,6893,0,857,1.214,0.002,0,0,17.616,0.03,-6.604,1.768
2018/3/20 3:00,6131,7020,0,889,1.214,0.002,0,0,17.644,0.029,-6.67,1.796
2018/3/20 4:00,6466,7569,0,1103,1.215,0.002,0.017,0.176,17.672,0.028,-6.737,1.814
2018/3/20 5:00,7361,8498,3,1134,1.215,0.002,24.451,109.684,17.699,0.028,-6.529,1.922
2018/3/20 6:00,8250,9506,53,1203,1.214,0.002,99.356,340.055,17.722,0.026,-5.51,2.239
2018/3/20 7:00,8561,9867,138,1168,1.212,0.002,193.294,548.79,17.731,0.027,-4.465,2.479
2018/3/20 8:00,8589,10062,232,1241,1.21,0.002,279.054,719.748,17.722,0.029,-3.526,2.524
2018/3/20 9:00,8342,10118,312,1464,1.208,0.002,339.649,841.083,17.685,0.031,-2.783,2.532
2018/3/20 10:00,8185,10040,372,1483,1.206,0.002,392.38,904.801,17.617,0.034,-2.137,2.567
2018/3/20 11:00,7885,9863,399,1579,1.204,0.002,411.028,906.423,17.523,0.033,-1.613,2.614
2018/3/20 12:00,7795,9869,383,1691,1.202,0.002,404.618,845.939,17.419,0.032,-1.252,2.662
2018/3/20 13:00,7626,9743,331,1786,1.201,0.002,360.349,727.408,17.328,0.027,-1.102,2.643
2018/3/20 14:00,7574,9658,261,1823,1.201,0.002,267.522,559.018,17.27,0.022,-1.227,2.481
2018/3/20 15:00,7487,9424,173,1764,1.201,0.002,159.822,352.225,17.248,0.015,-1.641,1.993
2018/3/20 16:00,7742,9443,81,1620,1.203,0.002,45.242,121.701,17.248,0.009,-3.093,1.187
2018/3/20 17:00,8307,9794,24,1463,1.206,0.002,0.271,1.321,17.254,0.006,-4.89,1.083
2018/3/20 18:00,8150,9533,0,1383,1.21,0.002,0,0,17.261,0.005,-5.616,1.169
2018/3/20 19:00,7553,8835,0,1282,1.213,0.002,0,0,17.268,0.005,-6.173,1.224
2018/3/20 20:00,6962,8208,0,1246,1.216,0.002,0,0,17.275,0.006,-6.633,1.296
2018/3/20 21:00,6872,7981,0,1109,1.218,0.002,0,0,17.284,0.008,-7.032,1.311
2018/3/20 22:00,6321,7557,0,1236,1.22,0.002,0,0,17.295,0.012,-7.274,1.378
2018/3/20 23:00,5908,7247,0,1339,1.222,0.002,0,0,17.312,0.017,-7.37,1.458
2018/3/21 0:00,5521,6994,0,1473,1.223,0.002,0,0,17.334,0.022,-7.378,1.587
2018/3/21 1:00,5132,6902,0,1770,1.224,0.002,0,0,17.359,0.025,-7.367,1.73
2018/3/21 2:00,4932,6738,0,1806,1.226,0.002,0,0,17.386,0.028,-7.428,1.823
2018/3/21 3:00,5332,6884,0,1552,1.227,0.002,0,0,17.416,0.031,-7.46,1.815
2018/3/21 4:00,6259,7558,0,1299,1.228,0.002,0.086,0.387,17.45,0.034,-7.403,1.722
2018/3/21 5:00,7346,8496,22,1128,1.228,0.002,44.48,116.168,17.487,0.038,-6.762,1.774
2018/3/21 6:00,8401,9373,109,863,1.225,0.002,165.611,346.89,17.523,0.04,-4.699,2.098
2018/3/21 7:00,8807,9732,209,716,1.22,0.003,281.797,555.509,17.549,0.049,-2.852,2.466
2018/3/21 8:00,8631,9800,276,893,1.216,0.003,369.468,726.325,17.549,0.063,-1.679,2.636
2018/3/21 9:00,8397,9809,328,1084,1.214,0.003,459.833,847.682,17.495,0.054,-0.865,2.764
2018/3/21 10:00,8165,9801,387,1249,1.212,0.003,505.373,911.307,17.385,0.046,-0.323,2.867
2018/3/21 11:00,7785,9568,423,1360,1.211,0.003,510.735,912.922,17.239,0.034,-0.054,2.933
2018/3/21 12:00,7725,9537,423,1389,1.21,0.003,486.007,852.426,17.091,0.026,0.067,2.953
2018/3/21 13:00,7727,9448,389,1332,1.209,0.003,427.559,733.977,16.961,0.019,0.026,2.915
2018/3/21 14:00,7664,9333,331,1338,1.209,0.002,325.216,565.741,16.869,0.014,-0.272,2.772
2018/3/21 15:00,7764,9281,217,1300,1.21,0.002,192.746,359.003,16.824,0.009,-0.876,2.332
2018/3/21 16:00,8217,9404,93,1094,1.212,0.002,55.071,128.361,16.816,0.005,-2.469,1.463
2018/3/21 17:00,8841,9820,25,954,1.215,0.002,0.427,1.73,16.82,0.004,-4.254,1.215
2018/3/21 18:00,8815,9583,0,768,1.217,0.002,0,0,16.823,0.001,-4.786,1.167
2018/3/21 19:00,8403,8970,0,567,1.219,0.002,0,0,16.825,0.001,-5.164,1.062
2018/3/21 20:00,7971,8371,0,400,1.221,0.002,0,0,16.826,0,-5.573,0.942
2018/3/21 21:00,7893,8212,0,319,1.222,0.002,0,0,16.827,0,-5.963,0.887
2018/3/21 22:00,7460,7705,0,245,1.224,0.002,0,0,16.828,0,-6.43,0.881
2018/3/21 23:00,7266,7453,0,187,1.225,0.002,0,0,16.829,0,-6.952,0.886
2018/3/22 0:00,7108,7216,0,108,1.226,0.002,0,0,16.83,0,-7.593,0.92
2018/3/22 1:00,6943,7039,0,96,1.228,0.002,0,0,16.831,0,-8.187,0.962
2018/3/22 2:00,6840,6951,0,111,1.229,0.002,0,0,16.832,0,-8.716,1.014
2018/3/22 3:00,7005,7115,0,110,1.23,0.002,0,0,16.833,0,-9.148,1.055
2018/3/22 4:00,7632,7756,0,124,1.231,0.002,0.176,0.706,16.834,0,-9.459,1.083
2018/3/22 5:00,8469,8626,12,145,1.231,0.002,67.533,122.728,16.835,0,-8.623,1.154
2018/3/22 6:00,8996,9281,101,184,1.228,0.002,242.848,353.676,16.833,0,-5.394,1.479
2018/3/22 7:00,9066,9450,246,138,1.218,0.002,422.532,562.196,16.802,0,-2.377,1.337
2018/3/22 8:00,8886,9382,409,87,1.209,0.002,573.22,732.844,16.661,0,-0.234,1.142
2018/3/22 9:00,8713,9320,544,63,1.204,0.002,675.873,854.16,16.401,0,1.075,0.981
2018/3/22 10:00,8583,9267,628,56,1.198,0.002,735.616,917.77,16.068,0,2.043,1.087
2018/3/22 11:00,8343,9047,646,58,1.194,0.003,735.713,919.376,15.702,0,2.716,1.193
2018/3/22 12:00,8275,8937,609,53,1.191,0.003,668.411,858.944,15.327,0,3.032,1.221
2018/3/22 13:00,8276,8847,522,49,1.188,0.003,543.845,740.545,15.023,0,2.959,1.184
2018/3/22 14:00,8415,8865,397,53,1.187,0.003,382.313,572.345,14.839,0.001,2.457,1.099
2018/3/22 15:00,8457,8766,250,59,1.188,0.003,208.094,365.793,14.764,0.003,1.422,0.892
2018/3/22 16:00,8822,9020,116,82,1.19,0.003,55.5,135.102,14.754,0.007,-0.791,0.686
2018/3/22 17:00,9304,9487,33,150,1.194,0.003,0.449,2.238,14.762,0.01,-2.59,0.753
2018/3/22 18:00,9068,9322,1,253,1.196,0.003,0,0,14.781,0.024,-3.016,0.803
2018/3/22 19:00,8344,8699,0,355,1.198,0.003,0,0,14.811,0.033,-3.301,0.844
2018/3/22 20:00,7664,7972,0,308,1.199,0.003,0,0,14.847,0.037,-3.593,0.913
2018/3/22 21:00,7554,7798,0,244,1.199,0.003,0,0,14.884,0.035,-3.939,0.967
2018/3/22 22:00,7004,7294,0,290,1.199,0.003,0,0,14.92,0.035,-4.238,1.029
2018/3/22 23:00,6596,7084,0,488,1.2,0.003,0,0,14.959,0.041,-4.319,1.107
2018/3/23 0:00,6007,6896,0,889,1.2,0.003,0,0,15.007,0.052,-4.304,1.158
2018/3/23 1:00,5623,6754,0,1131,1.2,0.003,0,0,15.066,0.061,-4.231,1.201
2018/3/23 2:00,5510,6678,0,1168,1.2,0.003,0,0,15.127,0.058,-4.141,1.286
2018/3/23 3:00,5732,6837,0,1105,1.2,0.003,0,0,15.182,0.05,-4.167,1.35
2018/3/23 4:00,6507,7503,0,996,1.199,0.003,0.262,1.145,15.229,0.043,-4.205,1.425
2018/3/23 5:00,7547,8349,15,787,1.198,0.003,50.503,129.333,15.272,0.04,-3.46,1.668
2018/3/23 6:00,8589,9311,73,649,1.195,0.003,169.934,360.447,15.31,0.043,-1.624,1.999
2018/3/23 7:00,8855,9728,133,740,1.19,0.003,277.677,568.843,15.317,0.047,0.061,2.315
2018/3/23 8:00,8779,9831,181,871,1.184,0.004,345.546,739.407,15.275,0.046,1.315,2.419
2018/3/23 9:00,8551,9805,231,1023,1.181,0.004,414.62,860.593,15.178,0.045,2.223,2.48
2018/3/23 10:00,8156,9634,290,1188,1.177,0.004,498.335,924.133,15.017,0.035,3.041,2.586
2018/3/23 11:00,7777,9396,324,1295,1.173,0.004,536.107,925.768,14.811,0.031,3.694,2.673
2018/3/23 12:00,7697,9214,325,1192,1.171,0.004,472.431,865.364,14.602,0.025,3.878,2.618
2018/3/23 13:00,7818,9145,301,1026,1.17,0.004,391.852,747.056,14.428,0.02,3.78,2.441
2018/3/23 14:00,7820,9016,253,943,1.17,0.004,284.103,578.942,14.311,0.017,3.373,2.033
2018/3/23 15:00,7739,8963,167,1057,1.171,0.004,171.943,372.539,14.252,0.014,2.473,1.272
2018/3/23 16:00,7837,9099,78,1184,1.173,0.004,53.241,141.906,14.244,0.011,0.473,0.911
2018/3/23 17:00,8139,9346,24,1183,1.175,0.003,0.774,2.863,14.257,0.012,-1.036,1.064
2018/3/23 18:00,7916,8985,0,1069,1.178,0.003,0,0,14.268,0.009,-1.363,1.12
2018/3/23 19:00,7340,8352,0,1012,1.18,0.003,0,0,14.277,0.008,-1.658,1.133
2018/3/23 20:00,6862,7842,0,980,1.183,0.003,0,0,14.286,0.008,-2.02,1.143
2018/3/23 21:00,6763,7699,0,936,1.184,0.003,0,0,14.294,0.007,-2.32,1.13
2018/3/23 22:00,6520,7227,0,707,1.185,0.003,0,0,14.302,0.007,-2.515,1.085
2018/3/23 23:00,6322,6907,0,585,1.185,0.003,0,0,14.308,0.004,-2.71,1.018
2018/3/24 0:00,6074,6655,0,581,1.186,0.003,0,0,14.311,0.003,-2.958,0.961
2018/3/24 1:00,6019,6518,0,499,1.187,0.003,0,0,14.315,0.003,-3.196,0.919
2018/3/24 2:00,5940,6294,0,354,1.187,0.003,0,0,14.318,0.003,-3.333,0.95
2018/3/24 3:00,6050,6298,0,248,1.189,0.003,0,0,14.321,0.002,-3.556,0.951
2018/3/24 4:00,6363,6560,1,196,1.19,0.003,0.317,1.722,14.324,0.002,-3.845,0.902
2018/3/24 5:00,6645,6818,33,140,1.191,0.003,55.725,136.002,14.326,0.001,-3.349,0.997
2018/3/24 6:00,7097,7325,140,88,1.189,0.003,207.185,367.183,14.32,0.001,-1.232,1.15
2018/3/24 7:00,7386,7696,268,42,1.182,0.003,391.071,575.393,14.272,0.001,0.966,1.364
2018/3/24 8:00,7486,7880,353,41,1.176,0.003,539.227,745.832,14.158,0,2.828,1.58
2018/3/24 9:00,7431,7920,413,76,1.171,0.003,635.503,866.934,13.952,0,4.126,1.701
2018/3/24 10:00,7325,7911,479,107,1.167,0.003,699.624,930.483,13.685,0,5.134,1.809
2018/3/24 11:00,6994,7636,499,143,1.164,0.004,715.657,932.068,13.423,0,5.886,1.929
2018/3/24 12:00,6611,7280,481,188,1.162,0.004,663.037,871.678,13.201,0,6.264,2.042
2018/3/24 13:00,6466,7148,429,253,1.16,0.004,558.764,753.493,13.033,0,6.226,2.111
2018/3/24 14:00,6355,7088,358,375,1.161,0.004,406.924,585.489,12.916,0,5.699,2.064
2018/3/24 15:00,6300,7129,235,594,1.162,0.004,234.418,379.231,12.854,0.001,4.518,1.65
2018/3/24 16:00,6448,7403,104,851,1.166,0.004,71.996,148.748,12.838,0,1.681,1.151
2018/3/24 17:00,6659,7858,29,1170,1.17,0.003,1.142,3.633,12.838,0,-0.566,1.325
2018/3/24 18:00,6427,7730,1,1302,1.176,0.003,0,0,12.838,0,-1.07,1.463
2018/3/24 19:00,6015,7364,0,1349,1.18,0.003,0,0,12.839,0.001,-1.571,1.468
2018/3/24 20:00,5695,6902,0,1207,1.183,0.003,0,0,12.84,0.001,-2,1.456
2018/3/24 21:00,5848,6941,0,1093,1.186,0.003,0,0,12.842,0.001,-2.339,1.469
2018/3/24 22:00,5414,6558,0,1144,1.187,0.003,0,0,12.843,0.001,-2.522,1.51
2018/3/24 23:00,5127,6277,0,1150,1.189,0.003,0,0,12.845,0.001,-2.658,1.539
2018/3/25 0:00,4795,5987,0,1192,1.191,0.003,0,0,12.847,0.002,-2.772,1.56
2018/3/25 1:00,4691,5932,0,1241,1.193,0.003,0,0,12.85,0.002,-2.888,1.59
2018/3/25 2:00,4616,5895,0,1279,1.194,0.003,0,0,12.852,0.002,-2.941,1.72
2018/3/25 3:00,4628,5910,0,1282,1.195,0.003,0,0,12.854,0.002,-3.104,1.716
2018/3/25 4:00,4763,6024,1,1260,1.196,0.003,0.507,2.448,12.856,0.002,-3.294,1.706
2018/3/25 5:00,5152,6447,44,1251,1.196,0.003,55.916,142.69,12.858,0.002,-2.82,1.836
2018/3/25 6:00,5426,6732,143,1163,1.193,0.003,216.672,373.861,12.857,0.001,-0.901,2.105
2018/3/25 7:00,5587,6937,264,1086,1.186,0.003,395.579,581.928,12.838,0.001,1.351,2.402
2018/3/25 8:00,5558,7161,352,1251,1.179,0.003,550.075,752.241,12.785,0,3.475,2.509
2018/3/25 9:00,5461,7295,425,1409,1.174,0.004,664.204,873.241,12.702,0,4.971,2.491
2018/3/25 10:00,5038,7071,509,1524,1.171,0.004,720.038,936.726,12.599,0,5.951,2.444
2018/3/25 11:00,4764,6746,541,1441,1.168,0.004,715.671,938.322,12.491,0,6.573,2.403
2018/3/25 12:00,4687,6557,526,1344,1.166,0.004,660.673,878.029,12.371,0,6.833,2.338
2018/3/25 13:00,4717,6382,472,1193,1.165,0.004,551.861,759.91,12.269,0,6.711,2.253
2018/3/25 14:00,4925,6308,385,998,1.165,0.004,398.31,592.061,12.194,0.001,6.125,2.147
2018/3/25 15:00,5500,6539,245,794,1.167,0.004,223.935,385.905,12.15,0.001,5.04,1.923
2018/3/25 16:00,6152,6887,103,632,1.17,0.004,68.955,155.581,12.139,0.001,2.78,1.405
2018/3/25 17:00,6686,7180,17,477,1.175,0.004,1.207,4.577,12.14,0.002,0.646,1.267
2018/3/25 18:00,6789,7208,0,419,1.178,0.004,0,0,12.142,0.002,0.017,1.247
2018/3/25 19:00,6445,6899,0,454,1.181,0.004,0,0,12.145,0.002,-0.439,1.186
2018/3/25 20:00,6475,6932,0,457,1.183,0.004,0,0,12.147,0.002,-0.744,1.166
2018/3/25 21:00,6209,6653,0,444,1.184,0.004,0,0,12.149,0.002,-0.951,1.088
2018/3/25 22:00,5969,6421,0,452,1.185,0.004,0,0,12.151,0.002,-1.09,1.019
2018/3/25 23:00,5743,6212,0,469,1.185,0.004,0,0,12.153,0.002,-1.221,0.938
2018/3/26 0:00,5641,6095,0,454,1.186,0.004,0,0,12.156,0.002,-1.379,0.872
2018/3/26 1:00,5605,6003,0,398,1.187,0.004,0,0,12.159,0.003,-1.551,0.821
2018/3/26 2:00,5964,6251,0,287,1.188,0.003,0,0,12.162,0.003,-1.721,0.795
2018/3/26 3:00,6658,6908,0,250,1.189,0.003,0,0,12.166,0.004,-1.908,0.749
2018/3/26 4:00,7726,7929,3,200,1.191,0.003,0.783,3.332,12.17,0.004,-2.043,0.692
2018/3/26 5:00,8634,8837,49,154,1.192,0.004,61.724,149.388,12.175,0.005,-1.221,0.823
2018/3/26 6:00,9091,9327,147,89,1.19,0.004,203.751,380.494,12.177,0.004,0.633,0.958
2018/3/26 7:00,9117,9411,262,32,1.183,0.004,372.309,588.397,12.167,0.004,2.915,1.064
2018/3/26 8:00,9141,9500,343,16,1.177,0.004,489.669,758.651,12.141,0.006,4.734,1.152
2018/3/26 9:00,9148,9573,406,19,1.173,0.004,547.605,879.564,12.106,0.006,5.779,1.069
2018/3/26 10:00,8683,9188,476,29,1.171,0.004,554.529,942.938,12.069,0.006,6.362,0.982
2018/3/26 11:00,8621,9147,478,48,1.169,0.004,547.672,944.518,12.034,0.006,6.733,1.064
2018/3/26 12:00,8559,9087,434,94,1.168,0.004,490.546,884.275,11.998,0.006,6.81,1.231
2018/3/26 13:00,8357,8970,375,238,1.168,0.004,422.264,766.216,11.968,0.006,6.656,1.434
2018/3/26 14:00,8060,8819,291,468,1.168,0.004,289.058,598.537,11.948,0.006,6.109,1.504
2018/3/26 15:00,8281,8847,182,384,1.17,0.004,153.764,392.524,11.939,0.006,5.159,1.17
2018/3/26 16:00,8568,8902,80,254,1.172,0.004,47.255,162.395,11.941,0.012,3.091,0.679
2018/3/26 17:00,8662,8887,13,212,1.175,0.004,0.868,5.716,11.954,0.019,1.379,0.783
2018/3/26 18:00,8347,8541,0,194,1.178,0.004,0,0,11.988,0.052,0.858,0.791
2018/3/26 19:00,7650,7854,0,204,1.18,0.004,0,0,12.045,0.069,0.468,0.787
2018/3/26 20:00,7409,7578,0,169,1.182,0.004,0,0,12.11,0.069,0.166,0.782
2018/3/26 21:00,6855,7159,0,304,1.184,0.004,0,0,12.17,0.062,-0.061,0.818
2018/3/26 22:00,6260,6768,0,508,1.186,0.004,0,0,12.224,0.054,-0.282,0.874
2018/3/26 23:00,5794,6498,0,704,1.187,0.004,0,0,12.275,0.052,-0.409,0.93
2018/3/27 0:00,5520,6317,0,797,1.188,0.004,0,0,12.326,0.053,-0.426,0.995
2018/3/27 1:00,5358,6183,0,825,1.188,0.004,0,0,12.379,0.056,-0.418,1.072
2018/3/27 2:00,5521,6372,0,851,1.189,0.004,0,0,12.436,0.061,-0.408,1.137
2018/3/27 3:00,6182,6996,0,814,1.189,0.004,0,0,12.503,0.077,-0.47,1.135
2018/3/27 4:00,7320,8022,4,698,1.189,0.004,0.655,4.387,12.589,0.095,-0.45,1.117
2018/3/27 5:00,8203,8908,44,661,1.19,0.004,34.941,156.088,12.695,0.116,0.202,1.26
2018/3/27 6:00,8755,9354,127,472,1.188,0.004,115.336,387.114,12.799,0.103,1.506,1.485
2018/3/27 7:00,8867,9465,228,370,1.185,0.004,224.496,594.874,12.877,0.088,2.923,1.665
2018/3/27 8:00,8985,9541,293,263,1.181,0.004,333.516,764.919,12.907,0.056,4.166,1.737
2018/3/27 9:00,9022,9526,343,161,1.178,0.004,411.606,885.688,12.883,0.037,5.07,1.731
2018/3/27 10:00,8684,9230,395,151,1.176,0.004,440.718,949.111,12.81,0.02,5.634,1.762
2018/3/27 11:00,8514,9133,427,192,1.174,0.004,418.425,950.682,12.71,0.01,5.865,1.809
2018/3/27 12:00,8306,8965,427,232,1.173,0.004,369.865,890.471,12.618,0.008,5.838,1.83
2018/3/27 13:00,8134,8768,402,232,1.173,0.004,304.913,772.446,12.545,0.006,5.644,1.756
2018/3/27 14:00,8109,8672,336,227,1.173,0.004,227.569,604.896,12.491,0.004,5.297,1.572
2018/3/27 15:00,8176,8722,216,330,1.174,0.004,137.91,399.119,12.461,0.004,4.662,1.115
2018/3/27 16:00,8373,8835,97,365,1.176,0.004,50.665,169.196,12.454,0.006,3.183,0.581
2018/3/27 17:00,8565,8784,18,201,1.178,0.004,1.446,7.051,12.461,0.008,1.602,0.731
2018/3/27 18:00,8333,8597,0,264,1.18,0.004,0,0,12.47,0.01,0.891,0.76
2018/3/27 19:00,7791,8011,0,220,1.182,0.004,0,0,12.482,0.012,0.255,0.753
2018/3/27 20:00,7580,7808,0,228,1.184,0.004,0,0,12.499,0.015,-0.341,0.75
2018/3/27 21:00,7123,7285,0,162,1.185,0.004,0,0,12.52,0.021,-0.844,0.772
2018/3/27 22:00,6780,6860,0,80,1.186,0.004,0,0,12.551,0.033,-1.155,0.805
2018/3/27 23:00,6536,6587,0,51,1.186,0.004,0,0,12.593,0.043,-1.262,0.796
2018/3/28 0:00,6408,6448,0,40,1.186,0.004,0,0,12.643,0.046,-1.137,0.761
2018/3/28 1:00,6294,6356,0,62,1.185,0.004,0,0,12.699,0.052,-0.912,0.73
2018/3/28 2:00,6420,6512,0,92,1.185,0.004,0,0,12.763,0.062,-0.756,0.707
2018/3/28 3:00,7010,7127,0,117,1.184,0.004,0,0,12.832,0.065,-0.703,0.709
2018/3/28 4:00,7962,8124,0,162,1.184,0.004,0.952,5.613,12.896,0.052,-0.738,0.713
2018/3/28 5:00,8747,9052,29,276,1.184,0.004,46.636,162.795,12.946,0.04,0.122,0.749
2018/3/28 6:00,9022,9398,97,279,1.182,0.004,153.637,393.698,12.97,0.029,1.826,1.272
2018/3/28 7:00,9052,9445,210,183,1.176,0.005,288.059,601.286,12.958,0.022,3.816,1.697
2018/3/28 8:00,8946,9464,338,180,1.169,0.005,401.056,771.148,12.905,0.012,5.6,1.973
2018/3/28 9:00,8714,9372,444,214,1.164,0.005,486.563,891.837,12.81,0.01,6.899,2.079
2018/3/28 10:00,8432,9159,504,223,1.16,0.005,510.955,955.138,12.671,0.004,7.821,2.089
2018/3/28 11:00,8301,9014,507,206,1.156,0.005,482.836,956.708,12.502,0.002,8.466,1.983
2018/3/28 12:00,8118,8897,478,301,1.153,0.005,463.224,896.54,12.335,0.003,9.037,1.895
2018/3/28 13:00,7972,8799,412,415,1.151,0.006,353.326,778.679,12.201,0.004,9.128,1.795
2018/3/28 14:00,7860,8703,312,531,1.15,0.006,227.771,611.291,12.114,0.01,8.703,1.485
2018/3/28 15:00,8205,8674,206,263,1.151,0.006,104.795,405.672,12.075,0.011,7.735,0.997
2018/3/28 16:00,8384,8722,104,234,1.151,0.006,28.353,175.957,12.069,0.01,5.992,0.785
2018/3/28 17:00,8317,8740,22,401,1.153,0.005,0.864,8.582,12.077,0.008,4.618,0.952
2018/3/28 18:00,7751,8469,1,717,1.154,0.005,0,0,12.087,0.007,4.279,1.14
2018/3/28 19:00,6879,7868,0,989,1.156,0.005,0,0,12.096,0.008,4.146,1.347
2018/3/28 20:00,6481,7631,0,1150,1.157,0.005,0,0,12.105,0.006,3.955,1.439
2018/3/28 21:00,6037,7138,0,1101,1.158,0.005,0,0,12.112,0.005,3.952,1.581
2018/3/28 22:00,5862,6834,0,972,1.159,0.005,0,0,12.12,0.004,3.949,1.688
2018/3/28 23:00,5861,6539,0,678,1.159,0.005,0,0,12.13,0.008,3.9,1.66
2018/3/29 0:00,5768,6386,0,618,1.159,0.005,0,0,12.149,0.019,3.806,1.54
2018/3/29 1:00,5789,6280,0,491,1.159,0.005,0,0,12.179,0.03,3.769,1.469
2018/3/29 2:00,5977,6386,0,409,1.159,0.005,0,0,12.209,0.029,3.663,1.382
2018/3/29 3:00,6619,7016,0,397,1.161,0.005,0,0,12.233,0.022,3.555,1.404
2018/3/29 4:00,7351,7899,6,542,1.162,0.005,0.456,7.01,12.247,0.017,3.512,1.466
2018/3/29 5:00,8156,8862,46,660,1.164,0.005,22.47,169.477,12.258,0.015,3.705,1.692
2018/3/29 6:00,8499,9294,119,676,1.166,0.005,82.9,400.217,12.263,0.013,4.273,2.044
2018/3/29 7:00,8357,9399,202,840,1.166,0.005,237.744,607.605,12.259,0.013,5.14,2.428
2018/3/29 8:00,8286,9524,259,979,1.163,0.005,405.558,777.347,12.225,0.01,6.346,2.683
2018/3/29 9:00,8331,9622,304,987,1.161,0.005,479.24,897.89,12.14,0.011,7.366,2.642
2018/3/29 10:00,8176,9318,360,782,1.159,0.005,485.125,961.128,12.025,0.012,7.964,2.466
2018/3/29 11:00,8267,9238,353,618,1.157,0.005,483.906,962.706,11.9,0.016,8.402,2.308
2018/3/29 12:00,8324,9138,311,503,1.155,0.005,429.858,902.62,11.794,0.02,8.59,2.106
2018/3/29 13:00,8383,9057,266,408,1.155,0.005,327.846,784.854,11.721,0.024,8.381,1.851
2018/3/29 14:00,8277,8913,208,428,1.156,0.005,218.151,617.602,11.685,0.027,7.803,1.542
2018/3/29 15:00,8552,8973,133,288,1.158,0.005,111.331,412.2,11.694,0.049,6.875,1.115
2018/3/29 16:00,8683,9012,61,268,1.162,0.005,29.119,182.674,11.779,0.129,5.341,0.715
2018/3/29 17:00,8480,8787,10,297,1.167,0.005,1.08,10.306,11.968,0.251,3.932,0.729
2018/3/29 18:00,8104,8402,0,298,1.171,0.005,0,0,12.309,0.434,3.227,0.784
2018/3/29 19:00,7426,7794,0,368,1.174,0.005,0,0,12.702,0.386,2.681,0.832
2018/3/29 20:00,7167,7577,0,410,1.176,0.005,0,0,13.036,0.314,2.222,0.849
2018/3/29 21:00,6826,7046,0,220,1.178,0.005,0,0,13.289,0.201,1.835,0.977
2018/3/29 22:00,6549,6697,0,148,1.179,0.004,0,0,13.429,0.087,1.585,1.145
2018/3/29 23:00,6384,6469,0,85,1.179,0.004,0,0,13.474,0.023,1.289,1.005
2018/3/30 0:00,6288,6347,0,59,1.179,0.004,0,0,13.494,0.018,1.078,0.932
2018/3/30 1:00,6115,6177,0,62,1.178,0.004,0,0,13.516,0.025,0.815,0.843
2018/3/30 2:00,6325,6352,0,27,1.177,0.004,0,0,13.542,0.026,0.56,0.81
2018/3/30 3:00,6848,6871,0,23,1.177,0.004,0,0,13.571,0.03,0.354,0.769
2018/3/30 4:00,7663,7700,0,37,1.178,0.004,1.867,8.582,13.607,0.038,0.261,0.701
2018/3/30 5:00,8392,8482,37,53,1.178,0.004,62.787,176.145,13.648,0.043,1.333,0.685
2018/3/30 6:00,8703,8901,122,76,1.176,0.005,172.741,406.721,13.653,0.044,3.112,1.118
2018/3/30 7:00,8603,8962,244,115,1.171,0.005,274.142,613.837,13.587,0.034,4.643,1.69
2018/3/30 8:00,8337,8995,366,292,1.165,0.005,363.894,783.458,13.444,0.025,6.074,2.112
2018/3/30 9:00,7979,8970,505,486,1.161,0.005,422.961,903.9,13.227,0.016,7.2,2.331
2018/3/30 10:00,7302,8687,606,779,1.157,0.005,462.32,967.085,12.97,0.009,8.12,2.427
2018/3/30 11:00,6723,8425,637,1065,1.153,0.006,464.63,968.648,12.677,0.005,8.838,2.476
2018/3/30 12:00,6389,8211,617,1205,1.15,0.006,439.808,908.61,12.401,0.005,9.297,2.5
2018/3/30 13:00,6293,8105,549,1263,1.147,0.006,397.537,790.977,12.168,0.007,9.558,2.534
2018/3/30 14:00,6086,7983,431,1466,1.145,0.006,310.995,623.87,11.992,0.008,9.466,2.491
2018/3/30 15:00,6112,8050,279,1659,1.144,0.006,186.442,418.653,11.877,0.008,8.939,2.236
2018/3/30 16:00,6370,8132,133,1629,1.145,0.006,66.888,189.36,11.813,0.009,7.494,1.62
2018/3/30 17:00,6516,8123,28,1579,1.148,0.006,2.637,12.22,11.782,0.01,5.713,1.454
2018/3/30 18:00,6501,7959,1,1457,1.15,0.006,0,0,11.756,0.006,5.295,1.571
2018/3/30 19:00,5999,7374,0,1375,1.152,0.006,0,0,11.727,0.007,5.103,1.596
2018/3/30 20:00,5711,7091,0,1380,1.152,0.006,0,0,11.703,0.01,4.937,1.576
2018/3/30 21:00,5145,6593,0,1448,1.152,0.006,0,0,11.68,0.009,4.845,1.519
2018/3/30 22:00,4837,6207,0,1370,1.152,0.006,0,0,11.656,0.012,4.779,1.471
2018/3/30 23:00,4621,5844,0,1223,1.151,0.006,0,0,11.635,0.014,4.709,1.453
2018/3/31 0:00,4356,5644,0,1288,1.151,0.006,0,0,11.619,0.016,4.568,1.463
2018/3/31 1:00,3838,5495,0,1657,1.151,0.006,0,0,11.609,0.02,4.438,1.506
2018/3/31 2:00,3647,5528,0,1881,1.151,0.006,0,0,11.608,0.028,4.326,1.565
2018/3/31 3:00,3922,5779,0,1857,1.151,0.006,0,0,11.621,0.042,4.083,1.647
2018/3/31 4:00,4129,6182,5,2048,1.152,0.006,1.274,10.331,11.66,0.071,3.913,1.6
2018/3/31 5:00,4607,6728,47,2074,1.153,0.006,38.276,182.792,11.705,0.061,4.474,1.629
2018/3/31 6:00,4945,7193,129,2119,1.151,0.006,122.597,413.167,11.721,0.036,5.749,1.897
2018/3/31 7:00,5474,7507,229,1804,1.146,0.006,245.293,620.09,11.693,0.015,7.237,2.134
2018/3/31 8:00,5862,7598,282,1454,1.141,0.006,386.002,789.468,11.612,0.012,8.844,2.462
2018/3/31 9:00,5828,7716,303,1585,1.136,0.006,524.371,909.84,11.499,0.013,10.148,2.612
2018/3/31 10:00,5474,7538,321,1743,1.134,0.006,538.359,972.932,11.373,0.017,10.778,2.671
2018/3/31 11:00,5340,7307,310,1657,1.133,0.006,444.63,974.534,11.253,0.025,10.73,2.547
2018/3/31 12:00,5636,7098,271,1191,1.133,0.006,337.85,914.534,11.173,0.04,10.294,2.391
2018/3/31 13:00,5795,7021,225,1001,1.134,0.006,233.353,797.017,11.153,0.061,9.585,2.162
2018/3/31 14:00,5809,6976,172,995,1.136,0.006,156.59,630.071,11.19,0.094,8.793,1.915
2018/3/31 15:00,5959,7112,109,1044,1.138,0.006,84.297,425.081,11.28,0.126,7.902,1.508
2018/3/31 16:00,6470,7179,51,658,1.141,0.006,31.782,196.008,11.419,0.172,6.788,1.008
2018/3/31 17:00,6579,7096,8,509,1.143,0.006,1.414,14.321,11.641,0.267,5.612,0.762
2018/3/31 18:00,6477,6909,0,432,1.146,0.006,0,0,11.859,0.186,5.051,0.695
2018/3/31 19:00,5928,6504,0,576,1.149,0.006,0,0,12.055,0.218,4.695,0.736
2018/3/31 20:00,5613,6504,0,891,1.151,0.006,0,0,12.281,0.252,4.219,0.969
2018/3/31 21:00,4844,6091,0,1247,1.154,0.005,0,0,12.516,0.25,3.764,1.4
2018/3/31 22:00,4219,5654,0,1435,1.157,0.005,0,0,12.726,0.209,3.339,1.809
2018/3/31 23:00,3831,5351,0,1520,1.159,0.005,0,0,12.884,0.15,2.905,2.11
2018/4/1 0:00,3618,5328,0,1710,1.161,0.005,0,0,12.965,0.062,2.468,2.218
2018/4/1 1:00,3047,5171,0,2124,1.162,0.005,0,0,12.994,0.034,2.17,2.185
2018/4/1 2:00,2786,5198,0,2412,1.163,0.005,0,0,13.014,0.037,1.962,2.174
2018/4/1 3:00,2786,5365,0,2579,1.164,0.004,0,0,13.043,0.049,1.757,2.273
2018/4/1 4:00,2914,5512,6,2592,1.166,0.004,2.328,12.258,13.08,0.057,1.566,2.489
2018/4/1 5:00,3583,6060,43,2434,1.167,0.004,54.056,189.419,13.121,0.059,1.93,2.746
2018/4/1 6:00,3936,6446,106,2404,1.166,0.005,163.268,419.563,13.139,0.055,3.063,3.085
2018/4/1 7:00,4076,6736,200,2460,1.162,0.005,287.042,626.271,13.117,0.05,4.54,3.665
2018/4/1 8:00,4118,6931,312,2501,1.158,0.005,408.602,795.497,13.031,0.033,5.933,4.174
2018/4/1 9:00,4064,7073,425,2584,1.155,0.005,498.273,915.695,12.882,0.025,6.929,4.525
2018/4/1 10:00,3633,6769,531,2605,1.153,0.005,547.631,978.755,12.697,0.019,7.618,4.714
2018/4/1 11:00,3338,6413,566,2509,1.152,0.005,531.306,980.31,12.504,0.011,7.982,4.756
2018/4/1 12:00,3119,6203,536,2548,1.152,0.005,484.155,920.341,12.337,0.008,8.057,4.719
2018/4/1 13:00,3017,6126,480,2629,1.153,0.005,418.153,802.966,12.206,0.008,7.893,4.61
2018/4/1 14:00,2958,6015,402,2655,1.154,0.005,324.329,636.242,12.117,0.008,7.464,4.403
2018/4/1 15:00,3332,6227,270,2625,1.156,0.005,198.826,431.428,12.069,0.009,6.701,4.016
2018/4/1 16:00,3778,6551,129,2644,1.16,0.005,76.834,202.627,12.055,0.014,5.449,3.486
2018/4/1 17:00,3994,6564,27,2543,1.164,0.005,3.699,16.608,12.067,0.026,3.942,3.164
2018/4/1 18:00,4116,6658,0,2542,1.168,0.004,0,0,12.105,0.054,3.247,3.144
2018/4/1 19:00,3753,6314,0,2561,1.171,0.004,0,0,12.159,0.063,2.859,3.154
2018/4/1 20:00,3903,6368,0,2465,1.173,0.004,0,0,12.212,0.055,2.538,3.099
2018/4/1 21:00,3498,5998,0,2500,1.175,0.004,0,0,12.258,0.047,2.234,3.023
2018/4/1 22:00,3369,5738,0,2369,1.177,0.004,0,0,12.296,0.039,1.944,2.869
2018/4/1 23:00,3236,5460,0,2224,1.179,0.004,0,0,12.327,0.03,1.548,2.59
2018/4/2 0:00,3219,5386,0,2167,1.18,0.004,0,0,12.351,0.022,1.165,2.413
2018/4/2 1:00,3283,5207,0,1924,1.182,0.004,0,0,12.368,0.017,0.815,2.277
2018/4/2 2:00,3287,5248,0,1961,1.183,0.004,0,0,12.382,0.014,0.559,2.191
2018/4/2 3:00,3751,5485,0,1734,1.184,0.004,0,0,12.394,0.011,0.322,2.09
2018/4/2 4:00,4344,5682,0,1338,1.185,0.004,4.158,14.362,12.402,0.007,0.112,1.953
2018/4/2 5:00,4937,6041,50,1054,1.185,0.004,84.451,196.017,12.407,0.004,1.047,2.036
2018/4/2 6:00,5348,6336,166,822,1.183,0.004,227.538,425.913,12.401,0.001,2.916,2.355
2018/4/2 7:00,5201,6618,320,1097,1.178,0.004,403.389,632.36,12.363,0,4.759,2.563
2018/4/2 8:00,4869,6810,462,1479,1.173,0.004,566.189,801.404,12.264,0,6.473,2.484
2018/4/2 9:00,4907,6729,577,1245,1.168,0.004,666.725,921.499,12.124,0,7.979,2.278
2018/4/2 10:00,4864,6396,655,877,1.163,0.004,734.19,984.463,11.978,0,9.289,2.071
2018/4/2 11:00,4890,6113,681,542,1.158,0.004,757.977,986.032,11.823,0,10.388,1.874
2018/4/2 12:00,4779,5857,656,422,1.153,0.004,716.367,926.106,11.653,0,11.195,1.678
2018/4/2 13:00,4897,5727,577,253,1.149,0.004,614.896,808.894,11.466,0,11.635,1.478
2018/4/2 14:00,5075,5662,448,139,1.147,0.004,469.364,642.283,11.298,0,11.65,1.261
2018/4/2 15:00,5519,5937,297,121,1.146,0.005,292.926,437.755,11.187,0,11.208,1.02
2018/4/2 16:00,6008,6338,149,181,1.147,0.006,113.691,209.198,11.138,0,9.133,0.77
2018/4/2 17:00,6129,6610,35,446,1.149,0.005,6.043,19.08,11.128,0,5.832,1.076
2018/4/2 18:00,5961,6761,2,798,1.153,0.005,0,0,11.124,0,4.59,1.232
2018/4/2 19:00,5310,6452,0,1142,1.157,0.005,0,0,11.122,0.001,4.101,1.307
2018/4/2 20:00,5281,6466,0,1185,1.159,0.005,0,0,11.12,0.001,3.833,1.276
2018/4/2 21:00,4975,6142,0,1167,1.161,0.005,0,0,11.118,0.001,3.686,1.201
2018/4/2 22:00,4897,5832,0,935,1.162,0.005,0,0,11.115,0.001,3.622,1.159
2018/4/2 23:00,4789,5575,0,786,1.163,0.005,0,0,11.113,0.001,3.419,1.146
2018/4/3 0:00,4742,5453,0,711,1.165,0.005,0,0,11.111,0.001,3.074,1.139
2018/4/3 1:00,4772,5399,0,627,1.166,0.005,0,0,11.11,0.001,2.84,1.151
2018/4/3 2:00,4989,5602,0,613,1.168,0.005,0,0,11.109,0.001,2.625,1.216
2018/4/3 3:00,5723,6402,0,679,1.169,0.005,0,0,11.11,0.004,2.34,1.164
2018/4/3 4:00,6695,7407,1,711,1.171,0.005,3.926,16.643,11.111,0.001,2.273,1.082
2018/4/3 5:00,7516,8324,53,755,1.171,0.005,68.854,202.578,11.109,0,3.455,1.184
2018/4/3 6:00,8087,8642,170,385,1.168,0.005,197.215,432.202,11.098,0,5.55,1.535
2018/4/3 7:00,8010,8569,329,230,1.16,0.006,362.486,638.455,11.067,0,8.115,1.648
2018/4/3 8:00,7973,8597,487,137,1.149,0.006,548.207,807.282,11.004,0,11.124,1.642
2018/4/3 9:00,7787,8549,615,147,1.141,0.006,670.055,927.217,10.879,0,13.291,1.431
2018/4/3 10:00,7382,8278,690,206,1.136,0.006,712.024,990.073,10.715,0.001,14.727,1.205
2018/4/3 11:00,7208,8191,708,275,1.131,0.006,690.173,991.684,10.565,0.004,15.556,1.389
2018/4/3 12:00,6989,8075,674,412,1.129,0.006,595.41,931.813,10.445,0.007,15.695,1.834
2018/4/3 13:00,6878,7998,593,527,1.129,0.007,453.55,814.76,10.342,0.004,15.237,2.123
2018/4/3 14:00,6759,7888,462,667,1.13,0.007,295.641,648.325,10.261,0.009,14.304,2.178
2018/4/3 15:00,6626,7893,304,963,1.132,0.007,156.463,444.003,10.2,0.006,13.002,1.899
2018/4/3 16:00,6452,7943,150,1341,1.135,0.007,62.637,215.732,10.159,0.002,11.309,1.695
2018/4/3 17:00,6235,8048,35,1778,1.139,0.007,5.174,21.734,10.138,0.001,9.539,1.71
2018/4/3 18:00,6231,8058,2,1825,1.144,0.007,0,0,10.126,0.001,8.617,1.795
2018/4/3 19:00,5639,7426,0,1787,1.147,0.006,0,0,10.116,0.003,7.971,1.735
2018/4/3 20:00,5569,7112,0,1543,1.15,0.006,0,0,10.109,0.008,7.49,1.609
2018/4/3 21:00,5376,6534,0,1158,1.151,0.006,0,0,10.104,0.01,7.089,1.479
2018/4/3 22:00,5157,6160,0,1003,1.153,0.006,0,0,10.1,0.006,6.625,1.398
2018/4/3 23:00,4991,5860,0,869,1.154,0.006,0,0,10.095,0.002,6.151,1.321
2018/4/4 0:00,4983,5784,0,801,1.155,0.006,0,0,10.09,0.001,5.685,1.285
2018/4/4 1:00,4972,5696,0,724,1.155,0.006,0,0,10.087,0.001,5.434,1.258
2018/4/4 2:00,4996,5788,0,792,1.155,0.006,0,0,10.087,0.001,5.224,1.207
2018/4/4 3:00,5616,6493,0,877,1.156,0.006,0,0,10.087,0.002,4.878,1.178
2018/4/4 4:00,6783,7644,1,860,1.157,0.005,4.317,19.104,10.088,0.002,4.604,1.16
2018/4/4 5:00,7472,8572,49,1051,1.157,0.006,64.709,209.095,10.088,0.002,5.871,1.215
2018/4/4 6:00,7695,8914,160,1059,1.156,0.006,148.303,438.437,10.084,0.002,7.645,1.442
2018/4/4 7:00,7486,8829,308,1035,1.153,0.006,250.322,644.489,10.06,0.002,9.146,1.432
2018/4/4 8:00,7132,8684,446,1106,1.145,0.006,389.139,813.094,9.995,0.002,11.157,1.712
2018/4/4 9:00,6935,8622,555,1132,1.139,0.006,471.274,932.861,9.868,0.002,12.74,2.012
2018/4/4 10:00,6508,8318,621,1189,1.134,0.006,512.738,995.665,9.686,0.001,13.789,2.1
2018/4/4 11:00,6358,8219,659,1202,1.131,0.006,554.601,997.193,9.478,0.001,14.555,2.181
2018/4/4 12:00,6207,8113,644,1262,1.127,0.007,597.359,937.457,9.271,0.001,15.238,2.338
2018/4/4 13:00,6074,7960,572,1314,1.125,0.007,546.434,820.509,9.084,0.002,15.564,2.396
2018/4/4 14:00,5982,7884,450,1452,1.123,0.007,423.08,654.337,8.937,0.003,15.329,2.327
2018/4/4 15:00,6232,7918,300,1386,1.124,0.007,248.574,450.249,8.847,0.003,14.329,2.144
2018/4/4 16:00,6269,8097,151,1677,1.128,0.008,91.065,222.215,8.809,0.005,12.18,1.923
2018/4/4 17:00,6176,8066,36,1854,1.134,0.007,6.542,24.565,8.807,0.006,9.926,1.968
2018/4/4 18:00,6135,7981,2,1844,1.14,0.007,0,0,8.812,0.006,8.782,2.003
2018/4/4 19:00,5810,7406,0,1596,1.144,0.006,0,0,8.817,0.006,8.001,1.907
2018/4/4 20:00,5759,7098,0,1339,1.147,0.006,0,0,8.821,0.006,7.296,1.763
2018/4/4 21:00,5393,6563,0,1170,1.15,0.006,0,0,8.826,0.006,6.764,1.712
2018/4/4 22:00,5250,6162,0,912,1.151,0.006,0,0,8.832,0.006,6.382,1.653
2018/4/4 23:00,5224,5920,0,696,1.153,0.006,0,0,8.838,0.007,5.946,1.516
2018/4/5 0:00,5228,5800,0,572,1.154,0.006,0,0,8.846,0.007,5.423,1.349
2018/4/5 1:00,5140,5730,0,590,1.155,0.006,0,0,8.853,0.005,4.969,1.206
2018/4/5 2:00,5348,5909,0,561,1.156,0.005,0,0,8.859,0.003,4.598,1.088
2018/4/5 3:00,5989,6514,0,525,1.156,0.005,0,0,8.862,0.002,4.31,1.067
2018/4/5 4:00,7328,7697,8,361,1.158,0.005,6.366,21.742,8.865,0.002,4.231,1.098
2018/4/5 5:00,8198,8624,49,377,1.159,0.006,75.098,215.576,8.87,0.004,5.806,1.253
2018/4/5 6:00,8431,8881,118,332,1.158,0.006,149.49,444.651,8.875,0.006,7.602,1.512
2018/4/5 7:00,8331,8898,193,374,1.155,0.006,219.661,650.36,8.872,0.01,9.025,1.659
2018/4/5 8:00,8270,9093,239,584,1.152,0.006,267.688,818.808,8.838,0.013,10.078,1.832
2018/4/5 9:00,8336,9176,267,573,1.15,0.006,320.503,938.435,8.758,0.012,10.751,1.847
2018/4/5 10:00,8038,8954,296,620,1.148,0.006,397.27,1001.156,8.652,0.01,11.339,1.982
2018/4/5 11:00,7667,8920,302,951,1.147,0.006,474.028,1002.704,8.537,0.009,11.957,2.168
2018/4/5 12:00,7330,8814,269,1215,1.146,0.006,453.863,943.049,8.422,0.007,12.156,2.237
2018/4/5 13:00,7247,8723,226,1250,1.146,0.006,388.294,826.214,8.321,0.006,11.971,2.261
2018/4/5 14:00,7456,8580,186,938,1.147,0.006,252.935,660.188,8.245,0.007,11.362,2.144
2018/4/5 15:00,7705,8520,141,674,1.148,0.006,146.276,456.386,8.203,0.008,10.568,1.698
2018/4/5 16:00,7845,8388,80,463,1.151,0.007,61.183,228.66,8.193,0.009,9.299,1.156
2018/4/5 17:00,7874,8327,25,428,1.154,0.006,5.285,27.571,8.199,0.01,7.7,1.076
2018/4/5 18:00,7157,8159,5,997,1.158,0.006,0,0,8.209,0.014,7.074,1.199
2018/4/5 19:00,6115,7594,0,1479,1.162,0.006,0,0,8.222,0.016,6.616,1.38
2018/4/5 20:00,5284,7318,0,2034,1.166,0.006,0,0,8.233,0.015,6.01,1.609
2018/4/5 21:00,4379,6772,0,2393,1.17,0.006,0,0,8.243,0.013,5.47,1.897
2018/4/5 22:00,3904,6327,0,2423,1.174,0.005,0,0,8.25,0.013,4.8,2.059
2018/4/5 23:00,3766,6131,0,2365,1.178,0.005,0,0,8.255,0.011,3.93,2.015
2018/4/6 0:00,3583,6043,0,2460,1.182,0.005,0,0,8.259,0.01,3.103,1.964
2018/4/6 1:00,3557,5953,0,2396,1.185,0.005,0,0,8.263,0.006,2.446,1.959
2018/4/6 2:00,3860,6132,0,2272,1.188,0.004,0,0,8.264,0.004,2.003,1.992
2018/4/6 3:00,4651,6784,0,2133,1.191,0.004,0,0,8.265,0.005,1.495,1.869
2018/4/6 4:00,6003,7911,2,1906,1.193,0.004,7.589,24.555,8.267,0.006,1.146,1.877
2018/4/6 5:00,6771,8640,64,1805,1.195,0.004,100.938,222.005,8.267,0.004,1.988,2.013
2018/4/6 6:00,6792,8864,195,1877,1.193,0.004,258.027,450.777,8.266,0.001,3.463,2.409
2018/4/6 7:00,6392,8722,369,1961,1.188,0.004,453.036,656.246,8.259,0,5.323,2.453
2018/4/6 8:00,6417,8616,527,1672,1.182,0.004,628.405,824.469,8.238,0,7.414,2.368
2018/4/6 9:00,6509,8556,653,1394,1.176,0.004,728.999,943.938,8.197,0,9.085,2.282
2018/4/6 10:00,6259,8226,738,1229,1.171,0.004,785.545,1006.582,8.117,0,10.313,2.235
2018/4/6 11:00,6124,7914,760,1030,1.167,0.004,785.924,1008.122,7.975,0,11.196,2.188
2018/4/6 12:00,6254,7819,718,847,1.163,0.004,735.789,948.542,7.812,0,11.706,2.152
2018/4/6 13:00,6392,7653,633,628,1.161,0.004,632.054,831.855,7.667,0,11.836,2.1
2018/4/6 14:00,6570,7593,501,522,1.159,0.005,485.69,666.072,7.557,0,11.54,2.019
2018/4/6 15:00,6976,7740,332,432,1.16,0.005,312.361,462.509,7.486,0,10.837,1.848
2018/4/6 16:00,7268,7781,166,347,1.162,0.005,135.902,235.051,7.457,0,9.065,1.209
2018/4/6 17:00,7493,7792,41,258,1.165,0.005,12.329,30.746,7.454,0,5.654,1.037
2018/4/6 18:00,7542,7809,3,264,1.169,0.005,0,0,7.454,0,4.184,1.146
2018/4/6 19:00,6945,7287,0,342,1.173,0.004,0,0,7.454,0,3.314,1.168
2018/4/6 20:00,6761,7128,0,367,1.176,0.004,0,0,7.454,0,2.666,1.147
2018/4/6 21:00,6368,6664,0,296,1.179,0.004,0,0,7.454,0,2.13,1.103
2018/4/6 22:00,5926,6245,0,319,1.181,0.004,0,0,7.455,0,1.704,1.091
2018/4/6 23:00,5703,5976,0,273,1.184,0.004,0,0,7.455,0,1.285,1.059
2018/4/7 0:00,5651,5849,0,198,1.186,0.004,0,0,7.455,0,0.873,1.018
2018/4/7 1:00,5527,5686,0,159,1.188,0.004,0,0,7.456,0,0.601,0.944
2018/4/7 2:00,5574,5704,0,130,1.189,0.004,0,0,7.456,0,0.453,0.861
2018/4/7 3:00,5794,5976,0,182,1.189,0.004,0,0,7.456,0,0.363,0.832
2018/4/7 4:00,6070,6326,18,238,1.189,0.004,9.268,27.539,7.456,0,0.404,0.886
2018/4/7 5:00,6460,6808,88,260,1.188,0.004,110.505,228.388,7.455,0,2.388,1.037
2018/4/7 6:00,6707,7130,218,205,1.183,0.004,286.92,456.835,7.449,0,5.191,1.457
2018/4/7 7:00,6570,7188,383,235,1.171,0.005,467.724,662.065,7.428,0,8.283,1.936
2018/4/7 8:00,6297,7118,493,328,1.162,0.005,611.665,830.054,7.367,0,10.756,2.177
2018/4/7 9:00,6006,7104,573,525,1.156,0.005,712.356,949.369,7.249,0,12.504,2.304
2018/4/7 10:00,5547,6836,661,628,1.151,0.005,774.323,1011.895,7.077,0,13.652,2.418
2018/4/7 11:00,5332,6570,684,554,1.148,0.005,777.1,1013.424,6.887,0,14.354,2.498
2018/4/7 12:00,5131,6368,657,580,1.145,0.006,724.214,953.895,6.701,0,14.643,2.561
2018/4/7 13:00,4993,6334,587,754,1.144,0.006,617.349,837.391,6.533,0,14.501,2.615
2018/4/7 14:00,4925,6356,430,1001,1.144,0.006,463.92,671.809,6.398,0,13.875,2.654
2018/4/7 15:00,5261,6506,273,972,1.146,0.006,292.377,468.519,6.305,0,12.892,2.582
2018/4/7 16:00,5563,6571,160,848,1.149,0.007,122.157,241.388,6.262,0,11.151,2.209
2018/4/7 17:00,5619,6571,75,877,1.155,0.006,12.471,34.092,6.257,0,8.586,1.694
2018/4/7 18:00,5625,6628,20,983,1.16,0.006,0,0,6.257,0,7.126,1.695
2018/4/7 19:00,5176,6188,0,1012,1.164,0.006,0,0,6.257,0,6.219,1.621
2018/4/7 20:00,5160,6126,0,966,1.166,0.006,0,0,6.257,0,5.505,1.558
2018/4/7 21:00,4799,5758,0,959,1.169,0.006,0,0,6.257,0,4.915,1.511
2018/4/7 22:00,4344,5440,0,1096,1.171,0.006,0,0,6.258,0,4.646,1.609
2018/4/7 23:00,3925,5192,0,1267,1.172,0.005,0,0,6.258,0,4.548,1.809
2018/4/8 0:00,3732,5076,0,1344,1.174,0.005,0,0,6.259,0,4.334,1.849
2018/4/8 1:00,3629,4901,0,1272,1.175,0.005,0,0,6.26,0,4.068,1.818
2018/4/8 2:00,3562,4910,0,1348,1.175,0.005,0,0,6.261,0,3.916,1.783
2018/4/8 3:00,3642,5100,0,1458,1.175,0.005,0,0,6.261,0,3.762,1.768
2018/4/8 4:00,3725,5276,15,1536,1.175,0.005,4.909,30.688,6.261,0,3.675,1.788
2018/4/8 5:00,4086,5748,76,1586,1.175,0.005,67.325,234.705,6.261,0,4.478,1.95
2018/4/8 6:00,4304,6025,191,1530,1.17,0.006,182.219,462.884,6.259,0,6.078,2.301
2018/4/8 7:00,4351,6256,327,1578,1.163,0.006,331.394,667.793,6.251,0,8.154,2.544
2018/4/8 8:00,4116,6352,430,1806,1.155,0.006,522.639,835.553,6.203,0,10.529,2.77
2018/4/8 9:00,3742,6409,525,2142,1.146,0.006,701.542,954.68,6.088,0,12.858,2.994
2018/4/8 10:00,3321,6140,650,2169,1.139,0.006,776.864,1017.141,5.926,0,14.617,3.082
2018/4/8 11:00,2885,5855,705,2265,1.133,0.007,778.761,1018.736,5.748,0,15.813,3.083
2018/4/8 12:00,2551,5637,687,2399,1.129,0.007,733.035,959.271,5.576,0,16.527,3.041
2018/4/8 13:00,2481,5574,624,2469,1.126,0.007,626.877,842.882,5.422,0,16.692,2.965
2018/4/8 14:00,2628,5543,465,2450,1.125,0.007,478.955,677.521,5.295,0,16.352,2.835
2018/4/8 15:00,3037,5720,302,2381,1.125,0.007,308.073,474.529,5.199,0,15.655,2.57
2018/4/8 16:00,3510,6076,180,2386,1.127,0.008,133.424,247.692,5.145,0,13.882,2.155
2018/4/8 17:00,3932,6288,82,2274,1.131,0.007,13.418,37.602,5.129,0,11.139,1.963
2018/4/8 18:00,4671,6533,21,1841,1.136,0.007,0,0,5.125,0,9.607,1.931
2018/4/8 19:00,4439,6212,0,1773,1.14,0.007,0,0,5.119,0,8.769,1.905
2018/4/8 20:00,4478,6209,0,1731,1.143,0.006,0,0,5.113,0,8.07,1.87
2018/4/8 21:00,4137,5841,0,1704,1.146,0.006,0,0,5.109,0,7.545,1.786
2018/4/8 22:00,3630,5560,0,1930,1.148,0.006,0,0,5.107,0,7.012,1.638
2018/4/8 23:00,3483,5326,0,1843,1.149,0.006,0,0,5.107,0,6.472,1.466
2018/4/9 0:00,3463,5228,0,1765,1.151,0.005,0,0,5.106,0,5.974,1.346
2018/4/9 1:00,3413,5151,0,1738,1.152,0.005,0,0,5.105,0,5.607,1.291
2018/4/9 2:00,3791,5402,0,1611,1.153,0.005,0,0,5.104,0,5.283,1.241
2018/4/9 3:00,4585,6208,0,1623,1.153,0.005,0,0,5.103,0,4.975,1.211
2018/4/9 4:00,5659,7445,20,1766,1.154,0.005,12.106,34.003,5.103,0,4.81,1.186
2018/4/9 5:00,6456,8153,91,1606,1.153,0.005,126.67,241.007,5.102,0,6.698,1.389
2018/4/9 6:00,6792,8327,228,1307,1.15,0.006,300.562,468.842,5.1,0,9.408,1.554
2018/4/9 7:00,6742,8297,397,1158,1.141,0.006,475.28,673.497,5.097,0,12.213,1.737
2018/4/9 8:00,6606,8302,511,1185,1.13,0.007,625.984,840.985,5.065,0,14.978,2.289
2018/4/9 9:00,6320,8335,603,1412,1.123,0.007,734.514,959.943,4.94,0,16.912,2.539
2018/4/9 10:00,5857,8143,703,1583,1.118,0.007,787.164,1022.314,4.775,0,18.163,2.651
2018/4/9 11:00,5534,8070,720,1816,1.114,0.007,782.189,1023.875,4.605,0,18.862,2.729
2018/4/9 12:00,5502,7952,683,1767,1.112,0.007,722.784,964.5,4.437,0,19.106,2.786
2018/4/9 13:00,5551,7839,604,1684,1.111,0.007,621.798,848.286,4.276,0,18.975,2.798
2018/4/9 14:00,5358,7775,439,1978,1.111,0.008,480.141,683.185,4.141,0,18.411,2.692
2018/4/9 15:00,5627,7832,278,1927,1.112,0.008,309.985,480.464,4.051,0,17.304,2.323
2018/4/9 16:00,6275,7878,159,1444,1.116,0.009,134.555,253.935,4.016,0.001,15.209,1.669
2018/4/9 17:00,6707,7819,71,1041,1.121,0.008,14.115,41.275,4.014,0.001,12.178,1.297
2018/4/9 18:00,6401,7762,18,1343,1.126,0.008,0,0,4.016,0.001,10.525,1.192
2018/4/9 19:00,5524,7225,0,1701,1.13,0.007,0,0,4.017,0.001,9.422,1.069
2018/4/9 20:00,5316,6886,0,1570,1.133,0.007,0,0,4.018,0.001,8.55,1.036
2018/4/9 21:00,4704,6417,0,1713,1.136,0.007,0,0,4.019,0.001,8.228,1.217
2018/4/9 22:00,4428,5963,0,1535,1.139,0.007,0,0,4.02,0,7.999,1.394
2018/4/9 23:00,4624,5633,0,1009,1.141,0.006,0,0,4.022,0,7.604,1.304
2018/4/10 0:00,4398,5534,0,1136,1.143,0.006,0,0,4.024,0,7.102,1.195
2018/4/10 1:00,3978,5462,0,1484,1.145,0.006,0,0,4.026,0,6.723,1.206
2018/4/10 2:00,3917,5612,0,1695,1.147,0.006,0,0,4.027,0,6.345,1.401
2018/4/10 3:00,4492,6283,0,1791,1.15,0.006,0,0,4.027,0,5.936,1.489
2018/4/10 4:00,5758,7438,18,1662,1.152,0.006,11.439,37.487,4.028,0.001,5.662,1.587
2018/4/10 5:00,6666,8271,84,1521,1.153,0.006,105.809,247.215,4.029,0.001,7.027,1.872
2018/4/10 6:00,7027,8496,209,1260,1.148,0.007,257.022,474.739,4.029,0.001,9.086,2.198
2018/4/10 7:00,6762,8440,356,1322,1.141,0.007,398.245,679.083,4.018,0.001,11.23,2.578
2018/4/10 8:00,6521,8418,449,1448,1.136,0.007,510.383,846.313,3.951,0.001,12.817,2.696
2018/4/10 9:00,6410,8489,514,1565,1.133,0.007,572.703,965.129,3.828,0,13.784,2.692
2018/4/10 10:00,6120,8259,585,1554,1.131,0.007,599.478,1027.469,3.679,0,14.409,2.699
2018/4/10 11:00,6052,8244,606,1586,1.129,0.007,580.588,1028.999,3.525,0.001,14.804,2.675
2018/4/10 12:00,6134,8128,586,1408,1.127,0.007,520.855,969.681,3.392,0.001,14.996,2.599
2018/4/10 13:00,5984,7959,519,1456,1.126,0.007,423.907,853.678,3.29,0,14.928,2.47
2018/4/10 14:00,6045,7886,382,1459,1.126,0.007,313.575,688.778,3.212,0.001,14.593,2.341
2018/4/10 15:00,6294,7926,251,1381,1.126,0.007,194.463,486.306,3.149,0.001,13.874,2.165
2018/4/10 16:00,6692,8025,157,1176,1.128,0.008,82.667,260.122,3.117,0.001,12.513,1.893
2018/4/10 17:00,6515,7939,80,1344,1.131,0.007,11.044,45.107,3.114,0,10.688,1.716
2018/4/10 18:00,6226,7837,22,1589,1.136,0.007,0,0,3.115,0.001,9.605,1.65
2018/4/10 19:00,5448,7290,0,1842,1.139,0.007,0,0,3.117,0.001,8.858,1.598
2018/4/10 20:00,5131,6911,0,1780,1.143,0.007,0,0,3.118,0.001,8.117,1.524
2018/4/10 21:00,4640,6324,0,1684,1.146,0.007,0,0,3.119,0.001,7.421,1.442
2018/4/10 22:00,4509,6079,0,1570,1.148,0.006,0,0,3.12,0.001,6.82,1.356
2018/4/10 23:00,4312,5803,0,1491,1.15,0.006,0,0,3.12,0.001,6.333,1.286
2018/4/11 0:00,4451,5680,0,1229,1.151,0.006,0,0,3.12,0.001,5.947,1.243
2018/4/11 1:00,4566,5539,0,973,1.153,0.006,0,0,3.121,0.001,5.557,1.187
2018/4/11 2:00,4827,5655,0,828,1.154,0.006,0,0,3.122,0.001,5.09,1.126
2018/4/11 3:00,5574,6326,0,752,1.155,0.006,0,0,3.122,0.001,4.641,1.064
2018/4/11 4:00,6716,7460,5,739,1.157,0.006,11.436,41.122,3.123,0.001,4.516,1.005
2018/4/11 5:00,7475,8253,71,707,1.157,0.006,111.325,253.41,3.124,0.001,6.407,1.188
2018/4/11 6:00,7757,8403,198,448,1.153,0.006,273.914,480.576,3.124,0.001,8.773,1.261
2018/4/11 7:00,7593,8291,356,342,1.145,0.006,453.462,684.59,3.115,0,11.413,1.164
2018/4/11 8:00,7400,8280,504,376,1.138,0.006,604.99,851.614,3.074,0,13.505,1.218
2018/4/11 9:00,7075,8186,614,497,1.133,0.006,703.242,970.286,2.985,0,14.912,1.526
2018/4/11 10:00,6601,7949,677,671,1.129,0.007,768.301,1032.513,2.854,0,15.995,1.82
2018/4/11 11:00,6207,7900,702,991,1.125,0.007,768.744,1033.956,2.719,0,16.738,2.022
2018/4/11 12:00,6034,7830,681,1115,1.122,0.007,704.348,974.797,2.607,0,17.131,2.159
2018/4/11 13:00,5830,7768,602,1336,1.12,0.007,580.994,858.907,2.526,0.001,17.114,2.24
2018/4/11 14:00,5798,7731,471,1462,1.12,0.007,420.509,694.255,2.478,0.002,16.699,2.247
2018/4/11 15:00,5926,7820,317,1577,1.12,0.007,250.644,492.128,2.446,0.002,15.824,2.098
2018/4/11 16:00,6099,7931,165,1667,1.123,0.008,101.963,266.254,2.43,0.003,14.023,1.695
2018/4/11 17:00,6168,7890,43,1679,1.126,0.008,12.786,49.091,2.43,0.003,11.673,1.536
2018/4/11 18:00,6236,7829,3,1590,1.131,0.008,0,0,2.436,0.007,10.525,1.512
2018/4/11 19:00,5852,7224,0,1372,1.134,0.007,0,0,2.444,0.008,9.852,1.411
2018/4/11 20:00,5701,6918,0,1217,1.137,0.007,0,0,2.452,0.008,9.269,1.245
2018/4/11 21:00,5334,6376,0,1042,1.138,0.007,0,0,2.459,0.009,8.866,1.117
2018/4/11 22:00,5024,6012,0,988,1.138,0.007,0,0,2.464,0.006,8.597,1.055
2018/4/11 23:00,4760,5743,0,983,1.139,0.007,0,0,2.468,0.006,8.362,1.052
2018/4/12 0:00,4537,5602,0,1065,1.14,0.007,0,0,2.475,0.011,8.255,1.067
2018/4/12 1:00,4585,5484,0,899,1.14,0.007,0,0,2.483,0.011,8.163,1.1
2018/4/12 2:00,4891,5597,0,706,1.141,0.007,0,0,2.49,0.01,7.989,1.13
2018/4/12 3:00,5581,6213,0,632,1.142,0.007,0,0,2.494,0.008,7.877,1.128
2018/4/12 4:00,6624,7304,21,659,1.143,0.007,10.351,44.909,2.498,0.007,7.845,1.139
2018/4/12 5:00,7428,8114,92,594,1.143,0.007,90.391,259.5,2.501,0.008,8.97,1.357
2018/4/12 6:00,7563,8301,222,516,1.14,0.007,230.955,486.353,2.497,0.007,10.784,1.763
2018/4/12 7:00,7285,8240,379,576,1.133,0.008,376.62,690.084,2.475,0.006,12.997,2.185
2018/4/12 8:00,7085,8275,464,726,1.127,0.008,465.63,856.834,2.437,0.005,14.757,2.34
2018/4/12 9:00,6971,8371,510,890,1.123,0.008,559.328,975.302,2.387,0.004,16.033,2.369
2018/4/12 10:00,6436,8141,561,1144,1.12,0.008,604.898,1037.453,2.327,0.004,16.831,2.602
2018/4/12 11:00,6332,8165,558,1275,1.119,0.008,604.484,1038.922,2.267,0.005,17.105,2.926
2018/4/12 12:00,6164,8079,522,1393,1.12,0.008,431.903,979.811,2.215,0.002,16.427,2.885
2018/4/12 13:00,6084,8020,446,1490,1.123,0.008,256.447,864.107,2.168,0.002,15.229,2.528
2018/4/12 14:00,5958,7890,321,1611,1.126,0.008,206.801,699.702,2.13,0.002,14.282,2.031
2018/4/12 15:00,6489,7910,202,1219,1.127,0.008,184.923,497.853,2.105,0.003,13.772,1.559
2018/4/12 16:00,6930,7891,122,839,1.128,0.008,96.505,272.333,2.094,0.001,12.803,1.179
2018/4/12 17:00,6989,7796,60,747,1.13,0.008,11.403,53.223,2.095,0.002,11.035,1.037
2018/4/12 18:00,7029,7668,16,623,1.133,0.007,0,0.001,2.096,0.001,10.229,1.116
2018/4/12 19:00,6688,7092,0,404,1.136,0.007,0,0,2.096,0.001,9.795,1.182
2018/4/12 20:00,6320,6738,0,418,1.139,0.007,0,0,2.097,0.001,9.384,1.123
2018/4/12 21:00,5832,6240,0,408,1.14,0.007,0,0,2.098,0.001,9.095,1.052
2018/4/12 22:00,5255,5887,0,632,1.141,0.007,0,0,2.1,0.002,8.866,1.06
2018/4/12 23:00,4279,5712,0,1433,1.141,0.007,0,0,2.102,0.003,8.608,1.091
2018/4/13 0:00,4218,5642,0,1424,1.141,0.007,0,0,2.105,0.003,8.405,1.099
2018/4/13 1:00,4480,5460,0,980,1.141,0.007,0,0,2.108,0.003,8.338,1.146
2018/4/13 2:00,4567,5592,0,1025,1.142,0.007,0,0,2.111,0.003,8.258,1.238
2018/4/13 3:00,4917,6178,0,1261,1.143,0.007,0,0,2.114,0.004,8.044,1.31
2018/4/13 4:00,5876,7361,14,1471,1.144,0.007,6.39,48.848,2.119,0.005,7.81,1.353
2018/4/13 5:00,6648,8194,68,1478,1.146,0.007,63.826,265.587,2.124,0.005,8.593,1.782
2018/4/13 6:00,7048,8337,184,1105,1.145,0.007,173.805,492.033,2.127,0.004,9.717,2.214
2018/4/13 7:00,6587,8304,347,1370,1.142,0.007,351.718,695.514,2.122,0.004,11.216,2.513
2018/4/13 8:00,6311,8249,460,1478,1.137,0.007,562.47,862.004,2.104,0.005,13.122,2.945
2018/4/13 9:00,5909,8259,547,1803,1.132,0.007,720.29,980.252,2.075,0.007,14.788,3.181
2018/4/13 10:00,5305,8032,647,2080,1.129,0.007,774.728,1042.277,2.036,0.005,15.815,3.224
2018/4/13 11:00,4848,7722,673,2201,1.127,0.006,772.756,1043.806,1.997,0.004,16.399,3.198
2018/4/13 12:00,4541,7552,645,2366,1.126,0.006,703.615,984.743,1.963,0.002,16.606,3.121
2018/4/13 13:00,4396,7440,575,2469,1.126,0.006,601.189,869.177,1.934,0.002,16.478,3.026
2018/4/13 14:00,4519,7394,429,2446,1.127,0.006,454.725,705.089,1.91,0.001,15.932,2.885
2018/4/13 15:00,4932,7548,286,2330,1.13,0.007,292.369,503.518,1.893,0.001,14.931,2.572
2018/4/13 16:00,5266,7649,183,2200,1.134,0.007,135.491,278.367,1.884,0,13.254,1.992
2018/4/13 17:00,5269,7453,95,2089,1.14,0.007,19.136,57.497,1.883,0,10.729,1.567
2018/4/13 18:00,5316,7365,26,2023,1.146,0.007,0.001,0.005,1.883,0,9.242,1.513
2018/4/13 19:00,5031,6884,0,1853,1.151,0.006,0,0,1.883,0,8.347,1.463
2018/4/13 20:00,5084,6614,0,1530,1.154,0.006,0,0,1.883,0,7.659,1.424
2018/4/13 21:00,5446,6174,0,728,1.158,0.006,0,0,1.883,0,6.98,1.495
2018/4/13 22:00,5465,5724,0,259,1.16,0.006,0,0,1.883,0,6.355,1.38
2018/4/13 23:00,5305,5438,0,133,1.162,0.006,0,0,1.883,0,5.696,1.18
2018/4/14 0:00,5215,5301,0,86,1.163,0.006,0,0,1.884,0,5.131,1.085
2018/4/14 1:00,5052,5143,0,91,1.165,0.006,0,0,1.884,0,4.655,1.056
2018/4/14 2:00,5082,5170,0,88,1.166,0.005,0,0,1.884,0,4.309,1.036
2018/4/14 3:00,5409,5470,0,61,1.168,0.005,0,0,1.884,0,3.964,0.993
2018/4/14 4:00,5750,5832,25,57,1.169,0.005,21.133,52.932,1.884,0,4.03,0.912
2018/4/14 5:00,6160,6297,101,36,1.17,0.006,152.078,271.584,1.884,0,6.669,0.841
2018/4/14 6:00,6279,6557,239,39,1.166,0.006,334.92,497.715,1.884,0,9.382,0.749
2018/4/14 7:00,6199,6662,408,55,1.156,0.006,512.474,700.795,1.879,0,12.406,0.777
2018/4/14 8:00,6081,6651,520,50,1.15,0.005,664.17,867.043,1.865,0,14.441,1.016
2018/4/14 9:00,6007,6652,602,43,1.146,0.006,771.396,985.084,1.848,0,15.727,1.253
2018/4/14 10:00,5731,6478,696,51,1.142,0.006,826.572,1047,1.821,0,16.686,1.442
2018/4/14 11:00,5451,6257,730,76,1.139,0.006,827.116,1048.521,1.78,0,17.368,1.566
2018/4/14 12:00,5297,6105,713,95,1.136,0.006,772.492,989.582,1.739,0,17.733,1.635
2018/4/14 13:00,5263,6018,643,112,1.135,0.006,666.971,874.247,1.705,0,17.753,1.648
2018/4/14 14:00,5373,5997,473,151,1.134,0.006,518.174,710.356,1.678,0,17.391,1.619
2018/4/14 15:00,5682,6188,306,200,1.134,0.007,341.881,509.144,1.66,0,16.641,1.497
2018/4/14 16:00,5826,6239,191,222,1.135,0.008,162.158,284.302,1.652,0,14.962,0.98
2018/4/14 17:00,5895,6208,99,214,1.137,0.007,25.534,61.908,1.65,0,11.84,0.931
2018/4/14 18:00,6135,6407,27,245,1.14,0.007,0.003,0.013,1.65,0,10.416,1.067
2018/4/14 19:00,5672,5992,0,320,1.143,0.007,0,0,1.65,0,9.775,1.084
2018/4/14 20:00,5518,5876,0,358,1.145,0.006,0,0,1.65,0,9.081,1.055
2018/4/14 21:00,4910,5455,0,545,1.146,0.006,0,0,1.65,0,8.47,1.041
2018/4/14 22:00,4282,5092,0,810,1.147,0.006,0,0,1.65,0,7.929,1.033
2018/4/14 23:00,3923,4847,0,924,1.148,0.006,0,0,1.651,0,7.471,1.023
2018/4/15 0:00,3914,4712,0,798,1.15,0.006,0,0,1.651,0,7.253,1.031
2018/4/15 1:00,3980,4522,0,542,1.151,0.006,0,0,1.651,0,7.149,1.032
2018/4/15 2:00,3874,4470,0,596,1.152,0.006,0,0,1.651,0,6.991,1.026
2018/4/15 3:00,4088,4625,0,537,1.153,0.006,0,0,1.651,0,6.717,1.007
2018/4/15 4:00,4297,4810,23,490,1.155,0.006,18.586,57.154,1.651,0,6.753,0.975
2018/4/15 5:00,4711,5330,101,518,1.154,0.007,132.594,277.519,1.651,0,9.054,1.243
2018/4/15 6:00,4715,5629,249,665,1.15,0.007,286.593,503.295,1.65,0,11.44,1.543
2018/4/15 7:00,4795,5820,430,595,1.141,0.008,404.213,706.065,1.65,0,13.82,1.906
2018/4/15 8:00,4964,6040,551,525,1.135,0.008,427.353,872.015,1.649,0,15.389,2.116
2018/4/15 9:00,4910,6230,639,681,1.131,0.008,358.489,989.937,1.648,0,15.995,1.882
2018/4/15 10:00,4599,6011,733,679,1.128,0.008,416.635,1051.755,1.646,0,16.832,1.822
2018/4/15 11:00,4295,5689,747,647,1.123,0.008,610.376,1053.212,1.627,0,18.316,2.149
2018/4/15 12:00,4011,5528,709,808,1.119,0.009,586.664,994.387,1.595,0,19.014,2.299
2018/4/15 13:00,3652,5506,625,1229,1.118,0.009,440.742,879.208,1.565,0,18.796,2.233
2018/4/15 14:00,3874,5627,454,1299,1.118,0.009,268.833,715.577,1.544,0,17.913,2.035
2018/4/15 15:00,4325,5896,280,1291,1.12,0.01,124.959,514.675,1.532,0,16.52,1.646
2018/4/15 16:00,4991,6199,160,1048,1.123,0.01,43.823,290.209,1.528,0,14.937,1.379
2018/4/15 17:00,5477,6210,76,657,1.126,0.009,8.036,66.452,1.527,0,13.695,1.316
2018/4/15 18:00,5687,6280,20,573,1.128,0.009,0.003,0.028,1.529,0.002,12.923,1.269
2018/4/15 19:00,5422,5964,0,542,1.131,0.009,0,0,1.532,0.001,12.358,1.096
2018/4/15 20:00,5129,5912,0,783,1.132,0.009,0,0,1.535,0.002,11.971,0.994
2018/4/15 21:00,4792,5500,0,708,1.134,0.009,0,0,1.538,0.001,11.722,1.009
2018/4/15 22:00,4746,5293,0,547,1.135,0.009,0,0,1.54,0.001,11.509,1.115
2018/4/15 23:00,4524,5082,0,558,1.135,0.009,0,0,1.542,0.001,11.159,1.018
2018/4/16 0:00,4441,5066,0,625,1.136,0.009,0,0,1.544,0.001,10.787,0.894
2018/4/16 1:00,4471,5007,0,536,1.137,0.009,0,0,1.545,0,10.573,0.879
2018/4/16 2:00,4705,5103,0,398,1.137,0.008,0,0,1.546,0,10.481,0.9
2018/4/16 3:00,5424,5848,0,424,1.139,0.008,0,0,1.547,0,10.297,0.873
2018/4/16 4:00,6669,7124,5,450,1.14,0.008,7.747,61.522,1.548,0.002,10.141,0.795
2018/4/16 5:00,7545,8035,65,425,1.141,0.009,46.18,283.402,1.549,0.002,10.88,0.785
2018/4/16 6:00,7876,8378,154,348,1.141,0.009,118.515,508.816,1.551,0.002,11.874,0.97
2018/4/16 7:00,7951,8429,259,219,1.138,0.009,231.995,711.284,1.549,0.001,13.146,0.954
2018/4/16 8:00,7908,8507,368,231,1.135,0.009,359.921,876.939,1.536,0,14.438,0.969
2018/4/16 9:00,7968,8605,464,173,1.132,0.009,376.454,994.609,1.514,0,15.217,1.055
2018/4/16 10:00,7675,8330,520,135,1.131,0.009,418.437,1056.34,1.486,0,15.762,1.183
2018/4/16 11:00,7521,8216,540,155,1.13,0.009,410.926,1057.816,1.455,0,16.029,1.2
2018/4/16 12:00,7437,8130,512,181,1.13,0.009,354.081,999.106,1.423,0,15.959,1.215
2018/4/16 13:00,7349,8048,443,256,1.13,0.009,287.936,884.111,1.394,0,15.678,1.259
2018/4/16 14:00,7324,8000,358,318,1.131,0.009,215.71,720.736,1.37,0,15.241,1.271
2018/4/16 15:00,7420,8026,249,357,1.133,0.009,126.752,520.152,1.355,0,14.557,1.143
2018/4/16 16:00,7461,8002,134,407,1.135,0.009,57.527,296.037,1.347,0,13.556,0.885
2018/4/16 17:00,7389,7814,36,389,1.138,0.009,10.706,71.117,1.345,0,12.243,0.845
2018/4/16 18:00,7156,7631,4,471,1.142,0.008,0.006,0.053,1.346,0,11.367,1.072
2018/4/16 19:00,6394,6995,0,601,1.146,0.008,0,0,1.35,0.009,10.855,1.362
2018/4/16 20:00,5920,6655,0,735,1.149,0.008,0,0,1.358,0.011,10.358,1.642
2018/4/16 21:00,5152,6121,0,969,1.152,0.008,0,0,1.362,0.001,9.938,1.658
2018/4/16 22:00,4809,5772,0,963,1.154,0.008,0,0,1.361,0,9.614,1.613
2018/4/16 23:00,4384,5480,0,1096,1.156,0.007,0,0,1.36,0,9.274,1.601
2018/4/17 0:00,4250,5381,0,1131,1.158,0.007,0,0,1.36,0.001,8.917,1.562
2018/4/17 1:00,4053,5279,0,1226,1.16,0.007,0,0,1.36,0,8.538,1.537
2018/4/17 2:00,4173,5436,0,1263,1.161,0.007,0,0,1.36,0,8.174,1.51
2018/4/17 3:00,4614,6082,0,1468,1.163,0.007,0,0,1.359,0,7.827,1.442
2018/4/17 4:00,5761,7207,8,1438,1.165,0.007,16.269,66.018,1.359,0,7.734,1.502
2018/4/17 5:00,6640,8035,70,1325,1.165,0.007,105.7,289.245,1.359,0,8.844,1.806
2018/4/17 6:00,6866,8266,171,1229,1.162,0.007,243.435,514.26,1.358,0,10.516,2.055
2018/4/17 7:00,6599,8172,291,1282,1.156,0.007,420.779,716.329,1.355,0,12.444,2.317
2018/4/17 8:00,6557,8215,398,1260,1.151,0.007,595.012,881.758,1.334,0,14.353,2.467
2018/4/17 9:00,6601,8242,479,1162,1.147,0.007,710.086,999.268,1.301,0,15.701,2.512
2018/4/17 10:00,6365,8015,542,1108,1.144,0.007,752.358,1060.88,1.263,0,16.565,2.514
2018/4/17 11:00,6289,7978,574,1115,1.142,0.007,742.202,1062.284,1.223,0,17.079,2.519
2018/4/17 12:00,6119,7834,553,1162,1.14,0.007,692.103,1003.66,1.184,0,17.328,2.52
2018/4/17 13:00,6085,7778,508,1185,1.139,0.007,602.902,888.885,1.148,0,17.286,2.512
2018/4/17 14:00,6096,7694,412,1186,1.139,0.007,472.003,725.749,1.12,0,16.932,2.455
2018/4/17 15:00,6215,7667,292,1160,1.14,0.008,314.215,525.541,1.1,0,16.26,2.217
2018/4/17 16:00,6520,7685,167,998,1.142,0.008,148.581,301.823,1.089,0,14.95,1.564
2018/4/17 17:00,6640,7560,50,870,1.145,0.008,26.922,75.898,1.087,0,12.47,1.125
2018/4/17 18:00,6678,7587,6,903,1.149,0.007,0.021,0.089,1.087,0,11.03,1.173
2018/4/17 19:00,6019,7086,0,1067,1.153,0.007,0,0,1.087,0,10.38,1.139
2018/4/17 20:00,5683,6734,0,1051,1.156,0.007,0,0,1.087,0,9.736,1.1
2018/4/17 21:00,5290,6167,0,877,1.159,0.007,0,0,1.087,0,9.065,1.101
2018/4/17 22:00,5068,5847,0,779,1.162,0.007,0,0,1.087,0,8.414,1.095
2018/4/17 23:00,4715,5574,0,859,1.164,0.007,0,0,1.087,0,7.912,1.087
2018/4/18 0:00,4492,5492,0,1000,1.166,0.007,0,0,1.087,0,7.472,1.077
2018/4/18 1:00,4223,5350,0,1127,1.168,0.006,0,0,1.087,0,7.069,1.078
2018/4/18 2:00,4489,5498,0,1009,1.17,0.006,0,0,1.087,0,6.639,1.089
2018/4/18 3:00,5142,6195,0,1053,1.172,0.006,0,0,1.087,0,6.165,1.106
2018/4/18 4:00,6091,7215,13,1111,1.175,0.006,28.659,70.637,1.087,0,6.152,1.107
2018/4/18 5:00,6871,7964,105,988,1.175,0.007,168.835,294.963,1.087,0,8.503,1.385
2018/4/18 6:00,7119,8062,269,674,1.17,0.007,350.639,519.599,1.087,0,11.197,1.504
2018/4/18 7:00,6952,7964,467,545,1.163,0.007,526.891,721.368,1.086,0,13.502,1.835
2018/4/18 8:00,6859,7979,645,475,1.159,0.006,672.233,886.515,1.084,0,14.979,2.014
2018/4/18 9:00,6656,8031,777,598,1.155,0.006,780.337,1003.798,1.066,0,16.2,2.07
2018/4/18 10:00,6096,7837,851,890,1.151,0.006,833.581,1065.349,1.03,0,17.22,2.083
2018/4/18 11:00,5958,7758,862,938,1.147,0.006,833.561,1066.77,0.99,0,17.982,2.09
2018/4/18 12:00,6022,7680,815,843,1.145,0.006,782.366,1008.175,0.951,0,18.437,2.083
2018/4/18 13:00,6016,7592,712,864,1.143,0.006,680.224,893.604,0.916,0,18.529,2.06
2018/4/18 14:00,6035,7510,564,911,1.142,0.007,537.962,730.807,0.886,0,18.263,1.99
2018/4/18 15:00,6372,7596,382,842,1.142,0.007,367.577,530.85,0.865,0,17.61,1.75
2018/4/18 16:00,6760,7677,201,716,1.143,0.008,188.413,307.508,0.854,0,16.062,1.024
2018/4/18 17:00,6929,7530,58,543,1.145,0.008,37.491,80.784,0.853,0,13.04,0.93
2018/4/18 18:00,7121,7620,7,492,1.147,0.007,0.035,0.14,0.853,0,11.623,1.123
2018/4/18 19:00,6742,7123,0,381,1.15,0.006,0,0,0.853,0,11.015,1.142
2018/4/18 20:00,6343,6756,0,413,1.152,0.006,0,0,0.853,0,10.348,1.154
2018/4/18 21:00,5670,6185,0,515,1.154,0.006,0,0,0.853,0,9.645,1.172
2018/4/18 22:00,5154,5831,0,677,1.156,0.006,0,0,0.853,0,8.998,1.186
2018/4/18 23:00,4953,5618,0,665,1.159,0.006,0,0,0.853,0,8.427,1.194
2018/4/19 0:00,4993,5546,0,553,1.161,0.005,0,0,0.853,0,7.892,1.202
2018/4/19 1:00,4878,5434,0,556,1.162,0.005,0,0,0.853,0,7.423,1.226
2018/4/19 2:00,4995,5522,0,527,1.164,0.005,0,0,0.853,0,7.014,1.25
2018/4/19 3:00,5608,6128,0,520,1.166,0.005,0,0,0.853,0,6.557,1.271
2018/4/19 4:00,6644,7194,33,517,1.168,0.005,34.136,75.385,0.853,0,6.543,1.258
2018/4/19 5:00,7382,7972,125,465,1.169,0.006,185.829,300.673,0.853,0,9.101,1.294
2018/4/19 6:00,7482,8102,284,336,1.165,0.006,369.982,524.967,0.853,0,12.072,1.405
2018/4/19 7:00,7287,7995,481,227,1.156,0.006,545.004,726.336,0.853,0,14.846,1.471
2018/4/19 8:00,7169,8004,614,221,1.149,0.006,690.912,891.191,0.839,0,16.99,1.618
2018/4/19 9:00,7124,8056,706,226,1.144,0.006,795.354,1008.272,0.804,0,18.5,1.639
2018/4/19 10:00,6759,7782,804,219,1.139,0.007,848.946,1069.649,0.763,0,19.636,1.68
2018/4/19 11:00,6633,7743,829,281,1.135,0.007,848.376,1071.156,0.719,0,20.404,1.738
2018/4/19 12:00,6413,7625,802,410,1.132,0.007,793.04,1012.61,0.677,0,20.814,1.779
2018/4/19 13:00,6375,7578,718,485,1.13,0.008,689.211,898.249,0.638,0,20.86,1.776
2018/4/19 14:00,6465,7495,529,501,1.129,0.008,544.882,735.719,0.605,0,20.574,1.727
2018/4/19 15:00,6734,7575,340,501,1.129,0.008,372.97,536.13,0.582,0,19.902,1.499
2018/4/19 16:00,6929,7591,210,452,1.13,0.01,192.106,313.173,0.571,0,18.272,0.917
2018/4/19 17:00,6999,7517,110,408,1.131,0.009,39.592,85.778,0.569,0,15.181,0.949
2018/4/19 18:00,7204,7615,30,381,1.134,0.008,0.053,0.208,0.569,0,13.666,1.117
2018/4/19 19:00,6495,7075,0,580,1.137,0.008,0,0,0.569,0,12.967,1.157
2018/4/19 20:00,5978,6717,0,739,1.14,0.007,0,0,0.569,0,12.208,1.209
2018/4/19 21:00,5537,6176,0,639,1.143,0.007,0,0,0.569,0,11.377,1.235
2018/4/19 22:00,5078,5833,0,755,1.146,0.007,0,0,0.569,0,10.626,1.248
2018/4/19 23:00,4692,5504,0,812,1.148,0.007,0,0,0.569,0,9.976,1.259
2018/4/20 0:00,4654,5387,0,733,1.15,0.007,0,0,0.569,0,9.413,1.268
2018/4/20 1:00,4554,5232,0,678,1.152,0.007,0,0,0.569,0,8.91,1.264
2018/4/20 2:00,4785,5386,0,601,1.154,0.007,0,0,0.569,0,8.442,1.23
2018/4/20 3:00,5493,6053,0,560,1.156,0.007,0,0,0.569,0,8.037,1.179
2018/4/20 4:00,6553,7084,15,516,1.158,0.007,36.14,80.247,0.569,0,8.186,1.111
2018/4/20 5:00,7369,7924,110,445,1.158,0.008,187.206,306.302,0.569,0,10.875,1.254
2018/4/20 6:00,7559,8092,277,256,1.153,0.008,369.981,530.129,0.569,0,13.781,1.328
2018/4/20 7:00,7301,7963,474,188,1.145,0.008,543.966,731.217,0.567,0,16.453,1.324
2018/4/20 8:00,7129,7960,650,181,1.139,0.008,689.753,895.758,0.546,0,18.418,1.406
2018/4/20 9:00,6996,7937,782,159,1.134,0.007,797.499,1012.686,0.51,0,19.889,1.482
2018/4/20 10:00,6719,7670,855,96,1.129,0.007,852.387,1073.866,0.47,0,21.005,1.539
2018/4/20 11:00,6576,7527,868,83,1.126,0.007,853.249,1075.349,0.428,0,21.746,1.565
2018/4/20 12:00,6459,7356,824,73,1.123,0.007,802.492,1017.012,0.388,0,22.112,1.553
2018/4/20 13:00,6533,7320,723,64,1.121,0.008,699.779,902.8,0.351,0,22.105,1.496
2018/4/20 14:00,6631,7268,572,65,1.12,0.008,556.111,740.525,0.321,0,21.82,1.392
2018/4/20 15:00,6887,7350,388,75,1.121,0.008,384.413,541.317,0.301,0,21.177,1.188
2018/4/20 16:00,7020,7312,204,88,1.122,0.009,202.537,318.745,0.292,0,19.558,0.832
2018/4/20 17:00,6971,7125,59,95,1.124,0.009,44.609,90.856,0.29,0,16.499,0.848
2018/4/20 18:00,7136,7227,7,84,1.127,0.007,0.082,0.296,0.29,0,15.138,0.964
2018/4/20 19:00,6654,6718,0,64,1.129,0.007,0,0,0.29,0,14.642,0.833
2018/4/20 20:00,6337,6371,0,34,1.131,0.007,0,0,0.29,0,14.194,0.736
2018/4/20 21:00,5855,5893,0,38,1.133,0.006,0,0,0.29,0,13.448,0.822
2018/4/20 22:00,5471,5511,0,40,1.134,0.006,0,0,0.29,0,12.757,0.916
2018/4/20 23:00,5214,5240,0,26,1.135,0.006,0,0,0.29,0,11.994,0.98
2018/4/21 0:00,5105,5136,0,31,1.136,0.006,0,0,0.29,0,11.264,1
2018/4/21 1:00,4915,4976,0,61,1.137,0.006,0,0,0.29,0,10.737,1.031
2018/4/21 2:00,4876,4950,0,74,1.139,0.006,0,0,0.29,0,10.212,1.04
2018/4/21 3:00,4981,5166,0,185,1.141,0.006,0,0.002,0.29,0,9.548,1.051
2018/4/21 4:00,5259,5493,17,217,1.144,0.006,41.569,85.219,0.29,0,9.367,1.017
2018/4/21 5:00,5755,6051,116,180,1.145,0.007,199.487,311.846,0.29,0,12.029,0.84
2018/4/21 6:00,5983,6357,284,90,1.143,0.008,383.716,535.325,0.29,0,14.739,1.021
2018/4/21 7:00,5961,6523,483,79,1.135,0.008,557.306,736.049,0.284,0,17.358,1.153
2018/4/21 8:00,5796,6574,660,118,1.126,0.008,702.045,900.278,0.261,0,19.77,1.439
2018/4/21 9:00,5659,6611,790,162,1.121,0.007,806.581,1016.944,0.231,0,21.427,1.504
2018/4/21 10:00,5385,6459,861,213,1.116,0.008,859.883,1078.194,0.197,0,22.596,1.525
2018/4/21 11:00,5123,6234,871,240,1.112,0.008,859.681,1079.563,0.163,0,23.329,1.532
2018/4/21 12:00,4994,6071,828,249,1.11,0.008,804.666,1021.274,0.132,0,23.653,1.512
2018/4/21 13:00,5065,6031,727,239,1.108,0.008,700.274,907.257,0.104,0,23.628,1.44
2018/4/21 14:00,5209,6020,576,235,1.108,0.008,554.821,745.279,0.083,0,23.307,1.305
2018/4/21 15:00,5437,6113,391,285,1.108,0.009,381.745,546.458,0.071,0,22.558,1.078
2018/4/21 16:00,5571,6124,206,347,1.109,0.01,201.487,324.261,0.066,0,20.862,0.836
2018/4/21 17:00,5491,6011,59,461,1.113,0.01,45.266,96.022,0.064,0,17.64,0.856
2018/4/21 18:00,5459,6188,7,722,1.116,0.008,0.106,0.408,0.064,0,15.869,1.06
2018/4/21 19:00,5153,5904,0,751,1.12,0.008,0,0,0.064,0,14.989,1.017
2018/4/21 20:00,5097,5752,0,655,1.122,0.008,0,0,0.064,0,14.285,0.978
2018/4/21 21:00,4680,5275,0,595,1.124,0.008,0,0,0.064,0,13.62,0.98
2018/4/21 22:00,4674,5037,0,363,1.126,0.008,0,0,0.064,0,12.799,1.031
2018/4/21 23:00,4545,4754,0,209,1.128,0.008,0,0,0.064,0,12.223,1.075
2018/4/22 0:00,4535,4665,0,130,1.131,0.008,0,0,0.064,0,11.749,1.154
2018/4/22 1:00,4280,4455,0,175,1.134,0.008,0,0,0.064,0,11.292,1.18
2018/4/22 2:00,4139,4402,0,263,1.136,0.008,0,0,0.064,0,10.831,1.195
2018/4/22 3:00,4257,4493,0,236,1.139,0.008,0.003,0.014,0.064,0,10.318,1.227
2018/4/22 4:00,4336,4657,34,287,1.141,0.008,39.271,90.289,0.064,0,10.466,1.309
2018/4/22 5:00,4693,5147,123,331,1.141,0.008,185.301,317.329,0.064,0,12.671,1.367
2018/4/22 6:00,4939,5426,278,209,1.136,0.009,364.734,540.372,0.063,0,15.494,1.336
2018/4/22 7:00,5025,5624,469,130,1.127,0.009,532.858,740.766,0.056,0,18.289,1.262
2018/4/22 8:00,5032,5740,589,119,1.12,0.008,673.882,904.704,0.044,0,20.387,1.238
2018/4/22 9:00,5107,5875,666,102,1.116,0.008,769.836,1021.108,0.033,0,21.674,1.204
2018/4/22 10:00,4867,5682,740,75,1.113,0.009,819.396,1082.252,0.023,0,22.541,1.168
2018/4/22 11:00,4677,5477,741,59,1.11,0.009,811.479,1083.646,0.015,0,23.027,1.149
2018/4/22 12:00,4591,5335,698,46,1.108,0.009,751.049,1025.468,0.01,0,23.178,1.13
2018/4/22 13:00,4672,5321,609,40,1.107,0.009,633.431,911.671,0.007,0,23.035,1.098
2018/4/22 14:00,4864,5364,451,49,1.106,0.009,477.05,749.957,0.005,0,22.643,1.012
2018/4/22 15:00,5268,5608,289,51,1.107,0.009,313.24,551.476,0.004,0,22.026,0.827
2018/4/22 16:00,5663,5858,168,27,1.108,0.01,159.878,329.693,0.003,0,20.912,0.592
2018/4/22 17:00,5769,5869,82,18,1.11,0.01,37.07,101.253,0.003,0,18.951,0.569
2018/4/22 18:00,6133,6167,22,12,1.112,0.009,0.135,0.552,0.003,0,17.751,0.664
2018/4/22 19:00,5913,5931,0,18,1.115,0.009,0,0,0.003,0,16.86,0.743
2018/4/22 20:00,5865,5893,0,28,1.117,0.008,0,0,0.003,0,15.832,0.853
2018/4/22 21:00,5471,5535,0,64,1.119,0.008,0,0,0.003,0,14.919,0.915
2018/4/22 22:00,5201,5276,0,75,1.121,0.008,0,0,0.003,0,14.12,0.961
2018/4/22 23:00,4958,5025,0,67,1.122,0.008,0,0,0.003,0,13.48,0.992
2018/4/23 0:00,4878,4949,0,71,1.123,0.008,0,0,0.003,0,12.964,1.012
2018/4/23 1:00,4797,4868,0,71,1.125,0.008,0,0,0.003,0,12.522,1.017
2018/4/23 2:00,4956,5030,0,74,1.126,0.008,0,0,0.003,0,12.083,1.038
2018/4/23 3:00,5617,5701,0,84,1.128,0.007,0.01,0.055,0.003,0,11.668,1.087
2018/4/23 4:00,6655,6797,31,111,1.13,0.008,37.74,95.432,0.003,0,11.794,1.074
2018/4/23 5:00,7402,7671,110,159,1.131,0.009,175.259,322.75,0.003,0,14.182,1.113
2018/4/23 6:00,7545,7942,235,162,1.129,0.009,346.363,545.379,0.003,0,16.694,1.38
2018/4/23 7:00,7369,7942,389,184,1.122,0.009,514.225,745.363,0.002,0,19.049,1.434
2018/4/23 8:00,7355,7972,476,141,1.115,0.008,653.663,909.035,0.002,0,21.075,1.621
2018/4/23 9:00,7340,8118,522,256,1.111,0.008,749.556,1025.305,0.001,0,22.3,1.672
2018/4/23 10:00,6978,7966,567,421,1.109,0.008,788.172,1086.188,0.001,0,22.996,1.743
2018/4/23 11:00,6929,7963,546,488,1.107,0.009,774.024,1087.653,0.001,0,23.271,1.833
2018/4/23 12:00,7026,7958,484,448,1.106,0.009,694.877,1029.631,0,0,23.149,1.877
2018/4/23 13:00,7149,7874,405,320,1.106,0.009,559.12,916.016,0,0,22.661,1.847
2018/4/23 14:00,7269,7791,297,225,1.108,0.009,405.559,754.599,0,0,21.952,1.716
2018/4/23 15:00,7361,7780,188,231,1.11,0.01,251.512,556.437,0,0,20.85,1.413
2018/4/23 16:00,7281,7751,111,359,1.113,0.01,115.716,335.049,0,0,19.17,0.991
2018/4/23 17:00,6458,7589,53,1078,1.117,0.01,22.341,106.549,0,0,16.881,0.744
2018/4/23 18:00,6734,7483,15,734,1.122,0.01,0.039,0.737,0,0,15.246,0.766
2018/4/23 19:00,6537,6926,0,389,1.127,0.01,0,0,0,0,14.316,0.775
2018/4/23 20:00,6253,6518,0,265,1.131,0.01,0,0,0.001,0.001,13.622,0.869
2018/4/23 21:00,5678,6010,0,332,1.135,0.01,0,0,0.003,0.002,13.183,1.196
2018/4/23 22:00,4782,5758,0,976,1.138,0.009,0,0,0.005,0.002,12.863,1.611
2018/4/23 23:00,4331,5555,0,1224,1.14,0.009,0,0,0.006,0.001,12.359,1.468
2018/4/24 0:00,4407,5417,0,1010,1.142,0.009,0,0,0.006,0.001,11.863,1.198
2018/4/24 1:00,4529,5232,0,703,1.144,0.009,0,0,0.007,0,11.501,1.114
2018/4/24 2:00,4467,5296,0,829,1.146,0.009,0,0,0.007,0,11.228,1.175
2018/4/24 3:00,4914,5915,0,1001,1.147,0.008,0.015,0.141,0.007,0,10.962,1.196
2018/4/24 4:00,6008,7076,28,1040,1.149,0.008,22.94,100.63,0.007,0,10.968,1.283
2018/4/24 5:00,6869,7891,101,921,1.149,0.009,108.573,328.074,0.007,0,11.84,1.635
2018/4/24 6:00,7072,8137,228,837,1.146,0.009,230.681,550.333,0.007,0,13.098,1.956
2018/4/24 7:00,6869,8119,389,861,1.142,0.009,391.816,749.913,0.006,0,14.771,2.087
2018/4/24 8:00,7005,8277,487,785,1.137,0.009,550.775,913.314,0.005,0,16.396,2.085
2018/4/24 9:00,7116,8299,551,632,1.134,0.008,675.392,1029.338,0.004,0,17.662,2.064
2018/4/24 10:00,6898,8038,627,513,1.13,0.008,756.779,1090.162,0.003,0,18.654,2.033
2018/4/24 11:00,6819,7969,657,493,1.127,0.008,781.377,1091.577,0.002,0,19.351,2.029
2018/4/24 12:00,6558,7808,640,610,1.124,0.008,741.11,1033.653,0.002,0,19.713,2.047
2018/4/24 13:00,6266,7829,575,988,1.123,0.008,642.632,920.245,0.001,0,19.712,2.05
2018/4/24 14:00,6214,7722,435,1073,1.122,0.008,497.974,759.118,0.001,0,19.35,1.977
2018/4/24 15:00,6422,7597,293,882,1.122,0.008,334.813,561.336,0.001,0,18.718,1.737
2018/4/24 16:00,6761,7553,186,606,1.123,0.009,179.589,340.343,0.001,0,17.622,1.17
2018/4/24 17:00,6738,7337,97,502,1.125,0.009,47.038,111.887,0.001,0,15.325,0.747
2018/4/24 18:00,6952,7366,27,387,1.127,0.008,0.276,0.97,0.001,0,13.897,0.872
2018/4/24 19:00,6518,6942,0,424,1.129,0.008,0,0,0.001,0,13.337,0.893
2018/4/24 20:00,6173,6533,0,360,1.131,0.008,0,0,0.001,0,12.552,0.977
2018/4/24 21:00,5580,5934,0,354,1.132,0.008,0,0,0.001,0,11.834,1.028
2018/4/24 22:00,5364,5633,0,269,1.133,0.008,0,0,0.001,0,11.233,1.053
2018/4/24 23:00,5209,5404,0,195,1.134,0.008,0,0,0.001,0,10.805,1.055
2018/4/25 0:00,5149,5290,0,141,1.135,0.008,0,0,0.001,0,10.517,1.044
2018/4/25 1:00,5067,5162,0,95,1.135,0.008,0,0,0.001,0,10.327,1.033
2018/4/25 2:00,5252,5356,0,104,1.136,0.008,0,0,0.001,0,10.155,1.02
2018/4/25 3:00,5828,5960,0,132,1.137,0.007,0.048,0.287,0.001,0,9.775,0.986
2018/4/25 4:00,6879,7017,22,116,1.139,0.008,38.538,105.862,0.001,0,9.939,0.853
2018/4/25 5:00,7638,7855,127,90,1.14,0.008,171.514,333.345,0.001,0,12.526,0.995
2018/4/25 6:00,7683,8050,293,74,1.136,0.009,348.215,555.183,0.001,0,14.794,1.1
2018/4/25 7:00,7472,8012,481,59,1.126,0.009,528.228,754.415,0,0,17.71,1.408
2018/4/25 8:00,7298,8050,657,95,1.12,0.009,676.697,917.487,0,0,19.555,1.642
2018/4/25 9:00,7149,8136,790,197,1.115,0.009,783.179,1033.383,0,0,20.781,1.879
2018/4/25 10:00,6540,7928,864,524,1.112,0.009,830.171,1094.044,0,0,21.589,2.069
2018/4/25 11:00,6205,7903,870,828,1.109,0.009,812.591,1095.49,0,0,22.032,2.188
2018/4/25 12:00,6168,7836,822,846,1.107,0.009,741.386,1037.679,0,0,22.172,2.202
2018/4/25 13:00,6254,7782,721,807,1.106,0.009,640.053,924.417,0,0,22.001,2.141
2018/4/25 14:00,6494,7715,569,652,1.106,0.009,483.048,763.561,0,0,21.47,2.022
2018/4/25 15:00,6961,7732,385,386,1.107,0.01,325.629,566.147,0,0,20.686,1.762
2018/4/25 16:00,7245,7664,207,212,1.109,0.01,169.703,345.554,0,0,19.393,1.271
2018/4/25 17:00,7209,7463,64,190,1.111,0.01,40.593,117.239,0,0,17.132,0.9
2018/4/25 18:00,7259,7541,9,273,1.115,0.01,0.247,1.259,0,0,15.271,0.884
2018/4/25 19:00,6675,7089,0,414,1.119,0.01,0,0,0,0,14.401,0.874
2018/4/25 20:00,6132,6744,0,612,1.123,0.009,0,0,0,0,13.687,0.896
2018/4/25 21:00,5629,6157,0,528,1.127,0.009,0,0,0,0,13.097,0.95
2018/4/25 22:00,5345,5782,0,437,1.131,0.009,0,0,0,0,12.508,1.011
2018/4/25 23:00,4942,5446,0,504,1.135,0.009,0,0,0,0,11.963,1.036
2018/4/26 0:00,4839,5347,0,508,1.137,0.009,0,0,0,0,11.515,1.048
2018/4/26 1:00,4638,5279,0,641,1.14,0.008,0,0,0,0,11.116,1.029
2018/4/26 2:00,4934,5392,0,458,1.142,0.008,0,0,0,0,10.787,0.957
2018/4/26 3:00,5558,5968,1,409,1.145,0.008,0.063,0.504,0,0,10.517,0.928
2018/4/26 4:00,6733,7121,13,375,1.147,0.008,21.171,111.1,0,0,10.59,1.034
2018/4/26 5:00,7711,8098,52,335,1.148,0.008,86.683,338.558,0,0,11.106,1.273
2018/4/26 6:00,8008,8520,108,404,1.148,0.008,168.651,559.961,0,0,11.626,1.547
2018/4/26 7:00,8113,8634,172,349,1.148,0.008,266.081,758.859,0,0,12.178,1.867
2018/4/26 8:00,8212,8763,206,345,1.147,0.008,365.169,921.578,0,0.001,12.756,2.212
2018/4/26 9:00,8268,8885,221,396,1.147,0.007,445.974,1037.196,0,0.001,13.177,2.541
2018/4/26 10:00,7995,8624,237,392,1.146,0.007,502.796,1097.77,0,0.001,13.43,2.812
2018/4/26 11:00,7733,8537,261,543,1.146,0.007,535.775,1099.202,0,0.001,13.6,2.966
2018/4/26 12:00,7370,8377,278,729,1.146,0.007,523.514,1041.412,0,0,13.55,3.001
2018/4/26 13:00,7103,8342,276,963,1.147,0.006,467.177,928.447,0,0,13.25,2.921
2018/4/26 14:00,7142,8257,232,883,1.148,0.006,366.508,767.915,0,0,12.689,2.695
2018/4/26 15:00,7216,8228,164,848,1.15,0.006,231.405,570.871,0,0,11.79,2.273
2018/4/26 16:00,6929,8110,105,1076,1.153,0.006,122.6,350.711,0,0,10.635,1.737
2018/4/26 17:00,6447,7752,50,1255,1.157,0.006,32.058,122.62,0,0,9.116,1.137
2018/4/26 18:00,6243,7606,13,1350,1.161,0.006,0.334,1.612,0,0,7.726,0.929
2018/4/26 19:00,5681,7090,0,1409,1.164,0.006,0,0,0,0,6.942,0.941
2018/4/26 20:00,5367,6749,0,1382,1.167,0.006,0,0,0,0,6.321,0.98
2018/4/26 21:00,4794,6162,0,1368,1.169,0.005,0,0,0,0,5.887,0.961
2018/4/26 22:00,4598,5796,0,1198,1.17,0.005,0,0,0,0,5.585,0.925
2018/4/26 23:00,4567,5490,0,923,1.171,0.005,0,0,0,0,5.208,0.904
2018/4/27 0:00,4830,5362,0,532,1.171,0.005,0,0,0,0,4.846,0.883
2018/4/27 1:00,4960,5221,0,261,1.171,0.005,0,0,0,0.001,4.57,0.867
2018/4/27 2:00,5284,5414,0,130,1.171,0.005,0,0,0,0.001,4.33,0.832
2018/4/27 3:00,5939,6038,12,87,1.171,0.005,0.168,0.801,0,0,4.173,0.79
2018/4/27 4:00,6981,7119,48,90,1.172,0.005,35.083,116.346,0,0,4.676,0.653
2018/4/27 5:00,7780,7959,127,52,1.171,0.005,158.601,343.661,0,0,6.915,0.718
2018/4/27 6:00,7835,8153,264,54,1.164,0.005,348.889,564.695,0,0,9.311,0.826
2018/4/27 7:00,7569,8093,448,76,1.155,0.005,553.109,763.164,0,0,11.803,1.44
2018/4/27 8:00,7387,8130,581,162,1.149,0.005,704.717,925.663,0,0,13.702,1.82
2018/4/27 9:00,7052,8042,681,309,1.143,0.005,806.743,1040.96,0,0,15.164,2.087
2018/4/27 10:00,6415,7790,789,586,1.138,0.006,854.526,1101.486,0,0,16.297,2.326
2018/4/27 11:00,5902,7546,826,818,1.134,0.006,846.901,1102.924,0,0,17.123,2.477
2018/4/27 12:00,5440,7386,811,1135,1.13,0.006,791.423,1045.193,0,0,17.634,2.552
2018/4/27 13:00,5139,7250,733,1378,1.127,0.007,687.195,932.435,0,0,17.799,2.571
2018/4/27 14:00,5037,7204,569,1598,1.125,0.007,535.395,772.25,0,0,17.574,2.531
2018/4/27 15:00,5200,7302,404,1698,1.125,0.007,369.572,575.561,0,0,17.081,2.418
2018/4/27 16:00,5419,7304,243,1642,1.126,0.008,207.283,355.77,0,0,16.036,2.054
2018/4/27 17:00,5468,7118,105,1545,1.129,0.008,57.624,127.999,0,0,13.724,1.501
2018/4/27 18:00,5479,7124,25,1620,1.134,0.008,0.483,2.034,0,0,11.621,1.414
2018/4/27 19:00,5049,6714,0,1665,1.138,0.008,0,0,0,0,10.891,1.543
2018/4/27 20:00,4746,6388,0,1642,1.141,0.008,0,0,0,0,10.275,1.555
2018/4/27 21:00,4216,5937,0,1721,1.143,0.007,0,0,0,0,9.792,1.474
2018/4/27 22:00,3817,5588,0,1771,1.145,0.007,0,0,0,0,9.408,1.364
2018/4/27 23:00,3750,5267,0,1517,1.146,0.007,0,0,0,0,9.019,1.229
2018/4/28 0:00,3622,5068,0,1446,1.147,0.007,0,0,0,0,8.646,1.1
2018/4/28 1:00,3680,4938,0,1258,1.148,0.007,0,0,0,0,8.342,0.978
2018/4/28 2:00,3933,4882,0,949,1.149,0.007,0,0,0,0,7.948,0.853
2018/4/28 3:00,4447,5109,1,661,1.15,0.007,0.267,1.187,0,0,7.542,0.824
2018/4/28 4:00,4956,5432,30,446,1.152,0.007,47.888,121.567,0,0,8.149,0.772
2018/4/28 5:00,5540,5950,143,267,1.151,0.007,183.177,348.725,0,0,10.454,0.916
2018/4/28 6:00,5774,6289,314,201,1.145,0.008,351.514,569.285,0,0,12.882,0.707
2018/4/28 7:00,5739,6458,506,213,1.136,0.008,503.975,767.389,0,0,15.473,0.81
2018/4/28 8:00,5562,6510,681,267,1.13,0.008,645.641,929.575,0,0,17.426,1.062
2018/4/28 9:00,5494,6593,805,294,1.124,0.008,762.757,1044.761,0,0,18.988,1.387
2018/4/28 10:00,5065,6372,882,425,1.119,0.008,826.381,1105.111,0,0,20.225,1.67
2018/4/28 11:00,4654,6124,886,584,1.114,0.009,829.446,1106.44,0,0,21.084,1.914
2018/4/28 12:00,4357,6044,832,855,1.111,0.009,775.206,1049.014,0,0,21.551,2.108
2018/4/28 13:00,4323,6024,724,977,1.108,0.009,673.598,936.371,0,0,21.639,2.208
2018/4/28 14:00,4415,6026,570,1041,1.107,0.009,528.269,776.461,0,0,21.411,2.191
2018/4/28 15:00,4634,6105,401,1070,1.106,0.009,367.322,580.118,0,0,20.94,2.02
2018/4/28 16:00,4895,6130,229,1006,1.108,0.01,199.63,360.76,0,0,19.555,1.619
2018/4/28 17:00,4907,6006,77,1022,1.111,0.01,52.298,133.371,0,0,16.93,1.254
2018/4/28 18:00,4993,6157,12,1152,1.115,0.01,0.514,2.54,0,0,14.958,1.305
2018/4/28 19:00,4575,5928,0,1353,1.118,0.009,0,0,0,0,14.338,1.397
2018/4/28 20:00,4213,5750,0,1537,1.121,0.009,0,0,0,0,13.818,1.326
2018/4/28 21:00,3743,5305,0,1562,1.122,0.009,0,0,0,0,13.471,1.339
2018/4/28 22:00,3740,4991,0,1251,1.124,0.009,0,0,0,0,12.915,1.23
2018/4/28 23:00,3629,4674,0,1045,1.125,0.008,0,0,0,0,12.261,1.118
2018/4/29 0:00,3661,4561,0,900,1.127,0.008,0,0,0,0,11.687,1.052
2018/4/29 1:00,3568,4381,0,813,1.128,0.008,0,0,0,0,11.133,1.006
2018/4/29 2:00,3561,4359,0,798,1.129,0.008,0,0,0,0,10.605,0.982
2018/4/29 3:00,3718,4458,1,739,1.131,0.008,0.376,1.665,0,0,10.054,0.959
2018/4/29 4:00,3745,4594,31,818,1.133,0.008,49.318,126.763,0,0,10.554,0.905
2018/4/29 5:00,4139,5014,142,733,1.134,0.008,184.234,353.675,0,0,13.101,1.184
2018/4/29 6:00,4358,5245,302,585,1.131,0.009,353.526,573.873,0,0,15.168,1.345
2018/4/29 7:00,4408,5474,477,589,1.121,0.009,519.865,771.593,0,0,17.846,1.639
2018/4/29 8:00,4256,5615,634,725,1.113,0.008,666.295,933.446,0,0,20.158,1.903
2018/4/29 9:00,4094,5759,766,899,1.108,0.008,783.259,1048.37,0,0,21.773,1.965
2018/4/29 10:00,3611,5587,860,1116,1.103,0.008,834.273,1108.591,0,0,22.836,2.112
2018/4/29 11:00,3194,5392,864,1334,1.1,0.009,836.492,1109.967,0,0,23.439,2.28
2018/4/29 12:00,2899,5331,817,1615,1.097,0.009,786.657,1052.563,0,0,23.653,2.426
2018/4/29 13:00,2768,5258,729,1761,1.096,0.009,682.62,940.205,0,0,23.514,2.511
2018/4/29 14:00,2987,5342,589,1766,1.096,0.009,539.492,780.563,0,0,22.97,2.493
2018/4/29 15:00,3426,5590,421,1743,1.097,0.009,375.315,584.654,0,0,22.025,2.282
2018/4/29 16:00,3896,5794,237,1661,1.099,0.01,210.04,365.664,0,0,20.379,1.842
2018/4/29 17:00,3958,5742,79,1705,1.103,0.01,61.594,138.695,0,0,17.743,1.388
2018/4/29 18:00,4180,6009,13,1816,1.108,0.01,0.816,3.148,0,0,15.539,1.396
2018/4/29 19:00,3891,5840,0,1949,1.112,0.009,0,0,0,0,14.722,1.407
2018/4/29 20:00,3761,5762,0,2001,1.116,0.009,0,0,0,0,14.035,1.347
2018/4/29 21:00,3472,5412,0,1940,1.117,0.009,0,0,0,0,13.459,1.285
2018/4/29 22:00,3319,5138,0,1819,1.118,0.009,0,0,0,0,13.016,1.267
2018/4/29 23:00,3165,4880,0,1715,1.119,0.009,0,0,0,0,12.566,1.279
2018/4/30 0:00,2899,4794,0,1895,1.12,0.008,0,0,0,0.001,12.065,1.308
2018/4/30 1:00,2915,4717,0,1802,1.122,0.008,0,0,0.001,0.001,11.579,1.328
2018/4/30 2:00,2980,4827,0,1847,1.124,0.008,0,0,0.001,0.001,11.133,1.35
2018/4/30 3:00,3380,5318,1,1937,1.126,0.008,0.541,2.242,0.002,0.001,10.675,1.354
2018/4/30 4:00,4411,6249,28,1810,1.128,0.008,56.967,131.936,0.002,0.001,11.137,1.457
2018/4/30 5:00,5270,7015,129,1616,1.128,0.008,196.587,358.568,0.003,0.001,13.23,1.741
2018/4/30 6:00,5344,7353,275,1734,1.124,0.008,372.762,578.316,0.003,0,15.218,1.985
2018/4/30 7:00,5403,7460,441,1616,1.118,0.008,547.277,775.692,0.003,0,17.25,2.563
2018/4/30 8:00,5057,7516,620,1839,1.115,0.008,678.463,937.23,0.003,0,18.493,2.875
2018/4/30 9:00,4777,7618,712,2129,1.113,0.008,758.542,1051.902,0.002,0,19.223,2.973
2018/4/30 10:00,4288,7407,788,2331,1.111,0.008,817.154,1112.049,0.002,0.001,19.814,3.013
2018/4/30 11:00,4111,7246,830,2305,1.11,0.008,819.659,1113.415,0.002,0.001,20.156,3.082
2018/4/30 12:00,4181,7107,810,2116,1.109,0.008,776.122,1056.088,0.003,0.001,20.233,3.105
2018/4/30 13:00,4109,7040,732,2199,1.108,0.008,694.659,943.943,0.003,0.001,20.066,3.027
2018/4/30 14:00,4255,7040,599,2186,1.109,0.007,565.308,784.633,0.003,0.001,19.587,2.833
2018/4/30 15:00,4423,7062,429,2210,1.11,0.007,397.598,588.995,0.004,0.001,18.738,2.516
2018/4/30 16:00,4642,7065,246,2177,1.112,0.007,227.092,370.491,0.005,0.002,17.406,2.039
2018/4/30 17:00,4644,6789,88,2057,1.116,0.008,69.236,143.96,0.007,0.003,14.937,1.501
2018/4/30 18:00,4822,6785,16,1947,1.122,0.007,1.038,3.874,0.008,0,12.477,1.4
2018/4/30 19:00,4476,6454,0,1978,1.127,0.007,0,0,0.008,0,11.524,1.386
2018/4/30 20:00,4283,6125,0,1842,1.132,0.007,0,0,0.008,0,10.621,1.254
2018/4/30 21:00,4325,5598,0,1273,1.135,0.007,0,0,0.008,0,9.881,1.126
2018/4/30 22:00,4194,5270,0,1076,1.137,0.007,0,0,0.008,0,9.287,1.059
2018/4/30 23:00,4122,5006,0,884,1.14,0.007,0,0,0.008,0,8.755,1.048
2018/5/1 0:00,4192,4909,0,717,1.142,0.007,0,0,0.008,0,8.287,1.055
2018/5/1 1:00,4112,4729,0,617,1.143,0.007,0,0,0.008,0,7.973,1.088
2018/5/1 2:00,4045,4686,0,641,1.145,0.007,0,0,0.008,0,7.686,1.135
2018/5/1 3:00,4245,4825,1,579,1.147,0.006,0.766,2.918,0.008,0,7.335,1.155
2018/5/1 4:00,4434,4962,32,496,1.149,0.007,57.264,137.046,0.008,0,8.212,1.334
2018/5/1 5:00,4972,5396,146,278,1.148,0.007,188.972,363.364,0.008,0,10.201,1.66
2018/5/1 6:00,5174,5754,314,266,1.142,0.007,340.493,582.704,0.008,0,12.224,1.689
2018/5/1 7:00,5214,5935,497,224,1.137,0.007,477.394,779.676,0.007,0,14.016,1.671
2018/5/1 8:00,5327,6080,649,104,1.134,0.007,595.701,940.932,0.006,0,15.321,1.683
2018/5/1 9:00,5489,6273,741,43,1.132,0.007,614.125,1055.392,0.005,0,16.1,1.452
2018/5/1 10:00,5271,6091,782,38,1.129,0.006,611.589,1115.434,0.004,0,16.681,1.23
2018/5/1 11:00,5080,5894,755,59,1.127,0.006,654.319,1116.796,0.004,0,17.33,1.177
2018/5/1 12:00,4929,5729,674,126,1.125,0.006,658.168,1059.536,0.003,0,17.788,1.212
2018/5/1 13:00,4900,5658,577,181,1.124,0.007,609.655,947.626,0.002,0,17.912,1.273
2018/5/1 14:00,5014,5706,454,238,1.123,0.007,474.924,788.601,0.002,0,17.515,1.386
2018/5/1 15:00,5252,5935,316,367,1.124,0.007,320.953,593.387,0.002,0,16.78,1.398
2018/5/1 16:00,5627,6147,183,337,1.126,0.007,151.601,375.276,0.002,0,15.443,1.131
2018/5/1 17:00,5694,6089,66,329,1.129,0.008,36.404,149.147,0.002,0,13.261,0.81
2018/5/1 18:00,5816,6290,12,462,1.132,0.007,0.647,4.725,0.002,0,11.754,0.91
2018/5/1 19:00,5382,6063,0,681,1.135,0.007,0,0,0.002,0,11.235,0.951
2018/5/1 20:00,5161,5940,0,779,1.137,0.007,0,0,0.002,0,10.697,0.914
2018/5/1 21:00,4779,5463,0,684,1.139,0.007,0,0,0.002,0,10.257,0.868
2018/5/1 22:00,4802,5237,0,435,1.14,0.007,0,0,0.002,0,9.956,0.833
2018/5/1 23:00,4771,4931,0,160,1.142,0.007,0,0,0.002,0.001,9.789,0.792
2018/5/2 0:00,4787,4861,0,74,1.142,0.007,0,0,0.003,0.002,9.636,0.779
2018/5/2 1:00,4654,4800,0,146,1.143,0.007,0,0,0.003,0.002,9.542,0.814
2018/5/2 2:00,4708,4903,0,195,1.144,0.007,0,0,0.003,0.002,9.217,0.863
2018/5/2 3:00,5305,5537,1,231,1.145,0.007,0.679,3.698,0.003,0.001,8.748,0.865
2018/5/2 4:00,6409,6718,31,278,1.147,0.007,34.787,142.126,0.003,0,9.103,0.882
2018/5/2 5:00,7121,7602,135,346,1.147,0.007,119.985,368.117,0.003,0.001,10.531,1.125
2018/5/2 6:00,7417,7905,281,207,1.143,0.007,231.108,587.031,0.004,0.003,12.215,1.296
2018/5/2 7:00,7318,7964,438,208,1.136,0.008,326.711,783.642,0.006,0.004,14.043,1.49
2018/5/2 8:00,7147,8018,579,292,1.131,0.008,418.501,944.511,0.007,0.003,15.557,1.537
2018/5/2 9:00,7049,8132,689,394,1.126,0.008,514.029,1058.745,0.008,0.002,16.982,1.585
2018/5/2 10:00,6728,7910,742,440,1.121,0.009,590.364,1118.655,0.008,0.001,18.237,1.692
2018/5/2 11:00,6627,7832,723,482,1.116,0.009,607.845,1120.083,0.007,0.001,19.254,1.827
2018/5/2 12:00,6519,7727,687,521,1.112,0.009,554.826,1062.946,0.006,0,19.897,1.908
2018/5/2 13:00,6548,7725,618,559,1.109,0.01,452.895,951.171,0.005,0,20.075,1.921
2018/5/2 14:00,6604,7742,514,624,1.108,0.01,312.596,792.481,0.005,0,19.688,1.717
2018/5/2 15:00,6853,7796,374,569,1.108,0.011,202.271,597.601,0.004,0,18.994,1.238
2018/5/2 16:00,7080,7799,215,504,1.109,0.011,109.392,379.944,0.004,0,17.834,0.845
2018/5/2 17:00,6905,7594,75,614,1.11,0.011,34.268,154.252,0.005,0,16.119,0.824
2018/5/2 18:00,6544,7489,13,932,1.112,0.01,0.932,5.698,0.005,0,14.82,0.913
2018/5/2 19:00,5896,7027,0,1131,1.115,0.01,0,0,0.005,0,14.284,0.929
2018/5/2 20:00,5654,6650,0,996,1.117,0.01,0,0,0.005,0,13.811,0.919
2018/5/2 21:00,5159,6072,0,913,1.119,0.01,0,0,0.005,0,13.285,0.882
2018/5/2 22:00,5077,5700,0,623,1.123,0.01,0,0,0.005,0,12.788,0.856
2018/5/2 23:00,4857,5368,0,511,1.126,0.009,0,0,0.005,0,12.346,0.845
2018/5/3 0:00,4751,5222,0,471,1.128,0.009,0,0,0.006,0.001,12.026,0.796
2018/5/3 1:00,4792,5117,0,325,1.13,0.009,0,0,0.007,0.002,11.619,0.752
2018/5/3 2:00,5029,5256,0,227,1.132,0.009,0,0,0.009,0.002,11.07,0.749
2018/5/3 3:00,5629,5870,0,241,1.134,0.009,0.876,4.581,0.01,0,10.711,0.729
2018/5/3 4:00,6770,6912,28,114,1.136,0.009,42.954,147.126,0.01,0,11.252,0.668
2018/5/3 5:00,7581,7749,121,47,1.135,0.009,157.108,372.76,0.01,0,12.833,0.792
2018/5/3 6:00,7714,7981,231,36,1.131,0.009,304.971,591.269,0.01,0,14.819,0.915
2018/5/3 7:00,7583,7973,353,37,1.125,0.009,442.981,787.452,0.009,0,16.526,1.017
2018/5/3 8:00,7462,7981,476,43,1.121,0.009,560.617,948.028,0.008,0,17.964,1.072
2018/5/3 9:00,7507,8126,578,41,1.118,0.009,657.786,1062.169,0.007,0,19.055,1.14
2018/5/3 10:00,7232,7921,643,46,1.115,0.009,697.191,1121.901,0.006,0,19.804,1.236
2018/5/3 11:00,7177,7893,661,55,1.113,0.009,672.211,1123.241,0.005,0,20.2,1.293
2018/5/3 12:00,7121,7854,644,89,1.111,0.009,573.663,1066.25,0.005,0,20.19,1.271
2018/5/3 13:00,7116,7808,576,116,1.111,0.01,465.928,954.719,0.004,0,19.949,1.236
2018/5/3 14:00,7226,7796,462,108,1.11,0.01,366.661,796.277,0.004,0,19.648,1.241
2018/5/3 15:00,7436,7842,329,77,1.111,0.01,248.377,601.798,0.004,0,19.169,1.154
2018/5/3 16:00,7531,7781,194,56,1.112,0.011,129.517,384.545,0.003,0,18.33,0.973
2018/5/3 17:00,7449,7563,74,40,1.113,0.011,35.682,159.27,0.003,0,16.708,0.819
2018/5/3 18:00,7358,7431,15,58,1.116,0.01,0.667,6.788,0.003,0,15.368,1.023
2018/5/3 19:00,6746,6960,0,214,1.12,0.01,0,0,0.003,0,14.924,1.351
2018/5/3 20:00,5935,6607,0,672,1.124,0.01,0,0,0.003,0.001,14.546,1.733
2018/5/3 21:00,5024,6094,0,1070,1.127,0.01,0,0,0.003,0,14.084,2.022
2018/5/3 22:00,4279,5719,0,1440,1.13,0.01,0,0,0.003,0,13.533,2.034
2018/5/3 23:00,4199,5363,0,1164,1.133,0.01,0,0,0.003,0,13.083,1.984
2018/5/4 0:00,4099,5260,0,1161,1.135,0.009,0,0,0.003,0,12.699,1.921
2018/5/4 1:00,3845,5140,0,1295,1.137,0.009,0,0,0.003,0,12.38,1.881
2018/5/4 2:00,3818,5250,0,1432,1.139,0.009,0,0,0.003,0,12.066,1.857
2018/5/4 3:00,4497,5876,0,1379,1.141,0.009,0.936,5.566,0.003,0,11.683,1.86
2018/5/4 4:00,5685,6987,28,1274,1.143,0.009,34.3,152.062,0.003,0,11.652,2.106
2018/5/4 5:00,6748,7918,124,1046,1.144,0.009,108.209,377.325,0.003,0,12.114,2.408
2018/5/4 6:00,7029,8315,249,1037,1.143,0.009,201.266,595.382,0.003,0,12.843,2.545
2018/5/4 7:00,7067,8321,362,892,1.14,0.009,300.504,791.229,0.002,0,13.904,2.57
2018/5/4 8:00,7276,8407,455,676,1.137,0.009,377.611,951.487,0.002,0,15.096,2.519
2018/5/4 9:00,7441,8500,530,529,1.133,0.009,448.44,1065.328,0.002,0,16.285,2.438
2018/5/4 10:00,7125,8189,564,500,1.129,0.009,477.976,1124.963,0.001,0,17.272,2.351
2018/5/4 11:00,6848,7938,552,538,1.126,0.009,466.981,1126.306,0.001,0,17.912,2.293
2018/5/4 12:00,6589,7742,529,624,1.124,0.01,378.541,1069.432,0.001,0,18.035,2.271
2018/5/4 13:00,6481,7612,477,654,1.123,0.01,340.447,958.16,0.001,0,18.097,2.338
2018/5/4 14:00,6424,7539,384,731,1.122,0.01,280.322,799.98,0.001,0,17.968,2.355
2018/5/4 15:00,6489,7588,258,841,1.123,0.01,203.833,605.897,0,0,17.584,2.176
2018/5/4 16:00,6381,7556,142,1033,1.125,0.01,109.437,389.061,0,0,16.79,1.761
2018/5/4 17:00,5974,7288,54,1260,1.127,0.01,34.56,164.229,0,0,15.555,1.441
2018/5/4 18:00,5839,7127,11,1277,1.131,0.01,1.353,7.989,0,0,14.262,1.53
2018/5/4 19:00,5541,6748,0,1207,1.135,0.01,0,0,0,0,13.578,1.666
2018/5/4 20:00,5092,6422,0,1330,1.139,0.009,0,0,0,0,13.065,1.743
2018/5/4 21:00,4593,5885,0,1292,1.141,0.009,0,0,0,0,12.691,1.783
2018/5/4 22:00,4332,5577,0,1245,1.144,0.009,0,0,0,0,12.331,1.899
2018/5/4 23:00,3990,5233,0,1243,1.145,0.009,0,0,0,0,11.927,2.073
2018/5/5 0:00,3933,5151,0,1218,1.147,0.009,0,0,0,0,11.467,1.957
2018/5/5 1:00,3813,4998,0,1185,1.149,0.008,0,0,0,0,11.03,1.764
2018/5/5 2:00,3865,4979,0,1114,1.15,0.008,0,0,0,0,10.704,1.695
2018/5/5 3:00,4077,5187,1,1109,1.152,0.008,1.29,6.648,0,0,10.42,1.737
2018/5/5 4:00,4180,5485,34,1271,1.153,0.008,47.528,156.939,0,0,10.642,1.939
2018/5/5 5:00,4665,6058,137,1256,1.152,0.008,156.621,381.823,0,0,11.58,2.275
2018/5/5 6:00,5093,6480,276,1111,1.149,0.009,293.903,599.44,0,0,12.937,2.529
2018/5/5 7:00,5313,6744,425,1006,1.143,0.009,439.682,794.928,0,0,14.717,2.637
2018/5/5 8:00,5210,6836,559,1067,1.138,0.009,578.571,954.832,0,0,16.492,2.712
2018/5/5 9:00,5158,6875,660,1057,1.133,0.009,668.223,1068.411,0,0,17.874,2.78
2018/5/5 10:00,4902,6647,708,1037,1.129,0.009,727.941,1127.999,0,0,18.935,2.881
2018/5/5 11:00,4540,6446,721,1185,1.126,0.009,739.775,1129.304,0,0,19.642,2.986
2018/5/5 12:00,4257,6300,683,1360,1.123,0.009,673.285,1072.527,0,0,19.914,3.023
2018/5/5 13:00,4118,6270,611,1541,1.122,0.009,569.451,961.469,0,0,19.762,2.98
2018/5/5 14:00,4049,6193,505,1639,1.123,0.009,446.614,803.656,0,0,19.307,2.83
2018/5/5 15:00,4099,6233,369,1765,1.124,0.009,306.705,609.919,0,0,18.586,2.614
2018/5/5 16:00,4120,6191,220,1851,1.126,0.009,172.793,393.483,0,0,17.467,2.263
2018/5/5 17:00,4222,6015,83,1710,1.13,0.009,56.344,169.075,0,0,15.613,1.803
2018/5/5 18:00,4301,6094,15,1778,1.135,0.008,1.821,9.297,0,0,13.571,1.736
2018/5/5 19:00,4094,5893,0,1799,1.141,0.008,0,0,0,0,12.575,1.829
2018/5/5 20:00,3730,5739,0,2009,1.145,0.008,0,0,0,0,11.746,1.858
2018/5/5 21:00,3325,5366,0,2041,1.149,0.007,0,0,0,0,10.931,1.824
2018/5/5 22:00,3273,5150,0,1877,1.152,0.007,0,0,0,0,10.18,1.761
2018/5/5 23:00,3079,4873,0,1794,1.155,0.007,0,0,0,0,9.516,1.679
2018/5/6 0:00,2896,4726,0,1830,1.157,0.006,0,0,0,0,8.913,1.632
2018/5/6 1:00,2928,4564,0,1636,1.159,0.006,0,0,0,0,8.375,1.638
2018/5/6 2:00,2932,4522,0,1590,1.161,0.006,0,0,0,0,7.916,1.662
2018/5/6 3:00,3131,4617,2,1484,1.164,0.006,2.163,7.824,0,0,7.491,1.691
2018/5/6 4:00,3264,4721,38,1419,1.165,0.006,74.512,161.751,0,0,8.125,1.899
2018/5/6 5:00,3668,5150,158,1324,1.163,0.006,233.701,386.217,0,0,10.062,2.04
2018/5/6 6:00,3808,5404,328,1268,1.155,0.006,417.241,603.399,0,0,12.673,2.234
2018/5/6 7:00,3724,5568,505,1339,1.147,0.006,588.031,798.503,0,0,14.901,2.388
2018/5/6 8:00,3483,5715,653,1579,1.142,0.006,732.868,958.163,0,0,16.594,2.448
2018/5/6 9:00,3615,5833,762,1456,1.137,0.007,837.361,1071.453,0,0,17.917,2.524
2018/5/6 10:00,3436,5640,814,1390,1.133,0.007,889.532,1130.972,0,0,18.892,2.614
2018/5/6 11:00,3194,5420,818,1408,1.13,0.007,889.796,1132.265,0,0,19.513,2.695
2018/5/6 12:00,3140,5291,786,1365,1.128,0.007,839.545,1075.643,0,0,19.787,2.748
2018/5/6 13:00,3245,5240,707,1288,1.126,0.007,739.992,964.694,0,0,19.703,2.754
2018/5/6 14:00,3374,5278,579,1325,1.126,0.007,600.043,807.234,0,0,19.267,2.708
2018/5/6 15:00,3748,5516,414,1354,1.127,0.007,432.105,613.851,0,0,18.53,2.583
2018/5/6 16:00,4129,5714,240,1345,1.129,0.007,253.695,397.821,0,0,17.279,2.193
2018/5/6 17:00,4380,5731,89,1262,1.132,0.008,89.76,173.862,0,0,14.958,1.608
2018/5/6 18:00,4508,5928,17,1403,1.137,0.007,3.468,10.705,0,0,12.15,1.442
2018/5/6 19:00,4325,5854,0,1529,1.142,0.007,0,0,0,0,11.1,1.493
2018/5/6 20:00,4362,5756,0,1394,1.146,0.007,0,0,0,0,10.327,1.508
2018/5/6 21:00,4391,5429,0,1038,1.149,0.007,0,0,0,0,9.689,1.498
2018/5/6 22:00,4507,5316,0,809,1.151,0.007,0,0,0,0,9.109,1.436
2018/5/6 23:00,4236,5007,0,771,1.153,0.006,0,0,0,0,8.579,1.279
2018/5/7 0:00,4317,4927,0,610,1.155,0.006,0,0,0,0,8.165,1.121
2018/5/7 1:00,4338,4854,0,516,1.157,0.006,0,0,0,0,7.721,1.083
2018/5/7 2:00,4509,4984,0,475,1.159,0.006,0,0,0,0,7.33,1.148
2018/5/7 3:00,5141,5572,2,429,1.161,0.006,2.619,9.091,0,0,6.951,1.16
2018/5/7 4:00,6297,6735,43,395,1.163,0.006,73.721,166.464,0,0,7.858,1.369
2018/5/7 5:00,7152,7573,171,250,1.161,0.007,212.418,390.533,0,0,9.992,1.45
2018/5/7 6:00,7332,7824,348,144,1.152,0.007,365.542,607.32,0,0,12.634,1.387
2018/5/7 7:00,7141,7760,532,87,1.144,0.007,516.145,802.019,0,0,15.071,1.425
2018/5/7 8:00,7027,7793,690,76,1.138,0.007,651.563,961.354,0,0,16.761,1.556
2018/5/7 9:00,7037,7937,806,94,1.133,0.007,754.139,1074.441,0,0,18.128,1.7
2018/5/7 10:00,6766,7745,867,112,1.129,0.007,815.871,1133.873,0,0,19.257,1.806
2018/5/7 11:00,6714,7708,870,124,1.124,0.007,827.939,1135.137,0,0,20.067,1.871
2018/5/7 12:00,6698,7651,812,141,1.121,0.007,788.382,1078.606,0,0,20.544,1.904
2018/5/7 13:00,6714,7612,714,184,1.119,0.007,699.09,967.886,0,0,20.647,1.924
2018/5/7 14:00,6742,7585,580,263,1.118,0.007,567.054,810.702,0,0,20.377,1.923
2018/5/7 15:00,6820,7633,419,394,1.118,0.007,411.032,617.719,0,0,19.776,1.875
2018/5/7 16:00,6663,7607,249,695,1.119,0.008,242.977,402.093,0,0,18.625,1.545
2018/5/7 17:00,6330,7347,95,922,1.121,0.009,87.751,178.551,0,0,16.105,1.072
2018/5/7 18:00,6172,7259,18,1069,1.125,0.008,3.477,12.21,0,0,13.46,1.214
2018/5/7 19:00,5839,6903,0,1064,1.13,0.007,0,0,0,0,12.528,1.313
2018/5/7 20:00,5517,6548,0,1031,1.134,0.007,0,0,0,0,11.753,1.303
2018/5/7 21:00,5012,6025,0,1013,1.137,0.007,0,0,0,0,10.902,1.281
2018/5/7 22:00,4853,5743,0,890,1.14,0.007,0,0,0,0,10.126,1.259
2018/5/7 23:00,4569,5452,0,883,1.142,0.007,0,0,0,0,9.452,1.22
2018/5/8 0:00,4890,5347,0,457,1.144,0.007,0,0,0,0,8.879,1.171
2018/5/8 1:00,4937,5189,0,252,1.145,0.006,0,0,0,0,8.381,1.121
2018/5/8 2:00,5016,5282,0,266,1.147,0.006,0,0,0,0,7.964,1.089
2018/5/8 3:00,5456,5862,26,380,1.149,0.006,3.29,10.445,0,0,7.561,1.067
2018/5/8 4:00,6499,6851,83,269,1.151,0.007,89.06,171.105,0,0,8.724,1.248
2018/5/8 5:00,7153,7622,179,290,1.149,0.007,253.32,394.773,0,0,11.206,1.509
2018/5/8 6:00,7293,7845,324,228,1.14,0.007,432.535,611.154,0,0,14.057,1.517
2018/5/8 7:00,7034,7795,529,232,1.131,0.007,601.035,805.499,0,0,16.487,1.825
2018/5/8 8:00,6986,7851,652,213,1.126,0.007,736.366,964.486,0,0,17.866,2.005
2018/5/8 9:00,7062,7986,717,207,1.123,0.007,806.281,1077.396,0,0,18.779,2.096
2018/5/8 10:00,6820,7828,774,234,1.12,0.008,816.376,1136.524,0,0,19.368,2.127
2018/5/8 11:00,6914,7853,752,187,1.118,0.008,742.02,1137.948,0,0,19.527,2.107
2018/5/8 12:00,6988,7804,691,125,1.116,0.008,668.489,1081.408,0,0,19.458,2.083
2018/5/8 13:00,6937,7729,605,187,1.116,0.008,554.033,971.008,0,0,19.105,1.997
2018/5/8 14:00,6777,7698,477,444,1.116,0.008,425.627,814.12,0,0,18.556,1.844
2018/5/8 15:00,6656,7692,348,688,1.117,0.008,299.355,621.476,0,0,17.777,1.683
2018/5/8 16:00,6789,7682,220,673,1.119,0.009,170.848,406.246,0,0,16.676,1.325
2018/5/8 17:00,7057,7473,96,320,1.122,0.009,65.864,183.145,0,0,14.951,0.843
2018/5/8 18:00,7034,7304,25,245,1.126,0.009,3.672,13.803,0,0,12.815,0.824
2018/5/8 19:00,6623,6927,2,302,1.129,0.008,0,0,0,0,11.898,0.905
2018/5/8 20:00,6375,6562,0,187,1.132,0.008,0,0,0,0,11.249,0.888
2018/5/8 21:00,5927,6056,0,129,1.134,0.008,0,0,0,0,10.729,0.839
2018/5/8 22:00,5651,5797,0,146,1.136,0.008,0,0,0,0,10.332,0.798
2018/5/8 23:00,5307,5483,0,176,1.137,0.008,0,0,0,0,9.939,0.761
2018/5/9 0:00,5186,5346,0,160,1.138,0.008,0,0,0,0,9.527,0.758
2018/5/9 1:00,5110,5256,0,146,1.139,0.008,0,0,0,0,9.164,0.783
2018/5/9 2:00,5221,5368,0,147,1.141,0.007,0,0,0,0,8.871,0.79
2018/5/9 3:00,5693,5858,25,140,1.142,0.007,2.469,11.886,0,0,8.684,0.784
2018/5/9 4:00,6705,6882,79,98,1.143,0.008,65.933,175.678,0,0,9.544,0.889
2018/5/9 5:00,7466,7698,170,62,1.141,0.008,205.173,398.931,0,0,11.473,0.998
2018/5/9 6:00,7614,7963,310,39,1.134,0.008,382.612,614.902,0,0,13.755,0.951
2018/5/9 7:00,7382,7917,503,32,1.128,0.008,539.236,808.813,0,0,15.677,1.036
2018/5/9 8:00,7339,8000,627,34,1.123,0.008,635.511,967.538,0,0,17.139,1.145
2018/5/9 9:00,7391,8128,701,36,1.12,0.008,689.104,1080.233,0,0,18.138,1.252
2018/5/9 10:00,7138,7944,770,36,1.117,0.008,720.878,1139.345,0,0,18.885,1.327
2018/5/9 11:00,7126,7927,758,43,1.114,0.008,720.022,1140.627,0,0,19.419,1.388
2018/5/9 12:00,6985,7815,699,131,1.112,0.008,690.765,1084.285,0,0,19.722,1.422
2018/5/9 13:00,6764,7745,623,358,1.111,0.008,592.015,974.011,0,0,19.672,1.418
2018/5/9 14:00,6986,7670,505,179,1.111,0.008,471.433,817.41,0,0,19.385,1.397
2018/5/9 15:00,7055,7649,388,206,1.111,0.008,329.063,625.11,0,0,18.827,1.308
2018/5/9 16:00,7055,7574,253,266,1.112,0.009,186.529,410.366,0,0,17.887,1.069
2018/5/9 17:00,6885,7277,110,282,1.115,0.009,65.229,187.669,0.001,0.002,15.937,0.714
2018/5/9 18:00,6972,7212,27,213,1.117,0.009,3.494,15.481,0.003,0.004,14.064,0.806
2018/5/9 19:00,6761,6875,1,113,1.121,0.008,0,0,0.007,0.005,13.406,0.774
2018/5/9 20:00,6359,6486,0,127,1.123,0.008,0,0,0.012,0.007,12.79,0.731
2018/5/9 21:00,5812,5926,0,114,1.125,0.008,0,0,0.017,0.004,12.266,0.728
2018/5/9 22:00,5455,5639,0,184,1.126,0.008,0,0,0.019,0.001,11.879,0.731
2018/5/9 23:00,5159,5298,0,139,1.127,0.008,0,0,0.02,0.001,11.558,0.725
2018/5/10 0:00,5016,5152,0,136,1.128,0.008,0,0,0.02,0,11.314,0.706
2018/5/10 1:00,4762,4970,0,208,1.129,0.008,0,0,0.02,0,11.034,0.697
2018/5/10 2:00,4707,4896,0,189,1.13,0.008,0,0,0.02,0,10.746,0.713
2018/5/10 3:00,4620,4895,21,254,1.131,0.008,3.504,13.406,0.02,0,10.438,0.736
2018/5/10 4:00,4697,5068,65,306,1.133,0.008,65.724,180.171,0.02,0,11.098,0.641
2018/5/10 5:00,5136,5622,139,347,1.132,0.009,186.322,402.982,0.02,0,13.153,0.806
2018/5/10 6:00,5318,5892,261,313,1.128,0.009,326.307,618.494,0.019,0,15.192,0.986
2018/5/10 7:00,5426,6135,437,272,1.123,0.009,452.079,812.062,0.017,0,16.964,1.164
2018/5/10 8:00,5472,6245,550,223,1.12,0.009,549.91,970.52,0.015,0,18.138,1.277
2018/5/10 9:00,5618,6405,622,165,1.117,0.009,600.693,1082.948,0.012,0,18.901,1.31
2018/5/10 10:00,5365,6243,698,180,1.115,0.009,646.163,1141.889,0.009,0,19.521,1.325
2018/5/10 11:00,5186,6097,715,196,1.114,0.009,628.539,1143.301,0.007,0,19.875,1.365
2018/5/10 12:00,5103,5978,687,188,1.113,0.009,568.802,1087.039,0.006,0,19.958,1.412
2018/5/10 13:00,5161,5946,605,180,1.113,0.009,458.826,976.963,0.005,0,19.731,1.428
2018/5/10 14:00,5201,6018,450,367,1.113,0.009,360.914,820.628,0.004,0,19.346,1.402
2018/5/10 15:00,5554,6196,313,329,1.115,0.01,237.508,628.766,0.004,0,18.693,1.254
2018/5/10 16:00,5910,6276,196,170,1.117,0.01,129.155,414.348,0.003,0,17.757,0.973
2018/5/10 17:00,5981,6200,86,133,1.12,0.011,44.401,192.082,0.003,0,16.261,0.662
2018/5/10 18:00,5813,6260,21,426,1.123,0.01,2.198,17.237,0.003,0,14.969,0.744
2018/5/10 19:00,5559,6007,1,447,1.127,0.009,0,0,0.003,0,14.479,0.747
2018/5/10 20:00,5594,5848,0,254,1.13,0.009,0,0,0.003,0,13.98,0.733
2018/5/10 21:00,5105,5416,0,311,1.133,0.009,0,0,0.003,0,13.336,0.789
2018/5/10 22:00,5023,5192,0,169,1.136,0.009,0,0,0.003,0,12.551,0.872
2018/5/10 23:00,4693,4900,0,207,1.139,0.009,0,0,0.003,0,12.003,0.941
2018/5/11 0:00,4597,4784,0,187,1.142,0.009,0,0,0.003,0,11.691,1.066
2018/5/11 1:00,4455,4708,0,253,1.145,0.009,0,0,0.003,0,11.423,1.182
2018/5/11 2:00,4482,4828,0,346,1.147,0.009,0,0,0.004,0,11.116,1.201
2018/5/11 3:00,4898,5318,14,406,1.149,0.008,2.374,15.002,0.004,0,10.811,1.212
2018/5/11 4:00,5730,6224,46,448,1.151,0.008,42.763,184.576,0.004,0,11.066,1.447
2018/5/11 5:00,6551,7096,110,435,1.151,0.009,119.867,406.965,0.004,0,11.704,1.691
2018/5/11 6:00,6719,7420,204,497,1.149,0.009,215.563,622.052,0.003,0,12.692,1.799
2018/5/11 7:00,6585,7520,319,616,1.145,0.009,315.145,815.287,0.003,0,13.918,1.764
2018/5/11 8:00,6523,7551,395,633,1.14,0.009,428.421,973.337,0.002,0,15.386,1.57
2018/5/11 9:00,6614,7576,453,509,1.136,0.009,530.695,1085.671,0.002,0,16.75,1.322
2018/5/11 10:00,6618,7408,516,274,1.131,0.009,586.071,1144.435,0.002,0,17.823,1.139
2018/5/11 11:00,6456,7191,564,171,1.128,0.009,571.44,1145.843,0.001,0,18.5,1.036
2018/5/11 12:00,6367,7032,576,89,1.125,0.009,531.667,1089.645,0.001,0,18.881,0.994
2018/5/11 13:00,6353,6941,545,43,1.124,0.009,467.662,979.831,0.001,0,18.935,0.998
2018/5/11 14:00,6463,6939,442,34,1.123,0.009,393.808,823.792,0.001,0,18.767,0.997
2018/5/11 15:00,6684,7043,326,33,1.123,0.009,277.474,632.247,0.001,0,18.414,0.947
2018/5/11 16:00,6764,7008,208,36,1.123,0.01,177.858,418.268,0.001,0,17.912,0.83
2018/5/11 17:00,6660,6790,92,38,1.124,0.01,69.123,196.432,0.001,0,16.546,0.558
2018/5/11 18:00,6579,6651,23,49,1.126,0.009,4.374,19.065,0,0,14.693,0.743
2018/5/11 19:00,6267,6392,1,124,1.128,0.009,0,0,0,0,13.966,0.793
2018/5/11 20:00,6008,6152,0,144,1.13,0.009,0,0,0.001,0,13.559,0.779
2018/5/11 21:00,5564,5649,0,85,1.132,0.009,0,0,0.001,0,13.158,0.742
2018/5/11 22:00,5241,5308,0,67,1.134,0.009,0,0,0.001,0.001,12.698,0.705
2018/5/11 23:00,4898,4965,0,67,1.136,0.009,0,0,0.001,0.001,12.388,0.662
2018/5/12 0:00,4757,4820,0,63,1.137,0.009,0,0,0.002,0.001,12.141,0.598
2018/5/12 1:00,4566,4620,0,54,1.138,0.009,0,0,0.002,0,11.811,0.569
2018/5/12 2:00,4617,4679,0,62,1.139,0.008,0,0,0.003,0,11.329,0.634
2018/5/12 3:00,4773,4879,24,82,1.141,0.008,4.748,16.667,0.003,0,10.86,0.672
2018/5/12 4:00,5137,5295,77,81,1.143,0.009,81.638,188.869,0.003,0,11.732,0.654
2018/5/12 5:00,5646,5892,170,76,1.141,0.009,227.477,410.856,0.003,0,13.794,0.747
2018/5/12 6:00,5928,6288,320,40,1.133,0.009,405.205,625.536,0.003,0,16.453,0.448
2018/5/12 7:00,5866,6418,519,33,1.127,0.009,551.77,818.361,0.003,0,18.364,0.682
2018/5/12 8:00,5817,6491,642,32,1.122,0.009,665.849,976.215,0.002,0,19.599,0.858
2018/5/12 9:00,5888,6638,715,35,1.119,0.009,738.87,1088.249,0.002,0,20.528,1.026
2018/5/12 10:00,5591,6419,784,44,1.116,0.009,761.808,1146.965,0.002,0,21.175,1.202
2018/5/12 11:00,5441,6242,753,48,1.114,0.009,729.068,1148.317,0.001,0,21.497,1.353
2018/5/12 12:00,5373,6122,689,60,1.112,0.009,655.417,1092.186,0.001,0,21.537,1.462
2018/5/12 13:00,5467,6123,588,68,1.111,0.009,546.086,982.617,0.001,0,21.326,1.537
2018/5/12 14:00,5546,6144,469,129,1.111,0.009,433.065,826.894,0.001,0,20.98,1.549
2018/5/12 15:00,5397,6232,370,465,1.111,0.01,309.479,635.692,0.001,0,20.393,1.476
2018/5/12 16:00,5533,6189,246,410,1.112,0.01,184.397,422.1,0.001,0,19.447,1.18
2018/5/12 17:00,5608,5989,112,269,1.115,0.011,70.761,200.655,0.001,0,17.658,0.729
2018/5/12 18:00,5777,6046,29,240,1.117,0.01,4.641,20.959,0.001,0,15.525,0.767
2018/5/12 19:00,5755,5915,2,158,1.12,0.01,0,0,0.001,0,14.725,0.825
2018/5/12 20:00,5580,5721,0,141,1.122,0.009,0,0,0.001,0,14.201,0.817
2018/5/12 21:00,5147,5250,0,103,1.124,0.009,0,0,0.001,0,13.768,0.779
2018/5/12 22:00,4949,5019,0,70,1.126,0.009,0,0,0.001,0,13.326,0.735
2018/5/12 23:00,4588,4707,0,119,1.128,0.009,0,0,0.001,0,12.803,0.716
2018/5/13 0:00,4313,4629,0,316,1.13,0.009,0,0,0.001,0,12.162,0.706
2018/5/13 1:00,4067,4498,0,431,1.132,0.009,0,0,0,0,11.558,0.727
2018/5/13 2:00,4000,4428,0,428,1.135,0.009,0,0,0,0,11.042,0.765
2018/5/13 3:00,4044,4486,28,414,1.138,0.008,5.237,18.4,0,0,10.62,0.767
2018/5/13 4:00,4156,4647,85,406,1.139,0.009,83.86,193.087,0,0,11.742,0.948
2018/5/13 5:00,4661,5137,175,301,1.137,0.009,229.456,414.644,0,0,13.469,1.177
2018/5/13 6:00,4805,5386,316,265,1.13,0.009,406.635,628.955,0,0,15.694,1.285
2018/5/13 7:00,4774,5565,511,280,1.123,0.009,575.971,821.393,0,0,17.901,1.419
2018/5/13 8:00,4726,5724,630,368,1.118,0.009,712.049,978.902,0,0,19.538,1.561
2018/5/13 9:00,4739,5782,701,342,1.114,0.009,792.834,1090.786,0,0,20.603,1.72
2018/5/13 10:00,4413,5530,770,347,1.111,0.009,811.948,1149.315,0,0,21.265,1.885
2018/5/13 11:00,4176,5358,743,439,1.108,0.009,768.939,1150.763,0,0,21.51,2.055
2018/5/13 12:00,4146,5355,677,532,1.107,0.009,673.564,1094.678,0,0,21.404,2.195
2018/5/13 13:00,4279,5382,582,521,1.106,0.009,576.937,985.292,0,0,21.106,2.299
2018/5/13 14:00,4509,5432,451,472,1.107,0.009,434.494,829.873,0,0,20.511,2.332
2018/5/13 15:00,4822,5639,334,483,1.108,0.009,310.69,639.035,0,0,19.807,2.236
2018/5/13 16:00,5155,5900,215,530,1.109,0.01,181.791,425.825,0,0,18.788,1.888
2018/5/13 17:00,5181,5830,99,550,1.112,0.01,70.375,204.819,0,0,17.15,1.29
2018/5/13 18:00,5519,5988,27,442,1.116,0.01,4.944,22.911,0,0,15.126,1.107
2018/5/13 19:00,5561,5922,2,359,1.119,0.009,0,0,0,0,14.217,1.101
2018/5/13 20:00,5582,5850,0,268,1.122,0.009,0,0,0,0,13.523,1.029
2018/5/13 21:00,5197,5423,0,226,1.124,0.009,0,0,0,0,12.913,0.958
2018/5/13 22:00,4897,5178,0,281,1.126,0.009,0,0,0,0,12.38,0.9
2018/5/13 23:00,4594,4927,0,333,1.128,0.009,0,0,0,0,11.885,0.832
2018/5/14 0:00,4598,4839,0,241,1.13,0.008,0,0,0,0,11.45,0.8
2018/5/14 1:00,3938,4727,0,789,1.132,0.008,0,0,0,0,11.03,0.808
2018/5/14 2:00,3884,4886,0,1002,1.134,0.008,0,0,0,0,10.664,0.876
2018/5/14 3:00,4239,5516,20,1257,1.138,0.008,5.131,20.194,0,0,10.397,0.975
2018/5/14 4:00,5730,6748,59,959,1.14,0.008,68.045,197.219,0,0,11.192,1.312
2018/5/14 5:00,7022,7716,123,571,1.138,0.009,176.6,418.344,0,0,12.484,1.662
2018/5/14 6:00,7398,8088,211,479,1.135,0.008,303.731,632.253,0,0,13.922,2.022
2018/5/14 7:00,7409,8144,318,417,1.131,0.008,408.95,824.345,0,0,15.144,2.185
2018/5/14 8:00,7571,8283,388,324,1.128,0.008,496.213,981.542,0,0,16.161,2.287
2018/5/14 9:00,7709,8444,439,296,1.126,0.008,525.559,1093.214,0,0,16.777,2.376
2018/5/14 10:00,7442,8228,496,290,1.124,0.008,531.955,1151.715,0,0,17.058,2.49
2018/5/14 11:00,7409,8206,504,293,1.124,0.008,497.465,1153.003,0,0,17.03,2.561
2018/5/14 12:00,7389,8110,465,256,1.125,0.008,420.199,1097.096,0,0,16.713,2.546
2018/5/14 13:00,7427,8040,386,227,1.125,0.008,327.754,987.95,0,0,16.248,2.437
2018/5/14 14:00,7435,7942,292,215,1.126,0.008,261.408,832.779,0,0,15.787,2.292
2018/5/14 15:00,7604,7993,205,184,1.127,0.008,173.047,642.295,0,0,15.165,2.055
2018/5/14 16:00,7710,7974,123,141,1.129,0.009,96.587,429.484,0,0.003,14.41,1.672
2018/5/14 17:00,7478,7640,56,106,1.131,0.009,35.265,208.863,0.004,0.008,13.389,1.212
2018/5/14 18:00,7326,7427,18,83,1.134,0.009,2.761,24.916,0.02,0.028,12.23,1.069
2018/5/14 19:00,6954,7016,2,60,1.136,0.008,0,0,0.058,0.047,11.608,1.065
2018/5/14 20:00,6490,6553,0,63,1.139,0.008,0,0,0.11,0.058,11.105,1.058
2018/5/14 21:00,5926,6002,0,76,1.14,0.008,0,0,0.167,0.057,10.66,1.062
2018/5/14 22:00,5564,5657,0,93,1.142,0.008,0,0,0.221,0.055,10.259,1.055
2018/5/14 23:00,5231,5378,0,147,1.143,0.008,0,0,0.271,0.046,9.885,1.076
2018/5/15 0:00,5165,5287,0,122,1.145,0.008,0,0,0.315,0.046,9.547,1.114
2018/5/15 1:00,5063,5165,0,102,1.146,0.008,0,0,0.36,0.046,9.228,1.147
2018/5/15 2:00,5163,5323,0,160,1.148,0.007,0,0,0.406,0.048,8.904,1.216
2018/5/15 3:00,5644,5912,7,261,1.15,0.007,1.764,22.041,0.453,0.055,8.547,1.36
2018/5/15 4:00,6755,7093,22,316,1.152,0.007,24.426,201.251,0.497,0.051,8.396,1.573
2018/5/15 5:00,7757,8079,59,263,1.154,0.007,70.719,421.964,0.522,0.035,8.437,1.738
2018/5/15 6:00,8057,8409,120,232,1.154,0.007,134.726,635.486,0.516,0.01,8.661,1.84
2018/5/15 7:00,8080,8521,208,233,1.154,0.007,207.875,827.205,0.484,0.002,9.125,1.909
2018/5/15 8:00,8010,8694,273,411,1.152,0.007,270.211,984.11,0.43,0.001,9.749,1.941
2018/5/15 9:00,7999,8853,345,509,1.151,0.007,316.84,1095.63,0.362,0,10.334,1.91
2018/5/15 10:00,7652,8602,431,519,1.15,0.007,334.673,1153.911,0.295,0,10.783,1.789
2018/5/15 11:00,7631,8520,473,416,1.148,0.007,333.18,1155.264,0.237,0,11.126,1.597
2018/5/15 12:00,7567,8402,481,354,1.147,0.007,315.476,1099.471,0.191,0,11.363,1.351
2018/5/15 13:00,7512,8266,476,278,1.147,0.007,275.628,990.417,0.159,0,11.406,1.134
2018/5/15 14:00,7500,8111,403,208,1.147,0.007,226.473,835.59,0.137,0,11.247,0.993
2018/5/15 15:00,7558,8027,315,154,1.147,0.007,161.367,645.472,0.123,0,10.925,0.924
2018/5/15 16:00,7552,7931,215,164,1.148,0.007,90.624,433.043,0.116,0,10.445,0.883
2018/5/15 17:00,7317,7565,107,141,1.149,0.007,35.365,212.841,0.112,0,9.766,0.716
2018/5/15 18:00,7201,7388,37,150,1.151,0.007,3.231,26.968,0.111,0,8.86,0.577
2018/5/15 19:00,6881,7015,6,128,1.153,0.007,0,0,0.11,0,8.332,0.675
2018/5/15 20:00,6523,6632,0,109,1.154,0.007,0,0,0.11,0,7.916,0.747
2018/5/15 21:00,5975,6072,0,97,1.155,0.007,0,0,0.11,0.001,7.495,0.737
2018/5/15 22:00,5666,5766,0,100,1.156,0.007,0,0,0.11,0.001,7.194,0.712
2018/5/15 23:00,5297,5419,0,122,1.156,0.007,0,0,0.11,0.001,7.031,0.739
2018/5/16 0:00,5229,5337,0,108,1.157,0.007,0,0,0.111,0.002,6.927,0.773
2018/5/16 1:00,5106,5201,0,95,1.157,0.006,0,0,0.112,0.002,6.854,0.775
2018/5/16 2:00,5238,5356,0,118,1.158,0.006,0,0,0.114,0.002,6.831,0.824
2018/5/16 3:00,5720,5923,17,186,1.158,0.006,3.724,23.939,0.116,0.002,6.822,0.887
2018/5/16 4:00,6704,7071,47,320,1.158,0.007,48.169,205.182,0.117,0.002,7.508,1.226
2018/5/16 5:00,7733,8000,103,164,1.156,0.007,136.969,425.497,0.117,0.001,8.465,1.578
2018/5/16 6:00,8031,8349,206,112,1.152,0.007,256.644,638.6,0.112,0,9.795,1.788
2018/5/16 7:00,7892,8385,349,144,1.147,0.007,375.719,829.978,0.102,0,11.234,1.932
2018/5/16 8:00,7863,8483,440,180,1.144,0.007,453.942,986.615,0.088,0,12.412,1.975
2018/5/16 9:00,7861,8554,502,191,1.141,0.007,499.537,1097.79,0.072,0,13.264,1.947
2018/5/16 10:00,7511,8283,571,201,1.139,0.007,490.206,1156.123,0.059,0,13.786,1.9
2018/5/16 11:00,7455,8238,586,197,1.138,0.007,473.316,1157.42,0.049,0,14.084,1.897
2018/5/16 12:00,7329,8125,555,241,1.138,0.007,440.803,1101.791,0.041,0,14.182,1.9
2018/5/16 13:00,7177,8038,494,367,1.138,0.007,385.735,992.925,0.036,0,14.067,1.89
2018/5/16 14:00,7216,7976,395,365,1.138,0.007,309.607,838.324,0.032,0,13.726,1.85
2018/5/16 15:00,7199,7995,300,496,1.139,0.007,219.47,648.527,0.029,0,13.214,1.749
2018/5/16 16:00,7362,7939,210,367,1.14,0.007,137.035,436.506,0.028,0,12.538,1.528
2018/5/16 17:00,7286,7675,107,282,1.143,0.008,61.378,216.708,0.027,0.001,11.441,1.058
2018/5/16 18:00,7083,7448,37,328,1.146,0.007,5.258,29.063,0.03,0.005,9.856,0.811
2018/5/16 19:00,6468,7062,6,588,1.149,0.007,0,0,0.035,0.005,9.146,0.911
2018/5/16 20:00,5854,6784,0,930,1.152,0.007,0,0,0.039,0.004,8.723,1.088
2018/5/16 21:00,5171,6169,0,998,1.154,0.007,0,0,0.042,0.002,8.305,1.166
2018/5/16 22:00,4878,5798,0,920,1.155,0.007,0,0,0.043,0.001,8.033,1.212
2018/5/16 23:00,4747,5577,0,830,1.155,0.007,0,0,0.044,0.001,7.85,1.263
2018/5/17 0:00,4760,5507,0,747,1.156,0.007,0,0,0.045,0.001,7.699,1.296
2018/5/17 1:00,4574,5407,0,833,1.156,0.007,0,0,0.045,0.001,7.526,1.256
2018/5/17 2:00,4696,5514,0,818,1.156,0.007,0,0,0.046,0.001,7.357,1.196
2018/5/17 3:00,5277,6063,30,756,1.156,0.007,5.811,25.878,0.047,0.002,7.36,1.248
2018/5/17 4:00,6273,7102,80,749,1.156,0.007,64.226,209.021,0.049,0.003,8.438,1.529
2018/5/17 5:00,7100,7977,153,724,1.153,0.007,165.956,428.929,0.05,0.001,9.786,1.921
2018/5/17 6:00,7056,8323,262,1005,1.149,0.007,282.519,641.638,0.048,0,11.31,2.211
2018/5/17 7:00,6795,8296,406,1095,1.145,0.007,393.592,832.681,0.044,0,12.676,2.331
2018/5/17 8:00,6797,8487,497,1193,1.141,0.008,497.516,989.054,0.037,0,13.891,2.34
2018/5/17 9:00,6747,8625,561,1317,1.138,0.008,547.825,1100.078,0.03,0,14.732,2.329
2018/5/17 10:00,6351,8406,625,1430,1.136,0.008,565.325,1158.223,0.023,0,15.299,2.295
2018/5/17 11:00,6454,8395,624,1317,1.135,0.008,537.626,1159.486,0.018,0,15.63,2.242
2018/5/17 12:00,6494,8324,583,1247,1.134,0.008,479.218,1103.924,0.014,0,15.696,2.185
2018/5/17 13:00,6418,8273,519,1336,1.134,0.008,395.591,995.336,0.011,0,15.496,2.099
2018/5/17 14:00,6336,8195,423,1436,1.134,0.008,317.832,841.009,0.009,0,15.152,2.019
2018/5/17 15:00,6461,8086,323,1302,1.135,0.008,228.325,651.577,0.008,0,14.675,1.868
2018/5/17 16:00,6525,7952,220,1207,1.136,0.008,132.032,439.902,0.008,0,14.004,1.494
2018/5/17 17:00,6573,7704,111,1020,1.139,0.009,50.241,220.482,0.007,0,12.933,1.129
2018/5/17 18:00,6461,7426,38,927,1.141,0.008,4.684,31.195,0.007,0,11.622,0.996
2018/5/17 19:00,5955,6989,6,1028,1.144,0.008,0,0,0.007,0,11.103,1.096
2018/5/17 20:00,5476,6620,0,1144,1.146,0.008,0,0,0.007,0,10.789,1.138
2018/5/17 21:00,4869,6066,0,1197,1.148,0.008,0,0,0.007,0,10.412,1.126
2018/5/17 22:00,4669,5774,0,1105,1.149,0.008,0,0,0.006,0,9.97,1.19
2018/5/17 23:00,4315,5448,0,1133,1.15,0.008,0,0,0.006,0,9.689,1.253
2018/5/18 0:00,4163,5335,0,1172,1.151,0.007,0,0,0.006,0,9.504,1.342
2018/5/18 1:00,4170,5259,0,1089,1.152,0.007,0,0,0.006,0,9.302,1.405
2018/5/18 2:00,4209,5349,0,1140,1.154,0.007,0,0,0.006,0,9.037,1.406
2018/5/18 3:00,4665,5905,20,1220,1.155,0.007,5.398,27.854,0.006,0,8.86,1.445
2018/5/18 4:00,5738,7054,57,1259,1.155,0.008,63.548,212.773,0.006,0,9.624,1.617
2018/5/18 5:00,6646,7956,124,1186,1.154,0.008,173.484,432.288,0.006,0,10.837,1.838
2018/5/18 6:00,6815,8207,241,1151,1.149,0.008,314.537,644.629,0.006,0,12.356,1.991
2018/5/18 7:00,6530,8199,389,1280,1.145,0.008,456.78,835.342,0.005,0,13.952,2.095
2018/5/18 8:00,6520,8258,486,1252,1.14,0.008,557.341,991.359,0.004,0,15.303,2.177
2018/5/18 9:00,6461,8281,564,1256,1.137,0.008,639.989,1102.211,0.003,0,16.344,2.207
2018/5/18 10:00,6057,7956,657,1242,1.134,0.008,680.676,1160.233,0.002,0,17.14,2.157
2018/5/18 11:00,5888,7736,681,1167,1.132,0.008,653.342,1161.631,0.002,0,17.574,2.052
2018/5/18 12:00,5966,7586,672,948,1.13,0.008,581.719,1106.023,0.001,0,17.67,1.928
2018/5/18 13:00,6097,7515,611,807,1.13,0.008,489.308,997.619,0.001,0,17.541,1.788
2018/5/18 14:00,6357,7539,480,702,1.129,0.008,392.674,843.596,0.001,0,17.282,1.645
2018/5/18 15:00,6626,7556,355,575,1.129,0.008,288.001,654.418,0.001,0,16.862,1.482
2018/5/18 16:00,6773,7553,240,540,1.13,0.008,176.184,443.204,0,0,16.192,1.115
2018/5/18 17:00,6450,7245,120,675,1.132,0.009,74.306,224.145,0,0,14.901,0.684
2018/5/18 18:00,6258,7089,40,791,1.134,0.008,8.076,33.356,0,0,13.091,0.769
2018/5/18 19:00,5780,6788,5,1003,1.137,0.008,0,0,0,0,12.259,0.906
2018/5/18 20:00,5610,6448,0,838,1.14,0.008,0,0,0,0,11.622,0.965
2018/5/18 21:00,5185,5902,0,717,1.143,0.008,0,0,0.001,0.001,10.929,0.948
2018/5/18 22:00,4944,5542,0,598,1.146,0.007,0,0,0.001,0.002,10.337,0.918
2018/5/18 23:00,4882,5218,0,336,1.148,0.007,0,0,0.003,0.002,9.798,0.903
2018/5/19 0:00,4786,5086,0,300,1.15,0.007,0,0,0.004,0.003,9.374,0.925
2018/5/19 1:00,4456,4919,0,463,1.152,0.007,0,0,0.007,0.005,8.975,1.007
2018/5/19 2:00,4373,4897,0,524,1.153,0.007,0,0,0.011,0.005,8.614,1.087
2018/5/19 3:00,4340,5026,33,653,1.155,0.007,8.648,29.864,0.015,0.005,8.333,1.161
2018/5/19 4:00,4693,5425,91,641,1.156,0.007,94.167,216.423,0.02,0.007,9.412,1.381
2018/5/19 5:00,5282,5984,174,528,1.154,0.008,231.59,435.553,0.026,0.006,11.401,1.493
2018/5/19 6:00,5528,6306,311,467,1.148,0.008,383.972,647.488,0.029,0.002,13.33,1.584
2018/5/19 7:00,5455,6490,506,529,1.143,0.008,535.931,837.866,0.028,0,14.925,1.636
2018/5/19 8:00,5459,6600,608,533,1.139,0.008,652.651,993.609,0.026,0,16.226,1.724
2018/5/19 9:00,5535,6672,653,484,1.136,0.008,700.403,1104.276,0.023,0,17.126,1.798
2018/5/19 10:00,5316,6468,693,459,1.134,0.008,688.18,1162.207,0.021,0,17.62,1.849
2018/5/19 11:00,5116,6273,681,476,1.132,0.008,636.093,1163.464,0.019,0,17.793,1.868
2018/5/19 12:00,5083,6151,647,421,1.131,0.008,555.597,1108.167,0.017,0,17.723,1.851
2018/5/19 13:00,5206,6157,583,368,1.131,0.008,472.013,999.823,0.015,0,17.512,1.831
2018/5/19 14:00,5327,6178,459,392,1.131,0.008,363.946,846.085,0.014,0,17.097,1.789
2018/5/19 15:00,5402,6286,355,529,1.132,0.008,248.909,657.303,0.013,0,16.501,1.682
2018/5/19 16:00,5477,6324,242,605,1.133,0.008,139.754,446.388,0.012,0,15.687,1.404
2018/5/19 17:00,5454,6157,123,580,1.135,0.009,58.972,227.724,0.012,0,14.36,0.873
2018/5/19 18:00,5310,6101,42,749,1.138,0.008,5.723,35.539,0.012,0.001,12.504,0.78
2018/5/19 19:00,5163,5885,6,716,1.141,0.008,0,0,0.013,0.001,11.637,0.848
2018/5/19 20:00,5112,5712,0,600,1.144,0.008,0,0,0.014,0.001,11.043,0.884
2018/5/19 21:00,4628,5232,0,604,1.147,0.008,0,0,0.015,0.001,10.47,0.918
2018/5/19 22:00,4236,4951,0,715,1.15,0.008,0,0,0.017,0.002,9.94,0.979
2018/5/19 23:00,3959,4637,0,678,1.152,0.007,0,0,0.018,0.002,9.418,1.023
2018/5/20 0:00,3937,4589,0,652,1.155,0.007,0,0,0.02,0.002,8.926,1.069
2018/5/20 1:00,3812,4447,0,635,1.158,0.007,0,0,0.021,0.001,8.438,1.085
2018/5/20 2:00,3867,4443,0,576,1.16,0.007,0,0,0.022,0.001,7.943,1.083
2018/5/20 3:00,4020,4534,34,480,1.163,0.007,9.349,31.893,0.022,0,7.612,1.139
2018/5/20 4:00,4186,4668,90,392,1.165,0.007,87.02,219.967,0.023,0,8.565,1.398
2018/5/20 5:00,4732,5126,174,220,1.163,0.007,210.185,438.715,0.022,0,10.024,1.406
2018/5/20 6:00,5025,5440,304,111,1.156,0.007,350.991,650.265,0.021,0,12.151,1.429
2018/5/20 7:00,5145,5703,478,80,1.149,0.007,493.45,840.276,0.02,0,14.193,1.511
2018/5/20 8:00,5291,5925,586,48,1.144,0.007,621.246,995.799,0.019,0,15.702,1.504
2018/5/20 9:00,5362,6063,653,48,1.14,0.007,691.8,1106.228,0.017,0,16.778,1.514
2018/5/20 10:00,5071,5838,715,52,1.136,0.007,726.273,1164.118,0.015,0,17.636,1.553
2018/5/20 11:00,4848,5628,732,48,1.133,0.007,716.473,1165.389,0.013,0,18.206,1.609
2018/5/20 12:00,4707,5467,709,51,1.131,0.007,669.721,1110.134,0.011,0,18.484,1.662
2018/5/20 13:00,4775,5473,638,60,1.13,0.008,581.944,1002.02,0.01,0,18.453,1.699
2018/5/20 14:00,4932,5507,506,69,1.129,0.008,470.744,848.504,0.009,0,18.161,1.698
2018/5/20 15:00,5256,5700,375,69,1.129,0.008,341.458,660.035,0.008,0,17.671,1.63
2018/5/20 16:00,5448,5761,252,61,1.13,0.008,210.166,449.491,0.007,0,16.89,1.387
2018/5/20 17:00,5445,5706,129,132,1.132,0.009,89.213,231.204,0.007,0,15.321,0.89
2018/5/20 18:00,5447,5737,44,246,1.134,0.008,9.128,37.737,0.007,0,13.26,0.88
2018/5/20 19:00,5372,5680,7,301,1.137,0.008,0,0,0.007,0,12.534,0.958
2018/5/20 20:00,5297,5625,0,328,1.14,0.007,0,0,0.007,0,12.132,0.967
2018/5/20 21:00,4686,5214,0,528,1.142,0.007,0,0,0.007,0,11.527,0.955
2018/5/20 22:00,4508,5100,0,592,1.144,0.007,0,0,0.007,0,10.87,0.975
2018/5/20 23:00,4366,4822,0,456,1.145,0.007,0,0,0.007,0,10.176,1.007
2018/5/21 0:00,4357,4688,0,331,1.147,0.007,0,0,0.007,0,9.565,1.016
2018/5/21 1:00,4140,4486,0,346,1.148,0.007,0,0,0.007,0,9.021,0.981
2018/5/21 2:00,4154,4474,0,320,1.15,0.007,0,0,0.007,0,8.502,0.933
2018/5/21 3:00,4164,4549,37,348,1.152,0.007,11.246,33.943,0.007,0,8.194,0.888
2018/5/21 4:00,4291,4816,99,426,1.153,0.007,111.156,223.418,0.007,0,10.076,1.088
2018/5/21 5:00,4760,5253,190,303,1.151,0.008,272.52,441.774,0.006,0,12.199,1.358
2018/5/21 6:00,4979,5552,338,235,1.143,0.007,444.887,652.982,0.006,0,14.584,1.67
2018/5/21 7:00,5047,5791,540,204,1.137,0.007,609.516,842.691,0.005,0,16.481,1.736
2018/5/21 8:00,5133,5966,662,171,1.133,0.008,740.434,997.908,0.004,0,17.836,1.728
2018/5/21 9:00,5271,6135,733,131,1.13,0.008,798.854,1108.161,0.003,0,18.693,1.758
2018/5/21 10:00,5086,5976,798,92,1.127,0.008,807.35,1165.821,0.003,0,19.238,1.772
2018/5/21 11:00,4962,5861,786,113,1.125,0.008,782.12,1167.185,0.002,0,19.562,1.746
2018/5/21 12:00,4836,5716,747,133,1.123,0.008,719.925,1112.065,0.001,0,19.69,1.695
2018/5/21 13:00,4873,5632,654,105,1.121,0.008,626.517,1004.102,0.001,0,19.617,1.642
2018/5/21 14:00,5116,5703,507,80,1.121,0.008,517.623,850.836,0.001,0,19.364,1.586
2018/5/21 15:00,5462,5896,380,54,1.12,0.008,384.504,662.69,0.001,0,18.866,1.527
2018/5/21 16:00,5753,6060,261,46,1.121,0.008,233.264,452.489,0.001,0,18.046,1.329
2018/5/21 17:00,5786,5998,133,79,1.123,0.009,100.193,234.578,0.001,0,16.49,0.877
2018/5/21 18:00,5916,6059,45,98,1.126,0.008,11.326,39.942,0.001,0,14.301,0.825
2018/5/21 19:00,5897,5987,6,84,1.129,0.008,0,0,0.001,0,13.357,0.87
2018/5/21 20:00,5875,5947,0,72,1.131,0.008,0,0,0.001,0,12.838,0.835
2018/5/21 21:00,5403,5485,0,82,1.133,0.007,0,0,0.001,0,12.472,0.8
2018/5/21 22:00,5182,5276,0,94,1.134,0.007,0,0,0.001,0,12.013,0.762
2018/5/21 23:00,4880,4986,0,106,1.135,0.007,0,0,0.001,0,11.493,0.753
2018/5/22 0:00,4763,4930,0,167,1.137,0.007,0,0,0.001,0,10.868,0.794
2018/5/22 1:00,4601,4861,0,260,1.139,0.007,0,0,0.001,0,10.168,0.822
2018/5/22 2:00,4588,4949,0,361,1.141,0.007,0,0,0.001,0,9.556,0.846
2018/5/22 3:00,4880,5497,40,577,1.143,0.007,12.81,36.009,0.001,0,9.166,0.819
2018/5/22 4:00,5922,6665,107,636,1.145,0.008,112.815,226.767,0.001,0,10.786,0.938
2018/5/22 5:00,6756,7508,198,554,1.143,0.008,263.046,444.753,0.001,0,12.845,1.102
2018/5/22 6:00,6922,7831,335,574,1.134,0.008,420.131,655.631,0.001,0,15.372,1.361
2018/5/22 7:00,6827,7893,532,534,1.127,0.008,566.252,844.973,0,0,17.718,1.559
2018/5/22 8:00,6808,7999,647,544,1.122,0.008,675.855,999.932,0,0,19.135,1.709
2018/5/22 9:00,6890,8216,709,617,1.119,0.009,725.92,1110.064,0,0,19.975,1.85
2018/5/22 10:00,6679,8090,763,648,1.116,0.009,701.631,1167.652,0,0,20.375,1.95
2018/5/22 11:00,6663,8138,756,719,1.115,0.009,603.141,1168.892,0,0,20.34,2.029
2018/5/22 12:00,6585,8073,708,780,1.115,0.009,474.082,1113.788,0,0,20.029,2.072
2018/5/22 13:00,6608,8035,617,810,1.116,0.01,366.967,1006.11,0,0,19.566,2.084
2018/5/22 14:00,6458,7965,469,1038,1.117,0.01,264.848,853.13,0,0,18.924,1.99
2018/5/22 15:00,6543,7936,328,1065,1.119,0.01,184.815,665.227,0,0,18.216,1.786
2018/5/22 16:00,6989,7861,210,662,1.121,0.011,117.83,455.42,0,0,17.413,1.367
2018/5/22 17:00,7025,7548,107,416,1.123,0.011,57.436,237.863,0,0,16.277,0.912
2018/5/22 18:00,6955,7402,35,412,1.125,0.01,7.963,42.158,0,0,14.628,0.814
2018/5/22 19:00,6659,7072,4,409,1.128,0.01,0,0,0,0,13.729,0.836
2018/5/22 20:00,6245,6666,0,421,1.13,0.01,0,0,0,0,13.189,0.823
2018/5/22 21:00,5555,6114,0,559,1.132,0.009,0,0,0,0,12.741,0.831
2018/5/22 22:00,5115,5790,0,675,1.133,0.009,0,0,0,0,12.272,0.803
2018/5/22 23:00,4911,5492,0,581,1.134,0.009,0,0,0,0,11.764,0.777
2018/5/23 0:00,4855,5357,0,502,1.136,0.009,0,0,0,0,11.301,0.76
2018/5/23 1:00,4715,5215,0,500,1.137,0.009,0,0,0,0,10.898,0.755
2018/5/23 2:00,4708,5304,0,596,1.139,0.008,0,0,0,0,10.535,0.765
2018/5/23 3:00,5130,5850,28,692,1.141,0.008,12.51,38.078,0,0,10.346,0.752
2018/5/23 4:00,6189,6942,74,679,1.143,0.009,103.872,230.006,0,0,11.927,0.876
2018/5/23 5:00,7124,7767,142,501,1.141,0.009,245.214,447.643,0,0,13.755,1.052
2018/5/23 6:00,7430,7978,252,296,1.133,0.009,402.66,658.162,0,0,16.271,1.107
2018/5/23 7:00,7320,7989,413,256,1.126,0.009,538.278,847.2,0,0,18.473,1.266
2018/5/23 8:00,7338,8089,521,230,1.122,0.009,633.363,1001.915,0,0,19.78,1.418
2018/5/23 9:00,7371,8239,592,276,1.119,0.009,696.111,1111.761,0,0,20.684,1.547
2018/5/23 10:00,7079,8090,664,347,1.117,0.01,724.16,1169.297,0,0,21.338,1.65
2018/5/23 11:00,7040,8118,655,423,1.115,0.01,682.782,1170.597,0,0,21.624,1.701
2018/5/23 12:00,7113,8046,591,342,1.114,0.01,580.04,1115.594,0,0,21.551,1.74
2018/5/23 13:00,7179,7987,520,288,1.114,0.01,445.953,1008.046,0,0,21.183,1.74
2018/5/23 14:00,7259,8008,414,335,1.114,0.01,330.503,855.242,0,0,20.684,1.708
2018/5/23 15:00,7423,7994,304,267,1.115,0.011,217.857,667.76,0,0,19.996,1.534
2018/5/23 16:00,7629,7942,199,114,1.117,0.011,122.584,458.238,0,0,19.111,1.165
2018/5/23 17:00,7458,7676,101,117,1.119,0.011,47.793,241.051,0,0,17.796,0.723
2018/5/23 18:00,7335,7472,34,103,1.121,0.011,6.043,44.372,0,0,16.394,0.713
2018/5/23 19:00,7071,7153,5,77,1.124,0.011,0,0,0,0,15.695,0.754
2018/5/23 20:00,6696,6772,0,76,1.125,0.01,0,0,0,0,15.227,0.738
2018/5/23 21:00,5975,6174,0,199,1.127,0.01,0,0,0,0,14.801,0.753
2018/5/23 22:00,5456,5836,0,380,1.129,0.01,0,0,0,0,14.398,0.769
2018/5/23 23:00,5111,5481,0,370,1.13,0.01,0,0,0,0,14.014,0.779
2018/5/24 0:00,4997,5382,0,385,1.131,0.01,0,0,0,0,13.696,0.778
2018/5/24 1:00,4955,5206,0,251,1.133,0.01,0,0,0,0,13.421,0.789
2018/5/24 2:00,5008,5319,0,311,1.134,0.01,0,0,0,0,13.208,0.793
2018/5/24 3:00,5443,5847,23,381,1.136,0.01,5.235,40.146,0,0,13.101,0.758
2018/5/24 4:00,6583,6954,63,308,1.137,0.01,41.275,233.156,0,0,13.63,0.752
2018/5/24 5:00,7570,7876,127,179,1.137,0.011,102.822,450.425,0,0,14.527,0.886
2018/5/24 6:00,7879,8191,229,83,1.135,0.011,178.583,660.545,0,0,15.65,0.925
2018/5/24 7:00,7896,8308,353,59,1.131,0.011,241.441,849.313,0,0,16.853,0.958
2018/5/24 8:00,7889,8369,438,42,1.128,0.011,290.264,1003.829,0,0,17.924,0.995
2018/5/24 9:00,7993,8540,507,40,1.126,0.011,326.772,1113.41,0,0,18.612,0.962
2018/5/24 10:00,7678,8330,588,64,1.124,0.011,363.156,1170.87,0,0,19.199,0.912
2018/5/24 11:00,7599,8316,585,132,1.122,0.011,362.302,1172.184,0,0,19.577,0.881
2018/5/24 12:00,7497,8192,533,162,1.12,0.011,345.135,1117.254,0,0,19.725,0.863
2018/5/24 13:00,7588,8168,450,130,1.119,0.011,297.415,1009.863,0,0,19.627,0.899
2018/5/24 14:00,7528,8121,355,238,1.119,0.011,231.628,857.379,0,0,19.368,0.908
2018/5/24 15:00,7631,8130,265,234,1.12,0.011,156.158,670.144,0,0,18.887,0.834
2018/5/24 16:00,7741,8058,179,138,1.121,0.012,90.956,460.96,0,0,18.16,0.672
2018/5/24 17:00,7332,7743,89,322,1.122,0.012,39.517,244.119,0,0,17.118,0.516
2018/5/24 18:00,7304,7492,29,159,1.124,0.011,5.779,46.574,0,0,16.126,0.574
2018/5/24 19:00,6962,7124,3,159,1.127,0.011,0,0.001,0,0,15.522,0.618
2018/5/24 20:00,6566,6760,0,194,1.129,0.01,0,0,0,0,15.096,0.615
2018/5/24 21:00,6067,6204,0,137,1.13,0.01,0,0,0,0,14.743,0.61
2018/5/24 22:00,5816,5919,0,103,1.131,0.01,0,0,0,0,14.383,0.602
2018/5/24 23:00,5540,5612,0,72,1.133,0.01,0,0,0,0,14.001,0.602
2018/5/25 0:00,5380,5501,0,121,1.134,0.01,0,0,0,0,13.597,0.607
2018/5/25 1:00,5210,5380,0,170,1.135,0.01,0,0,0,0,13.18,0.606
2018/5/25 2:00,5351,5502,0,151,1.136,0.01,0,0,0,0,12.83,0.647
2018/5/25 3:00,5837,6048,21,190,1.138,0.009,6.693,42.212,0,0,12.575,0.724
2018/5/25 4:00,6864,7187,61,262,1.139,0.01,65.11,236.19,0,0,13.383,0.845
2018/5/25 5:00,7890,8159,127,142,1.139,0.01,160.04,453.107,0,0,14.442,1.028
2018/5/25 6:00,8112,8482,219,151,1.135,0.011,271.12,662.962,0,0,15.888,1.053
2018/5/25 7:00,8071,8494,333,90,1.131,0.011,372.761,851.352,0,0,16.984,1.177
2018/5/25 8:00,8062,8537,414,61,1.129,0.01,456.547,1005.612,0,0,17.876,1.286
2018/5/25 9:00,8071,8590,475,44,1.127,0.01,494.001,1115.125,0,0,18.474,1.331
2018/5/25 10:00,7725,8307,540,42,1.126,0.01,492.724,1172.377,0,0,18.808,1.345
2018/5/25 11:00,7480,8101,563,58,1.125,0.01,471.107,1173.698,0,0,18.968,1.322
2018/5/25 12:00,7304,7920,546,70,1.124,0.01,456.22,1118.961,0,0,19.031,1.254
2018/5/25 13:00,7282,7840,499,59,1.124,0.01,422.444,1011.644,0,0,18.975,1.191
2018/5/25 14:00,7341,7812,409,62,1.124,0.01,356.633,859.379,0,0,18.707,1.162
2018/5/25 15:00,7360,7732,306,66,1.125,0.01,274.996,672.462,0,0,18.292,1.079
2018/5/25 16:00,7395,7662,208,59,1.126,0.01,184.994,463.616,0,0,17.707,0.91
2018/5/25 17:00,7142,7321,110,69,1.129,0.011,89.333,247.093,0,0,16.763,0.589
2018/5/25 18:00,6936,7046,41,69,1.131,0.01,13.787,48.761,0,0,15.075,0.564
2018/5/25 19:00,6752,6812,7,53,1.134,0.01,0,0.001,0,0,14.009,0.655
2018/5/25 20:00,6523,6565,0,42,1.136,0.01,0,0,0,0,13.26,0.697
2018/5/25 21:00,5971,6009,0,38,1.138,0.009,0,0,0,0,12.734,0.74
2018/5/25 22:00,5641,5675,0,34,1.139,0.009,0,0,0,0,12.397,0.755
2018/5/25 23:00,5290,5329,0,39,1.14,0.009,0,0,0,0,12.074,0.768
2018/5/26 0:00,5134,5178,0,44,1.141,0.009,0,0,0,0,11.761,0.803
2018/5/26 1:00,4972,5016,0,44,1.142,0.009,0,0,0,0,11.455,0.816
2018/5/26 2:00,4913,4952,0,39,1.143,0.008,0,0,0,0,11.193,0.82
2018/5/26 3:00,5041,5112,37,34,1.145,0.008,15.439,44.265,0,0,11.031,0.788
2018/5/26 4:00,5387,5517,97,33,1.146,0.009,121.051,239.156,0,0,12.585,0.701
2018/5/26 5:00,5856,6068,181,31,1.143,0.009,281.259,455.725,0,0,14.696,0.701
2018/5/26 6:00,6146,6496,320,30,1.135,0.009,460.025,665.23,0,0,17.407,0.522
2018/5/26 7:00,6148,6691,512,31,1.128,0.009,620.684,853.355,0,0,19.492,0.862
2018/5/26 8:00,6101,6765,633,31,1.124,0.009,758.184,1007.344,0,0,20.846,1.045
2018/5/26 9:00,6136,6880,709,35,1.121,0.009,847.542,1116.664,0,0,21.856,1.18
2018/5/26 10:00,5807,6631,784,40,1.118,0.01,887.32,1173.862,0,0,22.575,1.255
2018/5/26 11:00,5596,6452,809,47,1.116,0.01,876.522,1175.175,0,0,23.035,1.268
2018/5/26 12:00,5453,6290,794,43,1.114,0.01,823.51,1120.52,0,0,23.244,1.231
2018/5/26 13:00,5493,6245,714,38,1.113,0.01,720.606,1013.366,0,0,23.172,1.172
2018/5/26 14:00,5623,6228,569,36,1.113,0.01,578.13,861.317,0,0,22.806,1.122
2018/5/26 15:00,5856,6320,429,35,1.113,0.01,422.495,674.682,0,0,22.266,1.048
2018/5/26 16:00,6015,6350,301,34,1.114,0.01,253.243,466.138,0,0,21.496,0.876
2018/5/26 17:00,5990,6184,161,33,1.116,0.012,108.207,249.969,0,0,19.965,0.594
2018/5/26 18:00,6120,6211,56,35,1.118,0.011,14.31,50.935,0,0,17.765,0.707
2018/5/26 19:00,6024,6072,8,40,1.121,0.01,0,0.003,0,0,16.845,0.822
2018/5/26 20:00,5907,5945,0,38,1.123,0.01,0,0,0,0,16.403,0.802
2018/5/26 21:00,5450,5488,0,38,1.125,0.01,0,0,0,0,16.006,0.788
2018/5/26 22:00,5136,5178,0,42,1.127,0.009,0,0,0,0,15.48,0.791
2018/5/26 23:00,4784,4839,0,55,1.128,0.009,0,0,0,0,15.078,0.791
2018/5/27 0:00,4700,4744,0,44,1.129,0.009,0,0,0,0,14.792,0.758
2018/5/27 1:00,4539,4574,0,35,1.13,0.009,0,0,0,0,14.608,0.649
2018/5/27 2:00,4474,4509,0,35,1.131,0.009,0,0,0,0,14.25,0.594
2018/5/27 3:00,4433,4511,40,38,1.133,0.009,16.831,46.301,0,0,13.771,0.635
2018/5/27 4:00,4549,4707,107,51,1.134,0.01,120.958,241.975,0,0,14.855,0.516
2018/5/27 5:00,4950,5185,195,40,1.133,0.01,269.436,458.234,0,0,16.776,0.535
2018/5/27 6:00,5120,5493,339,34,1.125,0.01,424.936,667.391,0,0,19.337,0.828
2018/5/27 7:00,5162,5761,555,44,1.119,0.01,566.65,855.28,0,0,21.214,1.124
2018/5/27 8:00,5154,5904,687,63,1.116,0.01,673.572,1008.976,0,0,22.396,1.346
2018/5/27 9:00,5251,6124,764,109,1.113,0.01,722.113,1118.11,0,0,23.152,1.476
2018/5/27 10:00,4981,5956,831,144,1.111,0.01,730.544,1175.274,0,0,23.557,1.519
2018/5/27 11:00,4806,5831,830,195,1.11,0.011,694.145,1176.583,0,0,23.786,1.499
2018/5/27 12:00,4733,5751,788,230,1.109,0.011,602.183,1121.988,0,0,23.745,1.425
2018/5/27 13:00,4944,5805,704,157,1.108,0.011,484.5,1015.013,0,0,23.451,1.32
2018/5/27 14:00,5250,5884,543,91,1.108,0.011,347.769,863.216,0,0,23.003,1.2
2018/5/27 15:00,5554,5995,380,61,1.109,0.012,228.497,676.845,0,0,22.458,1.093
2018/5/27 16:00,5890,6185,246,49,1.111,0.012,131.918,468.596,0,0,21.5,0.9
2018/5/27 17:00,5890,6096,125,81,1.113,0.012,57.301,252.739,0,0,19.898,0.642
2018/5/27 18:00,5976,6157,40,141,1.115,0.011,9.677,53.076,0,0,18.347,0.707
2018/5/27 19:00,5883,6052,4,165,1.118,0.011,0,0.006,0,0,17.412,0.741
2018/5/27 20:00,5844,6060,0,216,1.12,0.011,0,0,0,0,16.741,0.739
2018/5/27 21:00,5480,5638,0,158,1.122,0.011,0,0,0,0,16.149,0.728
2018/5/27 22:00,5307,5436,0,129,1.124,0.01,0,0,0,0,15.661,0.742
2018/5/27 23:00,5056,5196,0,140,1.125,0.01,0,0,0,0,15.268,0.729
2018/5/28 0:00,4936,5146,0,210,1.127,0.01,0,0,0,0,14.888,0.709
2018/5/28 1:00,4722,5016,0,294,1.128,0.01,0,0,0,0,14.375,0.749
2018/5/28 2:00,4859,5136,0,277,1.129,0.01,0,0,0,0,13.927,0.802
2018/5/28 3:00,5400,5640,38,202,1.132,0.01,14.219,48.312,0,0,13.754,0.798
2018/5/28 4:00,6498,6797,101,198,1.133,0.01,106.437,244.713,0,0,15.219,0.937
2018/5/28 5:00,7399,7743,188,156,1.131,0.011,249.119,460.643,0,0,16.982,1.077
2018/5/28 6:00,7655,8107,329,123,1.125,0.011,359.731,669.52,0,0,18.882,1.256
2018/5/28 7:00,7468,8153,534,151,1.12,0.011,439.192,857.072,0,0,20.353,1.378
2018/5/28 8:00,7380,8244,662,202,1.117,0.011,516.583,1010.601,0,0,21.305,1.455
2018/5/28 9:00,7363,8381,737,281,1.114,0.011,559.307,1119.57,0,0,22.062,1.537
2018/5/28 10:00,7088,8246,805,353,1.111,0.011,605.241,1176.696,0,0,22.822,1.622
2018/5/28 11:00,7165,8267,806,296,1.108,0.011,622.281,1177.999,0,0,23.476,1.684
2018/5/28 12:00,7087,8176,766,323,1.106,0.012,566.915,1123.361,0,0,23.802,1.725
2018/5/28 13:00,7030,8153,681,442,1.105,0.012,488.5,1016.608,0,0,23.929,1.741
2018/5/28 14:00,7208,8081,537,336,1.104,0.012,370.564,864.981,0,0,23.709,1.67
2018/5/28 15:00,7423,8057,386,248,1.104,0.012,250.901,678.882,0,0,23.13,1.461
2018/5/28 16:00,7413,7985,256,316,1.105,0.012,153.224,470.956,0,0,22.132,1.225
2018/5/28 17:00,7166,7721,134,421,1.107,0.013,70.991,255.396,0,0,20.506,0.945
2018/5/28 18:00,6909,7442,42,491,1.11,0.012,11.514,55.181,0,0,18.768,0.934
2018/5/28 19:00,6656,7171,4,511,1.113,0.012,0.001,0.011,0,0,17.792,0.957
2018/5/28 20:00,6131,6811,0,680,1.116,0.011,0,0,0,0,17.218,0.911
2018/5/28 21:00,5549,6216,0,667,1.118,0.011,0,0,0,0,16.734,0.859
2018/5/28 22:00,5429,5890,0,461,1.119,0.011,0,0,0,0,16.325,0.824
2018/5/28 23:00,5190,5559,0,369,1.12,0.011,0,0,0,0,15.958,0.809
2018/5/29 0:00,4948,5416,0,468,1.122,0.011,0,0,0,0,15.593,0.818
2018/5/29 1:00,4688,5281,0,593,1.123,0.011,0,0,0,0,15.292,0.84
2018/5/29 2:00,4785,5414,0,629,1.124,0.011,0,0,0,0,14.98,0.868
2018/5/29 3:00,5289,5911,23,599,1.126,0.011,10.607,50.291,0,0,14.846,0.938
2018/5/29 4:00,6414,7005,72,519,1.128,0.011,78.45,247.354,0,0,15.842,1.166
2018/5/29 5:00,7413,7974,154,407,1.126,0.012,191.314,462.945,0,0,17.233,1.459
2018/5/29 6:00,7686,8298,271,341,1.121,0.012,324.461,671.531,0,0,18.914,1.661
2018/5/29 7:00,7522,8346,428,396,1.116,0.012,439.274,858.815,0,0,20.504,1.94
2018/5/29 8:00,7343,8396,528,525,1.112,0.011,532.313,1012.108,0,0,21.741,2.133
2018/5/29 9:00,7208,8578,586,784,1.108,0.011,620.433,1120.902,0,0,22.738,2.27
2018/5/29 10:00,6760,8402,642,1000,1.106,0.011,647.193,1177.963,0,0,23.349,2.352
2018/5/29 11:00,6646,8472,662,1164,1.104,0.011,616.442,1179.175,0,0,23.536,2.446
2018/5/29 12:00,6463,8351,642,1246,1.104,0.011,539.291,1124.614,0,0,23.388,2.495
2018/5/29 13:00,6771,8323,578,974,1.104,0.011,454.217,1018.085,0,0,23.166,2.473
2018/5/29 14:00,6761,8185,473,951,1.104,0.012,352.657,866.672,0,0,22.701,2.36
2018/5/29 15:00,6759,8181,364,1058,1.105,0.012,257.92,680.854,0,0,22.005,2.12
2018/5/29 16:00,6965,8120,241,914,1.107,0.012,160.595,473.214,0,0,21.102,1.729
2018/5/29 17:00,6830,7830,109,891,1.11,0.013,73.698,257.948,0,0,19.861,1.231
2018/5/29 18:00,6657,7542,29,856,1.113,0.012,12.026,57.256,0,0,18.285,0.973
2018/5/29 19:00,6650,7178,2,526,1.116,0.012,0.003,0.017,0,0,17.352,0.977
2018/5/29 20:00,6337,6822,0,485,1.118,0.012,0,0,0,0,16.829,0.994
2018/5/29 21:00,5510,6245,0,735,1.12,0.011,0,0,0,0,16.407,1.012
2018/5/29 22:00,5123,5895,0,772,1.122,0.011,0,0,0,0,15.944,0.999
2018/5/29 23:00,4856,5574,0,718,1.124,0.011,0,0,0,0,15.54,1.005
2018/5/30 0:00,4872,5451,0,579,1.126,0.011,0,0,0,0,15.262,1.024
2018/5/30 1:00,4811,5347,0,536,1.127,0.011,0,0,0,0,15.016,1.045
2018/5/30 2:00,4837,5457,0,620,1.128,0.011,0,0,0,0,14.716,1.037
2018/5/30 3:00,5251,5986,31,704,1.13,0.011,10.647,52.241,0,0,14.498,1.09
2018/5/30 4:00,6401,7081,84,596,1.131,0.011,77.64,249.871,0,0,15.153,1.244
2018/5/30 5:00,7341,8011,167,503,1.13,0.011,188.159,465.187,0,0,16.449,1.384
2018/5/30 6:00,7571,8348,310,467,1.126,0.011,312.613,673.416,0,0,18.148,1.433
2018/5/30 7:00,7434,8338,504,400,1.121,0.01,441.115,860.444,0,0,19.579,1.605
2018/5/30 8:00,7507,8422,625,290,1.117,0.01,579.457,1013.592,0,0,20.92,1.809
2018/5/30 9:00,7473,8478,695,310,1.114,0.01,696.765,1122.234,0,0,22.071,1.914
2018/5/30 10:00,7096,8282,760,426,1.111,0.01,758.898,1179.188,0,0,22.884,1.942
2018/5/30 11:00,6894,8208,758,556,1.108,0.01,750.232,1180.437,0,0,23.352,1.913
2018/5/30 12:00,6824,8171,718,629,1.107,0.011,687.119,1125.991,0,0,23.509,1.844
2018/5/30 13:00,6826,8117,630,661,1.106,0.011,579.277,1019.462,0,0,23.359,1.776
2018/5/30 14:00,6890,7996,500,606,1.106,0.011,444.299,868.326,0,0,22.951,1.743
2018/5/30 15:00,7146,8032,371,515,1.106,0.011,310.132,682.734,0,0,22.43,1.653
2018/5/30 16:00,7181,7978,252,545,1.107,0.012,181.26,475.384,0,0,21.583,1.357
2018/5/30 17:00,6922,7599,133,544,1.109,0.012,76.87,260.396,0,0,20.113,0.899
2018/5/30 18:00,6855,7342,44,443,1.111,0.012,11.487,59.28,0,0,18.212,0.787
2018/5/30 19:00,6670,7030,5,355,1.114,0.011,0.002,0.024,0,0,17.239,0.849
2018/5/30 20:00,6271,6698,0,427,1.116,0.011,0,0,0,0,16.697,0.84
2018/5/30 21:00,5691,6112,0,421,1.118,0.011,0,0,0,0,16.238,0.813
2018/5/30 22:00,5322,5725,0,403,1.119,0.01,0,0,0,0,15.833,0.761
2018/5/30 23:00,4979,5325,0,346,1.12,0.01,0,0,0,0,15.42,0.711
2018/5/31 0:00,4875,5189,0,314,1.122,0.01,0,0,0,0,15.027,0.697
2018/5/31 1:00,4589,4958,0,369,1.123,0.01,0,0,0,0,14.641,0.712
2018/5/31 2:00,4482,4879,0,397,1.125,0.01,0,0,0,0,14.278,0.737
2018/5/31 3:00,4309,4812,40,463,1.127,0.01,14.529,54.147,0,0,14.154,0.732
2018/5/31 4:00,4516,5010,106,388,1.128,0.01,102.226,252.293,0,0,15.491,0.875
2018/5/31 5:00,5116,5576,192,268,1.126,0.011,251.294,467.313,0,0,17.118,1.06
2018/5/31 6:00,5403,5904,337,164,1.118,0.011,438.61,675.306,0,0,19.652,1.302
2018/5/31 7:00,5327,6035,551,157,1.111,0.011,603.738,862.06,0,0,21.961,1.584
2018/5/31 8:00,5294,6202,679,229,1.106,0.011,713.94,1014.829,0,0,23.424,1.781
2018/5/31 9:00,5227,6390,753,410,1.103,0.011,766.388,1123.398,0,0,24.295,1.889
2018/5/31 10:00,4827,6274,817,630,1.101,0.011,769.42,1180.264,0,0,24.801,1.918
2018/5/31 11:00,4695,6050,795,560,1.099,0.011,715.549,1181.516,0,0,24.948,1.906
2018/5/31 12:00,4693,5958,740,525,1.098,0.011,624.557,1127.117,0,0,24.884,1.87
2018/5/31 13:00,4890,6019,645,484,1.098,0.012,512.926,1020.88,0,0,24.664,1.789
2018/5/31 14:00,5218,6119,490,411,1.098,0.012,393.488,869.862,0,0,24.249,1.662
2018/5/31 15:00,5541,6279,341,397,1.099,0.012,271.29,684.512,0,0,23.62,1.438
2018/5/31 16:00,5802,6384,222,360,1.101,0.013,156.132,477.417,0,0,22.609,1.179
2018/5/31 17:00,5789,6243,116,338,1.103,0.013,66.898,262.746,0,0,20.94,0.763
2018/5/31 18:00,5788,6174,39,347,1.105,0.012,10.783,61.256,0,0,19.012,0.745
2018/5/31 19:00,5813,6130,4,313,1.108,0.012,0.001,0.033,0,0,17.964,0.816
2018/5/31 20:00,5708,6012,0,304,1.11,0.011,0,0,0,0,17.388,0.858
2018/5/31 21:00,5279,5582,0,303,1.113,0.011,0,0,0,0,16.885,0.865
2018/5/31 22:00,5056,5315,0,259,1.115,0.011,0,0,0,0,16.442,0.851
2018/5/31 23:00,4786,5009,0,223,1.117,0.011,0,0,0,0,16.017,0.85
2018/6/1 0:00,4712,4948,0,236,1.119,0.01,0,0,0,0,15.638,0.829
2018/6/1 1:00,4470,4790,0,320,1.121,0.01,0,0,0,0,15.25,0.794
2018/6/1 2:00,4496,4874,0,378,1.123,0.01,0,0,0,0,14.836,0.759
2018/6/1 3:00,4920,5261,39,302,1.125,0.01,15.804,56.015,0,0,14.716,0.747
2018/6/1 4:00,5925,6262,100,237,1.126,0.011,99.175,254.583,0,0,16.101,0.835
2018/6/1 5:00,6756,7088,179,153,1.126,0.011,223.555,469.326,0,0,17.525,1.093
2018/6/1 6:00,7138,7530,306,86,1.121,0.011,346.696,677,0,0,19.336,1.325
2018/6/1 7:00,7110,7676,476,90,1.117,0.011,444.718,863.549,0,0,20.632,1.49
2018/6/1 8:00,7042,7709,577,90,1.115,0.011,509.217,1016.207,0,0,21.413,1.441
2018/6/1 9:00,7126,7862,638,98,1.113,0.011,532.905,1124.664,0,0,21.79,1.386
2018/6/1 10:00,6809,7714,691,214,1.113,0.011,519.994,1181.272,0,0,21.919,1.352
2018/6/1 11:00,6398,7591,674,519,1.113,0.011,474.702,1182.568,0,0,21.828,1.355
2018/6/1 12:00,6127,7430,631,672,1.113,0.011,429.771,1128.336,0,0,21.634,1.37
2018/6/1 13:00,6183,7290,555,552,1.113,0.012,360.461,1022.136,0,0,21.28,1.369
2018/6/1 14:00,6526,7273,450,297,1.114,0.012,280.748,871.32,0,0,20.762,1.346
2018/6/1 15:00,6789,7291,342,160,1.115,0.012,200.557,686.216,0,0,20.244,1.219
2018/6/1 16:00,6862,7254,238,154,1.116,0.012,125.276,479.402,0,0,19.693,0.961
2018/6/1 17:00,6789,6997,129,79,1.117,0.013,57.284,265.003,0,0,18.763,0.63
2018/6/1 18:00,6657,6781,48,76,1.118,0.012,9.878,63.178,0,0,17.54,0.6
2018/6/1 19:00,6414,6491,8,69,1.12,0.012,0.004,0.044,0,0,16.943,0.642
2018/6/1 20:00,6215,6292,0,77,1.122,0.011,0,0,0,0,16.524,0.658
2018/6/1 21:00,5667,5759,0,92,1.123,0.011,0,0,0,0,16.079,0.711
2018/6/1 22:00,5316,5426,0,110,1.124,0.011,0,0,0,0,15.647,0.752
2018/6/1 23:00,4872,5066,0,194,1.126,0.011,0,0,0,0,15.209,0.787
2018/6/2 0:00,4609,4938,0,329,1.127,0.011,0,0,0,0,14.876,0.84
2018/6/2 1:00,4405,4774,0,369,1.128,0.011,0,0,0,0,14.572,0.883
2018/6/2 2:00,4308,4756,0,448,1.129,0.01,0,0,0,0,14.366,0.918
2018/6/2 3:00,4475,4981,31,475,1.13,0.01,12.917,57.827,0,0,14.409,0.978
2018/6/2 4:00,4886,5402,80,436,1.131,0.011,81.02,256.814,0,0,15.333,1.108
2018/6/2 5:00,5429,5916,155,332,1.13,0.011,182.724,471.244,0,0,16.688,1.199
2018/6/2 6:00,5691,6322,288,343,1.126,0.011,280.944,678.683,0,0,18.348,1.2
2018/6/2 7:00,5622,6549,471,456,1.123,0.011,356.293,864.948,0,0,19.327,1.248
2018/6/2 8:00,5472,6684,594,618,1.12,0.011,431.618,1017.505,0,0,20.058,1.3
2018/6/2 9:00,5274,6756,679,803,1.118,0.011,493.176,1125.718,0,0,20.695,1.336
2018/6/2 10:00,5042,6518,767,709,1.116,0.01,537.625,1182.423,0,0,21.259,1.384
2018/6/2 11:00,4812,6342,802,728,1.115,0.01,545.201,1183.594,0,0,21.627,1.423
2018/6/2 12:00,4652,6234,787,795,1.113,0.01,522.641,1129.413,0,0,21.799,1.446
2018/6/2 13:00,4677,6248,713,858,1.112,0.01,485.784,1023.285,0,0,21.83,1.453
2018/6/2 14:00,4858,6235,558,819,1.112,0.011,406.493,872.763,0,0,21.638,1.422
2018/6/2 15:00,5192,6358,399,767,1.112,0.011,308.204,687.865,0,0,21.32,1.35
2018/6/2 16:00,5641,6351,268,442,1.112,0.011,196.44,481.299,0,0,20.814,1.144
2018/6/2 17:00,5567,6090,145,378,1.114,0.012,88.347,267.14,0,0,19.55,0.732
2018/6/2 18:00,5334,5988,53,601,1.116,0.011,15.283,65.043,0,0,17.683,0.654
2018/6/2 19:00,5338,5880,8,534,1.118,0.011,0.01,0.056,0,0,16.685,0.8
2018/6/2 20:00,5208,5791,0,583,1.121,0.011,0,0,0,0,16.182,0.892
2018/6/2 21:00,4736,5352,0,616,1.123,0.01,0,0,0,0,15.729,0.963
2018/6/2 22:00,4599,5088,0,489,1.125,0.01,0,0,0,0,15.313,1.006
2018/6/2 23:00,4381,4796,0,415,1.126,0.01,0,0,0,0,14.914,1.027
2018/6/3 0:00,4155,4694,0,539,1.128,0.01,0,0,0,0,14.545,1.062
2018/6/3 1:00,3774,4514,0,740,1.129,0.01,0,0,0,0,14.112,1.171
2018/6/3 2:00,3611,4452,0,841,1.131,0.009,0,0,0,0,13.623,1.241
2018/6/3 3:00,3590,4473,34,849,1.133,0.009,17.971,59.584,0,0,13.379,1.284
2018/6/3 4:00,3799,4604,88,717,1.135,0.01,116.998,258.885,0,0,14.719,1.316
2018/6/3 5:00,4494,5033,168,371,1.132,0.011,268.949,473.07,0,0,16.533,1.382
2018/6/3 6:00,4803,5337,303,231,1.125,0.01,446.583,680.256,0,0,18.952,1.43
2018/6/3 7:00,4836,5598,481,281,1.12,0.01,597.606,866.343,0,0,20.597,1.495
2018/6/3 8:00,4814,5785,599,372,1.116,0.01,712.644,1018.653,0,0,21.692,1.466
2018/6/3 9:00,4902,5962,682,378,1.113,0.01,792.855,1126.745,0,0,22.619,1.431
2018/6/3 10:00,4687,5781,772,322,1.11,0.01,826.343,1183.248,0,0,23.317,1.451
2018/6/3 11:00,4486,5611,787,338,1.108,0.01,804.413,1184.561,0,0,23.706,1.51
2018/6/3 12:00,4386,5526,744,396,1.106,0.01,738.894,1130.399,0,0,23.817,1.538
2018/6/3 13:00,4298,5516,655,563,1.105,0.01,636.299,1024.479,0,0,23.681,1.521
2018/6/3 14:00,4395,5544,530,619,1.105,0.01,496.953,874.026,0,0,23.272,1.461
2018/6/3 15:00,4877,5740,403,460,1.105,0.011,365.896,689.388,0,0,22.736,1.364
2018/6/3 16:00,5248,5872,284,340,1.106,0.011,217.452,483.061,0,0,21.906,1.111
2018/6/3 17:00,5373,5863,158,332,1.108,0.012,97.239,269.167,0,0,20.51,0.751
2018/6/3 18:00,5567,5910,58,285,1.111,0.012,17.048,66.839,0,0,18.465,0.687
2018/6/3 19:00,5714,5945,9,222,1.113,0.011,0.004,0.07,0,0,17.496,0.78
2018/6/3 20:00,5874,5962,0,88,1.115,0.011,0,0,0,0,17.058,0.753
2018/6/3 21:00,5470,5516,0,46,1.117,0.01,0,0,0,0,16.585,0.707
2018/6/3 22:00,5277,5329,0,52,1.119,0.01,0,0,0,0,16.166,0.667
2018/6/3 23:00,4967,5043,0,76,1.12,0.01,0,0,0,0,15.73,0.655
2018/6/4 0:00,4901,5002,0,101,1.121,0.01,0,0,0,0,15.283,0.666
2018/6/4 1:00,4792,4892,0,100,1.122,0.01,0,0,0,0,14.882,0.682
2018/6/4 2:00,4891,4977,0,86,1.123,0.01,0,0,0,0,14.446,0.7
2018/6/4 3:00,5380,5513,43,90,1.125,0.01,20.288,61.277,0,0,14.162,0.67
2018/6/4 4:00,6511,6704,111,82,1.126,0.01,125.879,260.884,0,0,15.501,0.676
2018/6/4 5:00,7401,7636,198,37,1.123,0.011,280.317,474.817,0,0,17.572,0.72
2018/6/4 6:00,7636,8002,347,19,1.116,0.011,434.875,681.757,0,0,19.77,0.899
2018/6/4 7:00,7499,8084,567,18,1.111,0.011,593.637,867.627,0,0,21.331,1.018
2018/6/4 8:00,7497,8214,697,20,1.108,0.011,713.568,1019.691,0,0,22.386,1.066
2018/6/4 9:00,7560,8349,769,20,1.105,0.011,800.307,1127.722,0,0,23.314,1.078
2018/6/4 10:00,7375,8229,831,23,1.102,0.01,833.012,1184.227,0,0,23.937,1.061
2018/6/4 11:00,7460,8288,803,25,1.099,0.011,817.58,1185.441,0,0,24.298,1.021
2018/6/4 12:00,7410,8191,740,41,1.097,0.011,752.151,1131.368,0,0,24.411,0.969
2018/6/4 13:00,7452,8169,646,71,1.096,0.011,651.744,1025.497,0,0,24.331,0.91
2018/6/4 14:00,7469,8101,513,119,1.095,0.011,527.359,875.277,0,0,24.051,0.881
2018/6/4 15:00,7635,8101,382,84,1.095,0.011,392.233,690.843,0,0,23.577,0.877
2018/6/4 16:00,7694,8039,270,75,1.096,0.011,252.732,484.745,0,0,22.828,0.823
2018/6/4 17:00,7443,7718,151,124,1.097,0.012,118.653,271.073,0,0,21.501,0.677
2018/6/4 18:00,7203,7420,56,161,1.1,0.012,20.779,68.567,0,0,19.232,0.599
2018/6/4 19:00,7073,7142,8,61,1.103,0.011,0.008,0.085,0,0,18.02,0.736
2018/6/4 20:00,6789,6814,0,25,1.105,0.011,0,0,0,0,17.482,0.747
2018/6/4 21:00,6208,6239,0,31,1.107,0.011,0,0,0,0,17.188,0.721
2018/6/4 22:00,5792,5816,0,24,1.109,0.011,0,0,0,0,16.914,0.674
2018/6/4 23:00,5482,5504,0,22,1.11,0.011,0,0,0,0,16.524,0.688
2018/6/5 0:00,5363,5390,0,27,1.112,0.01,0,0,0,0,16.058,0.727
2018/6/5 1:00,5218,5243,0,25,1.114,0.01,0,0,0,0,15.514,0.773
2018/6/5 2:00,5346,5358,0,12,1.115,0.01,0,0,0,0,14.977,0.786
2018/6/5 3:00,5785,5846,42,19,1.118,0.01,20.478,62.913,0,0,14.739,0.72
2018/6/5 4:00,6795,6930,108,27,1.12,0.011,121.339,262.775,0,0,16.037,0.755
2018/6/5 5:00,7574,7797,195,28,1.118,0.011,261.467,476.459,0,0,17.739,0.888
2018/6/5 6:00,7709,8080,345,26,1.111,0.011,410.579,683.156,0,0,20.148,0.819
2018/6/5 7:00,7515,8097,554,28,1.106,0.01,542.322,868.777,0,0,21.557,0.883
2018/6/5 8:00,7526,8222,674,22,1.104,0.01,662.838,1020.731,0,0,22.559,0.931
2018/6/5 9:00,7650,8404,735,19,1.101,0.01,727.148,1128.635,0,0,23.306,0.956
2018/6/5 10:00,7443,8245,782,20,1.099,0.01,748.765,1185.067,0,0,23.864,0.956
2018/6/5 11:00,7436,8243,747,60,1.098,0.01,719.23,1186.338,0,0,24.154,0.946
2018/6/5 12:00,7196,8147,686,265,1.096,0.01,644.922,1132.26,0,0,24.184,0.958
2018/6/5 13:00,7270,8107,594,243,1.096,0.011,565.818,1026.503,0,0,24.054,0.974
2018/6/5 14:00,7207,8050,476,367,1.096,0.011,446.481,876.445,0,0,23.736,0.965
2018/6/5 15:00,7262,8033,358,413,1.096,0.011,322.7,692.154,0,0,23.281,0.951
2018/6/5 16:00,7466,7912,248,198,1.097,0.011,200.213,486.333,0,0,22.581,0.888
2018/6/5 17:00,7450,7663,134,79,1.099,0.012,92.958,272.886,0,0,21.201,0.712
2018/6/5 18:00,7245,7380,49,86,1.102,0.012,17.661,70.219,0,0,19.338,0.675
2018/6/5 19:00,6955,7135,8,172,1.105,0.011,0.014,0.102,0,0,18.176,0.817
2018/6/5 20:00,6489,6805,0,316,1.109,0.011,0,0,0,0,17.417,0.871
2018/6/5 21:00,5855,6214,0,359,1.111,0.011,0,0,0,0,16.705,0.919
2018/6/5 22:00,5414,5858,0,444,1.114,0.011,0,0,0,0,16.097,0.939
2018/6/5 23:00,5154,5628,0,474,1.116,0.01,0,0,0,0,15.552,0.954
2018/6/6 0:00,5021,5480,0,459,1.118,0.01,0,0,0,0,15.048,0.973
2018/6/6 1:00,4911,5336,0,425,1.121,0.01,0,0,0,0,14.589,0.979
2018/6/6 2:00,4972,5424,0,452,1.123,0.01,0,0,0,0,14.207,1.005
2018/6/6 3:00,5379,5843,37,427,1.125,0.01,20.346,64.474,0,0,14.156,1.069
2018/6/6 4:00,6421,6863,101,341,1.126,0.011,116.865,264.534,0,0,15.444,1.269
2018/6/6 5:00,7365,7743,191,187,1.123,0.011,254.875,477.99,0,0,17.34,1.275
2018/6/6 6:00,7619,8052,338,95,1.117,0.011,389.61,684.488,0,0,19.389,1.327
2018/6/6 7:00,7449,8062,544,69,1.112,0.011,485.209,869.919,0,0,20.727,1.326
2018/6/6 8:00,7424,8167,671,72,1.11,0.011,523.118,1021.629,0,0,21.503,1.306
2018/6/6 9:00,7546,8382,742,94,1.108,0.011,533.209,1129.384,0,0,22.085,1.301
2018/6/6 10:00,7345,8277,806,126,1.106,0.011,504.035,1185.891,0,0,22.342,1.299
2018/6/6 11:00,7469,8342,775,98,1.105,0.012,463.416,1187.072,0,0,22.412,1.336
2018/6/6 12:00,7377,8283,707,199,1.104,0.012,411.064,1133.003,0,0,22.317,1.398
2018/6/6 13:00,7113,8233,608,512,1.104,0.012,361.534,1027.483,0,0,22.1,1.48
2018/6/6 14:00,6791,8157,485,881,1.105,0.012,297.863,877.527,0,0,21.766,1.532
2018/6/6 15:00,6922,8126,368,836,1.106,0.013,219.515,693.487,0,0,21.185,1.534
2018/6/6 16:00,6961,7995,260,774,1.109,0.013,130.071,487.813,0,0,20.257,1.411
2018/6/6 17:00,6561,7614,146,907,1.112,0.013,53.175,274.598,0,0,19.148,1.238
2018/6/6 18:00,6527,7354,56,771,1.116,0.013,9.269,71.799,0,0,17.925,1.05
2018/6/6 19:00,6695,7095,10,390,1.118,0.012,0.011,0.12,0,0,17.177,1.003
2018/6/6 20:00,6585,6795,0,210,1.121,0.012,0,0,0,0,16.703,0.929
2018/6/6 21:00,6020,6198,0,178,1.122,0.012,0,0,0,0,16.303,0.941
2018/6/6 22:00,5691,5833,0,142,1.124,0.012,0,0,0,0,15.927,1.048
2018/6/6 23:00,5378,5504,0,126,1.125,0.011,0,0,0,0,15.49,1.157
2018/6/7 0:00,5185,5381,0,196,1.127,0.011,0,0,0,0,14.965,1.238
2018/6/7 1:00,4926,5289,0,363,1.13,0.011,0,0,0,0,14.431,1.223
2018/6/7 2:00,4888,5320,0,432,1.132,0.01,0,0,0,0,13.951,1.147
2018/6/7 3:00,5415,5826,29,382,1.134,0.01,17.385,65.965,0,0,13.735,1.145
2018/6/7 4:00,6583,6954,76,295,1.135,0.011,97.794,266.206,0,0,14.506,1.277
2018/6/7 5:00,7469,7834,151,214,1.133,0.011,216.669,479.455,0,0,15.733,1.294
2018/6/7 6:00,7748,8177,275,154,1.128,0.011,359.228,685.731,0,0,17.401,1.275
2018/6/7 7:00,7674,8230,446,110,1.124,0.011,476.701,870.957,0,0,19.044,1.333
2018/6/7 8:00,7726,8374,565,83,1.119,0.011,577.575,1022.582,0,0,20.393,1.412
2018/6/7 9:00,7828,8539,652,59,1.116,0.011,618.4,1130.195,0,0,21.22,1.482
2018/6/7 10:00,7520,8334,748,66,1.113,0.011,618.871,1186.574,0,0,21.731,1.519
2018/6/7 11:00,7424,8284,775,85,1.111,0.011,573.293,1187.807,0,0,21.942,1.537
2018/6/7 12:00,7322,8172,741,109,1.11,0.012,494.653,1133.813,0,0,21.907,1.536
2018/6/7 13:00,7353,8120,663,104,1.11,0.012,409.082,1028.34,0,0,21.69,1.522
2018/6/7 14:00,7442,8081,520,119,1.111,0.012,316.579,878.585,0,0,21.316,1.473
2018/6/7 15:00,7664,8150,368,118,1.111,0.012,216.257,694.689,0,0,20.815,1.345
2018/6/7 16:00,7754,8075,242,79,1.112,0.013,127.102,489.202,0,0,20.197,1.158
2018/6/7 17:00,7479,7740,130,131,1.113,0.013,56.51,276.186,0,0,19.187,0.808
2018/6/7 18:00,7116,7437,47,274,1.115,0.012,10.794,73.286,0,0,17.808,0.684
2018/6/7 19:00,6732,7113,7,374,1.117,0.012,0.01,0.139,0,0,17.002,0.772
2018/6/7 20:00,6354,6854,0,500,1.119,0.012,0,0,0,0,16.586,0.803
2018/6/7 21:00,5612,6287,0,675,1.121,0.012,0,0,0,0,16.207,0.831
2018/6/7 22:00,5216,5977,0,761,1.122,0.011,0,0,0,0,15.866,0.828
2018/6/7 23:00,5077,5623,0,546,1.124,0.011,0,0,0,0,15.534,0.805
2018/6/8 0:00,5057,5487,0,430,1.125,0.011,0,0,0,0,15.177,0.767
2018/6/8 1:00,4757,5355,0,598,1.126,0.011,0,0,0,0,14.75,0.746
2018/6/8 2:00,4791,5437,0,646,1.128,0.011,0,0.001,0,0,14.35,0.747
2018/6/8 3:00,5426,5989,39,524,1.129,0.011,19.302,67.377,0,0,14.24,0.805
2018/6/8 4:00,6412,7044,103,529,1.13,0.011,105.819,267.747,0,0,15.191,1.087
2018/6/8 5:00,7394,7967,190,383,1.127,0.012,242.707,480.79,0,0,16.568,1.131
2018/6/8 6:00,7692,8363,326,345,1.12,0.012,403.563,686.813,0,0,18.742,1.227
2018/6/8 7:00,7549,8410,501,360,1.114,0.011,519.583,871.936,0,0,20.6,1.322
2018/6/8 8:00,7513,8507,617,377,1.109,0.011,600.941,1023.36,0,0,21.911,1.407
2018/6/8 9:00,7495,8520,696,329,1.105,0.011,649.429,1130.873,0,0,22.829,1.463
2018/6/8 10:00,7225,8308,782,301,1.102,0.012,622.971,1187.203,0,0,23.386,1.535
2018/6/8 11:00,6999,8138,806,333,1.101,0.012,577.194,1188.439,0,0,23.588,1.624
2018/6/8 12:00,6937,8081,772,372,1.099,0.012,517.691,1134.479,0,0,23.615,1.673
2018/6/8 13:00,6909,7985,690,386,1.098,0.012,448.033,1029.119,0,0,23.57,1.705
2018/6/8 14:00,6971,7927,540,416,1.098,0.012,352.699,879.458,0,0,23.412,1.655
2018/6/8 15:00,7151,8005,391,463,1.098,0.013,246.983,695.756,0,0,22.867,1.437
2018/6/8 16:00,7048,7907,272,587,1.099,0.013,153.886,490.512,0,0,22.006,1.168
2018/6/8 17:00,6873,7562,154,535,1.101,0.013,71.625,277.695,0,0,20.571,0.902
2018/6/8 18:00,6765,7233,59,409,1.104,0.013,13.553,74.7,0,0,18.94,0.928
2018/6/8 19:00,6411,6943,9,523,1.107,0.012,0.012,0.159,0,0,18.045,0.962
2018/6/8 20:00,5756,6706,0,950,1.109,0.012,0,0,0,0,17.521,0.988
2018/6/8 21:00,5248,6182,0,934,1.112,0.012,0,0,0,0,16.962,1.027
2018/6/8 22:00,4444,5927,0,1483,1.115,0.012,0,0,0,0,16.34,0.917
2018/6/8 23:00,3974,5520,0,1546,1.117,0.012,0,0,0,0,15.799,0.729
2018/6/9 0:00,4428,5352,0,924,1.119,0.011,0,0,0,0,15.295,0.572
2018/6/9 1:00,4958,5150,0,192,1.12,0.011,0,0,0,0,14.823,0.547
2018/6/9 2:00,4923,5077,0,154,1.122,0.011,0,0.001,0,0,14.449,0.545
2018/6/9 3:00,4859,5172,40,273,1.124,0.011,17.24,68.7,0,0,14.583,0.497
2018/6/9 4:00,5196,5589,103,290,1.125,0.011,80.615,269.21,0,0,15.636,0.565
2018/6/9 5:00,5758,6193,184,251,1.124,0.011,174.897,482.026,0,0,16.61,0.708
2018/6/9 6:00,6237,6618,306,75,1.12,0.011,307.968,687.943,0,0,18.152,0.858
2018/6/9 7:00,6359,6846,474,13,1.116,0.011,456.357,872.776,0,0,19.584,0.954
2018/6/9 8:00,6396,6974,566,12,1.112,0.011,605.006,1024.132,0,0,20.904,1.04
2018/6/9 9:00,6452,7088,606,30,1.109,0.012,705.433,1131.619,0,0,22.016,1.014
2018/6/9 10:00,6195,6921,644,82,1.105,0.012,743.425,1187.745,0,0,22.902,0.905
2018/6/9 11:00,5876,6670,649,145,1.102,0.012,738.477,1189.052,0,0,23.494,0.896
2018/6/9 12:00,5719,6497,620,158,1.1,0.012,707.937,1135.159,0,0,23.795,0.95
2018/6/9 13:00,5780,6474,560,134,1.1,0.012,617.432,1029.874,0,0,23.683,1.065
2018/6/9 14:00,5925,6463,467,71,1.101,0.012,474.04,880.344,0,0,23.133,1.044
2018/6/9 15:00,6167,6547,365,15,1.102,0.012,318.8,696.767,0,0,22.442,0.868
2018/6/9 16:00,6222,6498,265,11,1.102,0.012,199.92,491.689,0,0,21.867,0.625
2018/6/9 17:00,6088,6256,154,14,1.103,0.013,96.42,279.062,0,0,21.109,0.434
2018/6/9 18:00,6123,6197,60,14,1.105,0.013,20.216,76.024,0,0,19.675,0.452
2018/6/9 19:00,6097,6134,10,27,1.107,0.012,0.025,0.179,0,0,18.671,0.557
2018/6/9 20:00,6044,6070,0,26,1.109,0.012,0,0,0,0,18.076,0.576
2018/6/9 21:00,5571,5583,0,12,1.111,0.011,0,0,0,0,17.587,0.563
2018/6/9 22:00,5334,5341,0,7,1.112,0.011,0,0,0,0,17.102,0.545
2018/6/9 23:00,4998,5005,0,7,1.114,0.011,0,0,0,0,16.658,0.557
2018/6/10 0:00,4816,4828,0,12,1.115,0.011,0,0,0,0,16.23,0.615
2018/6/10 1:00,4600,4613,0,13,1.117,0.011,0,0,0,0,15.751,0.685
2018/6/10 2:00,4514,4532,0,18,1.118,0.011,0,0.003,0,0,15.203,0.757
2018/6/10 3:00,4429,4506,38,39,1.12,0.011,22.578,69.947,0,0,14.957,0.72
2018/6/10 4:00,4552,4711,102,57,1.121,0.012,120.752,270.536,0,0,16.54,0.862
2018/6/10 5:00,4960,5212,191,61,1.118,0.012,260.978,483.175,0,0,18.404,1.02
2018/6/10 6:00,5168,5535,337,30,1.111,0.012,406.412,688.882,0,0,20.67,0.95
2018/6/10 7:00,5207,5775,541,27,1.107,0.012,520.014,873.659,0,0,21.94,0.862
2018/6/10 8:00,5269,5969,671,29,1.103,0.012,632.791,1024.766,0,0,23.063,0.761
2018/6/10 9:00,5382,6159,751,26,1.1,0.012,698.348,1132.148,0,0,23.926,0.691
2018/6/10 10:00,5191,6040,826,23,1.098,0.012,700.095,1188.394,0,0,24.445,0.717
2018/6/10 11:00,5041,5890,820,29,1.096,0.012,667.865,1189.552,0,0,24.698,0.801
2018/6/10 12:00,4956,5788,772,60,1.095,0.012,598.767,1135.76,0,0,24.693,0.84
2018/6/10 13:00,5022,5779,678,79,1.095,0.012,514.656,1030.563,0,0,24.529,0.846
2018/6/10 14:00,5248,5850,538,64,1.095,0.012,418.906,881.134,0,0,24.245,0.838
2018/6/10 15:00,5549,6005,399,57,1.095,0.013,304.75,697.715,0,0,23.887,0.777
2018/6/10 16:00,5816,6147,279,52,1.095,0.013,191.179,492.784,0,0,23.387,0.599
2018/6/10 17:00,5904,6134,157,73,1.096,0.014,85.218,280.32,0,0,22.31,0.469
2018/6/10 18:00,6060,6185,60,65,1.098,0.013,17.282,77.241,0,0,20.614,0.521
2018/6/10 19:00,6131,6210,10,69,1.1,0.012,0.027,0.2,0,0,19.575,0.653
2018/6/10 20:00,6158,6248,0,90,1.103,0.012,0,0,0,0,18.858,0.647
2018/6/10 21:00,5697,5801,0,104,1.105,0.012,0,0,0,0,18.087,0.749
2018/6/10 22:00,5374,5514,0,140,1.106,0.012,0,0,0,0,17.6,0.867
2018/6/10 23:00,5046,5183,0,137,1.108,0.012,0,0,0,0,17.339,0.948
2018/6/11 0:00,4938,5133,0,195,1.109,0.012,0,0,0,0,17.033,0.981
2018/6/11 1:00,4706,5052,0,346,1.11,0.012,0,0,0,0,16.709,1.024
2018/6/11 2:00,4769,5160,0,391,1.112,0.011,0.001,0.004,0,0,16.37,1.083
2018/6/11 3:00,5356,5739,42,341,1.114,0.011,19.347,71.101,0,0,16.387,1.163
2018/6/11 4:00,6610,6974,113,251,1.114,0.012,95.702,271.77,0,0,17.489,1.189
2018/6/11 5:00,7519,7899,208,172,1.112,0.013,206.815,484.252,0,0,19.163,1.055
2018/6/11 6:00,7802,8280,361,117,1.107,0.013,334.845,689.755,0,0,21.429,0.93
2018/6/11 7:00,7774,8390,576,40,1.101,0.012,455.94,874.404,0,0,23.477,0.791
2018/6/11 8:00,7806,8542,708,28,1.098,0.012,545.394,1025.412,0,0,24.538,0.689
2018/6/11 9:00,7836,8646,782,28,1.096,0.012,591.484,1132.654,0,0,25.165,0.674
2018/6/11 10:00,7609,8480,845,26,1.093,0.012,598.975,1188.894,0,0,25.671,0.707
2018/6/11 11:00,7625,8511,854,32,1.091,0.012,563.571,1190.032,0,0,25.838,0.77
2018/6/11 12:00,7563,8416,824,29,1.09,0.012,505.212,1136.271,0,0,25.802,0.747
2018/6/11 13:00,7607,8373,730,36,1.089,0.012,420.063,1031.135,0,0,25.642,0.616
2018/6/11 14:00,7652,8266,560,54,1.088,0.012,337.96,881.85,0,0,25.37,0.695
2018/6/11 15:00,7825,8294,407,62,1.088,0.013,246.269,698.522,0,0,24.806,0.801
2018/6/11 16:00,7903,8247,278,66,1.089,0.013,159.732,493.784,0,0,23.909,0.874
2018/6/11 17:00,7644,7904,152,108,1.091,0.014,75.472,281.495,0,0,22.373,0.739
2018/6/11 18:00,7229,7608,54,325,1.093,0.014,14.89,78.373,0,0,20.565,0.72
2018/6/11 19:00,6667,7374,7,700,1.096,0.013,0.041,0.22,0,0,19.55,0.817
2018/6/11 20:00,6104,6997,0,893,1.098,0.013,0,0,0,0,19.017,0.906
2018/6/11 21:00,5337,6450,0,1113,1.101,0.013,0,0,0,0,18.556,0.989
2018/6/11 22:00,4769,6076,0,1307,1.103,0.013,0,0,0,0,18.11,1.063
2018/6/11 23:00,4618,5747,0,1129,1.105,0.013,0,0,0,0,17.682,1.129
2018/6/12 0:00,4685,5586,0,901,1.106,0.012,0,0,0,0,17.202,1.118
2018/6/12 1:00,4742,5448,0,706,1.108,0.012,0,0,0,0,16.792,1.145
2018/6/12 2:00,4897,5558,0,661,1.109,0.012,0.001,0.006,0,0,16.525,1.246
2018/6/12 3:00,5240,6022,43,739,1.111,0.012,16.737,72.163,0,0,16.462,1.422
2018/6/12 4:00,6224,7104,111,769,1.112,0.012,96.646,272.893,0,0,17.26,1.697
2018/6/12 5:00,7064,8003,198,741,1.112,0.012,232.902,485.191,0,0,18.363,2.09
2018/6/12 6:00,6912,8348,334,1102,1.108,0.012,398.863,690.569,0,0,19.912,2.359
2018/6/12 7:00,6728,8420,523,1169,1.104,0.012,560.081,874.979,0,0,21.453,2.341
2018/6/12 8:00,6812,8555,630,1113,1.1,0.012,675.025,1025.938,0,0,22.738,2.115
2018/6/12 9:00,7112,8697,691,894,1.098,0.012,733.785,1133.148,0,0,23.524,1.856
2018/6/12 10:00,7220,8555,758,577,1.095,0.012,727.079,1189.226,0,0,23.984,1.666
2018/6/12 11:00,7456,8526,736,334,1.094,0.012,654.17,1190.427,0,0,24.027,1.492
2018/6/12 12:00,7568,8524,680,276,1.094,0.012,572.46,1136.698,0,0,23.883,1.317
2018/6/12 13:00,7702,8542,587,253,1.093,0.012,449.021,1031.678,0,0,23.546,1.155
2018/6/12 14:00,7756,8478,456,266,1.094,0.013,324.717,882.488,0,0,23.104,1.05
2018/6/12 15:00,7844,8462,328,290,1.095,0.013,202.389,699.331,0,0,22.298,0.921
2018/6/12 16:00,7743,8180,219,218,1.098,0.013,95.291,494.684,0,0,20.965,0.851
2018/6/12 17:00,7402,7793,118,273,1.102,0.013,38.361,282.532,0.001,0.003,19.564,0.744
2018/6/12 18:00,6825,7492,45,622,1.107,0.013,6.919,79.412,0.006,0.007,18.239,0.716
2018/6/12 19:00,6694,7055,8,353,1.111,0.012,0.011,0.24,0.013,0.007,17.222,0.909
2018/6/12 20:00,6129,6787,0,658,1.114,0.012,0,0,0.018,0.004,16.495,1.174
2018/6/12 21:00,5419,6263,0,844,1.116,0.012,0,0,0.02,0.001,15.929,1.128
2018/6/12 22:00,5834,5925,0,91,1.117,0.012,0,0,0.021,0,15.501,0.808
2018/6/12 23:00,5564,5604,0,40,1.118,0.011,0,0,0.021,0,15.19,0.828
2018/6/13 0:00,5514,5556,0,42,1.12,0.011,0,0,0.021,0,14.869,0.847
2018/6/13 1:00,5381,5429,0,48,1.12,0.011,0,0,0.021,0,14.562,0.734
2018/6/13 2:00,5435,5515,0,80,1.121,0.011,0,0.01,0.021,0,14.224,0.641
2018/6/13 3:00,5834,5997,25,138,1.122,0.011,15.816,73.128,0.021,0,14.156,0.692
2018/6/13 4:00,6818,7050,62,170,1.123,0.011,82.418,273.9,0.021,0,14.709,1.027
2018/6/13 5:00,7817,8012,114,81,1.121,0.011,179.032,486.047,0.02,0,15.696,1.084
2018/6/13 6:00,8150,8379,189,40,1.118,0.011,299.081,691.263,0.019,0,16.628,1.095
2018/6/13 7:00,8134,8457,292,31,1.115,0.011,412.377,875.593,0.018,0,17.702,1.114
2018/6/13 8:00,8306,8699,361,32,1.113,0.011,481.274,1026.438,0.017,0,18.496,1.174
2018/6/13 9:00,8447,8881,401,33,1.112,0.011,491.092,1133.608,0.015,0,18.905,1.238
2018/6/13 10:00,8171,8678,433,74,1.111,0.011,476.709,1189.649,0.013,0,19.033,1.312
2018/6/13 11:00,8077,8665,442,146,1.111,0.011,427.098,1190.84,0.012,0,18.947,1.416
2018/6/13 12:00,7928,8616,429,259,1.112,0.01,352.983,1137.143,0.01,0,18.638,1.526
2018/6/13 13:00,7546,8546,386,614,1.113,0.01,268.367,1032.138,0.009,0,18.118,1.626
2018/6/13 14:00,6968,8402,298,1136,1.115,0.011,202.963,883.004,0.008,0,17.512,1.758
2018/6/13 15:00,6553,8411,211,1647,1.117,0.011,135.986,699.959,0.007,0,16.822,1.818
2018/6/13 16:00,6463,8253,141,1649,1.12,0.01,76.792,495.514,0.007,0,15.938,1.817
2018/6/13 17:00,6004,7834,82,1748,1.124,0.01,34.437,283.483,0.006,0,14.971,1.951
2018/6/13 18:00,5456,7491,35,2000,1.129,0.01,7.585,80.34,0.006,0,13.969,2.083
2018/6/13 19:00,5131,7128,7,1990,1.134,0.009,0.02,0.26,0.006,0,13.113,2.256
2018/6/13 20:00,4762,6826,0,2064,1.137,0.009,0,0,0.006,0,12.471,2.445
2018/6/13 21:00,4294,6278,0,1984,1.14,0.009,0,0,0.006,0,12.09,2.363
2018/6/13 22:00,3915,5950,0,2035,1.141,0.009,0,0,0.006,0,11.864,2.332
2018/6/13 23:00,3578,5615,0,2037,1.142,0.008,0,0,0.006,0,11.645,2.284
2018/6/14 0:00,3302,5507,0,2205,1.143,0.008,0,0,0.006,0,11.403,2.246
2018/6/14 1:00,3063,5369,0,2306,1.144,0.008,0,0,0.006,0,11.149,2.232
2018/6/14 2:00,3139,5504,0,2365,1.145,0.008,0.001,0.015,0.006,0,10.907,2.208
2018/6/14 3:00,3632,6014,33,2349,1.147,0.008,9.074,74,0.006,0,10.715,2.206
2018/6/14 4:00,4668,7074,78,2328,1.148,0.008,52.795,274.791,0.005,0,10.843,2.334
2018/6/14 5:00,5558,7980,140,2282,1.147,0.008,130.476,486.81,0.005,0,11.276,2.47
2018/6/14 6:00,5981,8334,245,2108,1.146,0.008,226.407,691.893,0.005,0,12.057,2.564
2018/6/14 7:00,5911,8336,387,2038,1.143,0.008,336.603,876.099,0.004,0,13.121,2.626
2018/6/14 8:00,6066,8436,461,1909,1.139,0.008,427.978,1026.832,0.003,0,14.3,2.657
2018/6/14 9:00,6359,8575,504,1712,1.136,0.008,537.106,1133.83,0.002,0,15.432,2.657
2018/6/14 10:00,6194,8299,557,1548,1.133,0.008,629.35,1189.972,0.002,0,16.414,2.622
2018/6/14 11:00,6242,8205,567,1396,1.13,0.008,672.261,1191.2,0.001,0,17.164,2.57
2018/6/14 12:00,6117,8065,546,1402,1.128,0.008,646.077,1137.384,0.001,0,17.578,2.497
2018/6/14 13:00,6173,8023,483,1367,1.126,0.008,586.292,1032.536,0,0,17.714,2.407
2018/6/14 14:00,6208,7913,381,1324,1.126,0.008,471.257,883.498,0,0,17.506,2.258
2018/6/14 15:00,6257,7900,280,1363,1.126,0.008,338.857,700.607,0,0,17.043,2.055
2018/6/14 16:00,6316,7784,197,1271,1.127,0.008,215.208,496.225,0,0,16.374,1.742
2018/6/14 17:00,6099,7524,118,1307,1.129,0.008,104.652,284.309,0,0,15.337,1.264
2018/6/14 18:00,5733,7280,50,1497,1.132,0.008,21.775,81.169,0,0,13.787,0.981
2018/6/14 19:00,5256,6999,9,1734,1.136,0.008,0.051,0.278,0,0,12.729,1.108
2018/6/14 20:00,4815,6726,0,1911,1.139,0.008,0,0,0,0,12.216,1.3
2018/6/14 21:00,4131,6169,0,2038,1.141,0.008,0,0,0,0,11.717,1.346
2018/6/14 22:00,3830,5841,0,2011,1.143,0.008,0,0,0,0,11.42,1.419
2018/6/14 23:00,3723,5540,0,1817,1.144,0.008,0,0,0,0,11.143,1.432
2018/6/15 0:00,3694,5424,0,1730,1.145,0.008,0,0,0,0,10.912,1.397
2018/6/15 1:00,3492,5277,0,1785,1.146,0.007,0,0,0,0,10.735,1.434
2018/6/15 2:00,3638,5427,0,1789,1.147,0.007,0,0.019,0,0,10.598,1.504
2018/6/15 3:00,4185,5879,44,1650,1.148,0.007,13.832,74.769,0,0,10.558,1.519
2018/6/15 4:00,5165,6878,112,1601,1.148,0.007,82.111,275.555,0,0,11.326,1.699
2018/6/15 5:00,6039,7772,200,1533,1.146,0.007,201.492,487.456,0,0,12.604,1.848
2018/6/15 6:00,6358,8065,346,1361,1.141,0.007,354.942,692.425,0,0,14.23,2.06
2018/6/15 7:00,6253,8090,557,1280,1.136,0.007,519.376,876.545,0,0,15.833,2.116
2018/6/15 8:00,6298,8166,676,1192,1.132,0.008,656.265,1027.214,0,0,17.185,2.063
2018/6/15 9:00,6285,8203,733,1185,1.129,0.008,746.769,1134.195,0,0,18.207,2.02
2018/6/15 10:00,6008,8016,776,1232,1.126,0.008,812.301,1190.186,0,0,19.008,2.013
2018/6/15 11:00,5800,7854,753,1301,1.123,0.008,841.356,1191.402,0,0,19.655,2.013
2018/6/15 12:00,5758,7677,705,1214,1.121,0.008,772.508,1137.718,0,0,19.959,2.004
2018/6/15 13:00,5755,7514,614,1145,1.12,0.008,695.572,1032.803,0,0,20.064,1.998
2018/6/15 14:00,6008,7480,489,983,1.119,0.008,565.565,883.951,0,0,19.871,1.969
2018/6/15 15:00,6214,7473,369,890,1.119,0.008,411.24,701.104,0,0,19.447,1.855
2018/6/15 16:00,6465,7404,261,678,1.119,0.008,271.958,496.831,0,0,18.832,1.579
2018/6/15 17:00,6343,7088,148,597,1.12,0.009,133.532,285,0,0,17.66,1.043
2018/6/15 18:00,6092,6838,58,688,1.122,0.009,27.998,81.898,0,0,15.513,0.803
2018/6/15 19:00,5859,6620,10,751,1.125,0.008,0.06,0.295,0,0,14.262,0.922
2018/6/15 20:00,5616,6415,0,799,1.127,0.008,0,0,0,0,13.803,0.99
2018/6/15 21:00,5138,5940,0,802,1.129,0.008,0,0,0,0,13.411,1.027
2018/6/15 22:00,4802,5600,0,798,1.131,0.008,0,0,0,0,13.098,1.041
2018/6/15 23:00,4321,5262,0,941,1.132,0.008,0,0,0,0,12.777,1.023
2018/6/16 0:00,4011,5099,0,1088,1.133,0.008,0,0,0,0,12.469,1.032
2018/6/16 1:00,3811,4922,0,1111,1.134,0.008,0,0,0,0,12.171,1.067
2018/6/16 2:00,3917,4919,0,1002,1.135,0.008,0.002,0.022,0,0,11.851,1.1
2018/6/16 3:00,4005,5007,41,961,1.137,0.008,22.658,75.433,0,0,11.818,1.171
2018/6/16 4:00,4501,5392,108,783,1.138,0.008,123.731,276.229,0,0,13.21,1.336
2018/6/16 5:00,5147,5950,202,601,1.136,0.008,268.422,488.051,0,0,15.116,1.495
2018/6/16 6:00,5589,6410,356,465,1.129,0.008,427.891,692.9,0,0,17.208,1.708
2018/6/16 7:00,5619,6642,563,460,1.124,0.009,570.434,876.938,0,0,18.755,1.814
2018/6/16 8:00,5711,6813,692,410,1.121,0.009,710.457,1027.457,0,0,19.988,1.823
2018/6/16 9:00,5797,6904,769,338,1.117,0.009,802.494,1134.343,0,0,21.001,1.803
2018/6/16 10:00,5686,6762,840,236,1.114,0.009,837.874,1190.406,0,0,21.763,1.752
2018/6/16 11:00,5556,6571,856,159,1.112,0.009,801.088,1191.56,0,0,22.193,1.674
2018/6/16 12:00,5417,6405,829,159,1.11,0.009,725.523,1137.868,0,0,22.348,1.609
2018/6/16 13:00,5432,6379,728,219,1.109,0.009,631.992,1033.129,0,0,22.332,1.568
2018/6/16 14:00,5379,6283,591,313,1.109,0.009,497.616,884.246,0,0,22.024,1.496
2018/6/16 15:00,5537,6336,449,350,1.109,0.009,385.025,701.53,0,0,21.605,1.397
2018/6/16 16:00,5628,6269,295,346,1.109,0.01,265.891,497.334,0,0,20.972,1.209
2018/6/16 17:00,5448,5983,141,394,1.111,0.011,134.947,285.605,0,0,19.759,0.788
2018/6/16 18:00,5400,5924,42,482,1.113,0.01,29.026,82.521,0,0,17.461,0.707
2018/6/16 19:00,5294,5842,5,543,1.116,0.01,0.059,0.31,0,0,16.25,0.862
2018/6/16 20:00,5224,5773,0,549,1.118,0.009,0,0,0,0,15.816,0.871
2018/6/16 21:00,4792,5351,1,558,1.121,0.009,0,0,0,0,15.369,0.849
2018/6/16 22:00,4603,5073,1,469,1.123,0.009,0,0,0,0,14.937,0.833
2018/6/16 23:00,4401,4774,0,373,1.125,0.009,0,0,0,0,14.53,0.849
2018/6/17 0:00,4291,4726,0,435,1.126,0.009,0,0,0,0,14.126,0.885
2018/6/17 1:00,4063,4597,0,534,1.127,0.009,0,0,0,0,13.749,0.933
2018/6/17 2:00,4109,4580,1,470,1.129,0.009,0.004,0.026,0,0,13.382,0.968
2018/6/17 3:00,4100,4559,33,426,1.131,0.009,27.295,75.999,0,0,13.291,1.038
2018/6/17 4:00,4223,4743,95,425,1.132,0.009,139.423,276.804,0,0,14.774,1.215
2018/6/17 5:00,4712,5229,170,347,1.129,0.009,288.155,488.487,0,0,16.741,1.33
2018/6/17 6:00,5071,5576,238,267,1.122,0.009,450.828,693.282,0,0,19.013,1.466
2018/6/17 7:00,5109,5812,339,364,1.117,0.009,604.068,877.197,0,0,20.7,1.666
2018/6/17 8:00,4955,5970,491,524,1.113,0.009,737.799,1027.713,0,0,21.871,1.767
2018/6/17 9:00,4884,6175,659,632,1.111,0.009,826.83,1134.637,0,0,22.742,1.78
2018/6/17 10:00,4640,6068,817,611,1.109,0.009,843.769,1190.486,0,0,23.306,1.747
2018/6/17 11:00,4488,5967,817,662,1.107,0.009,834.516,1191.735,0,0,23.668,1.724
2018/6/17 12:00,4432,5815,765,618,1.106,0.009,768.675,1138.166,0,0,23.766,1.729
2018/6/17 13:00,4502,5743,653,588,1.105,0.009,673.442,1033.298,0,0,23.646,1.751
2018/6/17 14:00,4710,5803,515,578,1.105,0.009,523.166,884.496,0,0,23.191,1.753
2018/6/17 15:00,5068,5966,388,510,1.106,0.01,373.766,701.829,0,0,22.552,1.672
2018/6/17 16:00,5361,6094,254,479,1.107,0.01,241.09,497.736,0,0,21.7,1.442
2018/6/17 17:00,5361,5990,128,501,1.109,0.011,115.878,286.104,0,0,20.284,1.022
2018/6/17 18:00,5485,5984,42,457,1.112,0.011,22.889,83.031,0,0,18.07,0.809
2018/6/17 19:00,5548,5984,6,430,1.115,0.01,0.026,0.323,0,0,16.823,0.871
2018/6/17 20:00,5455,5983,0,528,1.118,0.01,0,0,0,0,16.317,0.904
2018/6/17 21:00,4819,5604,0,785,1.122,0.01,0,0,0,0,15.868,0.964
2018/6/17 22:00,4195,5352,0,1157,1.125,0.01,0,0,0,0,15.355,1.054
2018/6/17 23:00,3677,5172,0,1495,1.128,0.01,0,0,0,0,14.927,1.226
2018/6/18 0:00,3394,5096,0,1702,1.131,0.01,0,0,0,0,14.502,1.369
2018/6/18 1:00,3189,4993,0,1804,1.133,0.01,0,0,0,0,14.034,1.481
2018/6/18 2:00,3300,5108,2,1806,1.136,0.01,0.005,0.03,0,0,13.663,1.654
2018/6/18 3:00,3802,5669,34,1833,1.138,0.01,23.359,76.458,0,0,13.624,1.815
2018/6/18 4:00,4891,6833,86,1856,1.138,0.01,116.787,277.24,0,0,14.576,2.118
2018/6/18 5:00,5696,7756,149,1911,1.135,0.01,254.385,488.864,0,0,15.923,2.435
2018/6/18 6:00,5950,8138,218,1970,1.131,0.01,413.668,693.553,0,0,17.466,2.662
2018/6/18 7:00,5805,8175,329,2041,1.127,0.01,591.456,877.433,0,0,18.871,2.844
2018/6/18 8:00,5713,8303,491,2099,1.124,0.009,732.261,1027.841,0,0,20.075,2.962
2018/6/18 9:00,5639,8465,672,2154,1.121,0.009,821.263,1134.698,0,0,21.002,2.982
2018/6/18 10:00,5347,8291,846,2098,1.119,0.009,877.185,1190.606,0,0,21.784,2.943
2018/6/18 11:00,5401,8256,848,2007,1.117,0.009,875.782,1191.843,0,0,22.293,2.884
2018/6/18 12:00,5575,8189,799,1815,1.115,0.009,832.882,1138.218,0,0,22.54,2.793
2018/6/18 13:00,6041,8128,691,1396,1.114,0.009,740.777,1033.42,0,0,22.535,2.663
2018/6/18 14:00,5894,8052,552,1606,1.114,0.009,610.354,884.72,0,0,22.271,2.493
2018/6/18 15:00,6301,8043,423,1319,1.114,0.009,462.677,702.077,0,0,21.777,2.31
2018/6/18 16:00,6731,7944,285,928,1.115,0.009,296.921,498.066,0,0,20.96,2.006
2018/6/18 17:00,6743,7652,143,766,1.117,0.01,142.933,286.524,0,0,19.634,1.426
2018/6/18 18:00,6549,7313,46,718,1.121,0.01,30.29,83.433,0,0,17.492,1.051
2018/6/18 19:00,6344,7079,7,728,1.125,0.009,0.051,0.333,0,0,16.029,1.139
2018/6/18 20:00,5856,6770,0,914,1.128,0.009,0,0,0,0,15.438,1.191
2018/6/18 21:00,4924,6193,0,1269,1.131,0.009,0,0,0,0,14.848,1.167
2018/6/18 22:00,4409,5919,0,1510,1.133,0.009,0,0,0,0,14.396,1.184
2018/6/18 23:00,4125,5620,0,1495,1.135,0.009,0,0,0,0,13.996,1.158
2018/6/19 0:00,4130,5489,0,1359,1.136,0.009,0,0,0,0,13.62,1.151
2018/6/19 1:00,3975,5339,0,1364,1.138,0.009,0,0,0,0,13.271,1.164
2018/6/19 2:00,4079,5435,2,1354,1.139,0.009,0.006,0.033,0,0,12.979,1.161
2018/6/19 3:00,4689,5933,32,1212,1.141,0.009,27.782,76.815,0,0,13.163,1.224
2018/6/19 4:00,5841,6947,87,1019,1.141,0.009,135.943,277.59,0,0,14.808,1.526
2018/6/19 5:00,6890,7840,152,798,1.137,0.009,280.828,489.16,0,0,16.678,1.662
2018/6/19 6:00,7323,8267,212,732,1.131,0.009,443.268,693.781,0,0,18.543,1.978
2018/6/19 7:00,7135,8256,304,817,1.128,0.009,602.99,877.535,0,0,19.955,2.192
2018/6/19 8:00,7043,8331,445,843,1.124,0.009,744.198,1027.883,0,0,21.138,2.318
2018/6/19 9:00,6937,8463,601,925,1.121,0.009,818.202,1134.755,0,0,22.059,2.332
2018/6/19 10:00,6581,8262,750,931,1.119,0.009,835.304,1190.64,0,0,22.725,2.285
2018/6/19 11:00,6690,8270,702,878,1.117,0.009,846.902,1191.856,0,0,23.276,2.239
2018/6/19 12:00,6622,8166,614,930,1.115,0.009,803.444,1138.232,0,0,23.574,2.198
2018/6/19 13:00,6722,8110,512,876,1.113,0.009,712.322,1033.518,0,0,23.571,2.147
2018/6/19 14:00,6818,8016,404,794,1.113,0.01,579.315,884.791,0,0,23.287,2.048
2018/6/19 15:00,6913,7967,310,744,1.113,0.01,425.976,702.285,0,0,22.762,1.92
2018/6/19 16:00,6963,7932,209,760,1.114,0.01,280.666,498.288,0,0,21.962,1.679
2018/6/19 17:00,6806,7652,102,744,1.116,0.011,143.113,286.793,0,0,20.673,1.161
2018/6/19 18:00,6479,7337,32,826,1.119,0.011,31.443,83.728,0,0,18.36,0.809
2018/6/19 19:00,5973,7107,5,1129,1.123,0.01,0.077,0.341,0,0,16.853,0.905
2018/6/19 20:00,5729,6887,0,1158,1.126,0.01,0,0,0,0,16.265,0.963
2018/6/19 21:00,5121,6236,0,1115,1.128,0.01,0,0,0,0,15.727,0.983
2018/6/19 22:00,5046,5877,0,831,1.13,0.009,0,0,0,0,15.306,0.978
2018/6/19 23:00,4896,5583,0,687,1.132,0.009,0,0,0,0,14.909,0.952
2018/6/20 0:00,4790,5423,0,633,1.133,0.009,0,0,0,0,14.561,0.924
2018/6/20 1:00,4708,5302,0,594,1.134,0.009,0,0,0,0,14.241,0.919
2018/6/20 2:00,4913,5422,0,509,1.135,0.009,0.006,0.037,0,0,13.959,0.93
2018/6/20 3:00,5517,5909,10,382,1.136,0.009,27.831,77.06,0,0,14.079,0.893
2018/6/20 4:00,6575,6938,77,286,1.137,0.01,142.643,277.827,0,0,15.895,0.967
2018/6/20 5:00,7487,7859,226,146,1.133,0.01,303.795,489.28,0,0,18.032,1.032
2018/6/20 6:00,7689,8167,403,75,1.126,0.01,478.171,693.858,0,0,20.298,1.098
2018/6/20 7:00,7580,8208,574,54,1.121,0.01,643.314,877.588,0,0,21.935,1.092
2018/6/20 8:00,7597,8358,716,45,1.117,0.01,777.672,1027.921,0,0,23.237,1.033
2018/6/20 9:00,7645,8486,807,34,1.113,0.01,878.816,1134.755,0,0,24.327,0.949
2018/6/20 10:00,7384,8260,863,13,1.11,0.01,927.134,1190.615,0,0,25.161,0.832
2018/6/20 11:00,7382,8256,866,8,1.107,0.01,924.911,1191.839,0,0,25.763,0.735
2018/6/20 12:00,7367,8204,825,12,1.104,0.01,871.849,1138.223,0,0,26.098,0.744
2018/6/20 13:00,7405,8172,752,15,1.102,0.01,776.453,1033.539,0,0,26.17,0.808
2018/6/20 14:00,7432,8095,639,24,1.101,0.011,636.181,884.874,0,0,25.921,0.898
2018/6/20 15:00,7617,8145,492,36,1.101,0.011,472.506,702.321,0,0,25.433,0.981
2018/6/20 16:00,7750,8115,326,39,1.101,0.011,319.011,498.407,0,0,24.791,0.951
2018/6/20 17:00,7590,7802,157,55,1.102,0.012,162.28,286.941,0,0,23.57,0.785
2018/6/20 18:00,7352,7493,45,96,1.104,0.012,35.318,83.92,0,0,20.87,0.638
2018/6/20 19:00,7121,7286,4,161,1.107,0.011,0.081,0.347,0,0,19.361,0.808
2018/6/20 20:00,6781,7021,0,240,1.11,0.011,0,0,0,0,18.715,0.784
2018/6/20 21:00,6026,6403,0,377,1.112,0.011,0,0,0,0,18.085,0.778
2018/6/20 22:00,5624,6088,0,464,1.114,0.011,0,0,0,0,17.46,0.838
2018/6/20 23:00,5283,5760,0,477,1.115,0.01,0,0,0,0,16.961,0.871
2018/6/21 0:00,5178,5621,0,443,1.117,0.01,0,0,0,0,16.57,0.877
2018/6/21 1:00,5085,5467,0,382,1.118,0.01,0,0,0,0,16.225,0.867
2018/6/21 2:00,5157,5556,0,399,1.119,0.01,0.007,0.038,0,0,15.865,0.879
2018/6/21 3:00,5716,6002,9,277,1.12,0.01,32.169,77.202,0,0,15.867,0.835
2018/6/21 4:00,6854,7124,75,195,1.121,0.011,159.519,277.952,0,0,17.768,0.881
2018/6/21 5:00,7645,8013,226,142,1.118,0.011,324.147,489.393,0,0,19.749,0.922
2018/6/21 6:00,7862,8343,400,81,1.109,0.011,495.524,693.894,0,0,22.356,1.164
2018/6/21 7:00,7761,8443,570,112,1.103,0.011,652.224,877.582,0,0,24.143,1.244
2018/6/21 8:00,7708,8594,706,180,1.099,0.012,781.321,1027.865,0,0,25.394,1.343
2018/6/21 9:00,7769,8771,793,209,1.095,0.012,866.65,1134.688,0,0,26.392,1.465
2018/6/21 10:00,7408,8486,819,259,1.092,0.012,901.87,1190.48,0,0,27.1,1.613
2018/6/21 11:00,7343,8466,793,330,1.089,0.012,883.574,1191.723,0,0,27.462,1.754
2018/6/21 12:00,7285,8440,739,416,1.088,0.012,806.092,1138.183,0,0,27.479,1.872
2018/6/21 13:00,7418,8464,675,371,1.087,0.012,678.314,1033.441,0,0,27.163,1.954
2018/6/21 14:00,7580,8418,548,290,1.088,0.012,515.821,884.792,0,0,26.629,1.978
2018/6/21 15:00,7887,8520,383,250,1.089,0.013,354.673,702.318,0,0,25.802,1.946
2018/6/21 16:00,7859,8414,260,295,1.091,0.013,209.869,498.417,0,0,24.585,1.839
2018/6/21 17:00,7476,8044,119,449,1.094,0.013,95.954,287.022,0,0,22.938,1.487
2018/6/21 18:00,6925,7740,31,784,1.099,0.013,18.873,83.994,0,0,20.915,1.211
2018/6/21 19:00,5922,7363,4,1437,1.105,0.012,0.03,0.349,0,0,19.406,1.258
2018/6/21 20:00,4935,7070,0,2135,1.113,0.012,0,0,0,0,18.181,1.717
2018/6/21 21:00,4576,6588,0,2012,1.122,0.011,0,0,0,0,16.746,2.545
2018/6/21 22:00,4762,6207,0,1445,1.131,0.01,0,0,0,0,15.267,2.466
2018/6/21 23:00,4283,5847,0,1564,1.136,0.009,0,0,0,0,14.175,2.017
2018/6/22 0:00,4016,5715,0,1699,1.14,0.009,0,0,0,0,13.302,1.811
2018/6/22 1:00,3922,5581,0,1659,1.143,0.008,0,0,0,0,12.549,1.666
2018/6/22 2:00,4063,5677,0,1614,1.146,0.008,0.002,0.039,0,0,11.872,1.538
2018/6/22 3:00,4732,6144,7,1405,1.149,0.008,14.849,77.233,0,0,11.319,1.497
2018/6/22 4:00,5962,7111,63,1086,1.152,0.007,78.655,277.954,0,0,11.316,1.644
2018/6/22 5:00,6953,7980,171,856,1.153,0.007,184.899,489.319,0,0,11.66,1.871
2018/6/22 6:00,7306,8309,299,704,1.152,0.006,314.805,693.833,0,0,12.433,2.096
2018/6/22 7:00,7302,8348,431,615,1.15,0.006,434.175,877.505,0,0,13.329,2.203
2018/6/22 8:00,7403,8444,536,505,1.148,0.006,544.632,1027.812,0,0,14.251,2.239
2018/6/22 9:00,7498,8527,656,373,1.146,0.006,700.238,1134.623,0,0,15.232,2.255
2018/6/22 10:00,7145,8232,722,365,1.144,0.006,849.096,1190.438,0,0,16.191,2.349
2018/6/22 11:00,6779,8046,758,509,1.142,0.006,882.348,1191.647,0,0,16.692,2.502
2018/6/22 12:00,6323,7921,737,861,1.14,0.006,827.105,1138.076,0,0,16.79,2.693
2018/6/22 13:00,5987,7919,647,1285,1.14,0.006,685.772,1033.299,0,0,16.358,2.875
2018/6/22 14:00,5760,7873,540,1573,1.142,0.006,531.624,884.723,0,0,15.495,3.01
2018/6/22 15:00,5747,7854,411,1696,1.145,0.006,361.316,702.268,0,0,14.363,3.01
2018/6/22 16:00,5373,7793,266,2154,1.149,0.006,218.172,498.35,0,0,13.163,2.81
2018/6/22 17:00,5523,7345,136,1686,1.153,0.006,108.082,286.941,0,0,11.969,2.35
2018/6/22 18:00,5289,7013,50,1674,1.156,0.007,23.82,83.958,0,0,10.657,1.748
2018/6/22 19:00,5047,6806,8,1751,1.16,0.007,0.054,0.348,0,0,9.612,1.535
2018/6/22 20:00,4773,6638,0,1865,1.162,0.006,0,0,0,0,9.023,1.491
2018/6/22 21:00,4147,6163,0,2016,1.164,0.006,0,0,0,0,8.561,1.435
2018/6/22 22:00,3946,5787,0,1841,1.165,0.006,0,0,0,0,8.219,1.415
2018/6/22 23:00,3804,5438,0,1634,1.166,0.006,0,0,0,0,7.934,1.467
2018/6/23 0:00,3464,5301,0,1837,1.167,0.006,0,0,0,0,7.678,1.535
2018/6/23 1:00,3408,5101,0,1693,1.168,0.006,0,0,0,0,7.453,1.547
2018/6/23 2:00,3403,5071,0,1668,1.169,0.006,0.006,0.038,0,0,7.271,1.537
2018/6/23 3:00,3563,5168,10,1595,1.17,0.006,26.73,77.157,0,0,7.372,1.578
2018/6/23 4:00,4181,5534,74,1279,1.169,0.006,129.532,277.85,0,0,8.615,1.831
2018/6/23 5:00,4679,6049,208,1162,1.165,0.006,274.673,489.219,0,0,10.201,2.231
2018/6/23 6:00,4954,6470,363,1153,1.161,0.006,441.055,693.68,0,0,11.68,2.402
2018/6/23 7:00,5170,6712,500,1042,1.157,0.006,588.827,877.333,0,0,13.048,2.556
2018/6/23 8:00,5399,6882,599,884,1.153,0.006,688.852,1027.685,0,0,14.215,2.655
2018/6/23 9:00,5274,6989,662,1053,1.15,0.006,789.428,1134.289,0,0,15.267,2.703
2018/6/23 10:00,4784,6811,692,1335,1.146,0.006,844.282,1190.185,0,0,16.129,2.722
2018/6/23 11:00,4481,6563,680,1402,1.143,0.006,856.167,1191.388,0,0,16.783,2.732
2018/6/23 12:00,4283,6377,650,1444,1.141,0.006,804.555,1137.762,0,0,17.119,2.743
2018/6/23 13:00,4149,6350,586,1615,1.139,0.006,721.786,1033.211,0,0,17.182,2.737
2018/6/23 14:00,4093,6286,491,1702,1.139,0.006,593.708,884.504,0,0,16.952,2.668
2018/6/23 15:00,4189,6363,385,1789,1.138,0.006,445.432,702.059,0,0,16.51,2.551
2018/6/23 16:00,4201,6374,264,1909,1.139,0.006,283.032,498.18,0,0,15.856,2.313
2018/6/23 17:00,4116,6162,136,1910,1.141,0.006,137.787,286.798,0,0,14.779,1.828
2018/6/23 18:00,4356,5991,46,1589,1.144,0.007,27.873,83.815,0,0,12.774,1.19
2018/6/23 19:00,4630,5820,7,1183,1.148,0.007,0.064,0.344,0,0,11.382,1.102
2018/6/23 20:00,4647,5731,0,1084,1.151,0.007,0,0,0,0,10.887,1.058
2018/6/23 21:00,4266,5289,0,1023,1.154,0.007,0,0,0,0,10.413,0.943
2018/6/23 22:00,4107,5023,0,916,1.156,0.007,0,0,0,0,10.008,0.871
2018/6/23 23:00,3937,4740,0,803,1.157,0.007,0,0,0,0,9.64,0.854
2018/6/24 0:00,3851,4608,0,757,1.159,0.007,0,0,0,0,9.258,0.868
2018/6/24 1:00,3660,4412,0,752,1.16,0.007,0,0,0,0,8.887,0.908
2018/6/24 2:00,3716,4371,0,655,1.161,0.007,0.005,0.036,0,0,8.545,0.939
2018/6/24 3:00,3764,4400,8,628,1.161,0.007,24.406,76.983,0,0,8.637,1.104
2018/6/24 4:00,3986,4599,60,553,1.161,0.007,119.248,277.616,0,0,9.807,1.464
2018/6/24 5:00,4219,5098,176,703,1.158,0.007,258.405,488.998,0,0,11.278,1.786
2018/6/24 6:00,4398,5502,308,796,1.154,0.007,421.924,693.449,0,0,12.659,1.952
2018/6/24 7:00,4548,5828,437,843,1.15,0.007,583.574,877.094,0,0,14.191,2.031
2018/6/24 8:00,4740,6116,556,820,1.145,0.007,702.145,1027.373,0,0,15.615,2.046
2018/6/24 9:00,4803,6307,644,860,1.142,0.007,743.402,1134.18,0,0,16.603,2.034
2018/6/24 10:00,4665,6142,683,794,1.138,0.007,764.881,1189.98,0,0,17.333,2
2018/6/24 11:00,4491,5922,669,762,1.136,0.007,780.34,1191.2,0,0,17.922,1.969
2018/6/24 12:00,4421,5709,625,663,1.133,0.007,754.223,1137.63,0,0,18.264,1.951
2018/6/24 13:00,4626,5674,550,498,1.132,0.007,647.249,1032.914,0,0,18.221,1.919
2018/6/24 14:00,4936,5736,476,324,1.132,0.007,485.03,884.248,0,0,17.773,1.858
2018/6/24 15:00,5245,5850,374,231,1.132,0.007,284.091,701.805,0,0,16.981,1.72
2018/6/24 16:00,5551,6055,250,254,1.134,0.007,137.951,497.921,0,0,16.023,1.388
2018/6/24 17:00,5583,6007,127,297,1.136,0.008,52.385,286.537,0,0,14.895,0.907
2018/6/24 18:00,5625,5985,43,317,1.138,0.008,10.631,83.559,0,0,13.629,0.662
2018/6/24 19:00,5572,5932,6,354,1.141,0.008,0.027,0.338,0,0,12.828,0.652
2018/6/24 20:00,5566,5944,0,378,1.144,0.008,0,0,0,0,12.315,0.621
2018/6/24 21:00,5119,5510,0,391,1.146,0.008,0,0,0,0,11.822,0.618
2018/6/24 22:00,4992,5291,0,299,1.149,0.008,0,0,0,0,11.437,0.694
2018/6/24 23:00,4817,5019,0,202,1.151,0.008,0,0,0,0,11.052,0.831
2018/6/25 0:00,4789,4997,0,208,1.153,0.008,0,0,0,0,10.642,0.913
2018/6/25 1:00,4592,4906,0,314,1.155,0.008,0,0,0,0,10.272,0.94
2018/6/25 2:00,4673,5070,0,397,1.156,0.008,0.001,0.033,0,0,9.915,0.926
2018/6/25 3:00,5340,5699,6,353,1.158,0.008,7.477,76.69,0,0,9.685,0.891
2018/6/25 4:00,6450,6813,52,311,1.159,0.008,45.538,277.32,0,0,9.874,1.034
2018/6/25 5:00,7383,7818,163,272,1.159,0.008,130.774,488.653,0,0,10.38,1.218
2018/6/25 6:00,7698,8226,284,244,1.157,0.008,259.565,693.147,0,0,11.415,1.37
2018/6/25 7:00,7682,8281,399,200,1.154,0.007,406.841,876.807,0,0,12.663,1.386
2018/6/25 8:00,7744,8428,504,180,1.149,0.007,573.389,1027.168,0,0,14.209,1.364
2018/6/25 9:00,7778,8582,588,216,1.145,0.007,711.957,1133.77,0,0,15.667,1.332
2018/6/25 10:00,7508,8376,634,234,1.142,0.007,784.26,1189.671,0,0,16.761,1.369
2018/6/25 11:00,7330,8279,633,316,1.139,0.007,823.327,1190.869,0,0,17.602,1.464
2018/6/25 12:00,7121,8076,608,347,1.136,0.007,786.66,1137.232,0,0,18.089,1.561
2018/6/25 13:00,7006,7935,580,349,1.135,0.007,717.685,1032.612,0,0,18.284,1.64
2018/6/25 14:00,6944,7801,524,333,1.134,0.007,609.131,883.965,0,0,18.177,1.682
2018/6/25 15:00,7061,7822,428,333,1.134,0.007,444.398,701.495,0,0,17.716,1.66
2018/6/25 16:00,7178,7808,292,338,1.135,0.007,260.421,497.559,0,0,16.918,1.495
2018/6/25 17:00,7004,7502,144,354,1.137,0.008,109.84,286.153,0,0,15.663,0.944
2018/6/25 18:00,6638,7216,45,533,1.139,0.008,22.62,83.203,0,0,13.797,0.612
2018/6/25 19:00,6280,6920,6,634,1.142,0.008,0.059,0.328,0,0,12.602,0.703
2018/6/25 20:00,6023,6661,0,638,1.145,0.008,0,0,0,0,12.11,0.735
2018/6/25 21:00,5386,6146,0,760,1.146,0.008,0,0,0,0,11.628,0.77
2018/6/25 22:00,4970,5790,0,820,1.147,0.008,0,0,0,0,11.127,0.827
2018/6/25 23:00,4711,5478,0,767,1.148,0.007,0,0,0,0,10.645,0.88
2018/6/26 0:00,4812,5367,0,555,1.149,0.007,0,0,0,0,10.256,0.918
2018/6/26 1:00,4742,5243,0,501,1.15,0.007,0,0,0,0,9.912,0.95
2018/6/26 2:00,4849,5354,0,505,1.151,0.007,0.004,0.029,0,0,9.589,0.968
2018/6/26 3:00,5352,5852,9,491,1.153,0.007,28.489,76.3,0,0,9.767,1.035
2018/6/26 4:00,6521,6950,67,362,1.153,0.008,144.154,276.862,0,0,11.487,1.356
2018/6/26 5:00,7363,7790,198,229,1.149,0.008,305.753,488.255,0,0,13.527,1.407
2018/6/26 6:00,7612,8118,354,152,1.143,0.008,476.512,692.791,0,0,15.654,1.53
2018/6/26 7:00,7494,8153,492,167,1.138,0.007,632.169,876.446,0,0,17.234,1.586
2018/6/26 8:00,7438,8249,574,237,1.135,0.007,721.807,1026.725,0,0,18.237,1.672
2018/6/26 9:00,7484,8414,628,302,1.133,0.007,738.592,1133.405,0,0,18.839,1.761
2018/6/26 10:00,7234,8208,656,318,1.131,0.007,750.814,1189.376,0,0,19.284,1.837
2018/6/26 11:00,7138,8174,635,401,1.129,0.008,743.881,1190.474,0,0,19.578,1.889
2018/6/26 12:00,6977,8037,597,463,1.128,0.008,693.929,1136.856,0,0,19.675,1.904
2018/6/26 13:00,6983,8025,554,488,1.127,0.008,600.914,1032.25,0,0,19.506,1.899
2018/6/26 14:00,6772,7975,464,739,1.127,0.008,476.433,883.517,0,0,19.039,1.855
2018/6/26 15:00,6836,8000,357,807,1.128,0.008,354.765,701.043,0,0,18.377,1.757
2018/6/26 16:00,6961,7971,264,746,1.13,0.008,222.857,497.102,0,0,17.526,1.493
2018/6/26 17:00,6946,7613,142,525,1.132,0.009,108.602,285.666,0,0,16.334,0.998
2018/6/26 18:00,6681,7299,49,569,1.135,0.009,21.9,82.726,0,0,14.492,0.623
2018/6/26 19:00,6381,6999,7,611,1.138,0.009,0.045,0.316,0,0,13.25,0.633
2018/6/26 20:00,5972,6702,0,730,1.14,0.009,0,0,0,0,12.651,0.648
2018/6/26 21:00,5391,6130,0,739,1.142,0.009,0,0,0,0,12.19,0.694
2018/6/26 22:00,4896,5810,0,914,1.144,0.008,0,0,0,0,11.967,0.798
2018/6/26 23:00,4675,5560,0,885,1.146,0.008,0,0,0,0,11.723,0.946
2018/6/27 0:00,4568,5404,0,836,1.148,0.008,0,0,0,0,11.373,1.033
2018/6/27 1:00,4403,5251,0,848,1.149,0.008,0,0,0,0,10.988,1.102
2018/6/27 2:00,4303,5375,0,1072,1.151,0.008,0.003,0.025,0,0,10.605,1.161
2018/6/27 3:00,4716,5855,7,1132,1.153,0.008,21.157,75.805,0,0,10.479,1.291
2018/6/27 4:00,5801,6880,57,1022,1.153,0.008,114.43,276.33,0,0,11.386,1.546
2018/6/27 5:00,6719,7817,170,928,1.151,0.009,252.928,487.752,0,0,12.542,1.947
2018/6/27 6:00,6941,8123,307,875,1.148,0.008,406.617,692.295,0,0,13.664,2.213
2018/6/27 7:00,6867,8188,437,884,1.145,0.008,548.996,875.984,0,0,14.848,2.333
2018/6/27 8:00,6853,8272,517,902,1.141,0.008,661.714,1026.301,0,0,16.055,2.39
2018/6/27 9:00,6904,8419,578,937,1.138,0.008,749.899,1133.127,0,0,17.116,2.413
2018/6/27 10:00,6774,8185,559,852,1.135,0.007,761.824,1188.942,0,0,17.851,2.41
2018/6/27 11:00,6839,8149,543,767,1.132,0.008,741.91,1190.172,0,0,18.36,2.397
2018/6/27 12:00,6660,8064,551,853,1.13,0.008,659.615,1136.554,0,0,18.531,2.375
2018/6/27 13:00,6616,8030,526,888,1.129,0.008,546.491,1031.768,0,0,18.406,2.36
2018/6/27 14:00,6329,7997,452,1216,1.129,0.008,423.672,883.033,0,0,17.993,2.319
2018/6/27 15:00,6928,7933,364,641,1.13,0.008,280.3,700.538,0,0,17.195,2.112
2018/6/27 16:00,7002,7861,250,609,1.132,0.008,164.368,496.55,0,0,16.211,1.738
2018/6/27 17:00,6803,7604,123,678,1.135,0.009,74.997,285.051,0,0,15.059,1.5
2018/6/27 18:00,6453,7289,40,796,1.139,0.009,16.069,82.149,0,0,13.765,1.449
2018/6/27 19:00,5843,6969,6,1120,1.142,0.009,0.064,0.302,0,0,12.869,1.56
2018/6/27 20:00,5244,6718,0,1474,1.144,0.009,0,0,0,0,12.418,1.598
2018/6/27 21:00,4207,6232,0,2025,1.145,0.009,0,0,0,0,12.109,1.662
2018/6/27 22:00,3614,5940,0,2326,1.145,0.009,0,0,0,0,11.929,1.834
2018/6/27 23:00,3298,5596,0,2298,1.145,0.009,0,0,0,0,11.824,2.028
2018/6/28 0:00,3259,5449,0,2190,1.144,0.009,0,0,0,0,11.745,2.152
2018/6/28 1:00,3190,5351,0,2161,1.144,0.009,0,0,0,0,11.731,2.278
2018/6/28 2:00,3291,5473,0,2182,1.143,0.009,0,0.022,0,0,11.802,2.462
2018/6/28 3:00,3940,5973,7,2026,1.142,0.009,5.258,75.201,0,0,11.897,2.473
2018/6/28 4:00,5240,7063,46,1777,1.141,0.009,32.075,275.678,0,0,12.231,2.542
2018/6/28 5:00,6393,8154,130,1631,1.139,0.009,75.316,487.135,0,0,12.723,2.576
2018/6/28 6:00,7059,8595,225,1311,1.137,0.009,121.249,691.681,0,0,13.309,2.568
2018/6/28 7:00,7336,8696,296,1064,1.135,0.01,166.618,875.449,0,0,13.901,2.596
2018/6/28 8:00,7681,8851,352,818,1.132,0.01,199.099,1025.801,0,0,14.455,2.449
2018/6/28 9:00,8017,8981,405,559,1.13,0.01,227.3,1132.641,0,0,14.982,2.271
2018/6/28 10:00,7903,8757,444,410,1.128,0.01,302.156,1188.473,0,0,15.77,2.096
2018/6/28 11:00,7959,8693,453,281,1.125,0.01,386.994,1189.693,0,0,16.745,1.997
2018/6/28 12:00,7853,8538,436,249,1.122,0.01,393.66,1136.063,0,0,17.45,1.933
2018/6/28 13:00,7639,8445,422,384,1.12,0.01,380.764,1031.268,0,0,17.891,1.858
2018/6/28 14:00,7393,8338,372,573,1.119,0.01,344.425,882.501,0,0,18.067,1.781
2018/6/28 15:00,7259,8309,279,771,1.119,0.01,272.472,699.902,0,0,17.973,1.712
2018/6/28 16:00,6950,8136,181,1005,1.119,0.01,185.833,495.872,0,0,17.591,1.57
2018/6/28 17:00,6644,7808,91,1073,1.121,0.011,94.034,284.313,0,0,16.793,1.216
2018/6/28 18:00,6227,7400,31,1142,1.123,0.011,18.575,81.466,0,0,15.353,1.073
2018/6/28 19:00,5911,7064,4,1149,1.126,0.01,0.019,0.286,0,0,14.512,1.318
2018/6/28 20:00,5560,6738,0,1178,1.128,0.01,0,0,0,0,14.221,1.447
2018/6/28 21:00,4916,6171,0,1255,1.129,0.01,0,0,0,0,14.051,1.465
2018/6/28 22:00,4637,5828,0,1191,1.129,0.01,0,0,0,0,14.01,1.522
2018/6/28 23:00,4350,5496,0,1146,1.128,0.01,0,0,0,0,14.014,1.591
2018/6/29 0:00,4150,5386,0,1236,1.128,0.01,0,0,0,0,14.002,1.652
2018/6/29 1:00,4036,5284,0,1248,1.129,0.01,0,0,0,0,13.986,1.679
2018/6/29 2:00,3995,5441,0,1446,1.129,0.01,0.001,0.018,0,0,14.007,1.758
2018/6/29 3:00,4362,5968,6,1600,1.129,0.01,8.9,74.504,0,0,14.095,1.829
2018/6/29 4:00,5180,7073,51,1842,1.128,0.011,56.166,274.922,0,0,14.604,2.019
2018/6/29 5:00,5917,8033,145,1971,1.126,0.011,156.285,486.406,0,0,15.562,2.261
2018/6/29 6:00,6100,8441,256,2085,1.121,0.012,281.324,691.056,0,0,17.024,2.569
2018/6/29 7:00,6123,8587,367,2097,1.116,0.012,441.82,874.831,0,0,18.732,2.918
2018/6/29 8:00,6154,8674,441,2079,1.111,0.012,572.137,1025.218,0,0,20.279,3.085
2018/6/29 9:00,6279,8746,496,1971,1.107,0.012,663.565,1132.135,0,0,21.498,3.121
2018/6/29 10:00,5957,8460,532,1971,1.103,0.012,718.837,1187.972,0,0,22.457,3.076
2018/6/29 11:00,5734,8213,560,1919,1.1,0.012,724.733,1189.193,0,0,23.144,3.008
2018/6/29 12:00,5599,8084,550,1935,1.098,0.012,672.841,1135.512,0,0,23.449,2.953
2018/6/29 13:00,5680,7984,513,1791,1.097,0.012,607.834,1030.733,0,0,23.493,2.919
2018/6/29 14:00,5646,7915,448,1821,1.097,0.012,494.304,881.929,0,0,23.225,2.818
2018/6/29 15:00,5810,7815,311,1694,1.098,0.012,349.679,699.259,0,0,22.636,2.489
2018/6/29 16:00,5955,7651,200,1496,1.1,0.012,230.588,495.127,0,0,21.891,2.081
2018/6/29 17:00,5906,7291,112,1273,1.102,0.013,119.91,283.495,0,0,20.763,1.655
2018/6/29 18:00,5566,6930,35,1329,1.106,0.012,26.397,80.677,0,0,18.865,1.259
2018/6/29 19:00,5327,6679,4,1348,1.11,0.012,0.055,0.269,0,0,17.474,1.327
2018/6/29 20:00,5245,6514,0,1269,1.113,0.011,0,0,0,0,16.861,1.473
2018/6/29 21:00,4609,6022,0,1413,1.116,0.011,0,0,0,0,16.254,1.493
2018/6/29 22:00,4323,5659,0,1336,1.118,0.011,0,0,0,0,15.708,1.503
2018/6/29 23:00,4040,5283,0,1243,1.12,0.011,0,0,0,0,15.291,1.516
2018/6/30 0:00,3934,5144,0,1210,1.121,0.01,0,0,0,0,15.006,1.455
2018/6/30 1:00,3867,4934,0,1067,1.122,0.01,0,0,0,0,14.751,1.385
2018/6/30 2:00,3867,4898,0,1031,1.123,0.01,0.002,0.014,0,0,14.411,1.278
2018/6/30 3:00,3990,5022,7,1025,1.124,0.01,23.484,73.703,0,0,14.326,1.29
2018/6/30 4:00,4364,5404,62,978,1.126,0.01,128.851,274.049,0,0,15.517,1.603
2018/6/30 5:00,4788,6036,193,1055,1.124,0.011,288.657,485.623,0,0,16.839,1.928
2018/6/30 6:00,4856,6491,358,1277,1.121,0.01,462.485,690.308,0,0,18.534,2.078
2018/6/30 7:00,4985,6786,495,1306,1.117,0.01,605.642,874.19,0,0,19.757,2.289
2018/6/30 8:00,4991,6928,599,1338,1.115,0.01,709.983,1024.672,0,0,20.696,2.47
2018/6/30 9:00,5049,6989,641,1299,1.114,0.01,765.148,1131.42,0,0,21.22,2.644
2018/6/30 10:00,4498,6749,696,1555,1.113,0.009,827.256,1187.382,0,0,21.589,2.798
2018/6/30 11:00,3946,6542,729,1867,1.112,0.009,815.369,1188.478,0,0,21.716,2.848
2018/6/30 12:00,3656,6345,749,1940,1.112,0.009,789.783,1134.85,0,0,21.746,2.822
2018/6/30 13:00,3478,6249,709,2062,1.112,0.008,728.464,1030.061,0,0,21.61,2.764
2018/6/30 14:00,3518,6224,626,2080,1.113,0.008,621.238,881.213,0,0,21.186,2.682
2018/6/30 15:00,3835,6322,503,1984,1.114,0.008,473.88,698.452,0,0,20.491,2.553
2018/6/30 16:00,4135,6238,339,1764,1.117,0.008,314.044,494.279,0,0,19.464,2.324
2018/6/30 17:00,4427,5995,169,1399,1.12,0.008,158.907,282.573,0,0,17.847,1.801
2018/6/30 18:00,4680,5836,56,1100,1.125,0.008,34.556,79.791,0,0,15.026,1.147
2018/6/30 19:00,4585,5779,8,1186,1.131,0.008,0.057,0.25,0,0,12.907,1.048
2018/6/30 20:00,4560,5785,0,1225,1.136,0.007,0,0,0,0,11.934,0.97
2018/6/30 21:00,4288,5340,0,1052,1.139,0.007,0,0,0,0,11.13,0.907
2018/6/30 22:00,4216,4992,0,776,1.142,0.007,0,0,0,0,10.531,0.891
2018/6/30 23:00,4132,4668,0,536,1.145,0.007,0,0,0,0,10.033,0.898
2018/7/1 0:00,4033,4518,0,485,1.147,0.007,0,0,0,0,9.521,0.907
2018/7/1 1:00,3862,4327,0,465,1.149,0.006,0,0,0,0,9.015,0.912
2018/7/1 2:00,3904,4279,0,375,1.151,0.006,0.002,0.009,0,0,8.544,0.914
2018/7/1 3:00,3967,4300,9,324,1.153,0.006,32.223,72.792,0,0,8.62,0.884
2018/7/1 4:00,4165,4460,74,221,1.154,0.007,162.49,273.056,0,0,10.566,1.143
2018/7/1 5:00,4476,4840,223,141,1.149,0.006,332.097,484.709,0,0,12.928,1.238
2018/7/1 6:00,4602,5132,401,129,1.143,0.006,510.695,689.495,0,0,14.916,1.462
2018/7/1 7:00,4665,5374,581,128,1.139,0.006,674.515,873.441,0,0,16.399,1.574
2018/7/1 8:00,4615,5555,730,210,1.135,0.006,807.034,1023.951,0,0,17.672,1.654
2018/7/1 9:00,4536,5714,834,344,1.131,0.007,900.577,1130.787,0,0,18.687,1.73
2018/7/1 10:00,4323,5573,882,368,1.128,0.007,947.94,1186.722,0,0,19.454,1.794
2018/7/1 11:00,4159,5411,874,378,1.126,0.007,944.705,1187.902,0,0,19.978,1.838
2018/7/1 12:00,4040,5262,820,402,1.124,0.007,890.421,1134.218,0,0,20.243,1.872
2018/7/1 13:00,4081,5230,697,452,1.123,0.007,792.856,1029.304,0,0,20.219,1.901
2018/7/1 14:00,4212,5302,570,520,1.123,0.007,653.446,880.463,0,0,19.857,1.894
2018/7/1 15:00,4477,5485,450,558,1.123,0.007,493.618,697.635,0,0,19.275,1.84
2018/7/1 16:00,4850,5694,313,531,1.125,0.007,325.243,493.354,0,0,18.418,1.699
2018/7/1 17:00,5209,5745,157,379,1.127,0.008,159.368,281.523,0,0,16.98,1.213
2018/7/1 18:00,5482,5789,51,256,1.131,0.008,33.706,78.798,0,0,14.256,0.796
2018/7/1 19:00,5497,5779,7,275,1.135,0.007,0.054,0.23,0,0,12.448,0.89
2018/7/1 20:00,5582,5827,0,245,1.138,0.007,0,0,0,0,11.716,0.874
2018/7/1 21:00,5182,5444,0,262,1.141,0.007,0,0,0,0,11.063,0.854
2018/7/1 22:00,5016,5158,0,142,1.144,0.007,0,0,0,0,10.507,0.84
2018/7/1 23:00,4824,4892,0,68,1.145,0.007,0,0,0,0,10.124,0.818
2018/7/2 0:00,4752,4796,0,44,1.147,0.006,0,0,0,0,9.652,0.798
2018/7/2 1:00,4636,4687,0,51,1.148,0.006,0,0,0,0,9.254,0.804
2018/7/2 2:00,4766,4821,0,55,1.149,0.006,0.001,0.006,0,0,8.896,0.812
2018/7/2 3:00,5320,5386,9,57,1.15,0.006,30.962,71.8,0,0,8.922,0.754
2018/7/2 4:00,6376,6505,72,57,1.151,0.007,157.221,271.944,0,0,11.036,0.839
2018/7/2 5:00,7123,7392,223,46,1.146,0.007,321.899,483.708,0,0,13.45,1.005
2018/7/2 6:00,7312,7755,407,36,1.137,0.007,494.144,688.589,0,0,16.011,1.244
2018/7/2 7:00,7178,7819,587,54,1.132,0.007,658.16,872.601,0,0,17.813,1.348
2018/7/2 8:00,7080,7903,738,85,1.127,0.007,794.524,1023.201,0,0,19.309,1.396
2018/7/2 9:00,7053,8004,836,115,1.122,0.008,885.345,1130.148,0,0,20.513,1.427
2018/7/2 10:00,6765,7798,890,143,1.118,0.008,921.877,1186.02,0,0,21.436,1.427
2018/7/2 11:00,6715,7732,896,121,1.115,0.008,913.859,1187.258,0,0,22.12,1.4
2018/7/2 12:00,6658,7614,863,93,1.112,0.008,858.148,1133.562,0,0,22.516,1.343
2018/7/2 13:00,6686,7532,784,62,1.111,0.009,751.589,1028.61,0,0,22.578,1.261
2018/7/2 14:00,6733,7426,654,39,1.11,0.009,621.611,879.606,0,0,22.331,1.176
2018/7/2 15:00,6877,7398,491,30,1.11,0.009,462.621,696.683,0,0,21.806,1.059
2018/7/2 16:00,7027,7378,317,34,1.112,0.009,289.89,492.291,0,0,21.005,0.894
2018/7/2 17:00,7033,7219,151,35,1.114,0.01,141.211,280.386,0,0,19.692,0.632
2018/7/2 18:00,6943,7039,45,51,1.117,0.01,28.551,77.705,0,0,17.369,0.57
2018/7/2 19:00,6734,6806,6,66,1.121,0.009,0.035,0.21,0,0,15.979,0.753
2018/7/2 20:00,6514,6567,0,53,1.124,0.008,0,0,0,0,15.199,0.785
2018/7/2 21:00,5974,6012,0,38,1.126,0.008,0,0,0,0,14.531,0.813
2018/7/2 22:00,5691,5723,0,32,1.128,0.008,0,0,0,0,14.12,0.811
2018/7/2 23:00,5377,5401,0,24,1.129,0.008,0,0,0,0,13.88,0.773
2018/7/3 0:00,5268,5285,0,17,1.13,0.008,0,0,0,0,13.747,0.705
2018/7/3 1:00,5111,5136,0,25,1.131,0.008,0,0,0,0,13.672,0.661
2018/7/3 2:00,5202,5237,0,35,1.133,0.008,0.001,0.004,0,0,13.323,0.647
2018/7/3 3:00,5646,5673,8,19,1.135,0.008,29.669,70.707,0,0,12.984,0.659
2018/7/3 4:00,6613,6692,66,13,1.137,0.009,146.123,270.731,0,0,14.092,0.6
2018/7/3 5:00,7285,7493,202,6,1.134,0.009,291.776,482.61,0,0,16.096,0.563
2018/7/3 6:00,7460,7827,366,1,1.126,0.008,438.877,687.596,0,0,18.688,0.496
2018/7/3 7:00,7365,7897,531,1,1.122,0.008,577.729,871.697,0,0,20.195,0.563
2018/7/3 8:00,7315,7982,665,2,1.119,0.008,708.214,1022.336,0,0,21.224,0.61
2018/7/3 9:00,7289,8072,770,13,1.116,0.009,787.142,1129.319,0,0,22.118,0.585
2018/7/3 10:00,7041,7862,800,21,1.113,0.009,812.374,1185.267,0,0,22.748,0.621
2018/7/3 11:00,7008,7829,791,30,1.111,0.009,792.992,1186.429,0,0,23.153,0.687
2018/7/3 12:00,6972,7751,746,33,1.109,0.009,725.306,1132.73,0,0,23.301,0.747
2018/7/3 13:00,6996,7704,678,30,1.108,0.009,643.286,1027.745,0,0,23.252,0.808
2018/7/3 14:00,7034,7638,579,25,1.108,0.009,520.716,878.701,0,0,22.944,0.856
2018/7/3 15:00,7129,7599,443,27,1.108,0.009,381.049,695.671,0,0,22.516,0.847
2018/7/3 16:00,7254,7562,285,23,1.109,0.01,242.944,491.162,0,0,22.021,0.732
2018/7/3 17:00,7201,7354,137,16,1.11,0.01,117.553,279.139,0,0,20.891,0.495
2018/7/3 18:00,7058,7134,43,33,1.112,0.01,23.587,76.524,0,0,19.293,0.445
2018/7/3 19:00,6799,6885,5,81,1.114,0.009,0.016,0.189,0,0,18.173,0.6
2018/7/3 20:00,6526,6648,0,122,1.116,0.009,0,0,0,0,17.186,0.744
2018/7/3 21:00,5973,6100,0,127,1.118,0.009,0,0,0,0,16.355,0.774
2018/7/3 22:00,5596,5720,0,124,1.12,0.009,0,0,0,0,15.843,0.79
2018/7/3 23:00,5279,5395,0,116,1.121,0.009,0,0,0,0,15.422,0.797
2018/7/4 0:00,5150,5238,0,88,1.123,0.009,0,0,0,0,15.074,0.813
2018/7/4 1:00,5042,5102,0,60,1.124,0.009,0,0,0,0,14.779,0.826
2018/7/4 2:00,5152,5206,0,54,1.125,0.008,0,0.002,0,0,14.423,0.828
2018/7/4 3:00,5648,5700,6,46,1.127,0.009,21.74,69.529,0,0,14.247,0.798
2018/7/4 4:00,6608,6709,62,39,1.129,0.009,103.503,269.442,0,0,15.377,0.68
2018/7/4 5:00,7328,7561,196,37,1.128,0.01,208.774,481.442,0,0,17.002,0.851
2018/7/4 6:00,7548,7927,354,25,1.122,0.01,348.329,686.529,0,0,19.36,0.668
2018/7/4 7:00,7489,8017,511,17,1.116,0.009,460.711,870.703,0,0,21.43,0.633
2018/7/4 8:00,7455,8108,640,13,1.113,0.009,553.644,1021.456,0,0,22.515,0.638
2018/7/4 9:00,7494,8224,716,14,1.11,0.009,626.46,1128.581,0,0,23.331,0.601
2018/7/4 10:00,7243,8023,747,33,1.108,0.009,643.321,1184.523,0,0,23.888,0.702
2018/7/4 11:00,7191,7998,743,64,1.106,0.009,608.443,1185.751,0,0,24.16,0.84
2018/7/4 12:00,7141,7933,701,91,1.104,0.009,556.661,1131.888,0,0,24.408,0.984
2018/7/4 13:00,7155,7860,620,85,1.103,0.009,484.508,1026.846,0,0,24.515,1.098
2018/7/4 14:00,7125,7769,509,135,1.102,0.009,381.005,877.711,0,0,24.256,1.141
2018/7/4 15:00,7153,7769,390,226,1.102,0.009,274.31,694.581,0,0,23.858,1.13
2018/7/4 16:00,7176,7705,269,260,1.103,0.01,177.368,489.932,0,0,23.068,1.026
2018/7/4 17:00,7114,7465,135,216,1.105,0.011,90.012,277.77,0,0,21.35,0.856
2018/7/4 18:00,6848,7203,39,316,1.107,0.01,20.469,75.251,0,0,19.502,0.959
2018/7/4 19:00,6486,6946,4,456,1.11,0.01,0.021,0.169,0,0,18.301,1.101
2018/7/4 20:00,6096,6684,0,588,1.112,0.009,0,0,0,0,17.438,1.183
2018/7/4 21:00,5583,6110,0,527,1.114,0.009,0,0,0,0,16.675,1.186
2018/7/4 22:00,5405,5833,0,428,1.115,0.009,0,0,0,0,16.056,1.176
2018/7/4 23:00,5149,5516,0,367,1.116,0.009,0,0,0,0,15.545,1.168
2018/7/5 0:00,5049,5385,0,336,1.117,0.009,0,0,0,0,15.149,1.16
2018/7/5 1:00,4915,5248,0,333,1.118,0.009,0,0,0,0,14.857,1.158
2018/7/5 2:00,5046,5335,0,289,1.119,0.009,0,0.001,0,0,14.674,1.164
2018/7/5 3:00,5610,5804,5,189,1.12,0.009,24.655,68.256,0,0,14.733,1.159
2018/7/5 4:00,6679,6812,59,74,1.121,0.01,137.807,268.023,0,0,16.582,1.105
2018/7/5 5:00,7389,7619,193,37,1.118,0.01,293.835,480.156,0,0,18.928,1.138
2018/7/5 6:00,7572,7952,362,18,1.109,0.01,461.964,685.354,0,0,21.723,0.874
2018/7/5 7:00,7469,8022,539,14,1.103,0.01,609.332,869.684,0,0,23.794,0.767
2018/7/5 8:00,7416,8126,691,19,1.1,0.01,722.556,1020.593,0,0,24.895,0.805
2018/7/5 9:00,7370,8209,795,44,1.097,0.01,784.821,1127.648,0,0,25.597,0.866
2018/7/5 10:00,7095,8003,846,62,1.095,0.01,797.423,1183.637,0,0,26.083,0.938
2018/7/5 11:00,6982,7924,833,109,1.093,0.01,757.258,1184.809,0,0,26.297,1.024
2018/7/5 12:00,6925,7850,769,156,1.092,0.011,673.914,1130.985,0,0,26.17,1.089
2018/7/5 13:00,6823,7820,688,309,1.092,0.011,551.789,1025.907,0,0,25.852,1.081
2018/7/5 14:00,6662,7800,575,563,1.092,0.011,421.924,876.628,0,0,25.274,1.048
2018/7/5 15:00,6884,7818,434,500,1.093,0.011,275.543,693.388,0,0,24.56,0.996
2018/7/5 16:00,6974,7781,285,522,1.096,0.012,153.172,488.603,0,0.001,23.231,0.91
2018/7/5 17:00,6429,7544,137,978,1.1,0.013,62.775,276.298,0.001,0,21.469,0.793
2018/7/5 18:00,6413,7249,37,799,1.103,0.012,11.023,73.883,0.001,0,19.688,0.804
2018/7/5 19:00,6434,6996,3,559,1.107,0.012,0.007,0.149,0.001,0,18.551,0.912
2018/7/5 20:00,6113,6706,0,593,1.11,0.012,0,0,0.001,0,17.833,0.997
2018/7/5 21:00,5588,6152,0,564,1.113,0.011,0,0,0.001,0,17.2,1.088
2018/7/5 22:00,4595,5705,0,1110,1.116,0.011,0,0,0.001,0,16.692,1.19
2018/7/5 23:00,3912,5386,0,1474,1.119,0.011,0,0,0.001,0,16.237,1.37
2018/7/6 0:00,3636,5247,0,1611,1.122,0.011,0,0,0.001,0,15.834,1.571
2018/7/6 1:00,3686,5095,0,1409,1.125,0.011,0,0,0.001,0,15.43,1.67
2018/7/6 2:00,3909,5199,0,1290,1.127,0.011,0,0.001,0.001,0,15.048,1.711
2018/7/6 3:00,4571,5699,4,1124,1.129,0.01,11.579,66.911,0.001,0,14.834,1.771
2018/7/6 4:00,5776,6726,22,928,1.129,0.011,60.151,266.499,0.001,0,15.183,1.88
2018/7/6 5:00,6548,7558,97,913,1.128,0.011,127.918,478.772,0.001,0,15.914,2.073
2018/7/6 6:00,6747,7972,193,1032,1.126,0.011,201.207,684.105,0.001,0,16.81,2.14
2018/7/6 7:00,6718,8120,284,1118,1.124,0.011,262.855,868.535,0,0,17.591,2.104
2018/7/6 8:00,6758,8250,366,1126,1.122,0.011,305.56,1019.596,0,0,18.169,2.01
2018/7/6 9:00,6778,8314,446,1090,1.121,0.011,318.913,1126.68,0,0,18.568,1.916
2018/7/6 10:00,6485,8021,503,1033,1.12,0.011,319.702,1182.721,0,0,18.887,1.874
2018/7/6 11:00,6367,7881,521,993,1.119,0.011,297.162,1183.882,0,0,19.047,1.883
2018/7/6 12:00,6224,7742,509,1009,1.118,0.011,259.983,1130.106,0,0,19.025,1.907
2018/7/6 13:00,6076,7665,478,1111,1.118,0.011,221.15,1024.885,0,0,18.866,1.919
2018/7/6 14:00,6068,7591,417,1106,1.119,0.012,172.975,875.498,0,0,18.542,1.901
2018/7/6 15:00,6177,7563,323,1063,1.12,0.012,127.728,692.132,0,0,18.162,1.804
2018/7/6 16:00,6091,7454,207,1156,1.121,0.012,79.935,487.197,0,0,17.69,1.702
2018/7/6 17:00,5793,7182,91,1298,1.123,0.012,39.866,274.731,0,0,17.045,1.581
2018/7/6 18:00,5121,6898,32,1745,1.125,0.012,8.676,72.433,0,0,16.293,1.498
2018/7/6 19:00,5033,6599,4,1562,1.127,0.011,0.022,0.13,0,0,15.699,1.553
2018/7/6 20:00,4915,6386,0,1471,1.129,0.011,0,0,0,0,15.33,1.668
2018/7/6 21:00,4560,5863,0,1303,1.131,0.011,0,0,0,0,15,1.665
2018/7/6 22:00,4389,5533,0,1144,1.133,0.011,0,0,0,0,14.677,1.647
2018/7/6 23:00,4128,5169,0,1041,1.134,0.01,0,0,0,0,14.339,1.581
2018/7/7 0:00,3528,5009,0,1481,1.136,0.01,0,0,0,0,13.999,1.506
2018/7/7 1:00,3137,4812,0,1675,1.137,0.01,0,0,0,0,13.612,1.431
2018/7/7 2:00,3093,4779,0,1686,1.139,0.01,0,0,0,0,13.221,1.39
2018/7/7 3:00,3249,4899,28,1622,1.141,0.01,18.221,65.476,0,0,13.104,1.484
2018/7/7 4:00,3761,5259,71,1427,1.14,0.01,103.886,264.871,0,0,13.96,1.738
2018/7/7 5:00,4323,5793,136,1334,1.137,0.01,241.072,477.298,0,0,15.202,1.917
2018/7/7 6:00,4851,6210,264,1095,1.133,0.01,410.377,682.781,0,0,16.711,2.225
2018/7/7 7:00,4920,6473,451,1102,1.129,0.01,581.667,867.322,0,0,18.237,2.498
2018/7/7 8:00,4756,6623,564,1303,1.126,0.009,715.062,1018.429,0,0,19.561,2.633
2018/7/7 9:00,4852,6719,632,1235,1.123,0.009,811.965,1125.695,0,0,20.604,2.657
2018/7/7 10:00,4618,6488,704,1166,1.121,0.009,849.709,1181.728,0,0,21.361,2.644
2018/7/7 11:00,4313,6305,749,1243,1.118,0.009,873.804,1182.952,0,0,21.997,2.637
2018/7/7 12:00,4048,6129,743,1338,1.116,0.008,844.658,1129.108,0,0,22.367,2.645
2018/7/7 13:00,4079,6072,685,1308,1.115,0.008,768.162,1023.801,0,0,22.449,2.651
2018/7/7 14:00,4233,6086,555,1298,1.115,0.008,638.752,874.296,0,0,22.193,2.604
2018/7/7 15:00,4454,6146,422,1270,1.115,0.008,485.921,690.741,0,0,21.694,2.455
2018/7/7 16:00,4449,6099,314,1336,1.116,0.008,311.79,485.662,0,0,20.815,2.076
2018/7/7 17:00,4539,5928,193,1196,1.118,0.009,145.552,273.044,0,0,19.159,1.384
2018/7/7 18:00,4396,5838,83,1359,1.121,0.009,26.943,70.899,0,0,16.486,1.047
2018/7/7 19:00,4107,5801,16,1678,1.125,0.008,0.022,0.111,0,0,14.974,1.158
2018/7/7 20:00,4143,5771,0,1628,1.128,0.008,0,0,0,0,14.243,1.216
2018/7/7 21:00,3966,5336,0,1370,1.13,0.008,0,0,0,0,13.548,1.209
2018/7/7 22:00,3753,5004,0,1251,1.132,0.007,0,0,0,0,13.055,1.15
2018/7/7 23:00,3392,4667,0,1275,1.133,0.007,0,0,0,0,12.756,1.088
2018/7/8 0:00,3319,4538,0,1219,1.133,0.007,0,0,0,0,12.473,1.053
2018/7/8 1:00,3323,4349,0,1026,1.134,0.007,0,0,0,0,12.189,1.069
2018/7/8 2:00,3281,4317,0,1036,1.135,0.007,0,0,0,0,11.812,1.083
2018/7/8 3:00,3345,4318,36,937,1.137,0.007,25.276,63.971,0,0,11.882,1.123
2018/7/8 4:00,3524,4496,95,877,1.139,0.008,139.856,263.124,0,0,13.955,1.344
2018/7/8 5:00,3916,4870,179,775,1.136,0.008,285.585,475.696,0,0,16.049,1.5
2018/7/8 6:00,4238,5172,328,606,1.129,0.008,421.378,681.342,0,0,18.245,1.626
2018/7/8 7:00,4441,5406,551,414,1.125,0.008,526.284,866.049,0,0,19.659,1.911
2018/7/8 8:00,4494,5597,668,435,1.123,0.008,593.855,1017.292,0,0,20.317,2.116
2018/7/8 9:00,4611,5738,711,416,1.122,0.008,634.757,1124.63,0,0,20.705,2.177
2018/7/8 10:00,4430,5598,745,423,1.12,0.009,660.436,1180.728,0,0,21.101,2.152
2018/7/8 11:00,4251,5440,705,484,1.119,0.009,673.634,1181.921,0,0,21.468,2.123
2018/7/8 12:00,4245,5331,637,449,1.117,0.009,648.107,1127.958,0,0,21.703,2.06
2018/7/8 13:00,4255,5298,547,496,1.116,0.009,568.915,1022.621,0,0,21.752,1.947
2018/7/8 14:00,4398,5361,438,525,1.115,0.009,495.382,872.978,0,0,21.712,1.861
2018/7/8 15:00,4568,5541,337,636,1.115,0.009,369.894,689.307,0,0,21.366,1.752
2018/7/8 16:00,4722,5729,252,755,1.115,0.009,233.091,484.058,0,0,20.709,1.499
2018/7/8 17:00,4869,5764,152,743,1.116,0.01,111.211,271.251,0,0,19.395,0.948
2018/7/8 18:00,4941,5827,62,824,1.118,0.01,22.573,69.286,0,0,17.121,0.791
2018/7/8 19:00,4863,5833,11,959,1.121,0.009,0.016,0.094,0,0,15.786,0.975
2018/7/8 20:00,4843,5871,0,1028,1.124,0.009,0,0,0,0,15.227,1.067
2018/7/8 21:00,4482,5455,0,973,1.127,0.009,0,0,0,0,14.628,1.109
2018/7/8 22:00,4237,5219,0,982,1.13,0.008,0,0,0,0,14.029,1.093
2018/7/8 23:00,4058,4936,0,878,1.132,0.008,0,0,0,0,13.563,1.07
2018/7/9 0:00,4136,4849,0,713,1.134,0.008,0,0,0,0,13.142,1.024
2018/7/9 1:00,4020,4740,0,720,1.135,0.008,0,0,0,0,12.75,1.028
2018/7/9 2:00,4093,4884,0,791,1.137,0.008,0,0,0,0,12.389,1.055
2018/7/9 3:00,4510,5399,34,855,1.138,0.008,23.548,62.394,0,0,12.41,1.121
2018/7/9 4:00,5623,6465,92,750,1.138,0.009,139.345,261.27,0,0,14.26,1.371
2018/7/9 5:00,6591,7331,176,564,1.134,0.009,299.138,474.033,0,0,16.53,1.439
2018/7/9 6:00,7012,7749,315,422,1.126,0.008,467.397,679.841,0,0,18.992,1.584
2018/7/9 7:00,6977,7854,504,373,1.122,0.009,630.421,864.744,0,0,20.542,1.644
2018/7/9 8:00,7016,7963,613,334,1.119,0.009,748.997,1016.112,0,0,21.596,1.647
2018/7/9 9:00,7032,8069,674,363,1.116,0.009,810.209,1123.426,0,0,22.416,1.621
2018/7/9 10:00,6807,7909,727,375,1.113,0.009,819.369,1179.667,0,0,22.979,1.611
2018/7/9 11:00,6769,7859,741,349,1.111,0.009,796.882,1180.888,0,0,23.349,1.624
2018/7/9 12:00,6653,7792,730,409,1.11,0.009,729.949,1126.858,0,0,23.526,1.645
2018/7/9 13:00,6509,7741,655,577,1.108,0.009,631.814,1021.409,0,0,23.509,1.662
2018/7/9 14:00,6383,7630,508,739,1.107,0.009,511.901,871.645,0,0,23.259,1.65
2018/7/9 15:00,6462,7595,361,772,1.108,0.009,360.805,687.79,0,0,22.691,1.599
2018/7/9 16:00,6589,7559,246,724,1.108,0.01,216.27,482.379,0,0,21.808,1.406
2018/7/9 17:00,6362,7354,139,853,1.11,0.011,98.21,269.341,0,0,20.402,0.995
2018/7/9 18:00,6233,7112,55,824,1.113,0.011,17.127,67.605,0,0,18.528,0.889
2018/7/9 19:00,6183,6901,9,709,1.117,0.01,0.013,0.078,0,0,17.607,1.081
2018/7/9 20:00,6024,6659,0,635,1.119,0.01,0,0,0,0,17.02,1.187
2018/7/9 21:00,5601,6098,0,497,1.121,0.01,0,0,0,0,16.459,1.196
2018/7/9 22:00,5330,5698,0,368,1.122,0.01,0,0,0,0,16.012,1.197
2018/7/9 23:00,5097,5366,0,269,1.122,0.01,0,0,0,0,15.632,1.144
2018/7/10 0:00,5072,5236,0,164,1.123,0.01,0,0,0,0,15.223,1.077
2018/7/10 1:00,4986,5084,0,98,1.123,0.01,0,0,0,0,14.882,1.016
2018/7/10 2:00,5084,5177,0,93,1.123,0.01,0,0,0,0,14.657,0.967
2018/7/10 3:00,5571,5669,28,70,1.124,0.01,18.032,60.747,0,0,14.674,0.897
2018/7/10 4:00,6492,6636,78,66,1.125,0.01,100.959,259.335,0,0,16.032,0.938
2018/7/10 5:00,7285,7480,155,40,1.123,0.01,205.935,472.272,0,0,17.842,0.914
2018/7/10 6:00,7573,7861,279,9,1.117,0.01,301.73,678.303,0,0,19.672,0.684
2018/7/10 7:00,7524,7981,452,5,1.114,0.01,381.602,863.306,0,0,20.737,0.535
2018/7/10 8:00,7552,8106,551,3,1.112,0.01,439.087,1014.778,0,0,21.339,0.518
2018/7/10 9:00,7609,8222,602,11,1.111,0.01,456.507,1122.281,0,0,21.635,0.614
2018/7/10 10:00,7316,7993,643,34,1.111,0.01,419.078,1178.57,0,0,21.58,0.705
2018/7/10 11:00,7265,7944,622,57,1.111,0.01,398.019,1179.787,0,0,21.532,0.793
2018/7/10 12:00,7104,7872,579,189,1.11,0.01,370.2,1125.715,0,0,21.387,0.916
2018/7/10 13:00,6818,7801,519,464,1.11,0.01,348.422,1020.129,0,0,21.331,0.987
2018/7/10 14:00,6800,7749,433,516,1.11,0.01,336.718,870.204,0,0,21.275,0.961
2018/7/10 15:00,6654,7684,340,690,1.111,0.01,277.737,686.152,0,0,20.911,0.78
2018/7/10 16:00,7089,7621,261,271,1.112,0.01,185.208,480.547,0,0,20.059,0.632
2018/7/10 17:00,6983,7370,160,227,1.116,0.011,81.371,267.356,0,0,18.787,0.5
2018/7/10 18:00,6609,7115,67,439,1.121,0.011,11.709,65.843,0,0,16.907,0.476
2018/7/10 19:00,6444,6862,13,405,1.126,0.011,0.006,0.063,0,0,15.669,0.673
2018/7/10 20:00,6300,6601,0,301,1.129,0.011,0,0,0,0,14.926,0.895
2018/7/10 21:00,5877,6044,0,167,1.132,0.01,0,0,0,0,14.469,0.899
2018/7/10 22:00,5461,5589,0,128,1.132,0.01,0,0,0,0,14.124,0.798
2018/7/10 23:00,5183,5263,0,80,1.133,0.01,0,0,0,0,13.678,0.707
2018/7/11 0:00,5040,5155,0,115,1.135,0.01,0,0,0,0,13.25,0.702
2018/7/11 1:00,4947,5027,0,80,1.136,0.01,0,0,0,0,12.893,0.699
2018/7/11 2:00,5054,5114,0,60,1.137,0.009,0,0,0,0,12.486,0.61
2018/7/11 3:00,5582,5632,9,41,1.138,0.009,15.346,59.043,0,0,12.261,0.569
2018/7/11 4:00,6471,6558,29,58,1.139,0.01,86.94,257.258,0,0,13.16,0.91
2018/7/11 5:00,7261,7387,83,43,1.137,0.01,179.956,470.413,0,0,14.209,1.04
2018/7/11 6:00,7572,7768,163,33,1.133,0.01,268.679,676.596,0,0,15.575,1.113
2018/7/11 7:00,7635,7903,252,16,1.13,0.01,366.396,861.807,0,0,16.602,1.199
2018/7/11 8:00,7704,8046,316,26,1.127,0.009,483.713,1013.382,0,0,17.508,1.242
2018/7/11 9:00,7772,8186,384,30,1.125,0.009,582.761,1121.091,0,0,18.343,1.303
2018/7/11 10:00,7450,7944,458,36,1.124,0.009,631.755,1177.299,0,0,18.873,1.383
2018/7/11 11:00,7368,7914,507,39,1.122,0.009,637.829,1178.441,0,0,19.2,1.455
2018/7/11 12:00,7236,7793,515,42,1.122,0.009,593.266,1124.409,0,0,19.289,1.524
2018/7/11 13:00,7079,7718,488,151,1.121,0.009,527.069,1018.755,0,0,19.21,1.542
2018/7/11 14:00,6791,7656,419,446,1.121,0.009,443.109,868.717,0,0,18.956,1.531
2018/7/11 15:00,6465,7612,334,813,1.122,0.009,314.244,684.532,0,0,18.428,1.442
2018/7/11 16:00,6884,7512,256,372,1.124,0.009,196.578,478.681,0,0,17.686,1.254
2018/7/11 17:00,6741,7227,159,327,1.126,0.009,93.706,265.253,0,0,16.592,0.897
2018/7/11 18:00,6599,6962,71,292,1.129,0.01,17.15,64.026,0,0,14.875,0.637
2018/7/11 19:00,6426,6690,14,250,1.133,0.009,0.008,0.05,0,0,13.686,0.758
2018/7/11 20:00,6189,6477,0,288,1.136,0.009,0,0,0,0,13.012,0.818
2018/7/11 21:00,5525,5954,0,429,1.138,0.009,0,0,0,0,12.492,0.893
2018/7/11 22:00,5210,5668,0,458,1.139,0.009,0,0,0,0,12.157,0.95
2018/7/11 23:00,4976,5355,0,379,1.14,0.008,0,0,0,0,11.818,0.937
2018/7/12 0:00,4927,5243,0,316,1.14,0.008,0,0,0,0,11.515,0.927
2018/7/12 1:00,4782,5106,0,324,1.141,0.008,0,0,0,0,11.212,0.917
2018/7/12 2:00,4795,5202,0,407,1.142,0.008,0,0,0,0,10.866,0.885
2018/7/12 3:00,5229,5681,38,414,1.143,0.008,19.753,57.274,0,0,10.91,0.904
2018/7/12 4:00,6197,6654,102,355,1.144,0.008,122.239,255.107,0,0,12.473,1.179
2018/7/12 5:00,7012,7422,194,216,1.14,0.009,267.887,468.478,0,0,14.507,1.275
2018/7/12 6:00,7325,7798,346,127,1.134,0.008,416.5,674.904,0,0,16.569,1.506
2018/7/12 7:00,7212,7903,558,133,1.13,0.008,554.115,860.268,0,0,18.05,1.618
2018/7/12 8:00,7139,7995,688,168,1.126,0.008,670.9,1012.048,0,0,19.189,1.684
2018/7/12 9:00,7129,8045,760,156,1.122,0.008,790.704,1119.752,0,0,20.3,1.729
2018/7/12 10:00,6790,7866,828,248,1.119,0.008,864.957,1176.114,0,0,21.243,1.777
2018/7/12 11:00,6570,7829,856,403,1.116,0.009,866.809,1177.374,0,0,21.861,1.831
2018/7/12 12:00,6443,7727,843,441,1.114,0.009,816.679,1123.089,0,0,22.188,1.876
2018/7/12 13:00,6372,7622,765,485,1.113,0.009,706.955,1017.299,0,0,22.176,1.906
2018/7/12 14:00,6482,7599,602,515,1.112,0.009,590.304,867.123,0,0,21.935,1.925
2018/7/12 15:00,6661,7575,438,476,1.113,0.009,454.032,682.705,0,0,21.454,1.893
2018/7/12 16:00,6698,7530,323,509,1.114,0.009,288.173,476.685,0,0,20.687,1.715
2018/7/12 17:00,6630,7306,192,484,1.116,0.01,128.825,263.041,0,0,19.404,1.173
2018/7/12 18:00,6537,7047,80,430,1.119,0.01,21.697,62.138,0,0,17.077,0.732
2018/7/12 19:00,6267,6811,15,529,1.122,0.01,0.007,0.039,0,0,15.84,0.798
2018/7/12 20:00,5912,6555,0,643,1.125,0.009,0,0,0,0,15.246,0.829
2018/7/12 21:00,5418,6026,0,608,1.128,0.009,0,0,0,0,14.611,0.905
2018/7/12 22:00,4979,5640,0,661,1.129,0.009,0,0,0,0,14.117,0.988
2018/7/12 23:00,4699,5303,0,604,1.131,0.009,0,0,0,0,13.659,1.015
2018/7/13 0:00,4528,5182,0,654,1.132,0.009,0,0,0,0,13.231,0.988
2018/7/13 1:00,4338,5044,0,706,1.133,0.009,0,0,0,0,12.861,0.997
2018/7/13 2:00,4331,5149,0,818,1.135,0.009,0,0,0,0,12.557,1.033
2018/7/13 3:00,4638,5612,36,938,1.136,0.009,21.266,55.461,0,0,12.592,1.123
2018/7/13 4:00,5469,6558,97,992,1.136,0.009,134.65,252.837,0,0,14.485,1.448
2018/7/13 5:00,6444,7382,183,755,1.133,0.009,293.211,466.441,0,0,16.641,1.579
2018/7/13 6:00,6867,7779,327,585,1.125,0.009,467.614,673.047,0,0,19.057,1.905
2018/7/13 7:00,6662,7886,540,684,1.121,0.009,624.992,858.651,0,0,20.733,2.01
2018/7/13 8:00,6501,7968,663,804,1.117,0.009,755.601,1010.547,0,0,21.911,2.033
2018/7/13 9:00,6286,8040,728,1026,1.114,0.009,840.227,1118.326,0,0,22.839,2.046
2018/7/13 10:00,6025,7778,787,966,1.112,0.009,876.34,1174.762,0,0,23.53,2.029
2018/7/13 11:00,5989,7607,785,833,1.11,0.009,864.43,1175.94,0,0,23.986,1.981
2018/7/13 12:00,5977,7475,753,745,1.108,0.009,809.567,1121.759,0,0,24.222,1.93
2018/7/13 13:00,6083,7378,667,628,1.107,0.009,712.125,1015.815,0,0,24.218,1.871
2018/7/13 14:00,6393,7328,526,409,1.106,0.009,583.679,865.505,0,0,23.955,1.793
2018/7/13 15:00,6416,7319,391,512,1.106,0.009,422.044,680.897,0,0,23.456,1.671
2018/7/13 16:00,6380,7256,281,595,1.107,0.01,264.973,474.626,0,0,22.73,1.399
2018/7/13 17:00,6147,6989,166,676,1.109,0.011,123.965,260.746,0,0,21.34,0.86
2018/7/13 18:00,5944,6718,66,708,1.112,0.01,21.878,60.208,0,0,19.099,0.726
2018/7/13 19:00,5783,6495,11,701,1.115,0.01,0.005,0.029,0,0,18.044,0.764
2018/7/13 20:00,5615,6270,0,655,1.118,0.009,0,0,0,0,17.288,0.805
2018/7/13 21:00,5160,5769,0,609,1.12,0.009,0,0,0,0,16.522,0.867
2018/7/13 22:00,4955,5427,0,472,1.121,0.009,0,0,0,0,15.919,0.915
2018/7/13 23:00,4592,5087,0,495,1.122,0.009,0,0,0,0,15.392,0.961
2018/7/14 0:00,4528,4926,0,398,1.123,0.009,0,0,0,0,14.966,0.999
2018/7/14 1:00,4385,4738,0,353,1.125,0.009,0,0,0,0,14.628,1.035
2018/7/14 2:00,4311,4701,0,390,1.126,0.009,0,0,0,0,14.344,1.059
2018/7/14 3:00,4438,4818,33,347,1.128,0.009,20.33,53.598,0,0,14.265,1.066
2018/7/14 4:00,4736,5170,93,341,1.129,0.01,134.5,250.473,0,0,15.942,1.171
2018/7/14 5:00,5276,5699,180,243,1.127,0.01,292.259,464.304,0,0,18.26,1.113
2018/7/14 6:00,5688,6129,323,118,1.118,0.01,453.592,671.166,0,0,20.962,0.935
2018/7/14 7:00,5755,6363,533,75,1.114,0.009,595.731,856.938,0,0,22.534,0.973
2018/7/14 8:00,5760,6487,658,69,1.111,0.01,717.849,1008.986,0,0,23.538,1.032
2018/7/14 9:00,5737,6558,726,95,1.108,0.01,777.363,1116.867,0,0,24.281,1.142
2018/7/14 10:00,5537,6440,786,117,1.106,0.01,788.04,1173.422,0,0,24.8,1.243
2018/7/14 11:00,5236,6202,796,170,1.104,0.01,768.116,1174.516,0,0,25.112,1.336
2018/7/14 12:00,5020,6051,769,262,1.103,0.01,705.17,1120.317,0,0,25.183,1.418
2018/7/14 13:00,4906,6004,692,406,1.102,0.01,594.561,1014.274,0,0,24.994,1.462
2018/7/14 14:00,4741,6045,547,757,1.102,0.01,455.42,863.759,0,0,24.584,1.442
2018/7/14 15:00,4915,6052,400,737,1.102,0.01,322.026,678.945,0,0,24.041,1.33
2018/7/14 16:00,5465,6018,282,271,1.104,0.01,202.514,472.452,0,0,23.181,1.086
2018/7/14 17:00,5347,5864,167,350,1.106,0.011,95.035,258.329,0,0,21.767,0.688
2018/7/14 18:00,5414,5778,68,296,1.109,0.011,15.081,58.217,0,0,19.876,0.576
2018/7/14 19:00,5454,5746,12,280,1.112,0.01,0.002,0.021,0,0,18.883,0.592
2018/7/14 20:00,5356,5676,0,320,1.115,0.01,0,0,0,0,18.104,0.626
2018/7/14 21:00,4766,5243,0,477,1.117,0.01,0,0,0,0,17.296,0.694
2018/7/14 22:00,4614,4959,0,345,1.119,0.01,0,0,0,0,16.693,0.735
2018/7/14 23:00,4394,4623,0,229,1.12,0.01,0,0,0,0,16.262,0.766
2018/7/15 0:00,4244,4478,0,234,1.121,0.009,0,0,0,0,15.81,0.798
2018/7/15 1:00,4031,4322,0,291,1.123,0.009,0,0,0,0,15.305,0.827
2018/7/15 2:00,4136,4335,0,199,1.125,0.009,0,0,0,0,14.847,0.853
2018/7/15 3:00,4135,4363,32,196,1.127,0.009,15.592,51.685,0,0,14.658,0.869
2018/7/15 4:00,4194,4478,89,195,1.128,0.01,97.596,248.008,0,0,15.806,1.063
2018/7/15 5:00,4521,4822,179,122,1.126,0.01,229.595,462.056,0,0,17.589,1.035
2018/7/15 6:00,4727,5127,329,71,1.119,0.01,385.124,669.17,0,0,20.416,1.066
2018/7/15 7:00,4777,5396,541,78,1.115,0.009,515.809,855.168,0,0,22.166,1.068
2018/7/15 8:00,4934,5714,671,109,1.112,0.009,619.725,1007.386,0,0,23.301,1.019
2018/7/15 9:00,4908,5844,746,190,1.109,0.009,699.412,1115.411,0,0,23.88,0.965
2018/7/15 10:00,4690,5700,815,195,1.107,0.009,741.434,1171.99,0,0,24.357,0.943
2018/7/15 11:00,4554,5538,805,179,1.105,0.009,728.316,1173.099,0,0,24.677,0.952
2018/7/15 12:00,4510,5426,759,157,1.104,0.009,669.378,1118.822,0,0,24.776,0.964
2018/7/15 13:00,4564,5373,668,141,1.103,0.009,591.001,1012.645,0,0,24.708,0.945
2018/7/15 14:00,4771,5436,530,135,1.103,0.009,463.294,861.915,0,0,24.302,0.938
2018/7/15 15:00,5061,5550,399,90,1.103,0.009,328.517,676.96,0,0,23.815,0.891
2018/7/15 16:00,5381,5719,285,53,1.103,0.01,196.477,470.194,0,0,23.204,0.788
2018/7/15 17:00,5550,5764,168,46,1.104,0.01,86.4,255.814,0,0,21.751,0.522
2018/7/15 18:00,5611,5791,70,110,1.106,0.01,13.632,56.186,0,0,19.94,0.565
2018/7/15 19:00,5548,5775,13,214,1.109,0.01,0.001,0.014,0,0,18.893,0.635
2018/7/15 20:00,5580,5800,0,220,1.112,0.01,0,0,0,0,17.68,0.739
2018/7/15 21:00,5213,5403,0,190,1.114,0.009,0,0,0,0,16.764,0.725
2018/7/15 22:00,4992,5165,0,173,1.117,0.009,0,0,0,0,16.221,0.715
2018/7/15 23:00,4722,4894,0,172,1.119,0.009,0,0,0,0,15.805,0.724
2018/7/16 0:00,4750,4813,0,63,1.121,0.009,0,0,0,0,15.433,0.747
2018/7/16 1:00,4635,4676,0,41,1.123,0.009,0,0,0,0,15.041,0.755
2018/7/16 2:00,4776,4820,0,44,1.124,0.009,0,0,0,0,14.676,0.763
2018/7/16 3:00,5285,5360,31,44,1.126,0.009,13.357,49.745,0,0,14.475,0.715
2018/7/16 4:00,6252,6386,87,47,1.128,0.009,89.827,245.429,0,0,15.537,0.742
2018/7/16 5:00,7005,7236,176,55,1.127,0.009,207.282,459.707,0,0,17.09,0.827
2018/7/16 6:00,7269,7625,321,35,1.12,0.009,344.565,667.045,0,0,19.331,0.699
2018/7/16 7:00,7194,7732,518,20,1.115,0.009,489.219,853.255,0,0,21.18,0.617
2018/7/16 8:00,7207,7858,635,16,1.111,0.009,617.763,1005.682,0,0,22.381,0.557
2018/7/16 9:00,7263,7979,698,18,1.107,0.009,737.774,1113.892,0,0,23.317,0.538
2018/7/16 10:00,6987,7771,757,27,1.104,0.009,769.283,1170.532,0,0,23.912,0.639
2018/7/16 11:00,6942,7731,757,32,1.103,0.009,709.467,1171.611,0,0,24.019,0.765
2018/7/16 12:00,6858,7615,722,35,1.102,0.01,609.295,1117.297,0,0,23.816,0.866
2018/7/16 13:00,6813,7556,635,108,1.102,0.01,476.205,1010.94,0,0,23.381,0.899
2018/7/16 14:00,6563,7492,511,418,1.102,0.01,394.784,860.088,0,0,22.975,0.835
2018/7/16 15:00,6456,7469,393,620,1.103,0.01,302.855,674.798,0,0,22.526,0.795
2018/7/16 16:00,6790,7417,290,337,1.103,0.011,184.911,467.806,0,0,21.881,0.757
2018/7/16 17:00,6849,7225,174,202,1.105,0.011,85.935,253.186,0,0,20.769,0.581
2018/7/16 18:00,6701,6981,73,207,1.107,0.011,14.661,54.113,0,0,18.871,0.539
2018/7/16 19:00,6476,6770,13,281,1.11,0.011,0.002,0.009,0,0,17.659,0.688
2018/7/16 20:00,6206,6492,0,286,1.113,0.01,0,0,0,0,16.896,0.744
2018/7/16 21:00,5655,5968,0,313,1.115,0.01,0,0,0,0,16.245,0.802
2018/7/16 22:00,5250,5610,0,360,1.117,0.01,0,0,0,0,15.649,0.907
2018/7/16 23:00,4816,5288,0,472,1.12,0.01,0,0,0,0,15.085,1.004
2018/7/17 0:00,4483,5159,0,676,1.121,0.01,0,0,0,0,14.676,1.085
2018/7/17 1:00,4066,5004,0,938,1.123,0.01,0,0,0,0,14.298,1.133
2018/7/17 2:00,4121,5122,0,1001,1.125,0.01,0,0,0,0,13.885,1.175
2018/7/17 3:00,4379,5590,29,1182,1.127,0.009,15.704,47.763,0,0,13.665,1.363
2018/7/17 4:00,5238,6562,79,1245,1.128,0.01,120.291,242.756,0,0,14.812,1.698
2018/7/17 5:00,6140,7388,153,1095,1.125,0.01,273.845,457.314,0,0,16.612,1.944
2018/7/17 6:00,6437,7783,279,1067,1.118,0.01,437.706,664.887,0,0,18.738,2.277
2018/7/17 7:00,6155,7916,449,1312,1.113,0.01,593.547,851.352,0,0,20.556,2.491
2018/7/17 8:00,5947,8016,552,1517,1.109,0.01,719.415,1003.921,0,0,21.913,2.623
2018/7/17 9:00,5902,8123,621,1600,1.107,0.01,786.641,1112.274,0,0,22.774,2.727
2018/7/17 10:00,5321,7888,692,1875,1.105,0.009,811.353,1168.954,0,0,23.331,2.83
2018/7/17 11:00,5124,7834,723,1987,1.103,0.009,798.863,1170.066,0,0,23.683,2.917
2018/7/17 12:00,4820,7709,711,2178,1.102,0.009,729.691,1115.579,0,0,23.775,2.948
2018/7/17 13:00,5068,7663,646,1949,1.101,0.009,637.942,1009.208,0,0,23.707,2.895
2018/7/17 14:00,5123,7582,507,1952,1.101,0.009,511.499,858.12,0,0,23.399,2.753
2018/7/17 15:00,6072,7563,374,1117,1.101,0.009,369.637,672.625,0,0,22.882,2.502
2018/7/17 16:00,6567,7496,270,659,1.102,0.01,223.73,465.394,0,0,21.995,2.042
2018/7/17 17:00,6554,7266,160,552,1.105,0.01,99.722,250.469,0,0,20.464,1.471
2018/7/17 18:00,6380,7007,66,561,1.109,0.01,14.774,52,0,0,18.401,1.169
2018/7/17 19:00,6290,6783,12,481,1.113,0.01,0.001,0.005,0,0,17.244,1.14
2018/7/17 20:00,6091,6512,0,421,1.116,0.01,0,0,0,0,16.681,1.191
2018/7/17 21:00,5453,5984,0,531,1.118,0.01,0,0,0,0,16.285,1.23
2018/7/17 22:00,5144,5631,0,487,1.119,0.01,0,0,0,0,15.994,1.259
2018/7/17 23:00,4862,5305,0,443,1.12,0.01,0,0,0,0,15.77,1.379
2018/7/18 0:00,4405,5180,0,775,1.121,0.01,0,0,0,0,15.627,1.621
2018/7/18 1:00,3779,5105,0,1326,1.122,0.01,0,0,0,0,15.417,1.807
2018/7/18 2:00,3343,5157,0,1814,1.124,0.01,0,0,0,0,15.087,1.897
2018/7/18 3:00,3501,5633,31,2101,1.126,0.01,12.699,45.764,0,0,14.886,2.068
2018/7/18 4:00,4397,6632,90,2145,1.125,0.01,100.651,239.987,0,0,15.906,2.329
2018/7/18 5:00,5253,7446,181,2012,1.122,0.01,237.7,454.813,0,0,17.773,2.448
2018/7/18 6:00,5409,7817,306,2102,1.115,0.01,390.051,662.639,0,0,19.902,2.813
2018/7/18 7:00,5092,7900,477,2331,1.11,0.01,535.032,849.335,0,0,21.579,3.13
2018/7/18 8:00,4978,8007,594,2435,1.107,0.01,654.884,1002.133,0,0,22.809,3.366
2018/7/18 9:00,4896,8096,669,2531,1.104,0.01,727.272,1110.607,0,0,23.579,3.497
2018/7/18 10:00,4567,7868,746,2555,1.103,0.01,717.002,1167.274,0,0,23.882,3.517
2018/7/18 11:00,4447,7816,765,2604,1.103,0.01,660.931,1168.505,0,0,23.873,3.414
2018/7/18 12:00,4455,7710,730,2525,1.102,0.01,589.04,1113.96,0,0,23.789,3.255
2018/7/18 13:00,4718,7638,651,2269,1.102,0.01,515.118,1007.381,0,0,23.684,3.108
2018/7/18 14:00,4887,7568,517,2164,1.102,0.01,421.28,856.125,0,0,23.427,2.937
2018/7/18 15:00,5213,7559,375,1971,1.102,0.01,329.554,670.384,0,0,23.052,2.725
2018/7/18 16:00,5837,7500,257,1406,1.102,0.01,219.228,462.847,0,0,22.418,2.351
2018/7/18 17:00,5975,7260,141,1144,1.104,0.011,103.879,247.667,0,0,21.146,1.753
2018/7/18 18:00,5859,6992,50,1083,1.107,0.011,15.933,49.868,0,0,19.048,1.352
2018/7/18 19:00,5600,6744,7,1137,1.11,0.01,0,0.002,0,0,17.845,1.203
2018/7/18 20:00,5337,6476,0,1139,1.113,0.01,0,0,0,0,17.191,1.106
2018/7/18 21:00,4846,5929,0,1083,1.115,0.01,0,0,0,0,16.639,1.075
2018/7/18 22:00,4636,5694,0,1058,1.117,0.01,0,0,0,0,16.193,1.066
2018/7/18 23:00,4200,5348,0,1148,1.119,0.01,0,0,0,0,15.749,1.112
2018/7/19 0:00,4002,5207,0,1205,1.12,0.009,0,0,0,0,15.332,1.21
2018/7/19 1:00,3934,5067,0,1133,1.122,0.009,0,0,0,0,14.96,1.31
2018/7/19 2:00,3976,5171,0,1195,1.124,0.009,0,0,0,0,14.607,1.395
2018/7/19 3:00,4313,5648,19,1316,1.127,0.009,13.724,43.739,0,0,14.326,1.503
2018/7/19 4:00,5056,6624,66,1502,1.128,0.009,114.935,237.112,0,0,15.544,1.609
2018/7/19 5:00,5874,7442,153,1415,1.125,0.01,268.917,452.224,0,0,17.705,1.779
2018/7/19 6:00,6307,7815,284,1224,1.118,0.01,426.481,660.35,0,0,19.901,2.098
2018/7/19 7:00,6210,7924,464,1250,1.114,0.009,559.94,847.216,0,0,21.393,2.246
2018/7/19 8:00,6184,8067,572,1311,1.111,0.009,674.445,1000.223,0,0,22.552,2.354
2018/7/19 9:00,6239,8136,626,1271,1.108,0.009,779.688,1108.848,0,0,23.605,2.434
2018/7/19 10:00,6063,7856,674,1119,1.105,0.009,850.061,1165.659,0,0,24.511,2.48
2018/7/19 11:00,5931,7774,703,1140,1.102,0.009,873.869,1166.76,0,0,25.203,2.502
2018/7/19 12:00,5810,7640,693,1137,1.1,0.009,841.915,1112.117,0,0,25.61,2.49
2018/7/19 13:00,5839,7593,637,1117,1.098,0.009,760.187,1005.455,0,0,25.716,2.449
2018/7/19 14:00,5911,7550,515,1124,1.098,0.009,634.533,854.012,0,0,25.522,2.364
2018/7/19 15:00,6148,7561,380,1033,1.097,0.009,476.39,668.049,0,0,25.16,2.189
2018/7/19 16:00,6297,7510,266,947,1.098,0.009,304.124,460.237,0,0,24.303,1.862
2018/7/19 17:00,6468,7296,150,678,1.1,0.01,138.495,244.742,0,0,22.241,1.145
2018/7/19 18:00,6492,7074,55,527,1.103,0.01,19.009,47.71,0,0,19.315,1.007
2018/7/19 19:00,6229,6868,8,631,1.107,0.009,0,0.001,0,0,18.165,1.106
2018/7/19 20:00,6047,6610,0,563,1.111,0.009,0,0,0,0,17.462,1.09
2018/7/19 21:00,5626,6014,0,388,1.114,0.009,0,0,0,0,16.699,1.015
2018/7/19 22:00,5426,5652,0,226,1.117,0.009,0,0,0,0,16.065,0.931
2018/7/19 23:00,5087,5316,0,229,1.119,0.009,0,0,0,0,15.506,0.9
2018/7/20 0:00,4827,5184,0,357,1.121,0.009,0,0,0,0,14.936,0.931
2018/7/20 1:00,4443,5043,0,600,1.123,0.009,0,0,0,0,14.452,0.981
2018/7/20 2:00,4256,5140,0,884,1.124,0.009,0,0,0,0,14.13,1.053
2018/7/20 3:00,4620,5616,30,966,1.126,0.009,15.385,41.7,0,0,13.976,1.176
2018/7/20 4:00,5560,6503,89,854,1.127,0.01,122.789,234.148,0,0,15.465,1.34
2018/7/20 5:00,6662,7307,184,461,1.123,0.01,275.514,449.507,0,0,17.94,1.424
2018/7/20 6:00,7038,7719,342,339,1.117,0.01,433.041,657.896,0,0,20.394,1.436
2018/7/20 7:00,6989,7846,570,287,1.112,0.01,580.318,845.113,0,0,22.297,1.468
2018/7/20 8:00,6925,7955,717,313,1.107,0.01,693.769,998.23,0,0,23.668,1.496
2018/7/20 9:00,6905,8036,803,328,1.104,0.01,760.763,1106.942,0,0,24.644,1.488
2018/7/20 10:00,6609,7798,886,303,1.101,0.01,781.673,1163.867,0,0,25.417,1.414
2018/7/20 11:00,6491,7611,881,239,1.098,0.01,753.124,1165.062,0,0,25.818,1.292
2018/7/20 12:00,6434,7462,831,197,1.097,0.01,692.034,1110.378,0,0,26.041,1.176
2018/7/20 13:00,6472,7363,736,155,1.095,0.01,601.965,1003.513,0,0,26.044,1.083
2018/7/20 14:00,6623,7317,585,109,1.095,0.01,477.157,851.792,0,0,25.772,0.976
2018/7/20 15:00,6777,7319,441,101,1.095,0.01,344.331,665.599,0,0,25.366,0.849
2018/7/20 16:00,6822,7243,318,103,1.095,0.01,217.721,457.515,0,0,24.902,0.688
2018/7/20 17:00,6728,6984,182,74,1.097,0.011,92.291,241.717,0,0,23.31,0.402
2018/7/20 18:00,6562,6714,67,85,1.099,0.01,10.661,45.531,0,0,21.546,0.497
2018/7/20 19:00,6362,6466,10,94,1.102,0.01,0,0,0,0,20.088,0.702
2018/7/20 20:00,6153,6252,0,99,1.105,0.01,0,0,0,0,18.785,0.815
2018/7/20 21:00,5666,5748,0,82,1.108,0.01,0,0,0,0,17.744,0.836
2018/7/20 22:00,5347,5430,0,83,1.11,0.01,0,0,0,0,17.043,0.812
2018/7/20 23:00,4983,5078,0,95,1.112,0.01,0,0,0,0,16.527,0.801
2018/7/21 0:00,4798,4929,0,131,1.114,0.01,0,0,0,0,16.139,0.778
2018/7/21 1:00,4609,4737,0,128,1.115,0.01,0,0,0,0,15.819,0.733
2018/7/21 2:00,4584,4710,0,126,1.116,0.01,0,0,0,0,15.489,0.701
2018/7/21 3:00,4637,4817,23,157,1.118,0.01,11.514,39.651,0,0,15.287,0.655
2018/7/21 4:00,4897,5151,69,185,1.12,0.01,86.882,231.07,0,0,16.537,0.78
2018/7/21 5:00,5323,5676,146,207,1.119,0.011,202.612,446.736,0,0,18.163,0.961
2018/7/21 6:00,5707,6116,276,133,1.112,0.011,332.713,655.407,0,0,20.261,1.214
2018/7/21 7:00,5774,6404,456,174,1.107,0.011,439.251,842.868,0,0,21.801,1.425
2018/7/21 8:00,5725,6546,545,276,1.105,0.011,498.564,996.234,0,0,22.594,1.569
2018/7/21 9:00,5720,6649,578,351,1.103,0.011,513.289,1105.174,0,0,23.031,1.739
2018/7/21 10:00,5394,6474,607,473,1.102,0.011,511.384,1162.123,0,0,23.239,1.892
2018/7/21 11:00,5137,6280,606,537,1.101,0.011,467.572,1163.212,0,0,23.107,1.98
2018/7/21 12:00,4916,6149,576,657,1.102,0.012,414.274,1108.471,0,0,22.804,1.965
2018/7/21 13:00,4903,6108,504,701,1.102,0.012,337.89,1001.478,0,0,22.369,1.855
2018/7/21 14:00,5176,6121,388,557,1.103,0.012,250.382,849.554,0,0,21.794,1.694
2018/7/21 15:00,5027,6209,274,908,1.104,0.012,165.849,663.052,0,0,21.046,1.455
2018/7/21 16:00,4838,6153,180,1135,1.106,0.013,92.71,454.706,0,0,20.132,1.092
2018/7/21 17:00,5153,5949,96,700,1.108,0.013,36.385,238.612,0,0,19.064,0.714
2018/7/21 18:00,5386,5854,36,432,1.111,0.013,4.471,43.351,0,0,17.983,0.569
2018/7/21 19:00,5236,5740,6,498,1.113,0.012,0,0,0,0,17.382,0.506
2018/7/21 20:00,5386,5655,0,269,1.114,0.012,0,0,0,0,16.96,0.444
2018/7/21 21:00,5118,5222,0,104,1.116,0.012,0,0,0,0,16.575,0.477
2018/7/21 22:00,4812,4907,0,95,1.118,0.012,0,0,0,0,16.204,0.517
2018/7/21 23:00,4472,4578,0,106,1.119,0.012,0,0,0,0,15.858,0.558
2018/7/22 0:00,4346,4448,0,102,1.12,0.011,0,0,0,0,15.607,0.604
2018/7/22 1:00,4082,4272,0,190,1.122,0.011,0,0,0,0,15.393,0.723
2018/7/22 2:00,4030,4223,0,193,1.123,0.011,0,0,0,0,15.142,0.885
2018/7/22 3:00,4033,4262,10,219,1.124,0.011,4.249,37.6,0,0,14.935,1.066
2018/7/22 4:00,4015,4414,35,364,1.124,0.011,43.557,227.902,0,0,15.332,1.269
2018/7/22 5:00,4435,4815,90,290,1.124,0.012,122.088,443.871,0,0,16.083,1.448
2018/7/22 6:00,4825,5163,170,168,1.121,0.012,234.066,652.841,0,0,17.234,1.685
2018/7/22 7:00,5009,5468,269,190,1.118,0.012,352.197,840.537,0,0,18.337,1.842
2018/7/22 8:00,5218,5739,340,181,1.114,0.012,461.13,994.14,0,0,19.522,1.85
2018/7/22 9:00,5189,5930,404,337,1.112,0.011,478.137,1103.199,0,0,20.309,1.744
2018/7/22 10:00,5076,5784,478,230,1.111,0.011,450.012,1160.242,0,0,20.643,1.623
2018/7/22 11:00,4901,5606,533,172,1.11,0.011,420.193,1161.367,0,0,20.75,1.548
2018/7/22 12:00,4616,5466,555,295,1.11,0.011,378.77,1106.51,0,0,20.663,1.517
2018/7/22 13:00,4369,5416,545,502,1.11,0.011,332.357,999.351,0,0,20.448,1.513
2018/7/22 14:00,4497,5461,456,508,1.111,0.012,239.128,847.26,0,0,19.96,1.456
2018/7/22 15:00,4649,5628,339,640,1.113,0.012,171.537,660.486,0,0,19.337,1.383
2018/7/22 16:00,4774,5769,241,754,1.115,0.012,104.044,451.807,0,0,18.62,1.245
2018/7/22 17:00,4669,5726,139,918,1.117,0.012,43.217,235.406,0,0,17.716,1.057
2018/7/22 18:00,4552,5740,55,1133,1.119,0.012,5.526,41.159,0,0,16.634,0.991
2018/7/22 19:00,4221,5717,9,1487,1.121,0.011,0,0,0,0,16.04,1.118
2018/7/22 20:00,4197,5712,0,1515,1.123,0.011,0,0,0,0,15.722,1.274
2018/7/22 21:00,3953,5303,0,1350,1.124,0.011,0,0,0,0,15.426,1.347
2018/7/22 22:00,3537,5045,0,1508,1.125,0.011,0,0,0,0,15.153,1.388
2018/7/22 23:00,3246,4771,0,1525,1.126,0.011,0,0,0,0,14.87,1.452
2018/7/23 0:00,3010,4688,0,1678,1.127,0.011,0,0,0,0,14.583,1.473
2018/7/23 1:00,2560,4576,0,2016,1.128,0.01,0,0,0,0,14.307,1.488
2018/7/23 2:00,2579,4703,0,2124,1.129,0.01,0,0,0,0,14.056,1.512
2018/7/23 3:00,3253,5266,19,1994,1.131,0.01,5.835,35.55,0,0,13.862,1.59
2018/7/23 4:00,4271,6280,55,1954,1.132,0.01,58.177,224.633,0,0,14.384,1.768
2018/7/23 5:00,5278,7174,122,1774,1.131,0.011,144.035,440.918,0,0,15.16,1.979
2018/7/23 6:00,5842,7619,237,1540,1.128,0.011,254.255,650.16,0,0,16.279,2.155
2018/7/23 7:00,5852,7745,387,1506,1.124,0.011,361.151,838.146,0,0,17.523,2.301
2018/7/23 8:00,5784,7887,487,1616,1.12,0.011,454.931,991.968,0,0,18.833,2.452
2018/7/23 9:00,5944,8068,564,1560,1.116,0.011,571.684,1101.197,0,0,20.202,2.531
2018/7/23 10:00,5823,7858,652,1383,1.112,0.011,684.741,1158.277,0,0,21.508,2.545
2018/7/23 11:00,5861,7793,697,1235,1.109,0.01,715.332,1159.502,0,0,22.415,2.483
2018/7/23 12:00,5921,7665,698,1046,1.107,0.01,689.204,1104.525,0,0,22.949,2.401
2018/7/23 13:00,5887,7562,639,1036,1.105,0.01,636.79,997.174,0,0,23.276,2.336
2018/7/23 14:00,5811,7492,500,1181,1.103,0.01,534.684,844.855,0,0,23.306,2.28
2018/7/23 15:00,6142,7496,355,999,1.103,0.01,399.224,657.802,0,0,23.048,2.105
2018/7/23 16:00,6417,7397,244,736,1.103,0.011,237.945,448.814,0,0,22.246,1.693
2018/7/23 17:00,6109,7154,139,906,1.104,0.011,98.61,232.091,0,0,20.67,1.253
2018/7/23 18:00,5660,6885,54,1171,1.108,0.011,11.123,38.968,0,0,18.592,1.136
2018/7/23 19:00,5540,6666,9,1117,1.111,0.01,0,0,0,0,17.596,1.203
2018/7/23 20:00,5324,6394,0,1070,1.114,0.01,0,0,0,0,16.914,1.219
2018/7/23 21:00,4857,5838,0,981,1.117,0.01,0,0,0,0,16.265,1.205
2018/7/23 22:00,4651,5584,0,933,1.12,0.01,0,0,0,0,15.713,1.175
2018/7/23 23:00,4261,5245,0,984,1.121,0.01,0,0,0,0,15.283,1.178
2018/7/24 0:00,4019,5137,0,1118,1.122,0.01,0,0,0,0,14.943,1.191
2018/7/24 1:00,3809,5005,0,1196,1.123,0.01,0,0,0,0,14.635,1.176
2018/7/24 2:00,3738,5105,0,1367,1.125,0.01,0,0,0,0,14.347,1.18
2018/7/24 3:00,4143,5543,25,1375,1.127,0.01,10.36,33.507,0,0,14.178,1.261
2018/7/24 4:00,5140,6471,76,1255,1.128,0.01,107.747,221.279,0,0,15.546,1.579
2018/7/24 5:00,6099,7263,160,1004,1.125,0.01,268.796,437.888,0,0,17.59,1.708
2018/7/24 6:00,6676,7656,297,683,1.117,0.01,444.046,647.41,0,0,20.304,1.782
2018/7/24 7:00,6743,7756,495,518,1.11,0.01,605.295,835.674,0,0,22.375,1.959
2018/7/24 8:00,6827,7881,614,440,1.106,0.01,739.771,989.723,0,0,23.584,2.079
2018/7/24 9:00,6819,7992,681,492,1.103,0.01,835.957,1099.152,0,0,24.517,2.049
2018/7/24 10:00,6389,7762,744,629,1.101,0.01,878.6,1156.289,0,0,25.227,1.959
2018/7/24 11:00,6372,7703,766,565,1.098,0.01,867.91,1157.394,0,0,25.718,1.881
2018/7/24 12:00,6267,7586,748,571,1.097,0.01,813.886,1102.373,0,0,25.981,1.824
2018/7/24 13:00,6351,7533,676,506,1.095,0.01,721.333,994.943,0,0,26,1.764
2018/7/24 14:00,6415,7473,540,518,1.095,0.01,592.563,842.375,0,0,25.782,1.678
2018/7/24 15:00,6583,7449,403,463,1.094,0.01,434.137,655.074,0,0,25.325,1.527
2018/7/24 16:00,6754,7395,285,356,1.095,0.01,265.463,445.742,0,0,24.705,1.23
2018/7/24 17:00,6797,7185,159,229,1.096,0.012,114.445,228.7,0,0,22.912,0.727
2018/7/24 18:00,6689,6944,57,198,1.098,0.011,13.095,36.785,0,0,20.871,0.761
2018/7/24 19:00,6469,6726,7,250,1.1,0.01,0,0,0,0,19.86,0.851
2018/7/24 20:00,6151,6462,0,311,1.103,0.01,0,0,0,0,18.969,0.9
2018/7/24 21:00,5436,5914,0,478,1.105,0.01,0,0,0,0,18.081,0.943
2018/7/24 22:00,4875,5533,0,658,1.108,0.01,0,0,0,0,17.333,0.95
2018/7/24 23:00,4509,5226,0,717,1.11,0.009,0,0,0,0,16.574,0.946
2018/7/25 0:00,4510,5104,0,594,1.113,0.009,0,0,0,0,15.945,0.941
2018/7/25 1:00,4507,4967,0,460,1.116,0.009,0,0,0,0,15.391,0.955
2018/7/25 2:00,4614,5082,0,468,1.118,0.009,0,0,0,0,14.91,0.989
2018/7/25 3:00,4898,5583,22,663,1.12,0.009,11.223,31.48,0,0,14.609,1.061
2018/7/25 4:00,5668,6479,76,735,1.121,0.01,117.148,217.813,0,0,16.193,1.239
2018/7/25 5:00,6454,7270,171,645,1.119,0.01,280.193,434.738,0,0,18.72,1.308
2018/7/25 6:00,6867,7648,324,457,1.111,0.01,449.481,644.614,0,0,21.389,1.408
2018/7/25 7:00,6795,7764,535,434,1.106,0.01,595.818,833.105,0,0,23.164,1.757
2018/7/25 8:00,6758,7888,659,471,1.103,0.01,716.97,987.393,0,0,24.214,2.011
2018/7/25 9:00,6581,8012,724,707,1.1,0.01,808.669,1096.909,0,0,25.065,2.087
2018/7/25 10:00,6368,7816,782,666,1.098,0.01,856.465,1154.239,0,0,25.762,2.092
2018/7/25 11:00,6484,7785,790,511,1.096,0.011,837.24,1155.355,0,0,26.169,2.086
2018/7/25 12:00,6453,7687,758,476,1.094,0.011,786.515,1100.207,0,0,26.377,2.061
2018/7/25 13:00,6419,7628,671,538,1.093,0.011,697.652,992.642,0,0,26.356,2.016
2018/7/25 14:00,6157,7536,529,850,1.092,0.011,574.097,839.793,0,0,26.114,1.954
2018/7/25 15:00,6378,7486,390,718,1.093,0.011,415.227,652.198,0,0,25.554,1.832
2018/7/25 16:00,6681,7424,268,475,1.094,0.011,247.275,442.575,0,0,24.618,1.528
2018/7/25 17:00,6161,7180,146,873,1.096,0.012,100.851,225.196,0,0,22.824,0.953
2018/7/25 18:00,5847,6936,49,1040,1.1,0.012,10.32,34.621,0,0,20.485,0.853
2018/7/25 19:00,6008,6740,6,726,1.104,0.011,0,0,0,0,19.42,0.918
2018/7/25 20:00,5685,6470,0,785,1.107,0.011,0,0,0,0,18.598,0.925
2018/7/25 21:00,5091,5921,0,830,1.11,0.011,0,0,0,0,17.888,0.928
2018/7/25 22:00,4584,5602,0,1018,1.113,0.011,0,0,0,0,17.348,0.969
2018/7/25 23:00,4080,5281,0,1201,1.115,0.011,0,0,0,0,16.834,1.038
2018/7/26 0:00,3926,5165,0,1239,1.117,0.01,0,0,0,0,16.37,1.127
2018/7/26 1:00,3865,5037,0,1172,1.119,0.01,0,0,0,0,15.862,1.168
2018/7/26 2:00,4005,5134,0,1129,1.122,0.01,0,0,0,0,15.362,1.196
2018/7/26 3:00,4482,5608,17,1109,1.124,0.01,9.515,29.474,0,0,14.952,1.266
2018/7/26 4:00,5522,6544,59,963,1.125,0.01,105.824,214.254,0,0,16.059,1.46
2018/7/26 5:00,6383,7334,143,808,1.123,0.011,259.294,431.508,0,0,18.096,1.499
2018/7/26 6:00,6838,7714,281,595,1.115,0.011,427.32,641.743,0,0,20.544,1.665
2018/7/26 7:00,6750,7805,457,598,1.11,0.011,577.04,830.542,0,0,22.145,1.878
2018/7/26 8:00,6748,7947,576,623,1.107,0.011,695.912,985.011,0,0,23.311,1.949
2018/7/26 9:00,6715,8044,656,673,1.104,0.011,757.793,1094.72,0,0,24.131,1.925
2018/7/26 10:00,6465,7816,744,607,1.102,0.011,779.912,1152.156,0,0,24.771,1.892
2018/7/26 11:00,6539,7793,780,474,1.1,0.011,762.412,1153.213,0,0,25.202,1.885
2018/7/26 12:00,6557,7717,765,395,1.098,0.011,709.399,1098.112,0,0,25.403,1.879
2018/7/26 13:00,6464,7645,694,487,1.097,0.011,617.878,990.236,0,0,25.37,1.858
2018/7/26 14:00,6466,7562,554,542,1.096,0.011,499.57,837.22,0,0,25.116,1.796
2018/7/26 15:00,6425,7517,406,686,1.097,0.011,351.444,649.255,0,0,24.573,1.642
2018/7/26 16:00,6372,7475,277,826,1.098,0.012,211.052,439.334,0,0,23.679,1.343
2018/7/26 17:00,5984,7241,151,1106,1.101,0.013,89.154,221.616,0,0,21.975,0.904
2018/7/26 18:00,5797,7000,52,1151,1.104,0.012,9.74,32.473,0,0,19.971,0.859
2018/7/26 19:00,5769,6796,7,1020,1.107,0.011,0,0,0,0,18.969,0.931
2018/7/26 20:00,5709,6529,0,820,1.11,0.011,0,0,0,0,18.234,0.962
2018/7/26 21:00,5160,5975,0,815,1.112,0.011,0,0,0,0,17.557,1.004
2018/7/26 22:00,4884,5609,0,725,1.114,0.011,0,0,0,0,17.068,1.043
2018/7/26 23:00,4569,5290,0,721,1.115,0.01,0,0,0,0,16.641,1.063
2018/7/27 0:00,4384,5175,0,791,1.116,0.01,0,0,0,0,16.233,1.077
2018/7/27 1:00,4260,5040,0,780,1.118,0.01,0,0,0,0,15.834,1.078
2018/7/27 2:00,4431,5141,0,710,1.119,0.01,0,0,0,0,15.453,1.067
2018/7/27 3:00,5023,5600,15,562,1.122,0.01,8.725,27.492,0,0,15.171,1.092
2018/7/27 4:00,6005,6507,56,446,1.123,0.011,105.147,210.611,0,0,16.359,1.245
2018/7/27 5:00,6820,7258,143,295,1.12,0.011,262.031,428.194,0,0,18.587,1.235
2018/7/27 6:00,7214,7668,280,174,1.112,0.011,428.988,638.749,0,0,21.168,1.378
2018/7/27 7:00,7190,7787,463,134,1.107,0.011,583.577,827.802,0,0,22.92,1.448
2018/7/27 8:00,7190,7877,590,97,1.103,0.011,695.568,982.612,0,0,24.162,1.394
2018/7/27 9:00,7200,7951,682,69,1.1,0.011,747.08,1092.426,0,0,25.057,1.291
2018/7/27 10:00,6842,7688,782,64,1.097,0.011,751.992,1149.879,0,0,25.657,1.181
2018/7/27 11:00,6673,7538,816,49,1.095,0.011,701.041,1151.12,0,0,25.934,1.097
2018/7/27 12:00,6579,7414,793,42,1.094,0.012,634.736,1095.739,0,0,26.013,1.058
2018/7/27 13:00,6591,7344,716,37,1.093,0.012,542.172,987.762,0,0,25.867,1.036
2018/7/27 14:00,6730,7309,562,17,1.093,0.012,437.075,834.508,0,0,25.549,0.999
2018/7/27 15:00,6903,7316,400,13,1.093,0.012,328.401,646.269,0,0,25.174,0.912
2018/7/27 16:00,6978,7259,264,17,1.093,0.012,196.578,435.997,0,0,24.675,0.748
2018/7/27 17:00,6826,6988,139,23,1.094,0.013,79.595,217.938,0,0,23.236,0.515
2018/7/27 18:00,6644,6732,47,41,1.096,0.012,8.493,30.35,0,0,21.579,0.634
2018/7/27 19:00,6233,6462,5,224,1.098,0.012,0,0,0,0,20.842,0.721
2018/7/27 20:00,5845,6224,0,379,1.1,0.011,0,0,0,0,20.127,0.772
2018/7/27 21:00,5461,5724,0,263,1.102,0.011,0,0,0,0,19.313,0.826
2018/7/27 22:00,5237,5348,0,111,1.104,0.011,0,0,0,0,18.576,0.863
2018/7/27 23:00,4940,5006,0,66,1.106,0.011,0,0,0,0,17.962,0.881
2018/7/28 0:00,4760,4858,0,98,1.107,0.011,0,0,0,0,17.435,0.892
2018/7/28 1:00,4647,4704,0,57,1.109,0.011,0,0,0,0,16.943,0.889
2018/7/28 2:00,4656,4669,0,13,1.11,0.011,0,0,0,0,16.505,0.86
2018/7/28 3:00,4763,4789,16,10,1.112,0.011,5.911,25.541,0,0,16.186,0.81
2018/7/28 4:00,5061,5130,61,8,1.114,0.012,76.597,206.872,0,0,17.111,0.773
2018/7/28 5:00,5446,5613,154,13,1.113,0.012,199.894,424.805,0,0,19.047,0.751
2018/7/28 6:00,5710,6019,308,1,1.107,0.012,344.016,635.681,0,0,21.214,0.602
2018/7/28 7:00,5774,6283,508,1,1.1,0.012,488.437,825.069,0,0,23.32,0.476
2018/7/28 8:00,5767,6414,645,2,1.095,0.012,617.536,980.018,0,0,24.889,0.47
2018/7/28 9:00,5750,6498,737,11,1.092,0.012,711.507,1090.091,0,0,25.97,0.505
2018/7/28 10:00,5413,6282,837,32,1.09,0.012,765.727,1147.702,0,0,26.758,0.565
2018/7/28 11:00,5195,6112,859,58,1.088,0.012,748.632,1148.751,0,0,27.182,0.639
2018/7/28 12:00,5100,5996,831,65,1.086,0.012,680.799,1093.34,0,0,27.288,0.706
2018/7/28 13:00,5189,5986,746,51,1.086,0.012,566.847,985.284,0,0,27.098,0.726
2018/7/28 14:00,5417,6034,581,36,1.086,0.012,449.51,831.677,0,0,26.745,0.756
2018/7/28 15:00,5694,6125,415,16,1.086,0.013,317.98,643.227,0,0,26.341,0.745
2018/7/28 16:00,5815,6108,276,17,1.087,0.013,177.09,432.561,0,0,25.601,0.658
2018/7/28 17:00,5760,5923,142,21,1.089,0.014,67.233,214.152,0,0,24.02,0.507
2018/7/28 18:00,5757,5850,41,52,1.092,0.013,4.801,28.258,0,0,22.362,0.611
2018/7/28 19:00,5656,5721,2,63,1.095,0.013,0,0,0,0,21.331,0.693
2018/7/28 20:00,5481,5594,0,113,1.098,0.013,0,0,0,0,20.563,0.737
2018/7/28 21:00,4982,5165,0,183,1.1,0.013,0,0,0,0,19.985,0.778
2018/7/28 22:00,4642,4908,0,266,1.102,0.013,0,0,0,0,19.457,0.814
2018/7/28 23:00,4297,4601,0,304,1.105,0.012,0,0,0,0,19.053,0.897
2018/7/29 0:00,4000,4478,0,478,1.107,0.012,0,0,0,0,18.905,1.085
2018/7/29 1:00,3585,4317,0,732,1.109,0.012,0,0,0,0,18.82,1.322
2018/7/29 2:00,3180,4259,0,1079,1.111,0.012,0,0,0,0,18.462,1.325
2018/7/29 3:00,3037,4298,13,1248,1.114,0.012,3.637,23.628,0,0,18.211,1.467
2018/7/29 4:00,3240,4452,56,1156,1.115,0.012,48.508,203.047,0,0,18.621,1.626
2018/7/29 5:00,3654,4830,140,1036,1.115,0.013,144.538,421.319,0,0,19.613,1.759
2018/7/29 6:00,3989,5164,279,896,1.111,0.013,276.918,632.518,0,0,21.226,1.929
2018/7/29 7:00,3937,5455,481,1037,1.107,0.013,408.246,822.221,0,0,22.921,1.898
2018/7/29 8:00,4195,5692,615,882,1.103,0.012,518.601,977.45,0,0,24.386,1.778
2018/7/29 9:00,4447,5855,700,708,1.1,0.012,599.9,1087.731,0,0,25.436,1.667
2018/7/29 10:00,4296,5687,789,602,1.097,0.012,678.07,1145.332,0,0,26.354,1.573
2018/7/29 11:00,4170,5538,819,549,1.094,0.012,671.889,1146.44,0,0,26.905,1.491
2018/7/29 12:00,4065,5408,791,552,1.093,0.012,572.556,1090.926,0,0,26.906,1.445
2018/7/29 13:00,4133,5341,711,497,1.092,0.012,450.669,982.616,0,0,26.514,1.421
2018/7/29 14:00,4414,5391,557,420,1.092,0.012,325.477,828.865,0,0,25.953,1.346
2018/7/29 15:00,4798,5557,402,357,1.093,0.013,220.888,640.055,0,0,25.484,1.17
2018/7/29 16:00,5152,5706,270,284,1.093,0.013,133.66,429.071,0,0,24.817,0.928
2018/7/29 17:00,5320,5701,138,243,1.094,0.014,60.865,210.295,0,0,23.588,0.625
2018/7/29 18:00,5386,5742,39,317,1.095,0.013,6.033,26.2,0,0,22.297,0.668
2018/7/29 19:00,5357,5687,2,328,1.097,0.012,0,0,0,0,21.62,0.741
2018/7/29 20:00,5411,5674,0,263,1.099,0.012,0,0,0,0,21.051,0.755
2018/7/29 21:00,5018,5291,0,273,1.101,0.012,0,0,0,0,20.555,0.784
2018/7/29 22:00,4806,5090,0,284,1.103,0.012,0,0,0,0,20.158,0.81
2018/7/29 23:00,4514,4812,0,298,1.104,0.012,0,0,0,0,19.781,0.833
2018/7/30 0:00,4437,4728,0,291,1.106,0.012,0,0,0,0,19.396,0.855
2018/7/30 1:00,4361,4634,0,273,1.107,0.012,0,0,0,0,18.993,0.871
2018/7/30 2:00,4527,4757,0,230,1.109,0.012,0,0,0,0,18.539,0.892
2018/7/30 3:00,4981,5286,13,292,1.111,0.012,6.587,21.759,0,0,18.056,0.948
2018/7/30 4:00,5858,6276,57,361,1.113,0.012,96.961,199.118,0,0,18.993,1.151
2018/7/30 5:00,6706,7147,147,294,1.112,0.013,253.396,417.767,0,0,21.109,1.194
2018/7/30 6:00,7102,7579,297,180,1.105,0.013,425.411,629.279,0,0,23.781,1.286
2018/7/30 7:00,6974,7704,512,218,1.099,0.012,586.633,819.281,0,0,25.681,1.382
2018/7/30 8:00,6878,7813,649,286,1.096,0.012,716.141,974.762,0,0,26.696,1.503
2018/7/30 9:00,6854,7965,730,381,1.094,0.012,793.305,1085.201,0,0,27.576,1.56
2018/7/30 10:00,6445,7759,808,506,1.091,0.012,824.546,1142.913,0,0,28.248,1.567
2018/7/30 11:00,6367,7699,850,482,1.089,0.011,811.03,1143.997,0,0,28.688,1.547
2018/7/30 12:00,6231,7561,842,488,1.088,0.011,759.865,1088.421,0,0,28.915,1.532
2018/7/30 13:00,6215,7492,768,509,1.087,0.011,669.563,979.946,0,0,28.879,1.521
2018/7/30 14:00,6246,7407,609,552,1.086,0.011,539.348,825.919,0,0,28.575,1.513
2018/7/30 15:00,6355,7372,449,568,1.086,0.012,394.624,636.837,0,0,28.165,1.443
2018/7/30 16:00,6572,7324,307,445,1.087,0.012,242.233,425.467,0,0,27.502,1.256
2018/7/30 17:00,6541,7114,159,414,1.089,0.013,96.188,206.346,0,0,25.367,0.763
2018/7/30 18:00,6497,6913,45,371,1.092,0.012,7.471,24.19,0,0,22.981,0.827
2018/7/30 19:00,6372,6696,2,322,1.095,0.012,0,0,0,0,22.06,0.877
2018/7/30 20:00,6200,6386,0,186,1.098,0.011,0,0,0,0,21.306,0.874
2018/7/30 21:00,5727,5849,0,122,1.101,0.011,0,0,0,0,20.545,0.896
2018/7/30 22:00,5399,5528,0,129,1.103,0.011,0,0,0,0,19.914,0.909
2018/7/30 23:00,5015,5207,0,192,1.105,0.011,0,0,0,0,19.344,0.926
2018/7/31 0:00,4788,5123,0,335,1.106,0.011,0,0,0,0,18.856,0.962
2018/7/31 1:00,4624,4990,0,366,1.107,0.011,0,0,0,0,18.47,0.997
2018/7/31 2:00,4701,5100,0,399,1.109,0.011,0,0,0,0,18.114,1.023
2018/7/31 3:00,5103,5537,12,422,1.111,0.011,6.43,19.939,0,0,17.707,1.06
2018/7/31 4:00,5916,6440,56,468,1.113,0.012,100.224,195.118,0,0,18.793,1.243
2018/7/31 5:00,6683,7223,147,393,1.112,0.012,261.207,414.107,0,0,21.166,1.363
2018/7/31 6:00,7040,7615,298,277,1.105,0.012,434.459,625.973,0,0,23.627,1.519
2018/7/31 7:00,6901,7719,512,306,1.099,0.012,596.004,816.303,0,0,25.749,1.689
2018/7/31 8:00,6767,7849,650,432,1.096,0.011,730.633,972.016,0,0,27.042,1.826
2018/7/31 9:00,6668,7972,732,572,1.092,0.011,829.439,1082.675,0,0,28.077,1.876
2018/7/31 10:00,6343,7741,810,588,1.09,0.011,880.506,1140.42,0,0,28.874,1.872
2018/7/31 11:00,6200,7676,838,638,1.087,0.011,880.995,1141.553,0,0,29.429,1.854
2018/7/31 12:00,6145,7599,817,637,1.085,0.011,831.4,1085.902,0,0,29.747,1.842
2018/7/31 13:00,6200,7570,734,636,1.084,0.011,735.17,977.21,0,0,29.759,1.835
2018/7/31 14:00,6266,7527,571,690,1.084,0.011,599.647,822.937,0,0,29.548,1.824
2018/7/31 15:00,6411,7519,407,701,1.084,0.011,435.979,633.47,0,0,29.215,1.765
2018/7/31 16:00,6537,7468,267,664,1.085,0.011,257.761,421.801,0,0,28.281,1.556
2018/7/31 17:00,6498,7220,132,590,1.087,0.013,99.965,202.293,0,0,25.996,1.064
2018/7/31 18:00,6361,7006,36,609,1.091,0.012,7.292,22.23,0,0,23.81,1.025
2018/7/31 19:00,6187,6804,1,616,1.095,0.011,0,0,0,0,22.797,1.062
2018/7/31 20:00,5981,6530,0,549,1.098,0.011,0,0,0,0,21.914,1.012
2018/7/31 21:00,5599,5979,0,380,1.101,0.011,0,0,0,0,21.167,0.968
2018/7/31 22:00,5547,5881,0,334,1.103,0.011,0,0,0,0,20.569,0.961
2018/7/31 23:00,5197,5504,0,307,1.105,0.011,0,0,0,0,20.027,0.976
2018/8/1 0:00,5225,5474,0,249,1.106,0.011,0,0,0,0,19.552,1.01
2018/8/1 1:00,5013,5308,0,295,1.108,0.011,0,0,0,0,19.141,1.039
2018/8/1 2:00,5065,5388,0,323,1.109,0.011,0,0,0,0,18.759,1.055
2018/8/1 3:00,5480,5782,10,292,1.111,0.011,5.523,18.175,0,0,18.347,1.106
2018/8/1 4:00,6445,6747,53,249,1.113,0.012,94.005,191.007,0,0,19.275,1.26
2018/8/1 5:00,7315,7622,141,166,1.111,0.012,250.985,410.363,0,0,21.583,1.269
2018/8/1 6:00,7583,7964,292,89,1.105,0.012,420.865,622.621,0,0,24.22,1.436
2018/8/1 7:00,7482,8050,507,61,1.1,0.012,577.503,813.215,0,0,26.203,1.581
2018/8/1 8:00,7372,8081,650,59,1.096,0.012,701.176,969.221,0,0,27.195,1.633
2018/8/1 9:00,7421,8217,742,54,1.094,0.012,779.987,1079.971,0,0,28.055,1.598
2018/8/1 10:00,7134,8018,834,50,1.091,0.012,804.181,1137.892,0,0,28.655,1.517
2018/8/1 11:00,7121,8043,871,51,1.089,0.012,788.517,1139.003,0,0,29.086,1.433
2018/8/1 12:00,7073,7976,856,47,1.087,0.012,722.323,1083.322,0,0,29.236,1.35
2018/8/1 13:00,7099,7939,769,71,1.087,0.012,619.86,974.41,0,0,29.115,1.287
2018/8/1 14:00,6828,7992,597,567,1.087,0.012,487.652,819.836,0,0,28.85,1.229
2018/8/1 15:00,6847,7932,426,659,1.087,0.012,339.724,630.061,0,0,28.266,1.203
2018/8/1 16:00,7293,7889,280,316,1.089,0.013,190.497,418.037,0,0,27.243,1.116
2018/8/1 17:00,7130,7491,138,223,1.092,0.014,72.511,198.158,0,0,25.228,0.76
2018/8/1 18:00,6955,7300,38,307,1.095,0.013,4.768,20.324,0,0,23.149,0.786
2018/8/1 19:00,6917,7083,2,164,1.099,0.013,0,0,0,0,22.3,0.797
2018/8/1 20:00,6709,6788,0,79,1.103,0.013,0,0,0,0,21.642,0.742
2018/8/1 21:00,6206,6252,0,46,1.106,0.013,0,0,0,0,21.087,0.662
2018/8/1 22:00,5890,5928,0,38,1.107,0.013,0,0,0,0,20.559,0.58
2018/8/1 23:00,5537,5595,0,58,1.109,0.013,0,0,0,0,20.06,0.549
2018/8/2 0:00,5385,5437,0,52,1.11,0.013,0,0,0,0,19.534,0.628
2018/8/2 1:00,5297,5377,0,80,1.112,0.013,0,0,0,0,19.006,0.666
2018/8/2 2:00,5390,5492,0,102,1.114,0.013,0,0,0,0,18.533,0.687
2018/8/2 3:00,5843,5931,8,80,1.116,0.013,4.052,16.469,0,0,18.162,0.692
2018/8/2 4:00,6679,6829,51,99,1.118,0.013,77.591,186.829,0,0,19.046,0.923
2018/8/2 5:00,7504,7713,145,64,1.116,0.013,216.722,406.552,0,0,20.842,1.047
2018/8/2 6:00,7794,8135,294,47,1.11,0.013,367.403,619.136,0,0,22.789,1.145
2018/8/2 7:00,7740,8264,488,36,1.106,0.013,499.883,810.05,0,0,24.264,1.244
2018/8/2 8:00,7703,8351,609,39,1.103,0.013,594.293,966.348,0,0,25.257,1.301
2018/8/2 9:00,7750,8480,682,48,1.101,0.013,653.231,1077.273,0,0,26.009,1.336
2018/8/2 10:00,7505,8320,753,62,1.098,0.013,674.89,1135.277,0,0,26.595,1.35
2018/8/2 11:00,7395,8285,767,123,1.097,0.013,649.916,1136.417,0,0,26.935,1.315
2018/8/2 12:00,7373,8211,732,106,1.095,0.013,592.729,1080.586,0,0,27.079,1.256
2018/8/2 13:00,7377,8113,650,86,1.094,0.013,510.743,971.518,0,0,27.03,1.179
2018/8/2 14:00,7230,7972,515,227,1.094,0.013,411.951,816.656,0,0,26.797,1.095
2018/8/2 15:00,7459,8040,378,203,1.094,0.013,296.27,626.584,0,0,26.381,0.994
2018/8/2 16:00,7672,7991,248,71,1.095,0.014,175.436,414.194,0,0,25.665,0.791
2018/8/2 17:00,7391,7588,120,77,1.097,0.015,66.267,193.945,0,0,24.255,0.457
2018/8/2 18:00,7207,7352,33,112,1.1,0.014,3.988,18.478,0,0,22.61,0.461
2018/8/2 19:00,7012,7068,2,54,1.103,0.013,0,0,0,0,21.649,0.579
2018/8/2 20:00,6751,6788,0,37,1.105,0.013,0,0,0,0,20.865,0.629
2018/8/2 21:00,6223,6262,0,39,1.107,0.013,0,0,0,0,20.231,0.659
2018/8/2 22:00,5846,5892,0,46,1.108,0.013,0,0,0,0,19.789,0.687
2018/8/2 23:00,5540,5599,0,59,1.11,0.013,0,0,0,0,19.375,0.718
2018/8/3 0:00,5384,5475,0,91,1.111,0.013,0,0,0,0,18.993,0.742
2018/8/3 1:00,5225,5333,0,108,1.113,0.013,0,0,0,0,18.617,0.773
2018/8/3 2:00,5338,5482,0,144,1.114,0.013,0,0,0,0,18.265,0.753
2018/8/3 3:00,5807,5978,9,162,1.116,0.013,4.195,14.831,0,0,17.994,0.759
2018/8/3 4:00,6507,6754,48,199,1.118,0.013,76.023,182.547,0,0,18.987,1.018
2018/8/3 5:00,7236,7563,136,191,1.117,0.013,212.851,402.657,0,0,20.672,1.091
2018/8/3 6:00,7558,7982,283,141,1.11,0.013,370.391,615.593,0,0,23.225,1.172
2018/8/3 7:00,7548,8135,476,111,1.104,0.013,514.393,806.816,0,0,25.11,1.428
2018/8/3 8:00,7476,8200,599,125,1.1,0.013,632.935,963.383,0,0,26.369,1.616
2018/8/3 9:00,7407,8211,676,128,1.097,0.013,709.657,1074.483,0,0,27.344,1.711
2018/8/3 10:00,7079,7962,754,129,1.094,0.012,759.474,1132.585,0,0,28.114,1.734
2018/8/3 11:00,6931,7830,777,122,1.091,0.012,770.649,1133.785,0,0,28.697,1.707
2018/8/3 12:00,6921,7811,751,139,1.09,0.012,733.767,1077.813,0,0,29.03,1.651
2018/8/3 13:00,6958,7747,665,124,1.088,0.012,653.41,968.549,0,0,29.111,1.571
2018/8/3 14:00,6950,7579,521,108,1.088,0.012,530.717,813.433,0,0,28.841,1.463
2018/8/3 15:00,7106,7640,379,155,1.088,0.012,381.409,623.039,0,0,28.285,1.336
2018/8/3 16:00,6705,7561,251,605,1.089,0.012,215.993,410.273,0,0,27.409,1.121
2018/8/3 17:00,6847,7245,123,275,1.091,0.014,80.985,189.637,0,0,25.328,0.657
2018/8/3 18:00,6683,6962,33,246,1.094,0.013,4.825,16.698,0,0,23.286,0.763
2018/8/3 19:00,6537,6702,1,164,1.097,0.012,0,0,0,0,22.408,0.774
2018/8/3 20:00,6321,6423,0,102,1.101,0.012,0,0,0,0,21.539,0.768
2018/8/3 21:00,5904,5978,0,74,1.103,0.012,0,0,0,0,20.749,0.779
2018/8/3 22:00,5597,5641,0,44,1.105,0.012,0,0,0,0,20.184,0.79
2018/8/3 23:00,5273,5322,0,49,1.106,0.012,0,0,0,0,19.63,0.799
2018/8/4 0:00,5128,5182,0,54,1.108,0.011,0,0,0,0,19.256,0.802
2018/8/4 1:00,4918,4972,0,54,1.109,0.011,0,0,0,0,18.91,0.771
2018/8/4 2:00,4903,4977,0,74,1.11,0.011,0,0,0,0,18.559,0.736
2018/8/4 3:00,5068,5169,8,93,1.113,0.011,4.135,13.262,0,0,18.058,0.692
2018/8/4 4:00,5413,5526,51,62,1.115,0.012,90.752,178.188,0,0,18.747,0.576
2018/8/4 5:00,5850,6054,146,58,1.114,0.012,251.985,398.652,0,0,20.982,0.588
2018/8/4 6:00,6124,6469,299,46,1.107,0.012,426.572,611.947,0,0,23.666,0.662
2018/8/4 7:00,6146,6698,513,39,1.1,0.011,590.182,803.526,0,0,25.964,0.753
2018/8/4 8:00,6066,6777,651,60,1.097,0.011,724.838,960.352,0,0,27.248,0.813
2018/8/4 9:00,6078,6877,735,64,1.094,0.011,821.192,1071.684,0,0,28.26,0.873
2018/8/4 10:00,5793,6669,816,60,1.091,0.01,872.258,1129.861,0,0,29.031,0.93
2018/8/4 11:00,5628,6503,825,50,1.089,0.01,870.102,1131.03,0,0,29.537,0.97
2018/8/4 12:00,5584,6432,794,54,1.087,0.01,815.306,1074.956,0,0,29.758,0.965
2018/8/4 13:00,5693,6456,707,56,1.086,0.01,714.575,965.526,0,0,29.71,0.913
2018/8/4 14:00,5893,6491,538,60,1.086,0.01,574.176,810.163,0,0,29.485,0.839
2018/8/4 15:00,6167,6617,381,69,1.086,0.01,409.134,619.389,0,0,29.177,0.789
2018/8/4 16:00,6203,6551,248,100,1.087,0.011,236.235,406.272,0,0,28.567,0.717
2018/8/4 17:00,6047,6304,113,144,1.088,0.012,83.667,185.251,0,0,26.039,0.557
2018/8/4 18:00,5996,6231,29,206,1.091,0.011,4.056,14.988,0,0,23.803,0.784
2018/8/4 19:00,5813,6103,1,289,1.094,0.011,0,0,0,0,22.842,0.833
2018/8/4 20:00,5527,5947,0,420,1.097,0.01,0,0,0,0,22.052,0.87
2018/8/4 21:00,5024,5498,0,474,1.099,0.01,0,0,0,0,21.303,0.94
2018/8/4 22:00,4688,5200,0,512,1.101,0.01,0,0,0,0,20.658,0.98
2018/8/4 23:00,4423,4863,0,440,1.102,0.01,0,0,0,0,20.113,0.977
2018/8/5 0:00,4565,4839,0,274,1.103,0.01,0,0,0,0,19.664,0.964
2018/8/5 1:00,4474,4661,0,187,1.104,0.01,0,0,0,0,19.34,0.952
2018/8/5 2:00,4526,4628,0,102,1.105,0.01,0,0,0,0,19.091,0.94
2018/8/5 3:00,4591,4704,5,108,1.107,0.01,3.155,11.766,0,0,18.771,0.924
2018/8/5 4:00,4714,4872,42,116,1.109,0.011,75.89,173.762,0,0,19.641,0.884
2018/8/5 5:00,5048,5288,129,111,1.109,0.012,215.935,394.606,0,0,21.881,1.074
2018/8/5 6:00,5365,5692,268,59,1.102,0.011,376.099,608.29,0,0,24.689,0.858
2018/8/5 7:00,5478,5978,454,46,1.096,0.011,527.857,800.169,0,0,27.025,0.867
2018/8/5 8:00,5525,6139,578,36,1.092,0.011,648.279,957.218,0,0,28.2,0.919
2018/8/5 9:00,5441,6147,660,46,1.09,0.011,738.563,1068.774,0,0,29.061,0.975
2018/8/5 10:00,5213,6038,753,72,1.088,0.011,784.799,1127.013,0,0,29.626,1.029
2018/8/5 11:00,5103,5984,762,119,1.086,0.011,762.044,1128.16,0,0,29.883,1.093
2018/8/5 12:00,4843,5921,708,370,1.085,0.011,696.53,1072.043,0,0,29.877,1.169
2018/8/5 13:00,4772,5984,617,595,1.085,0.012,592.877,962.396,0,0,29.598,1.253
2018/8/5 14:00,4675,5963,481,807,1.085,0.012,436.515,806.745,0,0,28.913,1.294
2018/8/5 15:00,5454,6136,355,327,1.087,0.012,301.633,615.69,0,0,28.088,1.199
2018/8/5 16:00,5897,6234,233,104,1.089,0.013,170.313,402.158,0,0,26.804,0.996
2018/8/5 17:00,5931,6115,107,77,1.092,0.014,59.905,180.783,0,0,24.83,0.693
2018/8/5 18:00,6054,6139,27,58,1.096,0.014,2.696,13.357,0,0,22.93,0.639
2018/8/5 19:00,6001,6055,1,53,1.1,0.013,0,0,0,0,21.911,0.647
2018/8/5 20:00,5899,5960,0,61,1.104,0.013,0,0,0,0,20.952,0.657
2018/8/5 21:00,5423,5514,0,91,1.107,0.012,0,0,0,0,20.087,0.712
2018/8/5 22:00,5166,5276,0,110,1.109,0.012,0,0,0,0,19.424,0.775
2018/8/5 23:00,4919,5015,0,96,1.111,0.012,0,0,0,0,18.81,0.813
2018/8/6 0:00,4820,4942,0,122,1.113,0.012,0,0,0,0,18.257,0.84
2018/8/6 1:00,4605,4856,0,251,1.115,0.011,0,0,0,0,17.745,0.862
2018/8/6 2:00,4739,5014,0,275,1.118,0.011,0,0,0,0,17.26,0.892
2018/8/6 3:00,5291,5497,8,198,1.12,0.011,2.873,10.352,0,0,16.843,0.904
2018/8/6 4:00,6130,6397,51,216,1.123,0.011,68.958,169.251,0,0,17.583,1.119
2018/8/6 5:00,6837,7214,145,232,1.121,0.012,200.045,390.444,0,0,19.493,1.163
2018/8/6 6:00,7192,7668,294,182,1.114,0.012,346.733,604.491,0,0,22.086,1.113
2018/8/6 7:00,7179,7789,495,115,1.109,0.012,476.547,796.699,0,0,23.989,1.074
2018/8/6 8:00,7190,7883,626,67,1.105,0.011,591.278,954.089,0,0,25.854,1.013
2018/8/6 9:00,7236,8002,710,56,1.101,0.011,675.981,1065.775,0,0,27.217,0.934
2018/8/6 10:00,7013,7860,797,50,1.098,0.011,718.161,1124.101,0,0,27.823,0.827
2018/8/6 11:00,6948,7834,833,53,1.095,0.011,712.347,1125.202,0,0,28.196,0.753
2018/8/6 12:00,6876,7749,814,59,1.093,0.011,669.636,1069.037,0,0,28.502,0.722
2018/8/6 13:00,6904,7703,735,64,1.091,0.011,592.069,959.205,0,0,28.477,0.707
2018/8/6 14:00,7046,7693,585,62,1.09,0.011,477.493,803.297,0,0,28.332,0.695
2018/8/6 15:00,7295,7781,432,54,1.089,0.011,344.493,611.835,0,0,28.115,0.692
2018/8/6 16:00,7412,7737,284,41,1.09,0.011,200.82,398.008,0,0,27.304,0.672
2018/8/6 17:00,7220,7389,134,35,1.091,0.013,66.967,176.224,0,0,24.834,0.538
2018/8/6 18:00,7098,7174,35,41,1.094,0.012,2.493,11.809,0,0,22.48,0.78
2018/8/6 19:00,6782,6873,1,90,1.097,0.011,0,0,0,0,21.35,0.824
2018/8/6 20:00,6383,6515,0,132,1.1,0.011,0,0,0,0,20.475,0.827
2018/8/6 21:00,5744,5924,0,180,1.102,0.011,0,0,0,0,19.804,0.83
2018/8/6 22:00,5459,5690,0,231,1.105,0.011,0,0,0,0,19.283,0.802
2018/8/6 23:00,5088,5395,0,307,1.107,0.011,0,0,0,0,18.817,0.772
2018/8/7 0:00,4858,5294,0,436,1.109,0.011,0,0,0,0,18.346,0.744
2018/8/7 1:00,4642,5161,0,519,1.111,0.011,0,0,0,0,17.886,0.723
2018/8/7 2:00,4724,5208,0,484,1.113,0.011,0,0,0,0,17.478,0.72
2018/8/7 3:00,5151,5628,8,469,1.115,0.011,2.468,9.019,0,0,17.058,0.734
2018/8/7 4:00,6082,6550,48,420,1.117,0.011,71.49,164.65,0,0,17.971,0.861
2018/8/7 5:00,6835,7337,141,361,1.116,0.012,215.15,386.208,0,0,20.032,0.972
2018/8/7 6:00,7227,7752,287,238,1.108,0.012,376.723,600.612,0,0,22.761,1.316
2018/8/7 7:00,7224,7920,483,213,1.1,0.012,520.155,793.213,0,0,25.165,1.498
2018/8/7 8:00,7199,8055,601,255,1.095,0.012,615.778,950.825,0,0,26.666,1.579
2018/8/7 9:00,7253,8242,668,321,1.092,0.012,662.99,1062.726,0,0,27.572,1.625
2018/8/7 10:00,6931,8090,731,428,1.089,0.012,653.835,1121.127,0,0,28.082,1.646
2018/8/7 11:00,6858,8072,720,494,1.088,0.012,605.326,1122.264,0,0,28.277,1.658
2018/8/7 12:00,6786,7996,667,543,1.087,0.012,515.029,1066.001,0,0,28.106,1.633
2018/8/7 13:00,6860,7998,574,564,1.087,0.012,423.152,955.963,0,0,27.753,1.57
2018/8/7 14:00,6927,7948,451,570,1.088,0.013,321.555,799.784,0,0,27.427,1.458
2018/8/7 15:00,7036,7906,332,538,1.089,0.013,219.643,608.028,0,0,26.679,1.298
2018/8/7 16:00,7061,7836,217,558,1.091,0.014,126.654,393.742,0,0,25.413,1.04
2018/8/7 17:00,6815,7431,99,517,1.094,0.014,47.707,171.587,0,0,23.597,0.733
2018/8/7 18:00,6765,7122,26,331,1.097,0.014,2.097,10.349,0,0,21.851,0.791
2018/8/7 19:00,6544,6752,1,207,1.1,0.013,0,0,0,0,20.916,0.867
2018/8/7 20:00,6162,6466,0,304,1.103,0.013,0,0,0,0,20.168,0.903
2018/8/7 21:00,5627,5959,0,332,1.106,0.013,0,0,0,0,19.565,0.88
2018/8/7 22:00,5197,5640,0,443,1.108,0.013,0,0,0,0,19.023,0.828
2018/8/7 23:00,4772,5328,0,556,1.11,0.012,0,0,0,0,18.484,0.792
2018/8/8 0:00,4755,5278,0,523,1.112,0.012,0,0,0,0,17.957,0.786
2018/8/8 1:00,4605,5227,0,622,1.114,0.012,0,0,0,0,17.52,0.794
2018/8/8 2:00,4436,5296,0,860,1.115,0.012,0,0,0,0,17.15,0.809
2018/8/8 3:00,4801,5779,6,972,1.117,0.012,2.024,7.773,0,0,16.847,0.853
2018/8/8 4:00,5573,6666,44,1049,1.117,0.012,65.638,159.997,0,0,17.671,1.116
2018/8/8 5:00,6487,7522,134,901,1.115,0.012,201.275,381.911,0,0,19.473,1.252
2018/8/8 6:00,6796,7879,285,798,1.108,0.012,356.353,596.665,0,0,22.018,1.481
2018/8/8 7:00,6589,7951,494,868,1.099,0.012,500.031,789.592,0,0,24.787,1.778
2018/8/8 8:00,6491,8100,632,977,1.093,0.012,587.041,947.441,0,0,26.665,1.914
2018/8/8 9:00,6340,8244,721,1183,1.09,0.012,623.789,1059.463,0,0,27.836,1.899
2018/8/8 10:00,6076,8042,814,1152,1.087,0.012,629.171,1118.101,0,0,28.509,1.82
2018/8/8 11:00,6175,7989,809,1005,1.085,0.012,597.958,1119.213,0,0,28.832,1.717
2018/8/8 12:00,6403,7912,749,760,1.084,0.012,538.065,1062.827,0,0,28.896,1.606
2018/8/8 13:00,6594,7859,649,616,1.084,0.013,444.499,952.565,0,0,28.678,1.485
2018/8/8 14:00,6780,7842,492,570,1.085,0.013,325.909,796.122,0,0,28.277,1.349
2018/8/8 15:00,6868,7852,340,644,1.085,0.013,207.268,604.054,0,0,27.582,1.189
2018/8/8 16:00,6970,7846,207,669,1.087,0.014,107.363,389.419,0,0,26.298,0.871
2018/8/8 17:00,6944,7482,85,453,1.089,0.015,36.377,166.859,0,0,24.443,0.61
2018/8/8 18:00,6801,7267,21,445,1.091,0.014,1.216,8.983,0,0,23.197,0.694
2018/8/8 19:00,6272,6921,1,648,1.093,0.013,0,0,0,0,22.755,0.714
2018/8/8 20:00,5957,6580,0,623,1.095,0.013,0,0,0,0,22.401,0.703
2018/8/8 21:00,5475,6062,0,587,1.097,0.013,0,0,0,0,21.843,0.711
2018/8/8 22:00,5385,5745,0,360,1.1,0.013,0,0,0,0,21.145,0.736
2018/8/8 23:00,5141,5420,0,279,1.102,0.013,0,0,0,0,20.53,0.735
2018/8/9 0:00,5074,5269,0,195,1.104,0.012,0,0,0,0,20.007,0.711
2018/8/9 1:00,4927,5136,0,209,1.106,0.012,0,0,0,0,19.481,0.676
2018/8/9 2:00,5093,5234,0,141,1.108,0.012,0,0,0,0,18.965,0.655
2018/8/9 3:00,5636,5729,4,89,1.11,0.012,1.66,6.616,0,0,18.507,0.611
2018/8/9 4:00,6495,6632,43,94,1.112,0.012,62.291,155.256,0,0,18.915,0.47
2018/8/9 5:00,7208,7446,135,103,1.112,0.013,196.547,377.527,0,0,20.608,0.512
2018/8/9 6:00,7471,7846,289,86,1.107,0.012,359.965,592.636,0,0,22.693,0.995
2018/8/9 7:00,7408,8023,507,108,1.099,0.012,520.252,785.903,0,0,25.071,1.524
2018/8/9 8:00,7273,8190,649,268,1.093,0.012,646.262,944.091,0,0,26.936,1.81
2018/8/9 9:00,6989,8296,735,572,1.089,0.012,729.449,1056.397,0,0,28.311,2.009
2018/8/9 10:00,6412,8114,821,881,1.085,0.012,768.137,1115.022,0,0,29.282,2.171
2018/8/9 11:00,6176,8076,844,1056,1.083,0.012,762.255,1116.159,0,0,29.911,2.289
2018/8/9 12:00,5986,8016,817,1213,1.081,0.012,707.595,1059.668,0,0,30.216,2.375
2018/8/9 13:00,5897,7958,727,1334,1.08,0.012,606.453,949.244,0,0,30.333,2.404
2018/8/9 14:00,5924,7927,568,1435,1.08,0.012,471.152,792.468,0,0,29.9,2.381
2018/8/9 15:00,6037,7938,412,1489,1.081,0.012,320.67,600.011,0,0,29.015,2.293
2018/8/9 16:00,6114,7896,258,1524,1.083,0.012,178.467,385.005,0,0,27.625,1.987
2018/8/9 17:00,5949,7548,108,1491,1.086,0.013,59.27,162.069,0,0,25.312,1.352
2018/8/9 18:00,5864,7380,26,1490,1.09,0.013,1.56,7.717,0,0,23.078,1.173
2018/8/9 19:00,5637,7117,1,1479,1.094,0.013,0,0,0,0,22.26,1.263
2018/8/9 20:00,5256,6806,0,1550,1.098,0.013,0,0,0,0,21.545,1.295
2018/8/9 21:00,4945,6256,0,1311,1.101,0.012,0,0,0,0,20.912,1.29
2018/8/9 22:00,4824,6044,0,1220,1.105,0.012,0,0,0,0,20.393,1.283
2018/8/9 23:00,4612,5667,0,1055,1.108,0.012,0,0,0,0,19.838,1.242
2018/8/10 0:00,4679,5496,0,817,1.11,0.012,0,0,0,0,19.214,1.137
2018/8/10 1:00,4693,5364,0,671,1.113,0.012,0,0,0,0,18.591,1.038
2018/8/10 2:00,4686,5398,0,712,1.116,0.012,0,0,0,0,18.021,1.012
2018/8/10 3:00,5090,5886,3,793,1.119,0.012,1.339,5.55,0,0,17.551,1.007
2018/8/10 4:00,5722,6672,36,914,1.122,0.012,53.572,150.446,0,0,18.112,1.311
2018/8/10 5:00,6460,7552,117,975,1.122,0.012,159.95,373.046,0,0,19.341,1.773
2018/8/10 6:00,6705,7997,241,1051,1.12,0.012,281.331,588.567,0,0,20.544,2.106
2018/8/10 7:00,6885,8234,404,945,1.118,0.012,398.266,782.151,0,0,21.579,2.096
2018/8/10 8:00,7145,8368,498,725,1.116,0.011,490.577,940.586,0,0,22.457,1.977
2018/8/10 9:00,7468,8504,546,490,1.115,0.011,532.563,1052.949,0,0,23.011,1.862
2018/8/10 10:00,7320,8234,592,322,1.114,0.011,552.871,1111.899,0,0,23.335,1.826
2018/8/10 11:00,7221,8037,594,222,1.114,0.011,509.214,1112.962,0,0,23.302,1.841
2018/8/10 12:00,7177,7902,559,166,1.115,0.011,429.687,1056.274,0,0,22.983,1.857
2018/8/10 13:00,7140,7819,497,182,1.116,0.011,330.233,945.706,0,0,22.462,1.849
2018/8/10 14:00,7107,7749,396,246,1.118,0.011,237.371,788.714,0,0,21.752,1.789
2018/8/10 15:00,6717,7748,286,745,1.12,0.011,153.357,595.95,0,0,20.785,1.738
2018/8/10 16:00,5729,7713,184,1800,1.123,0.011,78.8,380.532,0,0,19.559,1.67
2018/8/10 17:00,5164,7209,82,1963,1.128,0.011,25.556,157.193,0,0,18.171,1.607
2018/8/10 18:00,4912,6942,21,2009,1.132,0.011,0.996,6.556,0,0,16.91,1.648
2018/8/10 19:00,4637,6526,1,1888,1.136,0.011,0,0,0,0,16.05,1.738
2018/8/10 20:00,4902,6192,0,1290,1.139,0.01,0,0,0,0,15.364,1.751
2018/8/10 21:00,4661,5677,0,1016,1.14,0.01,0,0,0,0,14.927,1.681
2018/8/10 22:00,4259,5424,0,1165,1.141,0.01,0,0,0,0,14.698,1.687
2018/8/10 23:00,4169,5180,0,1011,1.142,0.01,0,0,0,0,14.478,1.657
2018/8/11 0:00,4335,5090,0,755,1.142,0.01,0,0,0,0,14.287,1.565
2018/8/11 1:00,4095,4883,0,788,1.142,0.01,0,0,0,0,14.12,1.4
2018/8/11 2:00,4142,4891,0,749,1.142,0.01,0,0,0,0,13.963,1.252
2018/8/11 3:00,4193,5088,6,889,1.142,0.01,0.753,4.58,0,0,13.645,1.164
2018/8/11 4:00,4549,5471,29,893,1.144,0.01,50.003,145.589,0,0,13.9,1.336
2018/8/11 5:00,5282,5983,93,608,1.142,0.01,166.661,368.511,0,0,15.148,1.515
2018/8/11 6:00,5713,6374,195,466,1.137,0.01,298.881,584.438,0,0,17.001,1.623
2018/8/11 7:00,6087,6683,323,273,1.133,0.01,422.379,778.343,0,0,18.627,1.635
2018/8/11 8:00,6091,6778,421,266,1.128,0.01,521.762,937.04,0,0,19.929,1.62
2018/8/11 9:00,6008,6851,515,328,1.124,0.01,586.967,1049.722,0,0,20.998,1.602
2018/8/11 10:00,5785,6722,641,296,1.121,0.01,636.43,1108.565,0,0,21.888,1.606
2018/8/11 11:00,5496,6473,705,272,1.118,0.01,628.349,1109.729,0,0,22.496,1.638
2018/8/11 12:00,5448,6365,696,221,1.116,0.01,603.447,1052.965,0,0,22.899,1.673
2018/8/11 13:00,5424,6284,641,219,1.115,0.009,533.071,942.147,0,0,23.02,1.663
2018/8/11 14:00,5682,6425,516,227,1.114,0.009,404.887,784.857,0,0,22.779,1.608
2018/8/11 15:00,5876,6475,382,217,1.114,0.009,288.663,591.752,0,0,22.309,1.518
2018/8/11 16:00,5853,6302,251,198,1.114,0.01,166.014,375.979,0,0,21.455,1.245
2018/8/11 17:00,5602,5945,116,227,1.116,0.011,55.823,152.231,0,0,19.632,0.74
2018/8/11 18:00,5606,5972,28,338,1.119,0.01,1.349,5.504,0,0,17.665,0.734
2018/8/11 19:00,5185,5804,0,619,1.123,0.01,0,0,0,0,16.965,0.833
2018/8/11 20:00,4774,5658,0,884,1.126,0.009,0,0,0,0,16.402,0.908
2018/8/11 21:00,4133,5248,0,1115,1.128,0.009,0,0,0,0,15.824,0.951
2018/8/11 22:00,3913,5009,0,1096,1.13,0.009,0,0,0,0,15.319,0.959
2018/8/11 23:00,3720,4696,0,976,1.132,0.009,0,0,0,0,14.885,0.949
2018/8/12 0:00,3901,4657,0,756,1.133,0.009,0,0,0,0,14.497,0.94
2018/8/12 1:00,3923,4475,0,552,1.133,0.008,0,0,0,0,14.134,0.918
2018/8/12 2:00,4042,4475,0,433,1.134,0.008,0,0,0,0,13.715,0.916
2018/8/12 3:00,4173,4570,8,389,1.135,0.008,1.004,3.708,0,0,13.155,0.912
2018/8/12 4:00,4429,4754,51,274,1.137,0.008,69.249,140.66,0,0,13.76,0.803
2018/8/12 5:00,4970,5233,146,117,1.137,0.009,225.629,363.884,0,0,16.285,1.049
2018/8/12 6:00,5138,5508,303,67,1.129,0.008,397.75,580.187,0,0,18.841,0.943
2018/8/12 7:00,5176,5732,520,36,1.122,0.008,558.473,774.399,0,0,21.164,0.897
2018/8/12 8:00,5191,5892,667,34,1.116,0.008,699.669,933.374,0,0,22.821,0.732
2018/8/12 9:00,5168,5975,766,41,1.111,0.009,802.569,1046.28,0,0,24.2,0.904
2018/8/12 10:00,4850,5783,876,57,1.107,0.009,852.19,1105.25,0,0,25.259,1.175
2018/8/12 11:00,4603,5654,911,140,1.103,0.009,848.589,1106.317,0,0,26.014,1.394
2018/8/12 12:00,4407,5578,886,285,1.1,0.009,793.33,1049.491,0,0,26.436,1.545
2018/8/12 13:00,4408,5585,796,381,1.098,0.01,687.162,938.506,0,0,26.498,1.628
2018/8/12 14:00,4651,5707,617,439,1.097,0.01,549.157,780.933,0,0,26.194,1.659
2018/8/12 15:00,4839,5844,443,562,1.096,0.01,390.204,587.514,0,0,25.76,1.615
2018/8/12 16:00,5116,6038,280,642,1.097,0.01,220.471,371.361,0,0,24.84,1.379
2018/8/12 17:00,5184,5977,120,673,1.099,0.011,68.268,147.209,0,0,22.301,0.791
2018/8/12 18:00,5144,6073,29,900,1.102,0.01,1.071,4.566,0,0,19.898,0.878
2018/8/12 19:00,4721,5979,1,1257,1.105,0.01,0,0,0,0,19.124,0.951
2018/8/12 20:00,4430,5822,0,1392,1.108,0.01,0,0,0,0,18.389,0.987
2018/8/12 21:00,4029,5410,0,1381,1.111,0.01,0,0,0,0,17.735,1.001
2018/8/12 22:00,3985,5188,0,1203,1.112,0.01,0,0,0,0,17.136,1.018
2018/8/12 23:00,3882,4905,0,1023,1.114,0.01,0,0,0,0,16.581,1.007
2018/8/13 0:00,3831,4830,0,999,1.114,0.01,0,0,0,0,16.098,0.97
2018/8/13 1:00,3741,4718,0,977,1.115,0.01,0,0,0,0,15.631,0.921
2018/8/13 2:00,4179,4844,0,665,1.116,0.01,0,0,0,0,15.224,0.863
2018/8/13 3:00,5061,5478,5,412,1.117,0.01,0.766,2.937,0,0,14.802,0.824
2018/8/13 4:00,6006,6398,42,350,1.119,0.01,66.083,135.678,0,0,15.683,0.894
2018/8/13 5:00,6862,7298,130,306,1.118,0.011,216.842,359.214,0,0,18.219,1.064
2018/8/13 6:00,7230,7672,273,169,1.111,0.011,375.382,575.886,0,0,20.84,1.014
2018/8/13 7:00,7263,7876,470,143,1.102,0.011,527.699,770.43,0,0,23.609,0.946
2018/8/13 8:00,7248,8036,603,185,1.095,0.011,667.169,929.673,0,0,25.788,1.021
2018/8/13 9:00,7243,8204,695,266,1.09,0.01,773.413,1042.752,0,0,27.309,1.211
2018/8/13 10:00,6902,8051,798,351,1.087,0.01,810.927,1101.774,0,0,28.101,1.452
2018/8/13 11:00,6750,8022,821,451,1.084,0.01,790.558,1102.916,0,0,28.5,1.702
2018/8/13 12:00,6570,7939,788,581,1.083,0.01,717.075,1045.966,0,0,28.623,1.872
2018/8/13 13:00,6573,7932,694,665,1.082,0.01,612.198,934.798,0,0,28.585,1.936
2018/8/13 14:00,6589,7868,524,755,1.082,0.011,469.52,776.962,0,0,28.097,1.887
2018/8/13 15:00,6671,7862,364,827,1.083,0.011,312.011,583.163,0,0,27.173,1.746
2018/8/13 16:00,6627,7825,221,977,1.084,0.011,168.826,366.641,0,0,25.715,1.459
2018/8/13 17:00,6485,7531,87,959,1.088,0.012,46.16,142.105,0,0,22.973,0.991
2018/8/13 18:00,6245,7344,19,1080,1.093,0.012,0.351,3.747,0,0,20.734,1.182
2018/8/13 19:00,5588,7006,0,1418,1.098,0.012,0,0,0,0,19.867,1.418
2018/8/13 20:00,5258,6621,0,1363,1.103,0.011,0,0,0,0,18.998,1.426
2018/8/13 21:00,4978,6067,0,1089,1.107,0.011,0,0,0,0,18.369,1.257
2018/8/13 22:00,4727,5732,0,1005,1.11,0.012,0,0,0,0,17.892,1.234
2018/8/13 23:00,4101,5477,0,1376,1.113,0.012,0,0,0,0,17.53,1.763
2018/8/14 0:00,3954,5316,0,1362,1.116,0.012,0,0,0,0,17.038,1.941
2018/8/14 1:00,3846,5143,0,1297,1.118,0.011,0,0,0,0,16.548,1.741
2018/8/14 2:00,3818,5274,0,1456,1.119,0.011,0,0,0,0,16.151,1.554
2018/8/14 3:00,4273,5787,2,1512,1.121,0.011,0.493,2.267,0,0,15.747,1.394
2018/8/14 4:00,5224,6704,24,1456,1.123,0.011,42.381,130.651,0,0,15.962,1.505
2018/8/14 5:00,6284,7576,84,1208,1.122,0.011,137.832,354.441,0,0,17.002,1.81
2018/8/14 6:00,7090,8094,166,838,1.12,0.011,249.395,571.465,0,0,18.252,2.004
2018/8/14 7:00,7174,8249,257,818,1.117,0.011,346.744,766.395,0,0,19.336,2
2018/8/14 8:00,7321,8378,303,754,1.115,0.011,406.673,925.918,0,0,20.066,1.923
2018/8/14 9:00,7371,8478,321,786,1.114,0.011,420.46,1039.088,0,0,20.431,1.887
2018/8/14 10:00,7277,8198,343,578,1.113,0.011,407.883,1098.289,0,0,20.606,1.875
2018/8/14 11:00,7280,8104,375,449,1.113,0.011,396.094,1099.414,0,0,20.686,1.913
2018/8/14 12:00,7147,7962,395,420,1.113,0.011,376.431,1042.464,0,0,20.682,1.988
2018/8/14 13:00,7096,7869,380,393,1.113,0.011,336.771,931.054,0,0,20.55,2.022
2018/8/14 14:00,6995,7708,320,393,1.114,0.011,255.215,772.914,0,0,20.179,1.962
2018/8/14 15:00,6921,7627,242,464,1.114,0.011,170.647,578.765,0,0,19.707,1.761
2018/8/14 16:00,7012,7546,158,376,1.115,0.011,93.426,361.86,0,0,19.059,1.385
2018/8/14 17:00,6810,7234,66,358,1.117,0.011,29.991,136.925,0,0,17.972,0.991
2018/8/14 18:00,6435,7076,15,626,1.119,0.011,0.608,3.049,0,0,16.849,1.015
2018/8/14 19:00,5473,6729,0,1256,1.122,0.011,0,0,0,0,16.384,1.151
2018/8/14 20:00,4769,6428,0,1659,1.124,0.01,0,0,0,0,15.99,1.252
2018/8/14 21:00,4096,5872,0,1776,1.125,0.01,0,0,0,0,15.715,1.389
2018/8/14 22:00,3664,5524,0,1860,1.127,0.01,0,0,0,0,15.393,1.409
2018/8/14 23:00,3567,5242,0,1675,1.128,0.01,0,0,0,0,15.077,1.454
2018/8/15 0:00,3539,5110,0,1571,1.13,0.009,0,0,0,0,14.826,1.48
2018/8/15 1:00,3410,4949,0,1539,1.131,0.009,0,0,0,0,14.586,1.466
2018/8/15 2:00,3406,4950,0,1544,1.132,0.009,0,0,0,0,14.309,1.435
2018/8/15 3:00,3461,4936,5,1470,1.134,0.009,0.367,1.694,0,0,13.952,1.376
2018/8/15 4:00,3428,5037,36,1573,1.136,0.009,46.73,125.585,0,0,14.309,1.516
2018/8/15 5:00,4030,5492,110,1352,1.134,0.01,175.117,349.577,0,0,15.88,1.815
2018/8/15 6:00,4419,5772,237,1116,1.129,0.01,339.026,566.964,0,0,17.962,2.095
2018/8/15 7:00,4392,5954,411,1151,1.125,0.009,511.135,762.292,0,0,19.682,2.186
2018/8/15 8:00,4542,6123,513,1068,1.121,0.009,645.548,922.079,0,0,21.044,2.228
2018/8/15 9:00,4639,6346,571,1136,1.118,0.009,747.151,1035.466,0,0,22.186,2.254
2018/8/15 10:00,4509,6211,633,1069,1.115,0.009,803.019,1094.784,0,0,23.056,2.26
2018/8/15 11:00,4503,6076,650,923,1.112,0.009,795.19,1095.912,0,0,23.632,2.221
2018/8/15 12:00,4413,5931,633,885,1.111,0.009,740.223,1038.831,0,0,23.921,2.15
2018/8/15 13:00,4472,5851,556,823,1.109,0.009,652.312,927.156,0,0,23.95,2.06
2018/8/15 14:00,4578,5850,430,842,1.109,0.009,514.247,768.758,0,0,23.649,1.949
2018/8/15 15:00,4826,6031,308,897,1.109,0.009,359.13,574.278,0,0,23.128,1.814
2018/8/15 16:00,5290,6192,188,714,1.11,0.009,186.363,356.991,0,0,22.161,1.461
2018/8/15 17:00,5459,6057,73,525,1.112,0.01,52.224,131.7,0,0,19.995,0.776
2018/8/15 18:00,5666,6136,16,454,1.114,0.009,0.605,2.465,0,0,18.057,0.838
2018/8/15 19:00,5438,5977,1,538,1.117,0.009,0,0,0,0,17.437,0.853
2018/8/15 20:00,5302,5838,0,536,1.119,0.009,0,0,0,0,16.809,0.868
2018/8/15 21:00,5015,5453,0,438,1.122,0.009,0,0,0,0,16.155,0.861
2018/8/15 22:00,4863,5192,0,329,1.124,0.009,0,0,0,0,15.552,0.838
2018/8/15 23:00,4624,4908,0,284,1.126,0.009,0,0,0,0,14.99,0.821
2018/8/16 0:00,4597,4818,0,221,1.128,0.009,0,0,0,0,14.516,0.832
2018/8/16 1:00,4486,4698,0,212,1.13,0.009,0,0,0,0,14.129,0.832
2018/8/16 2:00,4657,4890,0,233,1.131,0.009,0,0,0,0,13.728,0.831
2018/8/16 3:00,5149,5420,4,267,1.133,0.008,0.25,1.217,0,0,13.335,0.831
2018/8/16 4:00,6140,6372,40,192,1.134,0.009,52.505,120.467,0,0,13.853,0.819
2018/8/16 5:00,6913,7208,121,174,1.134,0.009,197.837,344.678,0,0,16.382,1.025
2018/8/16 6:00,7157,7559,265,137,1.126,0.009,377.011,562.464,0,0,19.077,1.125
2018/8/16 7:00,7031,7674,477,166,1.119,0.009,542.986,758.059,0,0,21.349,1.329
2018/8/16 8:00,6926,7781,621,234,1.115,0.009,683.117,918.134,0,0,22.796,1.405
2018/8/16 9:00,6902,7900,718,280,1.112,0.009,778.586,1031.81,0,0,23.858,1.431
2018/8/16 10:00,6634,7753,823,296,1.109,0.009,827.832,1091.157,0,0,24.646,1.416
2018/8/16 11:00,6682,7716,846,188,1.106,0.009,827.673,1092.331,0,0,25.221,1.373
2018/8/16 12:00,6671,7619,815,133,1.104,0.009,773.923,1035.001,0,0,25.501,1.316
2018/8/16 13:00,6760,7575,724,91,1.102,0.009,677.814,923.243,0,0,25.473,1.258
2018/8/16 14:00,6902,7527,565,60,1.102,0.009,540.743,764.559,0,0,25.121,1.194
2018/8/16 15:00,7121,7577,411,45,1.102,0.009,371.428,569.778,0,0,24.471,1.093
2018/8/16 16:00,7258,7548,255,35,1.103,0.009,203.786,352.063,0,0,23.495,0.878
2018/8/16 17:00,7139,7276,104,33,1.105,0.01,56.142,126.432,0,0,21.116,0.586
2018/8/16 18:00,7090,7149,22,37,1.107,0.009,0.516,1.977,0,0,19.434,0.727
2018/8/16 19:00,6735,6794,0,59,1.11,0.009,0,0,0,0,18.822,0.656
2018/8/16 20:00,6303,6435,0,132,1.112,0.009,0,0,0,0,18.164,0.617
2018/8/16 21:00,5746,5888,0,142,1.115,0.009,0,0,0,0,17.409,0.672
2018/8/16 22:00,5496,5604,0,108,1.117,0.008,0,0,0,0,16.691,0.74
2018/8/16 23:00,5219,5302,0,83,1.118,0.008,0,0,0,0,16.114,0.788
2018/8/17 0:00,5244,5307,0,63,1.119,0.008,0,0,0,0,15.656,0.812
2018/8/17 1:00,5053,5104,0,51,1.121,0.008,0,0,0,0,15.214,0.796
2018/8/17 2:00,5138,5195,0,57,1.122,0.008,0,0,0,0,14.918,0.772
2018/8/17 3:00,5631,5736,12,93,1.124,0.008,0.17,0.83,0,0,14.57,0.751
2018/8/17 4:00,6299,6495,50,146,1.126,0.008,52.31,115.355,0,0,14.692,0.665
2018/8/17 5:00,6952,7260,150,158,1.126,0.009,204.085,339.721,0,0,17.036,0.616
2018/8/17 6:00,7317,7696,289,90,1.12,0.009,379.384,557.893,0,0,19.825,0.75
2018/8/17 7:00,7265,7822,492,65,1.111,0.009,546.009,753.812,0,0,22.489,1.225
2018/8/17 8:00,7158,7915,639,118,1.107,0.009,684.8,914.153,0,0,23.986,1.357
2018/8/17 9:00,6986,7940,735,219,1.104,0.009,783.439,1027.927,0,0,25.118,1.375
2018/8/17 10:00,6618,7680,839,223,1.101,0.009,832.162,1087.55,0,0,25.983,1.298
2018/8/17 11:00,6484,7557,894,179,1.098,0.009,827.536,1088.544,0,0,26.594,1.189
2018/8/17 12:00,6454,7460,865,141,1.096,0.009,771.267,1031.249,0,0,26.921,1.073
2018/8/17 13:00,6549,7409,763,97,1.095,0.009,669.089,919.224,0,0,26.918,0.96
2018/8/17 14:00,6774,7427,586,67,1.094,0.009,529.432,760.253,0,0,26.594,0.862
2018/8/17 15:00,7023,7510,433,54,1.095,0.009,362.233,565.136,0,0,26.072,0.784
2018/8/17 16:00,7198,7505,265,42,1.096,0.01,190.695,347.072,0,0,25.24,0.651
2018/8/17 17:00,6994,7146,106,46,1.098,0.011,48.604,121.165,0,0,22.61,0.577
2018/8/17 18:00,6896,6991,23,72,1.101,0.01,0.277,1.569,0,0,20.815,0.825
2018/8/17 19:00,6435,6565,0,130,1.104,0.01,0,0,0,0,19.937,0.88
2018/8/17 20:00,6034,6268,0,234,1.107,0.009,0,0,0,0,19.107,0.903
2018/8/17 21:00,5632,5806,0,174,1.109,0.009,0,0,0,0,18.417,0.906
2018/8/17 22:00,5394,5494,0,100,1.111,0.009,0,0,0,0,17.915,0.923
2018/8/17 23:00,5102,5168,0,66,1.112,0.009,0,0,0,0,17.503,0.954
2018/8/18 0:00,4982,5029,0,47,1.114,0.009,0,0,0,0,17.123,0.968
2018/8/18 1:00,4811,4852,0,41,1.115,0.009,0,0,0,0,16.797,0.969
2018/8/18 2:00,4811,4853,0,42,1.117,0.009,0,0,0,0,16.457,0.956
2018/8/18 3:00,5014,5083,9,60,1.12,0.009,0.104,0.529,0,0,15.961,0.918
2018/8/18 4:00,5298,5400,41,61,1.123,0.009,45.779,110.204,0,0,15.871,0.75
2018/8/18 5:00,5777,5965,128,60,1.125,0.01,180.616,334.652,0,0,18.089,0.914
2018/8/18 6:00,6083,6390,252,55,1.121,0.01,338.047,553.173,0,0,20.438,0.75
2018/8/18 7:00,6202,6684,431,51,1.113,0.01,480.724,749.425,0,0,23.049,0.644
2018/8/18 8:00,6224,6828,560,44,1.109,0.01,597.615,910.076,0,0,24.482,0.791
2018/8/18 9:00,6207,6886,640,39,1.106,0.01,687.715,1024.062,0,0,25.438,0.813
2018/8/18 10:00,5939,6705,730,36,1.103,0.01,747.622,1083.706,0,0,26.224,0.773
2018/8/18 11:00,5732,6545,775,38,1.101,0.01,743.114,1084.803,0,0,26.743,0.699
2018/8/18 12:00,5678,6454,739,37,1.099,0.01,690.713,1027.321,0,0,27.001,0.628
2018/8/18 13:00,5788,6456,633,35,1.098,0.01,589.354,915.163,0,0,26.921,0.589
2018/8/18 14:00,5918,6445,494,33,1.098,0.01,462.201,755.933,0,0,26.601,0.589
2018/8/18 15:00,6166,6569,370,33,1.098,0.01,311.875,560.428,0,0,26.148,0.589
2018/8/18 16:00,6253,6515,230,32,1.098,0.01,160.606,342.016,0,0,25.381,0.493
2018/8/18 17:00,6149,6276,93,34,1.1,0.011,39.15,115.896,0,0,23.479,0.437
2018/8/18 18:00,6223,6288,20,45,1.102,0.01,0.234,1.228,0,0,22.416,0.534
2018/8/18 19:00,5935,6006,0,71,1.104,0.01,0,0,0,0,21.832,0.6
2018/8/18 20:00,5738,5821,0,83,1.106,0.01,0,0,0,0,21.263,0.624
2018/8/18 21:00,5244,5334,0,90,1.109,0.01,0,0,0,0,20.512,0.681
2018/8/18 22:00,4972,5045,0,73,1.111,0.01,0,0,0,0,19.614,0.757
2018/8/18 23:00,4725,4782,0,57,1.113,0.01,0,0,0,0,18.783,0.793
2018/8/19 0:00,4557,4691,0,134,1.115,0.01,0,0,0,0,18.039,0.796
2018/8/19 1:00,4347,4514,0,167,1.118,0.009,0,0,0,0,17.4,0.796
2018/8/19 2:00,4338,4497,0,159,1.12,0.009,0,0,0,0,16.857,0.811
2018/8/19 3:00,4450,4605,10,145,1.122,0.009,0.056,0.308,0,0,16.316,0.828
2018/8/19 4:00,4613,4771,43,115,1.124,0.01,44.333,105.079,0,0,16.456,0.826
2018/8/19 5:00,4997,5230,134,99,1.125,0.01,188.28,329.545,0,0,18.7,0.994
2018/8/19 6:00,5239,5553,258,56,1.119,0.01,358.291,548.446,0,0,21.635,0.879
2018/8/19 7:00,5319,5809,443,47,1.11,0.009,518.324,745.021,0,0,24.658,0.803
2018/8/19 8:00,5374,6004,579,51,1.105,0.009,660.043,905.917,0,0,26.256,0.862
2018/8/19 9:00,5368,6087,668,51,1.101,0.009,760.053,1020.066,0,0,27.244,0.962
2018/8/19 10:00,5147,5956,759,50,1.099,0.009,807.946,1079.773,0,0,28,1.03
2018/8/19 11:00,4963,5805,795,47,1.096,0.009,803.594,1080.96,0,0,28.452,1.032
2018/8/19 12:00,4931,5722,748,43,1.094,0.009,750.092,1023.346,0,0,28.655,0.968
2018/8/19 13:00,5044,5722,640,38,1.093,0.009,651.618,911.028,0,0,28.582,0.88
2018/8/19 14:00,5242,5766,486,38,1.093,0.009,505.319,751.492,0,0,28.295,0.795
2018/8/19 15:00,5610,6010,360,40,1.093,0.009,346.744,555.679,0,0,27.896,0.732
2018/8/19 16:00,6006,6264,217,41,1.093,0.01,180.013,336.86,0,0,26.861,0.601
2018/8/19 17:00,6061,6192,85,46,1.095,0.011,43.473,110.638,0,0,24.329,0.584
2018/8/19 18:00,6268,6341,18,55,1.098,0.01,0.188,0.948,0,0,22.719,0.797
2018/8/19 19:00,6108,6174,0,66,1.1,0.01,0,0,0,0,21.77,0.815
2018/8/19 20:00,5950,6052,0,102,1.103,0.009,0,0,0,0,20.805,0.82
2018/8/19 21:00,5518,5626,0,108,1.105,0.009,0,0,0,0,19.934,0.868
2018/8/19 22:00,5340,5421,0,81,1.106,0.009,0,0,0,0,19.248,0.915
2018/8/19 23:00,5074,5143,0,69,1.108,0.009,0,0,0,0,18.614,0.945
2018/8/20 0:00,4989,5055,0,66,1.109,0.009,0,0,0,0,18.069,0.969
2018/8/20 1:00,4931,4992,0,61,1.111,0.009,0,0,0,0,17.619,0.972
2018/8/20 2:00,5058,5128,0,70,1.112,0.009,0,0,0,0,17.259,0.973
2018/8/20 3:00,5636,5753,8,109,1.114,0.009,0.031,0.155,0,0,16.794,0.959
2018/8/20 4:00,6614,6780,38,128,1.117,0.009,42.746,99.944,0,0,16.969,0.893
2018/8/20 5:00,7429,7674,125,120,1.118,0.01,185.041,324.339,0,0,19.441,1.178
2018/8/20 6:00,7725,8087,252,110,1.114,0.01,355.174,543.61,0,0,22.032,1.134
2018/8/20 7:00,7708,8206,430,68,1.105,0.009,514.306,740.535,0,0,25.067,0.846
2018/8/20 8:00,7701,8322,559,62,1.1,0.009,646.046,901.67,0,0,26.703,0.775
2018/8/20 9:00,7807,8517,644,66,1.097,0.009,747.201,1016.052,0,0,27.769,0.791
2018/8/20 10:00,7562,8373,738,73,1.094,0.009,801.341,1075.81,0,0,28.555,0.828
2018/8/20 11:00,7522,8357,775,60,1.092,0.009,792.629,1077,0,0,29.024,0.882
2018/8/20 12:00,7515,8296,733,48,1.09,0.009,720.262,1019.265,0,0,29.1,0.944
2018/8/20 13:00,7531,8247,630,86,1.089,0.009,613.023,906.785,0,0,28.914,0.995
2018/8/20 14:00,7505,8197,481,211,1.089,0.009,467.756,746.996,0,0,28.457,1.024
2018/8/20 15:00,7696,8165,349,120,1.089,0.01,322.569,550.824,0,0,27.897,0.993
2018/8/20 16:00,7838,8148,210,100,1.091,0.01,164.153,331.658,0,0,26.589,0.779
2018/8/20 17:00,7610,7835,84,141,1.093,0.012,38.425,105.416,0,0,23.859,0.596
2018/8/20 18:00,7380,7680,19,281,1.096,0.011,0.166,0.722,0,0,22.093,0.805
2018/8/20 19:00,6866,7244,0,378,1.099,0.011,0,0,0,0,21.217,0.862
2018/8/20 20:00,6351,6832,0,481,1.102,0.01,0,0,0,0,20.451,0.908
2018/8/20 21:00,5723,6253,0,530,1.105,0.01,0,0,0,0,19.792,0.996
2018/8/20 22:00,5422,5954,0,532,1.108,0.01,0,0,0,0,19.276,1.148
2018/8/20 23:00,5119,5640,0,521,1.111,0.01,0,0,0,0,18.782,1.302
2018/8/21 0:00,4833,5539,0,706,1.114,0.01,0,0,0,0,18.266,1.367
2018/8/21 1:00,4477,5459,0,982,1.117,0.01,0,0,0,0,17.679,1.355
2018/8/21 2:00,4354,5564,0,1210,1.119,0.01,0,0,0,0,17.163,1.33
2018/8/21 3:00,4903,6107,8,1196,1.122,0.01,0.011,0.063,0,0,16.666,1.304
2018/8/21 4:00,5821,6965,40,1104,1.124,0.01,38.564,94.853,0,0,16.81,1.421
2018/8/21 5:00,6727,7775,132,916,1.123,0.01,178.886,319.07,0,0,18.807,1.604
2018/8/21 6:00,7278,8124,267,579,1.117,0.011,349.573,538.689,0,0,21.568,1.739
2018/8/21 7:00,7374,8287,460,453,1.111,0.01,514.867,735.987,0,0,23.866,1.762
2018/8/21 8:00,7339,8395,593,463,1.106,0.01,653.888,897.382,0,0,25.376,1.674
2018/8/21 9:00,7278,8502,677,547,1.103,0.01,753.097,1011.965,0,0,26.525,1.574
2018/8/21 10:00,7103,8311,762,446,1.099,0.01,804.472,1071.86,0,0,27.426,1.5
2018/8/21 11:00,7135,8282,799,348,1.097,0.01,799.044,1072.99,0,0,28.006,1.45
2018/8/21 12:00,7138,8229,742,349,1.094,0.01,739.618,1015.216,0,0,28.279,1.388
2018/8/21 13:00,7301,8258,621,336,1.093,0.01,631.27,902.457,0,0,28.217,1.318
2018/8/21 14:00,7346,8150,496,308,1.093,0.01,496.878,742.416,0,0,27.875,1.24
2018/8/21 15:00,7508,8136,371,257,1.093,0.01,331.568,545.922,0,0,27.346,1.138
2018/8/21 16:00,7668,8083,218,197,1.094,0.011,171.743,326.414,0,0,26.302,0.909
2018/8/21 17:00,7462,7742,81,199,1.096,0.012,38.866,100.244,0,0,23.675,0.662
2018/8/21 18:00,7391,7666,16,259,1.099,0.011,0.11,0.543,0,0,22.047,0.858
2018/8/21 19:00,6819,7240,0,421,1.102,0.01,0,0,0,0,21.294,0.942
2018/8/21 20:00,6222,6862,0,640,1.105,0.01,0,0,0,0,20.544,1.008
2018/8/21 21:00,5616,6369,0,753,1.109,0.01,0,0,0,0,19.705,1.052
2018/8/21 22:00,5392,6037,0,645,1.112,0.01,0,0,0,0,18.842,1.019
2018/8/21 23:00,5204,5732,0,528,1.115,0.01,0,0,0,0,18.077,0.945
2018/8/22 0:00,5227,5587,0,360,1.118,0.01,0,0,0,0,17.355,0.896
2018/8/22 1:00,5202,5456,0,254,1.12,0.01,0,0,0,0,16.721,0.862
2018/8/22 2:00,5280,5550,0,270,1.122,0.01,0,0,0,0,16.168,0.832
2018/8/22 3:00,5850,6109,1,258,1.124,0.01,0.003,0.017,0,0,15.699,0.796
2018/8/22 4:00,6769,7009,26,214,1.126,0.01,37.569,89.81,0,0,15.97,0.858
2018/8/22 5:00,7616,7866,105,145,1.125,0.01,178.032,313.771,0,0,18.275,0.933
2018/8/22 6:00,7931,8235,249,55,1.118,0.011,346.728,533.765,0,0,20.958,1.036
2018/8/22 7:00,7840,8329,444,45,1.109,0.011,508.81,731.312,0,0,23.929,1.199
2018/8/22 8:00,7821,8438,574,43,1.103,0.01,646.902,893.047,0,0,26.01,1.264
2018/8/22 9:00,7834,8565,659,72,1.099,0.01,749.789,1007.781,0,0,27.251,1.281
2018/8/22 10:00,7474,8373,751,148,1.096,0.01,801.083,1067.764,0,0,28.097,1.254
2018/8/22 11:00,7405,8326,769,152,1.093,0.01,797.19,1068.927,0,0,28.691,1.224
2018/8/22 12:00,7406,8272,730,136,1.091,0.01,740.771,1011.042,0,0,28.959,1.202
2018/8/22 13:00,7418,8206,641,147,1.09,0.01,634.388,898.137,0,0,28.916,1.177
2018/8/22 14:00,7545,8185,496,144,1.089,0.01,493.825,737.764,0,0,28.652,1.144
2018/8/22 15:00,7741,8239,351,147,1.089,0.01,333.239,540.943,0,0,28.211,1.133
2018/8/22 16:00,7776,8150,198,176,1.09,0.011,167.446,321.051,0,0,26.887,0.941
2018/8/22 17:00,7517,7847,58,272,1.092,0.012,35.099,95.123,0,0,23.844,0.675
2018/8/22 18:00,7327,7767,6,434,1.095,0.011,0.072,0.403,0,0,22.083,0.825
2018/8/22 19:00,6834,7302,0,468,1.099,0.01,0,0,0,0,21.31,0.887
2018/8/22 20:00,6393,6934,0,541,1.102,0.01,0,0,0,0,20.602,0.934
2018/8/22 21:00,5804,6395,0,591,1.104,0.01,0,0,0,0,19.964,0.923
2018/8/22 22:00,5492,6062,0,570,1.106,0.01,0,0,0,0,19.361,0.885
2018/8/22 23:00,5294,5729,0,435,1.107,0.01,0,0,0,0,18.836,0.843
2018/8/23 0:00,5365,5608,0,243,1.108,0.01,0,0,0,0,18.438,0.812
2018/8/23 1:00,5225,5452,0,227,1.109,0.01,0,0,0,0,18.077,0.8
2018/8/23 2:00,5139,5584,0,445,1.11,0.01,0,0,0,0,17.759,0.808
2018/8/23 3:00,5588,6138,1,549,1.112,0.01,0,0.002,0,0,17.339,0.811
2018/8/23 4:00,6486,7089,21,582,1.114,0.01,33.604,84.831,0,0,17.453,0.799
2018/8/23 5:00,7328,7906,94,484,1.115,0.011,161.436,308.383,0,0,19.556,1.025
2018/8/23 6:00,7768,8308,236,304,1.11,0.011,318.581,528.743,0,0,22.033,1.188
2018/8/23 7:00,7737,8454,426,291,1.101,0.011,464.745,726.588,0,0,24.932,1.5
2018/8/23 8:00,7737,8603,551,315,1.096,0.011,575.4,888.602,0,0,26.826,1.595
2018/8/23 9:00,7738,8760,635,387,1.092,0.01,655.03,1003.543,0,0,27.869,1.654
2018/8/23 10:00,7311,8545,723,511,1.09,0.01,672.9,1063.694,0,0,28.439,1.717
2018/8/23 11:00,7246,8553,710,597,1.088,0.01,633.868,1064.705,0,0,28.65,1.772
2018/8/23 12:00,7298,8489,646,545,1.086,0.01,555.74,1006.784,0,0,28.58,1.787
2018/8/23 13:00,7342,8407,546,519,1.086,0.011,453.266,893.65,0,0,28.314,1.768
2018/8/23 14:00,7374,8321,419,528,1.086,0.011,335.684,733.023,0,0,27.759,1.722
2018/8/23 15:00,7455,8358,301,602,1.087,0.011,212.727,535.934,0,0,26.819,1.618
2018/8/23 16:00,7365,8326,177,784,1.089,0.012,103.747,315.668,0,0,25.306,1.19
2018/8/23 17:00,7192,8002,56,754,1.092,0.012,20.599,90.064,0,0,22.829,0.896
2018/8/23 18:00,6817,7832,7,1008,1.095,0.011,0.028,0.293,0,0,21.405,1.032
2018/8/23 19:00,6126,7367,0,1241,1.098,0.011,0,0,0,0,20.703,1.096
2018/8/23 20:00,5815,6960,0,1145,1.101,0.011,0,0,0,0,20.043,1.132
2018/8/23 21:00,5280,6467,0,1187,1.103,0.011,0,0,0,0,19.417,1.14
2018/8/23 22:00,5013,6112,0,1099,1.106,0.011,0,0,0,0,18.863,1.066
2018/8/23 23:00,4873,5745,0,872,1.107,0.011,0,0,0,0,18.333,0.938
2018/8/24 0:00,5028,5639,0,611,1.109,0.011,0,0,0,0,17.892,0.832
2018/8/24 1:00,5379,5573,0,194,1.11,0.01,0,0,0,0,17.517,0.773
2018/8/24 2:00,5582,5702,0,120,1.111,0.01,0,0,0,0,17.22,0.778
2018/8/24 3:00,6000,6156,1,155,1.112,0.01,0,0,0,0,16.815,0.787
2018/8/24 4:00,6783,7015,21,211,1.114,0.01,27.427,79.952,0,0,16.845,0.765
2018/8/24 5:00,7541,7854,91,222,1.115,0.011,139.051,302.906,0,0,18.572,0.917
2018/8/24 6:00,7883,8244,223,138,1.11,0.011,273.816,523.606,0,0,20.724,0.794
2018/8/24 7:00,7869,8380,391,120,1.105,0.011,394.602,721.841,0,0,22.712,0.931
2018/8/24 8:00,7947,8538,489,102,1.102,0.011,471.543,884.072,0,0,23.752,1.065
2018/8/24 9:00,8055,8673,543,75,1.1,0.011,517.098,999.225,0,0,24.32,1.152
2018/8/24 10:00,7687,8433,593,153,1.099,0.011,502.216,1059.35,0,0,24.408,1.226
2018/8/24 11:00,7409,8283,587,287,1.099,0.011,424.882,1060.538,0,0,24.053,1.313
2018/8/24 12:00,6992,8130,545,593,1.099,0.011,353.553,1002.407,0,0,23.505,1.39
2018/8/24 13:00,7308,8015,469,238,1.101,0.011,272.137,889.092,0,0,22.794,1.393
2018/8/24 14:00,7424,7974,359,191,1.102,0.012,198.482,728.276,0,0,22.065,1.311
2018/8/24 15:00,7532,8025,255,238,1.104,0.012,127.49,530.828,0,0,21.183,1.141
2018/8/24 16:00,7587,7957,154,216,1.107,0.012,62.281,310.18,0,0,20.167,0.874
2018/8/24 17:00,7239,7658,66,353,1.11,0.013,12.612,85.092,0,0,18.962,0.669
2018/8/24 18:00,6673,7393,16,704,1.114,0.012,0.012,0.207,0,0,17.922,0.769
2018/8/24 19:00,6328,6860,0,532,1.117,0.012,0,0,0,0,17.242,0.911
2018/8/24 20:00,6197,6557,0,360,1.119,0.012,0,0,0,0,16.666,0.95
2018/8/24 21:00,5752,6083,0,331,1.121,0.012,0,0,0,0,16.241,0.993
2018/8/24 22:00,5253,5771,0,518,1.122,0.012,0,0,0,0,15.906,1.079
2018/8/24 23:00,4758,5432,0,674,1.124,0.011,0,0,0,0,15.528,1.184
2018/8/25 0:00,4357,5256,0,899,1.125,0.011,0,0,0,0,15.094,1.358
2018/8/25 1:00,4013,5185,0,1172,1.128,0.011,0,0,0,0,14.633,1.507
2018/8/25 2:00,3921,5166,0,1245,1.13,0.01,0,0,0,0,14.128,1.483
2018/8/25 3:00,4590,5340,0,750,1.132,0.01,0,0,0,0,13.656,1.302
2018/8/25 4:00,5003,5688,6,679,1.134,0.01,16.569,75.174,0,0,13.405,1.383
2018/8/25 5:00,5665,6268,43,560,1.135,0.01,87.408,297.404,0,0,13.735,1.738
2018/8/25 6:00,5932,6650,93,625,1.134,0.01,169.083,518.476,0,0,14.345,2.02
2018/8/25 7:00,6139,6997,146,712,1.133,0.009,222.074,717.025,0,0,15.034,2.143
2018/8/25 8:00,6247,7204,179,778,1.132,0.009,271.455,879.458,0,0,15.611,2.235
2018/8/25 9:00,6261,7349,204,884,1.131,0.008,332.941,994.789,0,0,16.089,2.233
2018/8/25 10:00,6021,7097,230,846,1.13,0.008,329.852,1054.992,0,0.001,16.332,2.1
2018/8/25 11:00,5819,6842,243,780,1.13,0.008,295.589,1056.165,0.001,0,16.338,1.88
2018/8/25 12:00,5930,6696,234,532,1.129,0.008,282.859,997.975,0.001,0,16.327,1.675
2018/8/25 13:00,6040,6644,207,397,1.129,0.008,245.859,884.534,0.001,0.001,16.192,1.543
2018/8/25 14:00,6121,6631,164,346,1.13,0.008,177.338,723.373,0.002,0.003,15.698,1.518
2018/8/25 15:00,6270,6701,112,319,1.132,0.008,109.403,525.658,0.005,0.005,14.959,1.423
2018/8/25 16:00,6184,6610,65,361,1.134,0.008,52.084,304.674,0.007,0.002,14.051,1.17
2018/8/25 17:00,5853,6388,25,510,1.137,0.008,9.493,80.217,0.013,0.013,13.032,0.938
2018/8/25 18:00,5560,6252,6,686,1.14,0.008,0.009,0.14,0.034,0.032,12.332,1.021
2018/8/25 19:00,5011,5866,0,855,1.143,0.008,0,0,0.078,0.058,11.777,1.29
2018/8/25 20:00,4542,5767,0,1225,1.146,0.008,0,0,0.139,0.068,11.22,1.536
2018/8/25 21:00,3843,5426,0,1583,1.148,0.008,0,0,0.215,0.083,10.703,1.772
2018/8/25 22:00,3601,5304,0,1703,1.15,0.008,0,0,0.3,0.094,10.284,1.892
2018/8/25 23:00,3274,5017,0,1743,1.151,0.008,0,0,0.467,0.24,9.91,1.975
2018/8/26 0:00,3334,4922,0,1588,1.153,0.007,0,0,0.742,0.32,9.386,1.914
2018/8/26 1:00,3388,4741,0,1353,1.155,0.007,0,0,0.976,0.176,8.917,1.865
2018/8/26 2:00,3260,4671,0,1411,1.156,0.007,0,0,1.099,0.097,8.633,1.86
2018/8/26 3:00,3301,4780,0,1479,1.158,0.007,0,0,1.163,0.058,8.413,1.781
2018/8/26 4:00,3567,4946,5,1374,1.159,0.007,5.455,70.513,1.192,0.036,8.341,1.739
2018/8/26 5:00,4009,5356,40,1307,1.159,0.007,42.84,291.824,1.196,0.024,8.57,1.893
2018/8/26 6:00,4279,5669,89,1301,1.157,0.007,134.072,513.265,1.166,0.015,9.2,2.104
2018/8/26 7:00,4600,6010,141,1269,1.155,0.007,251.908,712.062,1.092,0.008,10.224,2.397
2018/8/26 8:00,4924,6310,183,1203,1.151,0.007,372.878,874.836,0.972,0.004,11.45,2.58
2018/8/26 9:00,5008,6520,235,1277,1.148,0.007,483.143,990.327,0.823,0.001,12.681,2.675
2018/8/26 10:00,4468,6317,308,1541,1.146,0.006,459.501,1050.749,0.67,0.001,13.378,2.483
2018/8/26 11:00,4034,6062,360,1668,1.143,0.006,503.738,1051.761,0.53,0,14.252,2.453
2018/8/26 12:00,3880,5891,380,1631,1.139,0.006,553.853,993.527,0.412,0,15.193,2.461
2018/8/26 13:00,4131,5776,384,1261,1.137,0.006,542.499,879.866,0.321,0,15.833,2.419
2018/8/26 14:00,4525,5790,308,957,1.135,0.006,459.352,718.469,0.257,0,16.025,2.301
2018/8/26 15:00,4918,5916,209,789,1.134,0.006,330.128,520.419,0.217,0,15.739,2.102
2018/8/26 16:00,5311,6027,125,591,1.135,0.006,170.3,299.085,0.196,0,14.782,1.575
2018/8/26 17:00,5438,5960,57,465,1.138,0.007,32.323,75.433,0.189,0,12.087,0.834
2018/8/26 18:00,5553,6126,16,557,1.142,0.006,0.013,0.09,0.186,0,10.366,0.839
2018/8/26 19:00,5306,5876,0,570,1.145,0.006,0,0,0.185,0,9.749,0.803
2018/8/26 20:00,5369,5808,0,439,1.148,0.006,0,0,0.184,0,9.155,0.812
2018/8/26 21:00,5096,5548,0,452,1.15,0.006,0,0,0.184,0,8.642,0.843
2018/8/26 22:00,4804,5370,0,566,1.152,0.006,0,0,0.183,0,8.246,0.855
2018/8/26 23:00,4502,5124,0,622,1.153,0.006,0,0,0.182,0,7.939,0.847
2018/8/27 0:00,4272,5064,0,792,1.154,0.006,0,0,0.182,0,7.656,0.831
2018/8/27 1:00,4090,4979,0,889,1.155,0.006,0,0,0.181,0,7.447,0.839
2018/8/27 2:00,4276,5111,0,835,1.156,0.006,0,0,0.181,0,7.2,0.837
2018/8/27 3:00,4845,5770,0,925,1.157,0.006,0,0,0.18,0,6.908,0.85
2018/8/27 4:00,5815,6746,33,898,1.158,0.006,26.277,65.968,0.18,0,7.048,0.886
2018/8/27 5:00,6693,7474,118,663,1.158,0.006,161.884,286.206,0.177,0,9.512,1.208
2018/8/27 6:00,7094,7851,275,482,1.151,0.006,332.619,507.969,0.163,0,12.283,1.378
2018/8/27 7:00,7029,7888,483,376,1.143,0.006,495.492,707.089,0.139,0,14.893,1.512
2018/8/27 8:00,7014,7955,624,317,1.137,0.005,632.765,870.104,0.11,0,16.71,1.374
2018/8/27 9:00,6985,8042,722,335,1.133,0.005,730.134,985.769,0.082,0,18.114,1.183
2018/8/27 10:00,6675,7815,830,310,1.129,0.005,777.299,1046.234,0.059,0,19.247,1.086
2018/8/27 11:00,6723,7825,859,243,1.125,0.005,785.608,1047.287,0.041,0,20.165,1.084
2018/8/27 12:00,6795,7815,833,187,1.122,0.006,747.208,988.967,0.029,0,20.809,1.119
2018/8/27 13:00,6849,7726,747,130,1.119,0.006,661.523,875.133,0.021,0,21.133,1.143
2018/8/27 14:00,7023,7692,553,116,1.118,0.006,520.142,713.473,0.016,0,21.025,1.122
2018/8/27 15:00,7261,7725,364,100,1.117,0.006,349.531,515.123,0.013,0,20.561,1.048
2018/8/27 16:00,7491,7781,221,69,1.118,0.007,170.01,293.426,0.011,0,19.432,0.709
2018/8/27 17:00,7455,7614,106,53,1.12,0.008,28.102,70.758,0.01,0,16.75,0.664
2018/8/27 18:00,7497,7577,28,52,1.123,0.007,0.008,0.054,0.01,0,15.307,0.822
2018/8/27 19:00,6937,7002,0,65,1.126,0.007,0,0,0.009,0,14.49,0.898
2018/8/27 20:00,6417,6578,0,161,1.128,0.007,0,0,0.009,0,13.858,0.954
2018/8/27 21:00,5859,6105,0,246,1.13,0.007,0,0,0.009,0,13.416,0.982
2018/8/27 22:00,5519,5786,0,267,1.131,0.007,0,0,0.009,0,13.113,0.993
2018/8/27 23:00,5279,5479,0,200,1.131,0.007,0,0,0.008,0,12.977,0.997
2018/8/28 0:00,5237,5362,0,125,1.132,0.007,0,0,0.008,0,12.924,0.994
2018/8/28 1:00,5115,5221,0,106,1.132,0.007,0,0,0.008,0,12.778,1.004
2018/8/28 2:00,5228,5350,0,122,1.133,0.007,0,0,0.008,0,12.58,1.03
2018/8/28 3:00,5748,5920,0,172,1.135,0.007,0,0,0.008,0,12.378,1.039
2018/8/28 4:00,6710,6888,17,161,1.137,0.008,21.343,61.559,0.007,0,12.396,1.003
2018/8/28 5:00,7472,7694,88,134,1.137,0.008,139.155,280.492,0.007,0,14.649,1.187
2018/8/28 6:00,7693,8050,235,122,1.132,0.009,300.915,502.566,0.006,0,17.395,1.183
2018/8/28 7:00,7585,8147,433,129,1.124,0.009,469.624,702.034,0.005,0,19.959,1.22
2018/8/28 8:00,7502,8239,557,180,1.12,0.009,611.234,865.236,0.004,0,21.582,1.241
2018/8/28 9:00,7497,8304,634,173,1.116,0.009,710.886,981.137,0.003,0,22.73,1.285
2018/8/28 10:00,7194,8134,711,229,1.113,0.009,744.786,1041.713,0.002,0,23.546,1.346
2018/8/28 11:00,7020,8112,729,363,1.111,0.009,734.046,1042.782,0.001,0,24.116,1.37
2018/8/28 12:00,6909,8047,703,435,1.109,0.009,696.397,984.325,0.001,0,24.471,1.358
2018/8/28 13:00,6859,7924,620,445,1.107,0.009,592.788,870.288,0,0,24.451,1.304
2018/8/28 14:00,7108,7878,463,307,1.107,0.009,457.046,708.433,0,0,24.067,1.205
2018/8/28 15:00,7497,7937,300,140,1.107,0.009,302.813,509.725,0,0,23.409,1.022
2018/8/28 16:00,7659,7897,176,62,1.108,0.01,145.09,287.727,0,0,22.172,0.593
2018/8/28 17:00,7510,7637,84,43,1.11,0.01,24.411,66.191,0,0,19.93,0.59
2018/8/28 18:00,7499,7565,22,44,1.113,0.009,0.005,0.029,0,0,18.571,0.789
2018/8/28 19:00,6905,7027,0,122,1.115,0.009,0,0,0,0,17.392,0.937
2018/8/28 20:00,6470,6639,0,169,1.118,0.009,0,0,0,0,16.242,1.008
2018/8/28 21:00,6029,6166,0,137,1.121,0.009,0,0,0,0,15.375,1.01
2018/8/28 22:00,5763,5902,0,139,1.123,0.008,0,0,0,0,14.728,0.978
2018/8/28 23:00,5502,5658,0,156,1.125,0.008,0,0,0,0,14.204,0.931
2018/8/29 0:00,5216,5460,0,244,1.127,0.008,0,0,0,0,13.771,0.894
2018/8/29 1:00,5035,5292,0,257,1.128,0.008,0,0,0,0,13.413,0.863
2018/8/29 2:00,5100,5373,0,273,1.13,0.008,0,0,0,0,13.047,0.839
2018/8/29 3:00,5516,5921,0,405,1.132,0.008,0,0,0,0,12.502,0.805
2018/8/29 4:00,6455,6879,24,400,1.134,0.008,21.337,57.266,0,0,12.307,0.735
2018/8/29 5:00,7230,7690,106,354,1.135,0.009,143.598,274.729,0,0,14.584,0.993
2018/8/29 6:00,7485,8046,261,300,1.131,0.009,306.78,497.167,0,0,16.994,1.249
2018/8/29 7:00,7334,8134,461,339,1.121,0.009,467.567,696.939,0,0,19.898,1.703
2018/8/29 8:00,7301,8286,596,389,1.114,0.009,605.563,860.416,0,0,22.138,1.934
2018/8/29 9:00,7233,8451,691,527,1.108,0.009,710.533,976.422,0,0,23.711,2.02
2018/8/29 10:00,6803,8228,796,629,1.105,0.009,767.384,1037.018,0,0,24.753,2
2018/8/29 11:00,6682,8215,830,703,1.102,0.009,766.477,1038.208,0,0,25.434,1.944
2018/8/29 12:00,6625,8132,802,705,1.099,0.009,700.946,979.614,0,0,25.736,1.888
2018/8/29 13:00,6614,8126,712,800,1.098,0.01,590.633,865.402,0,0,25.694,1.809
2018/8/29 14:00,6714,8011,521,776,1.097,0.01,435.049,703.323,0,0,25.248,1.713
2018/8/29 15:00,6965,8058,333,760,1.098,0.01,259.594,504.27,0,0,24.47,1.583
2018/8/29 16:00,7057,8036,198,781,1.1,0.011,109.825,281.947,0,0,22.672,1.156
2018/8/29 17:00,6771,7840,96,973,1.104,0.011,15.829,61.746,0,0,20.01,0.976
2018/8/29 18:00,6353,7717,26,1338,1.108,0.01,0,0.014,0,0,18.811,1.144
2018/8/29 19:00,5580,7127,0,1547,1.112,0.01,0,0,0,0,18.12,1.22
2018/8/29 20:00,5186,6768,0,1582,1.116,0.01,0,0,0,0,17.398,1.263
2018/8/29 21:00,4783,6316,0,1533,1.118,0.01,0,0,0,0,16.777,1.225
2018/8/29 22:00,4569,5953,0,1384,1.121,0.01,0,0,0,0,16.258,1.19
2018/8/29 23:00,4427,5685,0,1258,1.123,0.01,0,0,0,0,15.7,1.185
2018/8/30 0:00,4373,5604,0,1231,1.125,0.01,0,0,0,0,15.214,1.164
2018/8/30 1:00,4536,5511,0,975,1.127,0.009,0,0,0,0,14.761,1.124
2018/8/30 2:00,4985,5567,0,582,1.129,0.01,0,0,0,0,14.321,1.007
2018/8/30 3:00,5726,6037,0,311,1.13,0.01,0,0,0,0,14.036,0.929
2018/8/30 4:00,6730,7014,15,269,1.131,0.01,13.674,53.108,0,0,14.095,0.895
2018/8/30 5:00,7544,7892,75,273,1.13,0.01,94.044,268.932,0,0,15.576,1.167
2018/8/30 6:00,7930,8320,188,202,1.127,0.011,216.026,491.7,0,0,17.223,1.568
2018/8/30 7:00,7896,8481,319,266,1.122,0.011,345.316,691.733,0,0,19.008,1.888
2018/8/30 8:00,7952,8656,398,306,1.119,0.011,456.645,855.451,0,0,20.325,1.887
2018/8/30 9:00,7998,8801,451,352,1.117,0.01,518.474,971.648,0,0,21.113,1.859
2018/8/30 10:00,7733,8568,501,334,1.116,0.01,550.241,1032.4,0,0,21.599,1.886
2018/8/30 11:00,7785,8585,492,308,1.115,0.01,543.43,1033.431,0,0,21.815,1.972
2018/8/30 12:00,7643,8559,451,465,1.115,0.01,454.689,974.843,0,0,21.534,2.085
2018/8/30 13:00,7482,8478,383,613,1.116,0.01,355.608,860.453,0,0,20.89,2.163
2018/8/30 14:00,7007,8385,279,1099,1.119,0.01,277.123,698.12,0,0,20.161,2.163
2018/8/30 15:00,6630,8446,171,1645,1.122,0.01,171.467,498.811,0,0,19.135,2.08
2018/8/30 16:00,6286,8351,92,1973,1.126,0.01,72.452,276.13,0,0,17.754,1.909
2018/8/30 17:00,5818,8048,39,2191,1.131,0.01,10.012,57.427,0,0,16.162,1.681
2018/8/30 18:00,5703,7699,11,1985,1.135,0.01,0.001,0.005,0,0,15.054,1.755
2018/8/30 19:00,5637,7058,0,1421,1.139,0.01,0,0,0,0,14.37,1.858
2018/8/30 20:00,5611,6722,0,1111,1.141,0.01,0,0,0,0,13.792,1.871
2018/8/30 21:00,5353,6230,0,877,1.143,0.009,0,0,0,0,13.358,1.605
2018/8/30 22:00,5109,5871,0,762,1.144,0.009,0,0,0,0,13.074,1.399
2018/8/30 23:00,4893,5609,0,716,1.144,0.009,0,0,0,0,12.866,1.3
2018/8/31 0:00,4826,5532,0,706,1.144,0.009,0,0,0,0,12.678,1.179
2018/8/31 1:00,4843,5401,0,558,1.144,0.009,0,0,0,0.001,12.544,1.038
2018/8/31 2:00,5003,5507,0,504,1.144,0.009,0,0,0.001,0,12.354,0.956
2018/8/31 3:00,5578,6031,0,453,1.145,0.009,0,0,0.001,0,12.065,0.938
2018/8/31 4:00,6498,6974,22,454,1.146,0.009,11.363,49.094,0.001,0,11.891,0.939
2018/8/31 5:00,7402,7815,97,316,1.146,0.009,86.075,263.055,0.001,0,12.878,1.183
2018/8/31 6:00,7852,8207,233,122,1.142,0.009,189.422,486.133,0.001,0,14.429,1.248
2018/8/31 7:00,7847,8348,404,97,1.137,0.009,280.668,686.477,0.001,0,16.056,1.308
2018/8/31 8:00,7968,8557,504,85,1.133,0.009,350.215,850.42,0.001,0,17.284,1.27
2018/8/31 9:00,7974,8610,567,69,1.13,0.009,422.447,966.801,0.001,0,18.297,1.241
2018/8/31 10:00,7693,8366,623,50,1.127,0.009,462.882,1027.582,0.001,0,19.129,1.179
2018/8/31 11:00,7507,8191,634,50,1.124,0.009,459.119,1028.724,0.001,0,19.736,1.149
2018/8/31 12:00,7386,8035,601,48,1.121,0.009,419.399,969.991,0.001,0,20.066,1.203
2018/8/31 13:00,7402,7972,528,42,1.12,0.009,342.779,855.441,0.001,0,20.066,1.254
2018/8/31 14:00,7576,8006,387,43,1.119,0.009,258.818,692.888,0.001,0,19.785,1.267
2018/8/31 15:00,7647,7922,228,47,1.12,0.01,157.282,493.257,0.001,0,19.188,1.191
2018/8/31 16:00,7613,7778,123,42,1.122,0.01,67.57,270.244,0,0,18.195,0.857
2018/8/31 17:00,7404,7504,59,41,1.124,0.01,8.55,53.238,0,0,16.693,0.614
2018/8/31 18:00,7174,7242,17,51,1.127,0.01,0,0.001,0,0,16.035,0.568
2018/8/31 19:00,6521,6619,0,98,1.129,0.01,0,0,0.001,0.002,15.747,0.49
2018/8/31 20:00,6216,6362,0,146,1.131,0.01,0,0,0.003,0.002,15.346,0.447
2018/8/31 21:00,5802,5913,0,111,1.132,0.009,0,0,0.005,0.001,15.016,0.435
2018/8/31 22:00,5493,5609,0,116,1.133,0.009,0,0,0.015,0.019,14.745,0.433
2018/8/31 23:00,4983,5281,0,298,1.135,0.009,0,0,0.046,0.047,14.39,0.483
2018/9/1 0:00,4758,5152,0,394,1.136,0.01,0,0,0.096,0.063,14.025,0.515
2018/9/1 1:00,4628,5006,0,378,1.137,0.01,0,0,0.164,0.063,13.688,0.591
2018/9/1 2:00,4806,4988,0,182,1.139,0.01,0,0,0.218,0.045,13.335,0.709
2018/9/1 3:00,4657,5234,0,577,1.141,0.01,0,0,0.253,0.023,12.937,0.879
2018/9/1 4:00,4888,5635,5,742,1.143,0.009,5.208,45.21,0.271,0.013,12.678,1.059
2018/9/1 5:00,5577,6190,40,573,1.144,0.01,41.974,257.142,0.279,0.008,12.793,1.408
2018/9/1 6:00,5826,6709,98,785,1.144,0.01,110.834,480.516,0.278,0.003,13.209,1.57
2018/9/1 7:00,6018,7125,162,945,1.142,0.01,188.607,681.173,0.268,0.004,13.915,1.685
2018/9/1 8:00,5973,7397,204,1220,1.139,0.01,285.104,845.379,0.255,0.007,14.897,1.777
2018/9/1 9:00,6219,7516,243,1054,1.136,0.01,325.542,961.862,0.244,0.018,15.857,1.688
2018/9/1 10:00,6308,7244,286,650,1.133,0.01,304.835,1022.748,0.241,0.031,16.469,1.565
2018/9/1 11:00,6279,6986,312,395,1.132,0.01,269.761,1023.88,0.237,0.015,16.771,1.586
2018/9/1 12:00,5962,6902,308,632,1.13,0.01,216.436,965.042,0.222,0.003,16.833,1.59
2018/9/1 13:00,6325,6813,279,209,1.13,0.011,161.694,850.369,0.202,0,16.713,1.463
2018/9/1 14:00,5893,6726,213,620,1.13,0.011,115.086,687.512,0.186,0,16.441,1.296
2018/9/1 15:00,5820,6790,131,839,1.131,0.011,68.932,487.662,0.174,0,15.998,1.095
2018/9/1 16:00,5936,6701,68,697,1.133,0.011,27.744,264.314,0.166,0.003,15.318,0.872
2018/9/1 17:00,6099,6504,25,380,1.136,0.011,3.49,49.188,0.166,0.013,14.507,0.805
2018/9/1 18:00,5779,6340,7,554,1.138,0.011,0,0,0.172,0.012,14.064,0.994
2018/9/1 19:00,5541,5918,0,377,1.14,0.01,0,0,0.176,0.005,13.803,1.06
2018/9/1 20:00,5103,5789,0,686,1.141,0.01,0,0,0.174,0,13.58,1.009
2018/9/1 21:00,4910,5359,0,449,1.142,0.01,0,0,0.171,0,13.35,0.893
2018/9/1 22:00,4893,5081,0,188,1.143,0.01,0,0,0.168,0,13.032,0.819
2018/9/1 23:00,4626,4793,0,167,1.144,0.01,0,0,0.166,0,12.645,0.833
2018/9/2 0:00,4457,4697,0,240,1.146,0.009,0,0,0.163,0,12.295,0.936
2018/9/2 1:00,4202,4602,0,400,1.147,0.009,0,0,0.161,0,12.003,1.109
2018/9/2 2:00,4120,4557,0,437,1.148,0.009,0,0,0.158,0,11.689,1.231
2018/9/2 3:00,4193,4678,0,485,1.149,0.009,0,0,0.156,0,11.406,1.192
2018/9/2 4:00,4372,4887,6,509,1.151,0.009,8.989,41.476,0.154,0,11.286,1.185
2018/9/2 5:00,4712,5346,43,591,1.151,0.009,70.158,251.161,0.151,0,11.786,1.444
2018/9/2 6:00,5339,5702,100,263,1.149,0.009,157.042,474.86,0.146,0,12.752,1.448
2018/9/2 7:00,5534,5965,164,267,1.145,0.01,241.508,675.79,0.137,0,14.103,1.301
2018/9/2 8:00,5776,6246,210,260,1.14,0.01,328.293,840.199,0.123,0,15.538,1.061
2018/9/2 9:00,6090,6508,255,163,1.136,0.01,424.648,956.889,0.106,0,16.817,0.91
2018/9/2 10:00,5840,6315,304,171,1.132,0.01,499.132,1017.825,0.089,0,17.887,0.944
2018/9/2 11:00,5542,6095,339,214,1.129,0.01,527.513,1018.933,0.074,0,18.735,1.009
2018/9/2 12:00,5351,5890,351,188,1.126,0.01,501.175,960.059,0.061,0,19.229,1.038
2018/9/2 13:00,5381,5844,333,130,1.124,0.01,434.987,845.205,0.051,0,19.342,1.04
2018/9/2 14:00,5385,5896,266,245,1.124,0.01,322.755,682.111,0.043,0,19.026,1.026
2018/9/2 15:00,5489,5979,178,312,1.124,0.01,193.446,481.973,0.039,0,18.394,0.917
2018/9/2 16:00,5740,6161,106,315,1.126,0.011,80.603,258.341,0.036,0,17.41,0.646
2018/9/2 17:00,5832,6193,49,312,1.128,0.011,10.121,45.278,0.034,0,15.701,0.473
2018/9/2 18:00,5986,6269,14,269,1.131,0.011,0,0,0.033,0,14.711,0.565
2018/9/2 19:00,5627,5938,0,311,1.133,0.01,0,0,0.033,0,14.214,0.567
2018/9/2 20:00,5507,5905,0,398,1.135,0.01,0,0,0.032,0,13.794,0.558
2018/9/2 21:00,5323,5489,0,166,1.136,0.01,0,0,0.032,0,13.496,0.575
2018/9/2 22:00,4887,5260,0,373,1.137,0.01,0,0,0.031,0,13.21,0.728
2018/9/2 23:00,4342,5048,0,706,1.138,0.01,0,0,0.031,0,12.955,0.907
2018/9/3 0:00,4236,4951,0,715,1.138,0.01,0,0,0.031,0,12.775,0.965
2018/9/3 1:00,4558,4920,0,362,1.138,0.01,0,0,0.031,0,12.641,0.872
2018/9/3 2:00,4352,5083,0,731,1.138,0.01,0,0,0.03,0,12.545,0.69
2018/9/3 3:00,5027,5731,0,704,1.138,0.009,0,0,0.03,0,12.397,0.599
2018/9/3 4:00,6469,6857,7,381,1.138,0.009,4.438,37.891,0.03,0,12.36,0.602
2018/9/3 5:00,7562,7808,50,196,1.138,0.01,53.691,245.146,0.03,0,13.126,0.797
2018/9/3 6:00,7944,8186,126,116,1.136,0.011,159.936,469.14,0.028,0,14.66,1.056
2018/9/3 7:00,7975,8280,222,83,1.131,0.011,301.901,670.323,0.025,0,16.812,1.133
2018/9/3 8:00,8049,8459,291,119,1.127,0.011,393.555,834.959,0.021,0,17.777,1.205
2018/9/3 9:00,8251,8667,347,69,1.125,0.01,453.536,951.778,0.017,0,18.298,1.238
2018/9/3 10:00,8011,8464,404,49,1.123,0.01,474.772,1012.849,0.014,0,18.782,1.178
2018/9/3 11:00,7955,8448,432,61,1.121,0.01,475.888,1013.953,0.012,0,19.174,1.15
2018/9/3 12:00,7850,8355,419,86,1.12,0.01,439.857,955.007,0.01,0,19.286,1.153
2018/9/3 13:00,7705,8202,373,124,1.119,0.011,351.164,839.978,0.009,0,19.012,1.119
2018/9/3 14:00,7694,8086,288,104,1.119,0.011,244.593,676.668,0.008,0,18.57,1.046
2018/9/3 15:00,7764,8014,185,65,1.12,0.011,140.13,476.254,0.007,0,17.948,0.884
2018/9/3 16:00,7854,7994,104,36,1.122,0.011,55.386,252.304,0.007,0,17.048,0.574
2018/9/3 17:00,7738,7824,46,40,1.124,0.011,6.33,41.52,0.006,0,15.812,0.465
2018/9/3 18:00,7524,7579,12,43,1.125,0.011,0,0,0.006,0,15.134,0.564
2018/9/3 19:00,6812,6936,0,124,1.127,0.011,0,0,0.006,0,14.723,0.58
2018/9/3 20:00,6314,6623,0,309,1.128,0.011,0,0,0.006,0,14.37,0.586
2018/9/3 21:00,5739,6057,0,318,1.129,0.01,0,0,0.006,0,14,0.657
2018/9/3 22:00,5267,5759,0,492,1.13,0.01,0,0,0.006,0,13.633,0.728
2018/9/3 23:00,4854,5432,0,578,1.131,0.01,0,0,0.006,0,13.346,0.736
2018/9/4 0:00,4689,5324,0,635,1.132,0.01,0,0,0.005,0,13.086,0.734
2018/9/4 1:00,4404,5196,0,792,1.132,0.01,0,0,0.005,0,12.867,0.74
2018/9/4 2:00,4815,5361,0,546,1.133,0.01,0,0,0.005,0,12.696,0.75
2018/9/4 3:00,5483,5927,0,444,1.134,0.01,0,0,0.005,0,12.556,0.784
2018/9/4 4:00,6640,7013,7,366,1.135,0.01,6.035,34.455,0.005,0,12.533,0.882
2018/9/4 5:00,7461,7932,52,419,1.136,0.01,54.565,239.08,0.005,0,13.304,1.166
2018/9/4 6:00,7747,8341,139,455,1.135,0.01,125.957,463.369,0.005,0,14.15,1.34
2018/9/4 7:00,7714,8408,246,448,1.131,0.011,201.552,664.817,0.004,0,15.262,1.375
2018/9/4 8:00,7627,8516,316,573,1.128,0.011,264.306,829.679,0.004,0,16.205,1.44
2018/9/4 9:00,7695,8712,365,652,1.126,0.011,316.596,946.688,0.003,0,16.963,1.452
2018/9/4 10:00,7514,8494,416,564,1.123,0.011,344.608,1007.824,0.002,0,17.656,1.405
2018/9/4 11:00,7512,8451,457,482,1.121,0.011,346.942,1008.937,0.002,0,18.159,1.368
2018/9/4 12:00,7322,8322,471,529,1.12,0.011,332.463,949.849,0.001,0,18.462,1.361
2018/9/4 13:00,7026,8245,447,772,1.119,0.011,301.037,834.64,0.001,0,18.556,1.377
2018/9/4 14:00,6953,8088,341,794,1.119,0.011,243.716,671.161,0.001,0,18.396,1.354
2018/9/4 15:00,7118,8030,202,710,1.119,0.011,166.524,470.473,0,0,18.065,1.2
2018/9/4 16:00,7297,8078,102,679,1.12,0.012,73.437,246.214,0,0,17.205,0.813
2018/9/4 17:00,7003,7910,39,868,1.122,0.011,8.152,37.908,0,0,15.732,0.741
2018/9/4 18:00,6657,7720,10,1053,1.124,0.011,0,0,0,0,15.187,0.933
2018/9/4 19:00,6060,7009,0,949,1.126,0.011,0,0,0,0,14.948,1.018
2018/9/4 20:00,5744,6606,0,862,1.128,0.011,0,0,0,0,14.667,1.069
2018/9/4 21:00,5413,6074,0,661,1.129,0.011,0,0,0,0,14.433,1.119
2018/9/4 22:00,5188,5780,0,592,1.129,0.01,0,0,0,0,14.177,1.17
2018/9/4 23:00,4964,5497,0,533,1.131,0.01,0,0,0,0,13.826,1.164
2018/9/5 0:00,4797,5380,0,583,1.132,0.01,0,0,0,0,13.427,1.129
2018/9/5 1:00,4481,5281,0,800,1.133,0.01,0,0,0,0,13.026,1.135
2018/9/5 2:00,4433,5407,0,974,1.135,0.009,0,0,0,0,12.677,1.215
2018/9/5 3:00,4863,6017,0,1154,1.136,0.009,0,0,0,0,12.325,1.254
2018/9/5 4:00,5825,7095,15,1255,1.138,0.009,9.407,31.177,0,0,12.1,1.258
2018/9/5 5:00,6697,8031,80,1254,1.138,0.01,109.131,232.959,0,0,13.429,1.475
2018/9/5 6:00,7036,8298,208,1054,1.135,0.01,270.141,457.552,0,0,15.421,1.652
2018/9/5 7:00,7259,8320,366,695,1.128,0.01,445.423,659.254,0,0,17.972,1.592
2018/9/5 8:00,7183,8268,469,616,1.122,0.01,590.334,824.271,0,0,19.907,1.783
2018/9/5 9:00,7216,8370,544,610,1.118,0.01,697.251,941.453,0,0,21.06,1.851
2018/9/5 10:00,6906,8154,624,624,1.115,0.01,745.247,1002.664,0,0,21.864,1.817
2018/9/5 11:00,6806,8141,646,689,1.112,0.01,748.186,1003.758,0,0,22.4,1.749
2018/9/5 12:00,6826,8044,617,601,1.111,0.009,691.499,944.636,0,0,22.634,1.686
2018/9/5 13:00,6946,8002,545,511,1.109,0.009,587.302,829.346,0,0,22.525,1.632
2018/9/5 14:00,7027,7902,409,466,1.109,0.009,440.947,665.612,0,0,22.063,1.554
2018/9/5 15:00,7300,7965,265,400,1.11,0.01,280.033,464.633,0,0,21.263,1.305
2018/9/5 16:00,7508,7978,154,316,1.112,0.011,119.167,240.083,0,0,19.625,0.773
2018/9/5 17:00,7461,7855,70,324,1.114,0.01,11.478,34.454,0,0,17.1,0.795
2018/9/5 18:00,7413,7708,18,277,1.117,0.01,0,0,0,0,16.195,0.877
2018/9/5 19:00,6746,7045,0,299,1.119,0.009,0,0,0,0,15.73,0.855
2018/9/5 20:00,6238,6667,0,429,1.122,0.009,0,0,0,0,15.235,0.837
2018/9/5 21:00,5747,6168,0,421,1.124,0.009,0,0,0,0,14.671,0.843
2018/9/5 22:00,5450,5816,0,366,1.125,0.009,0,0,0,0,14.174,0.856
2018/9/5 23:00,5197,5554,0,357,1.127,0.009,0,0,0,0,13.725,0.861
2018/9/6 0:00,5069,5427,0,358,1.128,0.009,0,0,0,0,13.26,0.869
2018/9/6 1:00,4941,5278,0,337,1.129,0.009,0,0,0,0,12.839,0.886
2018/9/6 2:00,5045,5376,0,331,1.131,0.009,0,0,0,0,12.458,0.901
2018/9/6 3:00,5650,5969,0,319,1.132,0.008,0,0,0,0,12.003,0.913
2018/9/6 4:00,6663,7036,15,358,1.135,0.008,9.581,28.055,0,0,11.627,0.917
2018/9/6 5:00,7482,7912,84,346,1.136,0.009,115.384,226.785,0,0,13.257,1.023
2018/9/6 6:00,7733,8232,221,278,1.133,0.01,272.966,451.637,0,0,15.689,1.066
2018/9/6 7:00,7662,8194,390,142,1.124,0.01,428.703,653.578,0,0,18.599,0.985
2018/9/6 8:00,7544,8172,507,121,1.118,0.009,559.509,818.902,0,0,20.309,1.111
2018/9/6 9:00,7548,8278,600,130,1.115,0.009,652.813,936.21,0,0,21.211,1.2
2018/9/6 10:00,7181,8068,704,183,1.112,0.009,695.969,997.45,0,0,21.81,1.212
2018/9/6 11:00,7093,8020,724,203,1.11,0.009,698.126,998.549,0,0,22.174,1.172
2018/9/6 12:00,7048,7929,689,192,1.108,0.01,643.344,939.376,0,0,22.319,1.13
2018/9/6 13:00,7150,7914,606,158,1.107,0.01,537.845,823.886,0,0,22.194,1.092
2018/9/6 14:00,7330,7873,440,103,1.106,0.01,396.293,659.974,0,0,21.778,1.039
2018/9/6 15:00,7602,7946,271,73,1.107,0.01,245.632,458.723,0,0,21.079,0.939
2018/9/6 16:00,7768,7968,150,50,1.108,0.011,98.537,233.9,0,0,19.459,0.626
2018/9/6 17:00,7774,7883,66,43,1.111,0.01,7.794,31.157,0,0,16.985,0.676
2018/9/6 18:00,7600,7668,17,51,1.114,0.01,0,0,0,0,16.062,0.76
2018/9/6 19:00,6963,7027,0,64,1.116,0.009,0,0,0,0,15.591,0.75
2018/9/6 20:00,6591,6645,0,54,1.118,0.009,0,0,0,0,15.188,0.709
2018/9/6 21:00,6070,6111,0,41,1.12,0.009,0,0,0,0,14.832,0.656
2018/9/6 22:00,5767,5808,0,41,1.122,0.009,0,0,0,0,14.461,0.597
2018/9/6 23:00,5449,5487,0,38,1.124,0.009,0,0,0,0,14.16,0.544
2018/9/7 0:00,5327,5368,0,41,1.125,0.009,0,0,0,0,13.719,0.513
2018/9/7 1:00,5222,5282,0,60,1.127,0.009,0,0,0,0,13.292,0.5
2018/9/7 2:00,5312,5391,0,79,1.128,0.009,0,0,0,0,12.994,0.499
2018/9/7 3:00,5937,6013,0,76,1.131,0.009,0,0,0,0,12.611,0.494
2018/9/7 4:00,6966,7052,11,75,1.133,0.009,7.391,25.098,0,0,12.3,0.496
2018/9/7 5:00,7766,7908,66,76,1.135,0.009,87.693,220.559,0,0,13.352,0.562
2018/9/7 6:00,8034,8260,166,60,1.132,0.009,209.747,445.721,0,0,14.97,0.708
2018/9/7 7:00,7970,8320,277,73,1.126,0.01,329.431,647.957,0,0,17.031,0.7
2018/9/7 8:00,7942,8412,356,114,1.121,0.01,437.41,813.42,0,0,18.653,0.847
2018/9/7 9:00,7900,8484,427,157,1.118,0.01,500.082,930.823,0,0,19.551,0.91
2018/9/7 10:00,7579,8261,507,175,1.116,0.01,539.997,992.203,0,0,20.178,0.934
2018/9/7 11:00,7428,8108,532,148,1.115,0.01,522.575,993.312,0,0,20.526,0.95
2018/9/7 12:00,7310,7970,507,153,1.114,0.01,474.112,934.015,0,0,20.652,0.995
2018/9/7 13:00,7377,7960,442,141,1.114,0.01,387.518,818.41,0,0,20.507,1.043
2018/9/7 14:00,7483,7953,330,140,1.114,0.01,292.224,654.272,0,0,20.134,1.075
2018/9/7 15:00,7535,7929,210,184,1.115,0.01,185.862,452.777,0,0,19.426,0.989
2018/9/7 16:00,7377,7859,117,365,1.117,0.011,77.963,227.69,0,0,18.102,0.641
2018/9/7 17:00,6995,7722,46,681,1.12,0.01,6.853,28.022,0,0,16.074,0.641
2018/9/7 18:00,6464,7356,11,881,1.124,0.01,0,0,0,0,15.146,0.815
2018/9/7 19:00,5854,6821,0,967,1.127,0.01,0,0,0,0,14.685,1.032
2018/9/7 20:00,5580,6558,0,978,1.131,0.01,0,0,0,0,14.34,1.285
2018/9/7 21:00,5121,6074,0,953,1.133,0.01,0,0,0,0,14.049,1.389
2018/9/7 22:00,4756,5755,0,999,1.134,0.01,0,0,0,0,13.839,1.42
2018/9/7 23:00,4221,5460,0,1239,1.135,0.01,0,0,0,0,13.615,1.408
2018/9/8 0:00,4067,5397,0,1330,1.137,0.01,0,0,0,0,13.293,1.357
2018/9/8 1:00,3975,5252,0,1277,1.139,0.009,0,0,0,0,12.934,1.332
2018/9/8 2:00,3727,5173,0,1446,1.141,0.009,0,0,0,0,12.576,1.364
2018/9/8 3:00,3935,5422,0,1487,1.143,0.009,0,0,0,0,12.175,1.381
2018/9/8 4:00,4435,5759,14,1310,1.144,0.009,6.29,22.303,0,0,11.799,1.404
2018/9/8 5:00,5100,6270,81,1089,1.145,0.009,99.075,214.3,0,0,12.819,1.626
2018/9/8 6:00,5561,6707,222,924,1.142,0.009,263.401,439.734,0,0,14.837,1.797
2018/9/8 7:00,5578,6876,408,890,1.135,0.009,431.854,642.202,0,0,17.471,2.015
2018/9/8 8:00,5732,7031,530,769,1.13,0.009,556.279,807.838,0,0,18.981,2.098
2018/9/8 9:00,5455,7046,615,976,1.127,0.009,669.532,925.431,0,0,20.001,2.059
2018/9/8 10:00,4986,6795,705,1104,1.124,0.009,722.916,986.863,0,0,20.779,1.965
2018/9/8 11:00,4945,6631,713,973,1.122,0.009,727.818,987.918,0,0,21.272,1.859
2018/9/8 12:00,4967,6453,665,821,1.12,0.009,675.571,928.586,0,0,21.496,1.755
2018/9/8 13:00,5156,6405,576,673,1.119,0.009,580.806,812.815,0,0,21.45,1.639
2018/9/8 14:00,5403,6399,428,568,1.119,0.009,443.232,648.519,0,0,21.069,1.503
2018/9/8 15:00,5769,6430,274,387,1.12,0.009,279.393,446.79,0,0,20.349,1.27
2018/9/8 16:00,6017,6419,144,258,1.121,0.01,116.458,221.421,0,0,18.793,0.709
2018/9/8 17:00,6169,6436,51,216,1.124,0.009,9.21,25.053,0,0,16.43,0.784
2018/9/8 18:00,6177,6393,11,205,1.127,0.009,0,0,0,0,15.749,0.836
2018/9/8 19:00,5766,5958,0,192,1.129,0.009,0,0,0,0,15.339,0.796
2018/9/8 20:00,5640,5784,0,144,1.131,0.008,0,0,0,0,14.959,0.781
2018/9/8 21:00,5225,5346,0,121,1.133,0.008,0,0,0,0,14.585,0.753
2018/9/8 22:00,5002,5112,0,110,1.135,0.008,0,0,0,0,14.188,0.699
2018/9/8 23:00,4712,4819,0,107,1.136,0.008,0,0,0,0,13.761,0.681
2018/9/9 0:00,4704,4800,0,96,1.138,0.008,0,0,0,0,13.312,0.725
2018/9/9 1:00,4559,4636,0,77,1.139,0.008,0,0,0,0,12.766,0.81
2018/9/9 2:00,4497,4580,0,83,1.141,0.008,0,0,0,0,12.181,0.864
2018/9/9 3:00,4569,4707,0,138,1.143,0.008,0,0,0,0,11.545,0.889
2018/9/9 4:00,4667,4853,14,172,1.145,0.008,6.688,19.677,0,0,10.959,0.897
2018/9/9 5:00,5061,5289,81,147,1.147,0.008,105.371,207.99,0,0,12.342,0.878
2018/9/9 6:00,5224,5544,226,94,1.145,0.009,262.726,433.691,0,0,14.761,0.937
2018/9/9 7:00,5321,5800,417,62,1.136,0.009,416.764,636.361,0,0,17.449,0.731
2018/9/9 8:00,5439,6059,544,76,1.129,0.009,550.263,802.243,0,0,19.607,0.696
2018/9/9 9:00,5465,6192,632,95,1.125,0.009,646.565,919.965,0,0,20.88,0.724
2018/9/9 10:00,5154,5961,728,79,1.122,0.009,695.348,981.462,0,0,21.722,0.795
2018/9/9 11:00,4961,5799,749,89,1.12,0.009,701.889,982.546,0,0,22.268,0.865
2018/9/9 12:00,4881,5682,715,86,1.118,0.009,649.246,923.117,0,0,22.498,0.911
2018/9/9 13:00,4975,5695,628,92,1.117,0.009,542.243,807.227,0,0,22.366,0.943
2018/9/9 14:00,5241,5796,463,92,1.117,0.009,386.414,642.7,0,0,21.826,0.944
2018/9/9 15:00,5593,5960,292,75,1.118,0.009,223.132,440.738,0,0,20.947,0.785
2018/9/9 16:00,6023,6244,154,67,1.12,0.011,88.155,215.104,0,0,19.476,0.532
2018/9/9 17:00,6313,6423,56,54,1.122,0.009,7.215,22.25,0,0,17.713,0.676
2018/9/9 18:00,6447,6501,12,42,1.125,0.009,0,0,0,0,17.085,0.657
2018/9/9 19:00,6003,6038,0,35,1.127,0.008,0,0,0,0,16.653,0.574
2018/9/9 20:00,5896,5928,0,32,1.129,0.008,0,0,0,0,16.09,0.618
2018/9/9 21:00,5564,5600,0,36,1.131,0.008,0,0,0,0,15.431,0.739
2018/9/9 22:00,5363,5417,0,54,1.132,0.008,0,0,0,0,14.796,0.795
2018/9/9 23:00,5123,5184,0,61,1.134,0.008,0,0,0,0,14.377,0.822
2018/9/10 0:00,5079,5137,0,58,1.135,0.008,0,0,0,0,13.947,0.852
2018/9/10 1:00,5011,5072,0,61,1.136,0.008,0,0,0,0,13.435,0.869
2018/9/10 2:00,5195,5265,0,70,1.137,0.008,0,0,0,0,12.963,0.882
2018/9/10 3:00,5835,5908,0,73,1.139,0.008,0,0,0,0,12.382,0.869
2018/9/10 4:00,6959,7054,13,82,1.142,0.008,6,17.224,0,0,11.771,0.852
2018/9/10 5:00,7675,7836,81,80,1.144,0.008,109.029,201.658,0,0,12.922,0.697
2018/9/10 6:00,7786,8088,231,71,1.143,0.009,279.578,427.595,0,0,15.508,0.878
2018/9/10 7:00,7594,8085,425,66,1.135,0.009,448.921,630.518,0,0,18.173,0.706
2018/9/10 8:00,7550,8187,554,83,1.127,0.009,591.879,796.543,0,0,20.417,0.633
2018/9/10 9:00,7588,8335,648,99,1.123,0.008,693.803,914.378,0,0,21.693,0.661
2018/9/10 10:00,7290,8153,752,111,1.121,0.008,744.187,975.975,0,0,22.549,0.738
2018/9/10 11:00,7195,8109,776,138,1.118,0.008,739.728,977.088,0,0,23.102,0.861
2018/9/10 12:00,7098,8027,740,189,1.116,0.008,676.483,917.578,0,0,23.34,0.987
2018/9/10 13:00,7193,8039,649,197,1.115,0.009,564.23,801.538,0,0,23.238,1.077
2018/9/10 14:00,7383,8046,496,167,1.114,0.009,419.853,636.789,0,0,22.817,1.114
2018/9/10 15:00,7571,8011,309,131,1.115,0.009,247.744,434.64,0,0,22.117,0.916
2018/9/10 16:00,7821,8057,143,93,1.116,0.011,96.552,208.749,0,0,20.257,0.585
2018/9/10 17:00,7826,7978,36,116,1.118,0.009,7.062,19.619,0,0,18.155,0.79
2018/9/10 18:00,7606,7772,5,161,1.121,0.009,0,0,0,0,17.131,0.843
2018/9/10 19:00,6824,7030,0,206,1.124,0.009,0,0,0,0,16.157,0.906
2018/9/10 20:00,6335,6636,0,301,1.127,0.009,0,0,0,0,15.389,0.955
2018/9/10 21:00,5745,6089,0,344,1.129,0.009,0,0,0,0,14.953,1.03
2018/9/10 22:00,5382,5861,0,479,1.131,0.009,0,0,0,0,14.729,1.146
2018/9/10 23:00,5065,5548,0,483,1.132,0.009,0,0,0,0,14.52,1.196
2018/9/11 0:00,5017,5512,0,495,1.133,0.009,0,0,0,0,14.374,1.184
2018/9/11 1:00,4930,5417,0,487,1.133,0.009,0,0,0,0,14.119,1.157
2018/9/11 2:00,5105,5497,0,392,1.133,0.009,0,0,0,0,13.822,1.154
2018/9/11 3:00,5711,6114,0,403,1.135,0.009,0,0,0,0,13.445,1.192
2018/9/11 4:00,6829,7263,6,428,1.136,0.008,3.155,14.939,0,0,13.172,1.186
2018/9/11 5:00,7558,8034,67,409,1.138,0.009,61.756,195.274,0,0,14.277,1.175
2018/9/11 6:00,7789,8299,195,315,1.137,0.009,175.686,421.458,0,0,16.557,1.346
2018/9/11 7:00,7804,8402,361,237,1.132,0.009,315.811,624.592,0,0,18.667,1.411
2018/9/11 8:00,7820,8479,481,178,1.125,0.009,433.501,790.817,0,0,20.968,1.473
2018/9/11 9:00,7774,8581,589,218,1.12,0.009,473.088,908.79,0,0,22.24,1.482
2018/9/11 10:00,7230,8272,714,328,1.117,0.009,554.819,970.438,0,0,23.243,1.557
2018/9/11 11:00,7096,8205,749,360,1.114,0.009,628.788,971.49,0,0,24.046,1.678
2018/9/11 12:00,6962,8165,713,490,1.112,0.009,629.044,911.924,0,0,24.526,1.807
2018/9/11 13:00,6973,8122,625,524,1.11,0.01,551.132,795.767,0,0,24.555,1.912
2018/9/11 14:00,7135,8119,473,511,1.11,0.01,409.34,630.925,0,0,24.107,1.869
2018/9/11 15:00,7230,8142,291,621,1.11,0.011,240.93,428.489,0,0,23.309,1.476
2018/9/11 16:00,7473,8127,132,522,1.112,0.012,91.897,202.363,0,0,21.392,0.841
2018/9/11 17:00,7261,7971,32,678,1.115,0.011,5.511,17.158,0,0,19.291,0.852
2018/9/11 18:00,6988,7763,4,771,1.118,0.01,0,0,0,0,18.584,0.864
2018/9/11 19:00,6231,7149,0,918,1.12,0.01,0,0,0,0,17.875,1.006
2018/9/11 20:00,5929,6720,0,791,1.122,0.01,0,0,0,0,17.269,1.099
2018/9/11 21:00,5537,6197,0,660,1.124,0.01,0,0,0,0,16.862,1.131
2018/9/11 22:00,5473,5922,0,449,1.125,0.01,0,0,0,0,16.422,1.135
2018/9/11 23:00,5253,5595,0,342,1.126,0.009,0,0,0,0,15.897,1.122
2018/9/12 0:00,5188,5476,0,288,1.127,0.009,0,0,0,0,15.415,1.13
2018/9/12 1:00,5206,5374,0,168,1.127,0.009,0,0,0,0,14.969,1.136
2018/9/12 2:00,5344,5470,0,126,1.128,0.009,0,0,0,0,14.569,1.141
2018/9/12 3:00,6035,6133,0,98,1.129,0.009,0,0,0,0,14.165,1.13
2018/9/12 4:00,7277,7353,10,66,1.131,0.009,4.363,12.826,0,0,13.8,1.1
2018/9/12 5:00,7981,8108,80,47,1.131,0.01,102.797,188.853,0,0,15.276,0.939
2018/9/12 6:00,8068,8339,231,40,1.13,0.01,273.093,415.261,0,0,18.378,0.836
2018/9/12 7:00,7832,8304,439,33,1.122,0.01,441.875,618.615,0,0,21.157,0.45
2018/9/12 8:00,7776,8400,593,31,1.115,0.009,584.721,785.018,0,0,23.439,0.671
2018/9/12 9:00,7737,8486,710,39,1.111,0.009,687.541,903.098,0,0,24.736,0.901
2018/9/12 10:00,7387,8299,849,63,1.108,0.009,740.75,964.815,0,0,25.603,1.035
2018/9/12 11:00,7311,8288,895,82,1.105,0.009,740.955,965.919,0,0,26.164,1.098
2018/9/12 12:00,7290,8208,838,80,1.102,0.009,688.283,906.25,0,0,26.415,1.118
2018/9/12 13:00,7399,8196,720,77,1.101,0.01,585.3,789.966,0,0,26.323,1.096
2018/9/12 14:00,7581,8216,553,82,1.1,0.01,440.028,624.886,0,0,25.889,1.017
2018/9/12 15:00,7842,8254,331,81,1.1,0.01,269.339,422.299,0,0,25.285,0.855
2018/9/12 16:00,7900,8195,139,156,1.102,0.012,101.221,195.947,0,0,22.95,0.602
2018/9/12 17:00,7851,8144,27,266,1.104,0.01,4.604,14.873,0,0,20.575,0.837
2018/9/12 18:00,7524,7895,1,370,1.108,0.01,0,0,0,0,19.651,0.877
2018/9/12 19:00,6654,7208,0,554,1.111,0.01,0,0,0,0,18.931,0.916
2018/9/12 20:00,6225,6818,0,593,1.113,0.01,0,0,0,0,18.306,0.904
2018/9/12 21:00,5887,6287,0,400,1.115,0.01,0,0,0,0,17.921,0.874
2018/9/12 22:00,5763,5985,0,222,1.116,0.01,0,0,0,0,17.615,0.81
2018/9/12 23:00,5531,5680,0,149,1.116,0.009,0,0,0,0,17.297,0.84
2018/9/13 0:00,5478,5566,0,88,1.117,0.009,0,0,0,0,16.98,0.88
2018/9/13 1:00,5346,5437,0,91,1.118,0.009,0,0,0,0,16.841,0.885
2018/9/13 2:00,5463,5574,0,111,1.119,0.009,0,0,0,0,16.672,0.868
2018/9/13 3:00,6086,6235,0,149,1.12,0.009,0,0,0,0,16.306,0.844
2018/9/13 4:00,7246,7435,5,184,1.122,0.009,2.581,10.884,0,0,15.783,0.821
2018/9/13 5:00,8066,8244,62,116,1.124,0.01,62.911,182.413,0,0,16.296,0.715
2018/9/13 6:00,8246,8491,177,68,1.124,0.011,178.876,409.062,0,0,18.01,0.824
2018/9/13 7:00,8107,8476,324,45,1.12,0.011,304.596,612.614,0,0,20.209,0.557
2018/9/13 8:00,8047,8534,443,44,1.114,0.01,401.647,779.145,0,0,22.223,0.422
2018/9/13 9:00,8035,8620,547,38,1.11,0.01,462.708,897.373,0,0,23.603,0.417
2018/9/13 10:00,7679,8397,681,37,1.107,0.01,496.619,959.131,0,0,24.325,0.491
2018/9/13 11:00,7642,8395,712,41,1.106,0.01,500.699,960.216,0,0,24.655,0.482
2018/9/13 12:00,7652,8344,641,51,1.104,0.01,471.31,900.519,0,0,24.678,0.517
2018/9/13 13:00,7780,8365,532,53,1.103,0.01,391.168,784.092,0,0,24.442,0.559
2018/9/13 14:00,7894,8339,396,49,1.103,0.01,282.836,618.886,0,0,23.996,0.546
2018/9/13 15:00,8136,8420,235,49,1.104,0.01,165.275,416.062,0,0,23.08,0.473
2018/9/13 16:00,8214,8371,96,61,1.106,0.011,56.584,189.463,0,0,21.358,0.384
2018/9/13 17:00,8228,8311,16,67,1.108,0.01,2.287,12.765,0,0,19.678,0.56
2018/9/13 18:00,7814,7905,1,90,1.111,0.01,0,0,0,0,18.634,0.668
2018/9/13 19:00,7210,7301,0,91,1.114,0.01,0,0,0,0,17.851,0.696
2018/9/13 20:00,6848,6925,0,77,1.116,0.01,0,0,0,0,17.233,0.694
2018/9/13 21:00,6342,6403,0,61,1.118,0.01,0,0,0,0,16.732,0.68
2018/9/13 22:00,6033,6086,0,53,1.12,0.01,0,0,0,0,16.271,0.672
2018/9/13 23:00,5741,5805,0,64,1.122,0.01,0,0,0,0,15.78,0.69
2018/9/14 0:00,5547,5666,0,119,1.124,0.01,0,0,0,0,15.345,0.724
2018/9/14 1:00,5287,5557,0,270,1.125,0.01,0,0,0,0,14.964,0.767
2018/9/14 2:00,5203,5617,0,414,1.127,0.01,0,0,0,0,14.63,0.798
2018/9/14 3:00,5784,6232,0,448,1.129,0.01,0,0,0,0,14.388,0.832
2018/9/14 4:00,6861,7392,5,526,1.131,0.01,1.86,9.115,0,0,14.198,0.859
2018/9/14 5:00,7575,8227,45,607,1.133,0.01,44.414,175.943,0,0,14.753,1.144
2018/9/14 6:00,7941,8668,115,612,1.133,0.011,123.26,402.756,0,0,15.794,1.258
2018/9/14 7:00,7934,8738,204,600,1.13,0.011,209.514,606.529,0,0,16.986,1.239
2018/9/14 8:00,7989,8809,274,546,1.128,0.011,281.821,773.284,0,0,18.117,1.171
2018/9/14 9:00,8082,8855,337,436,1.125,0.011,314.817,891.565,0,0,18.769,1.124
2018/9/14 10:00,7665,8491,412,414,1.124,0.011,312.751,953.381,0,0,18.974,1.109
2018/9/14 11:00,7469,8335,426,440,1.124,0.011,297.781,954.483,0,0,19.057,1.154
2018/9/14 12:00,7314,8173,373,486,1.124,0.011,284.741,894.715,0,0,19.019,1.241
2018/9/14 13:00,7196,8021,296,529,1.124,0.011,253.789,778.219,0,0,18.83,1.331
2018/9/14 14:00,7371,8061,226,464,1.125,0.011,198.709,612.818,0,0,18.392,1.362
2018/9/14 15:00,7438,8172,149,585,1.127,0.011,121.167,409.781,0,0,17.667,1.252
2018/9/14 16:00,7357,8124,74,693,1.129,0.011,46.434,182.981,0,0,16.651,0.976
2018/9/14 17:00,7291,7936,14,631,1.131,0.011,2.217,10.839,0,0,15.42,0.907
2018/9/14 18:00,6883,7505,0,622,1.134,0.011,0,0,0,0,14.836,0.919
2018/9/14 19:00,6429,6913,0,484,1.136,0.01,0,0,0,0,14.318,0.954
2018/9/14 20:00,6068,6565,0,497,1.138,0.01,0,0,0,0,13.762,0.985
2018/9/14 21:00,5528,6062,0,534,1.14,0.01,0,0,0,0,13.278,0.97
2018/9/14 22:00,5279,5778,0,499,1.141,0.01,0,0,0,0,12.857,0.955
2018/9/14 23:00,4986,5485,0,499,1.141,0.009,0,0,0,0,12.487,0.958
2018/9/15 0:00,4937,5372,0,435,1.142,0.009,0,0,0,0,12.204,0.977
2018/9/15 1:00,4713,5188,0,475,1.143,0.009,0,0,0,0,12.005,0.983
2018/9/15 2:00,4656,5219,0,563,1.144,0.009,0,0,0,0,11.884,0.967
2018/9/15 3:00,4768,5487,0,719,1.145,0.009,0,0,0,0,11.699,0.964
2018/9/15 4:00,5035,5827,9,783,1.146,0.009,1.99,7.516,0,0,11.48,0.971
2018/9/15 5:00,5627,6363,63,673,1.147,0.009,70.232,169.445,0,0,12.405,1.182
2018/9/15 6:00,6146,6720,165,409,1.145,0.01,203.015,396.461,0,0,14.121,1.337
2018/9/15 7:00,6357,6950,305,288,1.138,0.01,350.583,600.381,0,0,16.43,1.427
2018/9/15 8:00,6430,7068,398,240,1.133,0.01,477.89,767.292,0,0,18.378,1.452
2018/9/15 9:00,6449,7152,466,237,1.129,0.01,568.857,885.674,0,0,19.565,1.424
2018/9/15 10:00,6158,6934,541,235,1.126,0.009,617.359,947.573,0,0,20.417,1.482
2018/9/15 11:00,5895,6724,579,250,1.124,0.009,574.761,948.637,0,0,20.835,1.571
2018/9/15 12:00,5659,6524,556,309,1.123,0.009,502.243,888.813,0,0,20.963,1.625
2018/9/15 13:00,5573,6474,488,413,1.122,0.009,433.108,772.262,0,0,20.899,1.641
2018/9/15 14:00,5716,6469,393,360,1.122,0.01,308.269,606.664,0,0,20.434,1.57
2018/9/15 15:00,6077,6624,252,295,1.123,0.01,182.109,403.462,0,0,19.653,1.305
2018/9/15 16:00,6371,6669,115,183,1.125,0.011,65.238,176.436,0,0,17.978,0.636
2018/9/15 17:00,6512,6667,22,133,1.128,0.01,1.957,9.095,0,0,15.902,0.675
2018/9/15 18:00,6386,6469,0,83,1.131,0.01,0,0,0,0,15.236,0.701
2018/9/15 19:00,5867,5936,0,69,1.134,0.009,0,0,0,0,14.758,0.688
2018/9/15 20:00,5743,5820,0,77,1.137,0.009,0,0,0,0,14.303,0.681
2018/9/15 21:00,5309,5412,0,103,1.14,0.009,0,0,0,0,13.793,0.703
2018/9/15 22:00,5027,5129,0,102,1.142,0.009,0,0,0,0,13.252,0.722
2018/9/15 23:00,4782,4908,0,126,1.144,0.009,0,0,0,0,12.669,0.735
2018/9/16 0:00,4717,4857,0,140,1.147,0.008,0,0,0,0,12.099,0.751
2018/9/16 1:00,4554,4673,0,119,1.148,0.008,0,0,0,0,11.613,0.771
2018/9/16 2:00,4540,4642,0,102,1.15,0.008,0,0,0,0,11.184,0.775
2018/9/16 3:00,4681,4787,0,106,1.151,0.008,0,0,0,0,10.796,0.748
2018/9/16 4:00,4896,5006,4,106,1.153,0.008,1.469,6.085,0,0,10.472,0.699
2018/9/16 5:00,5277,5424,50,97,1.154,0.008,63.315,162.937,0,0,11.503,0.616
2018/9/16 6:00,5506,5716,143,67,1.152,0.008,202.599,390.096,0,0,13.735,0.797
2018/9/16 7:00,5601,5933,279,53,1.144,0.008,374.519,594.238,0,0,16.262,0.809
2018/9/16 8:00,5679,6122,396,47,1.136,0.009,515.871,761.276,0,0,18.516,1.065
2018/9/16 9:00,5711,6261,492,58,1.131,0.009,607.64,879.757,0,0,19.959,1.183
2018/9/16 10:00,5445,6121,601,75,1.127,0.009,652.691,941.713,0,0,20.952,1.275
2018/9/16 11:00,5090,5867,650,127,1.124,0.009,636.626,942.817,0,0,21.597,1.342
2018/9/16 12:00,4956,5736,622,158,1.121,0.009,574.499,882.948,0,0,21.892,1.393
2018/9/16 13:00,4938,5686,546,202,1.119,0.01,490.765,766.197,0,0,21.89,1.421
2018/9/16 14:00,5140,5794,437,217,1.118,0.01,368.559,600.507,0,0,21.542,1.423
2018/9/16 15:00,5521,5985,271,193,1.119,0.01,223.636,397.092,0,0,20.807,1.309
2018/9/16 16:00,5865,6226,118,243,1.121,0.011,77.778,169.885,0,0,18.857,0.745
2018/9/16 17:00,6029,6474,23,422,1.124,0.01,1.804,7.535,0,0,16.316,0.78
2018/9/16 18:00,5740,6352,0,612,1.127,0.01,0,0,0,0,15.594,0.828
2018/9/16 19:00,5300,5979,0,679,1.13,0.01,0,0,0,0,15.082,0.832
2018/9/16 20:00,5188,5912,0,724,1.132,0.01,0,0,0,0,14.56,0.816
2018/9/16 21:00,4844,5597,0,753,1.134,0.01,0,0,0,0,14.106,0.808
2018/9/16 22:00,4733,5475,0,742,1.135,0.009,0,0,0,0,13.708,0.804
2018/9/16 23:00,4519,5242,0,723,1.137,0.009,0,0,0,0,13.35,0.792
2018/9/17 0:00,4526,5154,0,628,1.138,0.009,0,0,0,0,13.033,0.767
2018/9/17 1:00,4607,5059,0,452,1.138,0.009,0,0,0,0,12.786,0.734
2018/9/17 2:00,4900,5244,0,344,1.139,0.009,0,0,0,0,12.671,0.703
2018/9/17 3:00,5663,5934,0,271,1.141,0.009,0,0,0,0,12.607,0.649
2018/9/17 4:00,7063,7248,9,176,1.142,0.009,1.24,4.821,0,0,12.534,0.605
2018/9/17 5:00,7834,8041,70,137,1.144,0.009,50.716,156.427,0,0,13.338,0.611
2018/9/17 6:00,7986,8249,185,78,1.143,0.01,158.719,383.727,0,0,15.153,0.657
2018/9/17 7:00,7883,8276,349,44,1.136,0.01,313.347,588.032,0,0,17.496,0.588
2018/9/17 8:00,7814,8332,484,34,1.129,0.01,465.454,755.149,0,0,19.738,0.603
2018/9/17 9:00,7779,8413,598,36,1.123,0.01,584.292,873.774,0,0,21.469,0.52
2018/9/17 10:00,7438,8222,739,45,1.118,0.01,657.179,935.764,0,0,22.777,0.628
2018/9/17 11:00,7360,8221,782,79,1.113,0.01,665.38,936.867,0,0,23.642,0.757
2018/9/17 12:00,7373,8193,724,96,1.111,0.01,611.966,876.918,0,0,23.984,0.843
2018/9/17 13:00,7404,8142,615,123,1.109,0.01,502.565,760.109,0,0,23.843,0.938
2018/9/17 14:00,7564,8159,464,131,1.109,0.011,372.49,594.257,0,0,23.393,0.999
2018/9/17 15:00,7738,8193,264,191,1.11,0.011,220.776,390.722,0,0,22.552,0.959
2018/9/17 16:00,7898,8232,104,230,1.112,0.012,74.234,163.279,0,0,20.321,0.667
2018/9/17 17:00,7801,8192,18,373,1.114,0.011,1.693,6.16,0,0,17.747,0.842
2018/9/17 18:00,7174,7810,0,636,1.118,0.011,0,0,0,0,17.004,0.962
2018/9/17 19:00,6308,7115,0,807,1.121,0.01,0,0,0,0,16.387,1.031
2018/9/17 20:00,5947,6780,0,833,1.124,0.01,0,0,0,0,15.828,1.084
2018/9/17 21:00,5402,6240,0,838,1.126,0.01,0,0,0,0,15.359,1.117
2018/9/17 22:00,5246,6039,0,793,1.127,0.01,0,0,0,0,14.841,1.06
2018/9/17 23:00,4898,5806,0,908,1.129,0.01,0,0,0,0,14.364,0.983
2018/9/18 0:00,4583,5655,0,1072,1.13,0.01,0,0,0,0,13.969,0.941
2018/9/18 1:00,4469,5583,0,1114,1.132,0.01,0,0,0,0,13.572,0.931
2018/9/18 2:00,4583,5665,0,1082,1.133,0.009,0,0,0,0,13.219,0.938
2018/9/18 3:00,5209,6276,0,1067,1.134,0.009,0,0,0,0,12.871,0.946
2018/9/18 4:00,6161,7363,9,1193,1.136,0.009,1.028,3.722,0,0,12.529,0.961
2018/9/18 5:00,6875,8121,72,1174,1.138,0.009,74.979,149.902,0,0,13.626,1.179
2018/9/18 6:00,7148,8286,200,938,1.136,0.01,233.807,377.261,0,0,16.014,1.432
2018/9/18 7:00,7056,8226,386,784,1.128,0.01,401.68,581.774,0,0,18.627,1.736
2018/9/18 8:00,6873,8333,529,931,1.12,0.01,543.416,749.053,0,0,21.007,2.082
2018/9/18 9:00,6475,8489,638,1376,1.115,0.01,646.002,867.756,0,0,22.585,2.185
2018/9/18 10:00,5919,8368,764,1685,1.111,0.01,693.203,929.774,0,0,23.553,2.181
2018/9/18 11:00,5911,8329,790,1628,1.109,0.01,685.878,930.869,0,0,24.08,2.132
2018/9/18 12:00,6103,8262,719,1440,1.107,0.01,627.197,870.894,0,0,24.229,2.069
2018/9/18 13:00,6319,8260,601,1340,1.106,0.01,521.046,753.977,0,0,24.018,1.991
2018/9/18 14:00,6534,8227,451,1242,1.107,0.01,372.642,587.999,0,0,23.461,1.864
2018/9/18 15:00,7040,8379,256,1083,1.108,0.01,214.477,384.279,0,0,22.525,1.552
2018/9/18 16:00,7274,8296,99,923,1.111,0.011,66.959,156.671,0,0,20.255,1.031
2018/9/18 17:00,7331,8371,17,1023,1.115,0.01,0.9,4.971,0,0,17.946,1.033
2018/9/18 18:00,6767,7907,0,1140,1.119,0.009,0,0,0,0,16.969,1.063
2018/9/18 19:00,6175,7311,0,1136,1.122,0.009,0,0,0,0,16.178,1.088
2018/9/18 20:00,5831,6860,0,1029,1.125,0.009,0,0,0,0,15.524,1.111
2018/9/18 21:00,5384,6315,0,931,1.127,0.009,0,0,0,0,14.964,1.079
2018/9/18 22:00,5238,5989,0,751,1.129,0.009,0,0,0,0,14.468,1.022
2018/9/18 23:00,5179,5752,0,573,1.131,0.009,0,0,0,0,13.994,0.957
2018/9/19 0:00,5121,5633,0,512,1.133,0.009,0,0,0,0,13.608,0.899
2018/9/19 1:00,5124,5529,0,405,1.134,0.009,0,0,0,0,13.313,0.844
2018/9/19 2:00,5349,5627,0,278,1.135,0.009,0,0,0,0,13.163,0.815
2018/9/19 3:00,5964,6209,0,245,1.136,0.009,0,0,0,0,13.054,0.775
2018/9/19 4:00,7158,7373,6,209,1.138,0.009,0.69,2.789,0,0,12.835,0.703
2018/9/19 5:00,7918,8193,59,216,1.139,0.009,56.411,143.376,0,0,13.686,0.635
2018/9/19 6:00,8121,8432,159,152,1.138,0.01,185.78,370.802,0,0,15.774,0.807
2018/9/19 7:00,8062,8449,295,92,1.131,0.01,329.01,575.403,0,0,18.255,0.728
2018/9/19 8:00,8072,8548,401,75,1.125,0.01,448.012,742.881,0,0,20.428,0.587
2018/9/19 9:00,8058,8616,491,67,1.121,0.01,511.136,861.707,0,0,21.567,0.546
2018/9/19 10:00,7753,8405,601,51,1.118,0.01,544.05,923.726,0,0,22.298,0.54
2018/9/19 11:00,7671,8353,633,49,1.116,0.01,536.149,924.855,0,0,22.728,0.5
2018/9/19 12:00,7734,8364,584,46,1.114,0.01,487.279,864.83,0,0,22.901,0.488
2018/9/19 13:00,7745,8286,494,47,1.114,0.01,422.475,747.77,0,0,22.767,0.531
2018/9/19 14:00,7817,8240,377,46,1.113,0.01,319.805,581.641,0,0,22.426,0.596
2018/9/19 15:00,8022,8281,218,41,1.114,0.011,189.976,377.812,0,0,21.826,0.548
2018/9/19 16:00,8198,8323,86,39,1.115,0.011,60.29,150.026,0,0,20.305,0.38
2018/9/19 17:00,8289,8349,14,46,1.118,0.01,1.156,3.97,0,0,18.836,0.53
2018/9/19 18:00,7822,7875,0,53,1.12,0.01,0,0,0,0,17.878,0.636
2018/9/19 19:00,7121,7193,0,72,1.123,0.01,0,0,0,0,16.879,0.767
2018/9/19 20:00,6748,6807,0,59,1.125,0.01,0,0,0,0,15.987,0.839
2018/9/19 21:00,6236,6301,0,65,1.127,0.01,0,0,0,0,15.304,0.884
2018/9/19 22:00,5918,5996,0,78,1.129,0.009,0,0,0,0,14.828,0.925
2018/9/19 23:00,5596,5680,0,84,1.13,0.009,0,0,0,0,14.471,0.949
2018/9/20 0:00,5495,5570,0,75,1.13,0.009,0,0,0,0,14.199,0.963
2018/9/20 1:00,5386,5450,0,64,1.131,0.009,0,0,0,0,13.983,0.968
2018/9/20 2:00,5470,5530,0,60,1.132,0.009,0,0,0,0,13.742,0.968
2018/9/20 3:00,6151,6206,0,55,1.133,0.009,0,0,0,0,13.412,0.954
2018/9/20 4:00,7394,7458,6,58,1.135,0.009,0.448,2.013,0,0,13.038,0.941
2018/9/20 5:00,8074,8201,63,64,1.136,0.009,63.919,136.867,0,0,13.772,0.841
2018/9/20 6:00,8190,8420,181,49,1.135,0.01,221.215,364.316,0,0,16.483,0.918
2018/9/20 7:00,7999,8388,350,39,1.128,0.01,385.389,569.087,0,0,19.026,0.632
2018/9/20 8:00,7956,8471,479,36,1.12,0.01,527.005,736.641,0,0,21.543,0.488
2018/9/20 9:00,7931,8545,580,34,1.116,0.01,629.404,855.531,0,0,22.882,0.601
2018/9/20 10:00,7629,8358,698,31,1.113,0.01,682.115,917.65,0,0,23.728,0.679
2018/9/20 11:00,7542,8295,722,31,1.11,0.01,682.484,918.723,0,0,24.243,0.697
2018/9/20 12:00,7565,8246,649,32,1.108,0.01,630.279,858.67,0,0,24.451,0.66
2018/9/20 13:00,7623,8193,538,32,1.107,0.01,528.505,741.537,0,0,24.335,0.612
2018/9/20 14:00,7744,8182,405,33,1.107,0.01,389.186,575.33,0,0,23.88,0.591
2018/9/20 15:00,7993,8259,232,34,1.107,0.01,227.027,371.282,0,0,23.306,0.558
2018/9/20 16:00,8171,8299,90,38,1.108,0.011,70.129,143.364,0,0,21.086,0.586
2018/9/20 17:00,8214,8290,15,61,1.111,0.01,1.014,3.149,0,0,18.805,0.91
2018/9/20 18:00,7763,7851,0,88,1.114,0.009,0,0,0,0,17.648,0.941
2018/9/20 19:00,7096,7204,0,108,1.116,0.009,0,0,0,0,16.683,0.946
2018/9/20 20:00,6714,6839,0,125,1.118,0.009,0,0,0,0,15.85,0.931
2018/9/20 21:00,6193,6292,0,99,1.12,0.009,0,0,0,0,15.157,0.912
2018/9/20 22:00,5922,6005,0,83,1.122,0.009,0,0,0,0,14.572,0.888
2018/9/20 23:00,5624,5703,0,79,1.123,0.009,0,0,0,0,14.057,0.86
2018/9/21 0:00,5522,5658,0,136,1.124,0.009,0,0,0,0,13.645,0.84
2018/9/21 1:00,5259,5502,0,243,1.126,0.009,0,0,0,0,13.232,0.83
2018/9/21 2:00,5194,5598,0,404,1.127,0.009,0,0,0,0,12.86,0.826
2018/9/21 3:00,5758,6215,0,457,1.129,0.009,0,0,0,0,12.474,0.838
2018/9/21 4:00,6896,7366,6,464,1.131,0.009,0.319,1.384,0,0,12.12,0.866
2018/9/21 5:00,7536,8143,64,543,1.133,0.009,63.243,130.376,0,0,13.095,0.969
2018/9/21 6:00,7587,8369,192,590,1.132,0.01,219.953,357.778,0,0,15.753,1.396
2018/9/21 7:00,7396,8314,382,536,1.124,0.01,387.628,562.663,0,0,18.379,1.687
2018/9/21 8:00,7189,8398,534,675,1.114,0.01,530.453,730.375,0,0,21.036,2.091
2018/9/21 9:00,6700,8467,652,1115,1.107,0.01,629.897,849.31,0,0,22.918,2.264
2018/9/21 10:00,5916,8251,787,1548,1.103,0.01,679.04,911.47,0,0,24.121,2.302
2018/9/21 11:00,5742,8085,824,1519,1.099,0.01,675.857,912.547,0,0,24.879,2.263
2018/9/21 12:00,5910,8042,751,1381,1.097,0.01,615.234,852.448,0,0,25.223,2.162
2018/9/21 13:00,6134,7993,627,1232,1.095,0.01,501.98,735.258,0,0,25.179,2.012
2018/9/21 14:00,6270,7916,464,1182,1.095,0.011,359.541,568.929,0,0,24.735,1.828
2018/9/21 15:00,6569,7984,255,1160,1.095,0.011,197.671,364.764,0,0,23.691,1.417
2018/9/21 16:00,7208,7978,90,680,1.098,0.012,51.711,136.729,0,0,20.986,0.95
2018/9/21 17:00,7307,7969,13,649,1.102,0.011,0.262,2.481,0,0,18.813,1.139
2018/9/21 18:00,6513,7526,0,1013,1.107,0.011,0,0,0,0,17.951,1.38
2018/9/21 19:00,5414,6891,0,1477,1.112,0.011,0,0,0,0,17.341,1.489
2018/9/21 20:00,5535,6639,0,1104,1.117,0.011,0,0,0,0,16.689,1.525
2018/9/21 21:00,5634,6222,0,588,1.122,0.011,0,0,0,0,16.034,1.519
2018/9/21 22:00,4748,5996,0,1248,1.126,0.01,0,0,0,0,15.419,1.69
2018/9/21 23:00,3953,5531,0,1578,1.132,0.01,0,0,0,0,14.755,2.285
2018/9/22 0:00,3514,5509,0,1995,1.138,0.009,0,0,0,0,13.7,2.883
2018/9/22 1:00,2888,5408,0,2520,1.145,0.009,0,0,0,0,12.544,2.881
2018/9/22 2:00,2682,5244,0,2562,1.152,0.008,0,0,0,0,11.422,2.857
2018/9/22 3:00,3019,5499,0,2480,1.158,0.007,0,0,0,0,10.169,2.835
2018/9/22 4:00,3489,5964,2,2473,1.164,0.007,0.029,0.891,0,0,9.105,2.373
2018/9/22 5:00,4630,6461,29,1802,1.167,0.007,19.335,123.913,0,0,8.668,1.941
2018/9/22 6:00,6042,6859,70,747,1.167,0.007,77.134,351.208,0,0,9.165,1.709
2018/9/22 7:00,6454,7145,130,561,1.164,0.007,155.643,556.242,0,0,10.237,1.736
2018/9/22 8:00,6550,7252,196,506,1.16,0.007,234.474,723.999,0,0,11.475,1.854
2018/9/22 9:00,6459,7354,272,623,1.157,0.006,327.866,843.071,0,0,12.57,1.882
2018/9/22 10:00,5867,7060,369,824,1.155,0.006,340.083,905.268,0,0,13.267,1.813
2018/9/22 11:00,5708,6840,398,734,1.153,0.006,307.6,906.319,0,0,13.618,1.688
2018/9/22 12:00,5642,6556,355,559,1.151,0.006,344.788,846.21,0,0,14.062,1.529
2018/9/22 13:00,5791,6425,290,344,1.149,0.006,371.834,728.912,0,0,14.52,1.465
2018/9/22 14:00,5973,6420,221,226,1.148,0.006,282.559,562.468,0,0,14.414,1.392
2018/9/22 15:00,6262,6570,137,171,1.148,0.006,116.877,358.195,0,0,13.569,0.987
2018/9/22 16:00,6526,6709,60,123,1.149,0.007,31.935,130.143,0,0,12.109,0.597
2018/9/22 17:00,6550,6766,10,206,1.151,0.007,0.233,1.935,0,0,10.82,0.644
2018/9/22 18:00,6100,6416,0,316,1.153,0.007,0,0,0,0,10.494,0.662
2018/9/22 19:00,5655,5933,0,278,1.154,0.007,0,0,0,0,9.841,0.779
2018/9/22 20:00,5519,5790,0,271,1.155,0.007,0,0,0,0,9.72,0.807
2018/9/22 21:00,5172,5427,0,255,1.155,0.007,0,0,0,0,9.492,0.781
2018/9/22 22:00,5015,5202,0,187,1.156,0.007,0,0,0,0,9.405,0.75
2018/9/22 23:00,4676,4892,0,216,1.156,0.007,0,0,0,0,9.417,0.727
2018/9/23 0:00,4463,4768,0,305,1.156,0.007,0,0,0,0,9.466,0.694
2018/9/23 1:00,4482,4598,0,116,1.156,0.007,0,0,0,0,9.466,0.686
2018/9/23 2:00,4516,4588,0,72,1.156,0.007,0,0,0,0,9.496,0.687
2018/9/23 3:00,4607,4721,0,114,1.156,0.007,0,0,0,0,9.449,0.654
2018/9/23 4:00,4752,4991,2,237,1.156,0.007,0.054,0.525,0,0,9.458,0.675
2018/9/23 5:00,4960,5415,35,420,1.155,0.007,29.347,117.504,0,0,10.023,0.805
2018/9/23 6:00,5261,5753,94,398,1.153,0.008,112.147,344.603,0,0,11.422,1.228
2018/9/23 7:00,5575,6072,176,321,1.148,0.008,201.699,549.77,0,0,12.927,1.475
2018/9/23 8:00,5821,6349,235,293,1.143,0.008,288.109,717.683,0,0,14.427,1.647
2018/9/23 9:00,5734,6568,276,558,1.138,0.009,347.305,836.781,0,0,15.819,1.798
2018/9/23 10:00,5087,6388,320,981,1.133,0.009,362.487,899.01,0,0,16.876,1.971
2018/9/23 11:00,4488,6129,345,1296,1.128,0.01,355.698,900.05,0,0,17.629,2.089
2018/9/23 12:00,4357,5887,335,1195,1.124,0.01,338.007,839.857,0,0,18.202,2.128
2018/9/23 13:00,4401,5796,300,1095,1.12,0.011,313.52,722.568,0,0,18.743,2.114
2018/9/23 14:00,4292,5867,249,1326,1.116,0.011,256.816,555.984,0,0,19.077,2.025
2018/9/23 15:00,4350,6132,168,1614,1.113,0.012,166.984,351.6,0,0,18.994,1.837
2018/9/23 16:00,4483,6490,82,1925,1.113,0.012,53.295,123.617,0,0,17.584,1.588
2018/9/23 17:00,4609,6668,16,2043,1.115,0.011,0.396,1.493,0,0,15.958,1.811
2018/9/23 18:00,4192,6497,0,2305,1.116,0.011,0,0,0,0,15.674,2.153
2018/9/23 19:00,3880,6105,0,2225,1.116,0.011,0,0,0,0,15.736,2.486
2018/9/23 20:00,4471,6097,0,1626,1.117,0.011,0,0,0,0,15.577,2.815
2018/9/23 21:00,4762,5698,0,936,1.122,0.011,0,0,0,0,14.929,3.227
2018/9/23 22:00,3704,5576,0,1872,1.13,0.01,0,0,0,0.001,13.813,3.52
2018/9/23 23:00,3264,5289,0,2025,1.141,0.008,0,0,0.001,0.002,12.161,4.403
2018/9/24 0:00,2685,5230,0,2545,1.151,0.007,0,0,0.001,0,10.402,4.521
2018/9/24 1:00,2631,5172,0,2541,1.16,0.006,0,0,0.001,0.001,8.769,4.374
2018/9/24 2:00,2861,5327,0,2466,1.167,0.006,0,0,0.002,0.003,7.521,3.819
2018/9/24 3:00,3585,5985,0,2400,1.171,0.006,0,0,0.008,0.011,6.845,3.247
2018/9/24 4:00,4857,7236,2,2377,1.174,0.005,0.053,0.267,0.018,0.017,6.398,2.777
2018/9/24 5:00,5685,8012,52,2275,1.176,0.005,38.778,111.167,0.032,0.022,6.387,2.657
2018/9/24 6:00,5782,8318,146,2390,1.176,0.005,162.804,337.99,0.047,0.021,7.177,3.048
2018/9/24 7:00,5742,8501,282,2477,1.175,0.005,321.199,543.261,0.059,0.016,8.264,3.452
2018/9/24 8:00,5787,8606,395,2424,1.173,0.005,467.104,711.232,0.064,0.01,9.444,3.615
2018/9/24 9:00,5941,8719,482,2296,1.172,0.005,572.011,830.393,0.061,0.003,10.371,3.677
2018/9/24 10:00,5635,8472,592,2245,1.17,0.005,633.849,892.671,0.052,0,11.06,3.638
2018/9/24 11:00,5545,8301,614,2142,1.169,0.005,622.49,893.777,0.043,0,11.517,3.593
2018/9/24 12:00,5495,8269,561,2213,1.168,0.004,540.157,833.538,0.036,0,11.543,3.521
2018/9/24 13:00,6098,8160,472,1590,1.168,0.004,441.474,716.128,0.03,0,11.324,3.429
2018/9/24 14:00,6004,8198,347,1847,1.169,0.004,325.059,549.51,0.026,0,10.887,3.317
2018/9/24 15:00,6476,8170,200,1494,1.17,0.004,187.533,344.947,0.025,0,10.205,3.054
2018/9/24 16:00,6791,8261,91,1379,1.172,0.004,52.994,117.19,0.025,0.001,8.88,2.345
2018/9/24 17:00,6349,8344,18,1977,1.176,0.005,0.361,1.138,0.026,0.002,7.133,1.843
2018/9/24 18:00,6107,7846,0,1739,1.179,0.005,0,0,0.026,0,6.46,1.722
2018/9/24 19:00,5428,7244,0,1816,1.182,0.005,0,0,0.027,0,5.899,1.627
2018/9/24 20:00,5032,6877,0,1845,1.184,0.004,0,0,0.027,0,5.442,1.625
2018/9/24 21:00,4951,6355,0,1404,1.186,0.004,0,0,0.027,0,5.142,1.63
2018/9/24 22:00,4547,6103,0,1556,1.187,0.004,0,0,0.027,0,4.92,1.657
2018/9/24 23:00,3999,5826,0,1827,1.189,0.004,0,0,0.028,0.001,4.644,1.656
2018/9/25 0:00,4027,5716,0,1689,1.19,0.004,0,0,0.029,0.001,4.467,1.826
2018/9/25 1:00,3760,5617,0,1857,1.191,0.004,0,0,0.03,0.002,4.271,1.928
2018/9/25 2:00,3823,5720,0,1897,1.193,0.005,0,0,0.031,0.002,4.005,1.86
2018/9/25 3:00,4494,6366,0,1872,1.195,0.005,0,0,0.032,0.002,3.69,1.747
2018/9/25 4:00,5637,7456,2,1817,1.197,0.004,0.022,0.11,0.033,0.002,3.296,1.599
2018/9/25 5:00,6501,8258,60,1697,1.199,0.004,45.552,104.91,0.034,0.002,3.523,1.647
2018/9/25 6:00,6748,8395,167,1480,1.198,0.005,187.917,331.355,0.035,0.001,5.225,2.21
2018/9/25 7:00,6135,8330,328,1867,1.196,0.004,365.77,536.723,0.035,0,6.755,2.647
2018/9/25 8:00,5979,8340,444,1917,1.192,0.004,518.81,704.762,0.034,0,8.217,2.739
2018/9/25 9:00,6133,8395,522,1740,1.189,0.004,619.26,824.026,0.03,0,9.411,2.696
2018/9/25 10:00,6141,8104,606,1357,1.186,0.004,664.795,886.322,0.025,0,10.32,2.594
2018/9/25 11:00,6395,8060,606,1059,1.183,0.004,655.064,887.377,0.02,0,10.941,2.495
2018/9/25 12:00,6420,7948,538,990,1.181,0.004,595.077,827.112,0.016,0,11.221,2.427
2018/9/25 13:00,6526,7925,444,955,1.18,0.004,497.923,709.686,0.013,0,11.18,2.371
2018/9/25 14:00,6619,7879,323,937,1.18,0.004,367.751,542.92,0.011,0,10.8,2.298
2018/9/25 15:00,7014,8007,190,803,1.181,0.004,212.144,338.322,0.01,0,9.987,2.065
2018/9/25 16:00,7507,8227,79,641,1.183,0.004,56.53,110.862,0.01,0,7.743,1.149
2018/9/25 17:00,7705,8321,12,604,1.187,0.004,0.296,0.859,0.009,0,5.293,1.002
2018/9/25 18:00,7150,7858,0,708,1.19,0.004,0,0,0.009,0,4.569,1.002
2018/9/25 19:00,6564,7169,0,605,1.194,0.004,0,0,0.01,0,3.907,0.967
2018/9/25 20:00,6344,6888,0,544,1.196,0.004,0,0,0.01,0,3.26,0.938
2018/9/25 21:00,5983,6452,0,469,1.198,0.004,0,0,0.01,0,2.768,0.953
2018/9/25 22:00,5827,6150,0,323,1.199,0.004,0,0,0.01,0,2.39,0.933
2018/9/25 23:00,5656,5882,0,226,1.2,0.004,0,0,0.01,0,2.008,0.907
2018/9/26 0:00,5643,5785,0,142,1.201,0.003,0,0,0.01,0,1.694,0.887
2018/9/26 1:00,5534,5642,0,108,1.201,0.003,0,0,0.01,0,1.53,0.847
2018/9/26 2:00,5730,5795,0,65,1.201,0.003,0,0,0.01,0,1.416,0.765
2018/9/26 3:00,6397,6442,0,45,1.202,0.003,0,0,0.01,0,1.292,0.632
2018/9/26 4:00,7548,7598,2,48,1.204,0.003,0.006,0.032,0.01,0,1.082,0.586
2018/9/26 5:00,8299,8408,60,49,1.206,0.003,52.325,98.757,0.01,0,1.635,0.582
2018/9/26 6:00,8361,8577,174,42,1.204,0.004,214.91,324.701,0.009,0,4.524,0.779
2018/9/26 7:00,8062,8453,352,39,1.196,0.004,386.775,530.184,0.009,0,7.463,1.215
2018/9/26 8:00,7829,8400,494,77,1.187,0.004,533.467,698.267,0.008,0,10.03,1.542
2018/9/26 9:00,7621,8461,599,241,1.179,0.004,642.561,817.57,0.006,0,12.039,1.665
2018/9/26 10:00,7131,8178,713,334,1.173,0.004,698.773,879.888,0.005,0,13.535,1.752
2018/9/26 11:00,6923,8087,732,432,1.168,0.004,698.728,880.938,0.004,0,14.617,1.811
2018/9/26 12:00,6800,7962,673,489,1.164,0.004,637.538,820.689,0.003,0,15.253,1.808
2018/9/26 13:00,6814,7936,572,550,1.161,0.004,526.99,703.187,0.002,0,15.446,1.724
2018/9/26 14:00,6869,7909,401,639,1.159,0.004,368.622,536.369,0.002,0,15.145,1.601
2018/9/26 15:00,7187,8088,221,680,1.16,0.005,201.569,331.637,0.001,0,14.059,1.335
2018/9/26 16:00,7496,8305,94,715,1.163,0.005,51.251,104.657,0.001,0,11.077,0.938
2018/9/26 17:00,7443,8462,18,1001,1.167,0.005,0.21,0.641,0.001,0,9.141,1.066
2018/9/26 18:00,6888,7941,0,1053,1.171,0.005,0,0,0.001,0,8.427,1.178
2018/9/26 19:00,6389,7227,0,838,1.174,0.005,0,0,0.001,0,7.796,1.188
2018/9/26 20:00,6420,6967,0,547,1.175,0.005,0,0,0.001,0,7.329,1.167
2018/9/26 21:00,6091,6464,0,373,1.174,0.005,0,0,0.001,0,6.949,1.067
2018/9/26 22:00,5919,6163,0,244,1.173,0.005,0,0,0.001,0,6.744,1.023
2018/9/26 23:00,5735,5872,0,137,1.172,0.004,0,0,0.001,0,6.529,1.061
2018/9/27 0:00,5676,5763,0,87,1.172,0.004,0,0,0.001,0,6.309,1.126
2018/9/27 1:00,5538,5626,0,88,1.172,0.004,0,0,0.001,0,6.084,1.193
2018/9/27 2:00,5673,5798,0,125,1.172,0.004,0,0,0.001,0,5.954,1.254
2018/9/27 3:00,6363,6502,0,139,1.173,0.004,0,0,0.001,0,5.748,1.283
2018/9/27 4:00,7580,7706,4,122,1.175,0.004,0.001,0.005,0.001,0,5.444,1.297
2018/9/27 5:00,8309,8490,63,118,1.176,0.004,46.781,92.731,0.001,0,6.025,1.375
2018/9/27 6:00,8417,8686,183,86,1.175,0.005,207.124,317.994,0.001,0,8.988,1.38
2018/9/27 7:00,8047,8475,367,61,1.169,0.005,375.991,523.538,0.001,0,12.178,1.086
2018/9/27 8:00,7841,8404,516,47,1.159,0.005,519.178,691.772,0.001,0,15.089,0.986
2018/9/27 9:00,7722,8392,630,40,1.151,0.005,621.925,811.085,0.001,0,17.35,0.854
2018/9/27 10:00,7352,8161,761,48,1.145,0.005,675.716,873.426,0.001,0,18.788,0.758
2018/9/27 11:00,7257,8093,789,47,1.14,0.005,675.812,874.491,0,0,19.742,0.659
2018/9/27 12:00,7178,7936,724,34,1.136,0.005,622.56,814.182,0,0,20.269,0.572
2018/9/27 13:00,7343,7987,612,32,1.134,0.005,520.241,696.581,0,0,20.351,0.524
2018/9/27 14:00,7487,7954,433,34,1.132,0.006,378.115,529.751,0,0,20.046,0.521
2018/9/27 15:00,7799,8084,237,48,1.132,0.007,210.951,324.934,0,0,19.283,0.541
2018/9/27 16:00,8048,8260,101,111,1.134,0.007,51.145,98.592,0,0,15.708,0.779
2018/9/27 17:00,8117,8394,18,259,1.138,0.006,0.152,0.472,0,0,13.193,0.996
2018/9/27 18:00,7440,7896,0,456,1.141,0.006,0,0,0,0,12.119,1.023
2018/9/27 19:00,6591,7218,0,627,1.144,0.006,0,0,0,0,11.23,1.063
2018/9/27 20:00,6343,6872,0,529,1.147,0.005,0,0,0,0,10.454,1.064
2018/9/27 21:00,5842,6377,0,535,1.148,0.005,0,0,0,0,9.928,1.046
2018/9/27 22:00,5601,6070,0,469,1.148,0.005,0,0,0,0,9.616,1.027
2018/9/27 23:00,5396,5788,0,392,1.149,0.005,0,0,0,0,9.337,1.03
2018/9/28 0:00,5019,5650,0,631,1.15,0.005,0,0,0,0,9.032,1.068
2018/9/28 1:00,4625,5589,0,964,1.151,0.005,0,0,0,0,8.692,1.115
2018/9/28 2:00,4494,5687,0,1193,1.152,0.005,0,0,0,0,8.318,1.146
2018/9/28 3:00,5302,6334,0,1032,1.154,0.005,0,0,0,0,7.861,1.142
2018/9/28 4:00,6733,7493,4,756,1.155,0.005,0,0,0,0,7.458,1.118
2018/9/28 5:00,7825,8290,62,403,1.156,0.005,43.605,86.873,0,0,7.865,1.117
2018/9/28 6:00,8068,8419,180,171,1.156,0.006,200.143,311.281,0,0,10.747,1.263
2018/9/28 7:00,7832,8293,360,101,1.15,0.006,367.48,516.959,0,0,13.671,1.186
2018/9/28 8:00,7686,8276,508,82,1.141,0.006,510.229,685.162,0,0,16.236,1.289
2018/9/28 9:00,7530,8236,622,84,1.134,0.006,613.081,804.591,0,0,18.19,1.264
2018/9/28 10:00,7102,7947,752,93,1.129,0.007,666.471,866.919,0,0,19.534,1.381
2018/9/28 11:00,6929,7786,780,77,1.125,0.007,666.144,867.973,0,0,20.35,1.518
2018/9/28 12:00,6857,7656,711,88,1.122,0.007,612.076,807.679,0,0,20.683,1.618
2018/9/28 13:00,6847,7533,596,90,1.121,0.007,508.014,690.029,0,0,20.556,1.632
2018/9/28 14:00,7082,7615,418,115,1.12,0.007,361.504,523.095,0,0,19.892,1.517
2018/9/28 15:00,7370,7751,230,151,1.122,0.008,191.628,318.231,0,0,18.421,0.972
2018/9/28 16:00,7630,7914,95,189,1.125,0.008,40.162,92.671,0,0,15.203,0.715
2018/9/28 17:00,7655,7987,18,314,1.13,0.008,0.056,0.34,0,0,13.353,0.929
2018/9/28 18:00,6770,7450,0,680,1.135,0.007,0,0,0,0,12.945,1.221
2018/9/28 19:00,5886,6816,0,930,1.141,0.007,0,0,0,0,12.372,1.725
2018/9/28 20:00,5309,6578,0,1269,1.148,0.007,0,0,0,0,11.515,2.065
2018/9/28 21:00,4402,6133,0,1731,1.153,0.007,0,0,0,0,10.798,2.038
2018/9/28 22:00,3848,5880,0,2032,1.157,0.007,0,0,0,0,10.182,1.861
2018/9/28 23:00,3496,5599,0,2103,1.16,0.007,0,0,0,0,9.666,1.888
2018/9/29 0:00,3437,5477,0,2040,1.163,0.006,0,0,0,0,9.094,1.789
2018/9/29 1:00,3290,5317,0,2027,1.166,0.006,0,0,0,0,8.669,1.789
2018/9/29 2:00,3561,5268,0,1707,1.168,0.006,0,0,0,0,8.329,1.834
2018/9/29 3:00,3853,5427,0,1574,1.171,0.006,0,0,0,0,7.797,1.7
2018/9/29 4:00,4190,5876,0,1686,1.175,0.006,0,0,0,0,6.925,1.481
2018/9/29 5:00,4748,6485,48,1689,1.178,0.006,31.042,81.195,0,0,6.517,1.584
2018/9/29 6:00,5333,6892,142,1417,1.178,0.005,166.556,304.554,0,0,7.773,2.127
2018/9/29 7:00,5296,7060,281,1483,1.174,0.005,340.366,510.269,0,0,9.386,2.568
2018/9/29 8:00,4961,7041,406,1674,1.17,0.005,498.457,678.569,0,0,10.947,2.626
2018/9/29 9:00,4952,7022,508,1562,1.166,0.005,610.533,798.007,0,0,12.282,2.662
2018/9/29 10:00,4631,6691,640,1420,1.163,0.005,671.515,860.418,0,0,13.264,2.609
2018/9/29 11:00,4471,6454,676,1307,1.16,0.005,675.512,861.463,0,0,13.917,2.497
2018/9/29 12:00,4478,6302,627,1197,1.157,0.004,622.157,801.071,0,0,14.245,2.401
2018/9/29 13:00,4588,6291,538,1165,1.156,0.004,517.847,683.412,0,0,14.182,2.308
2018/9/29 14:00,4974,6369,375,1020,1.155,0.004,372.87,516.455,0,0,13.656,2.168
2018/9/29 15:00,5677,6602,205,720,1.157,0.004,202.83,311.495,0,0,12.533,1.874
2018/9/29 16:00,6235,6865,89,541,1.16,0.005,44.311,86.917,0,0,9.416,1.007
2018/9/29 17:00,6429,7008,15,564,1.165,0.005,0.062,0.236,0,0,6.959,1.012
2018/9/29 18:00,5992,6636,0,644,1.169,0.005,0,0,0,0,6.182,1.016
2018/9/29 19:00,5425,6156,0,731,1.172,0.005,0,0,0,0,5.447,0.995
2018/9/29 20:00,5415,6033,0,618,1.175,0.004,0,0,0,0,4.829,0.975
2018/9/29 21:00,5234,5612,0,378,1.176,0.004,0,0,0,0,4.382,0.958
2018/9/29 22:00,4930,5320,0,390,1.178,0.004,0,0,0,0,4.027,0.951
2018/9/29 23:00,4623,5015,0,392,1.179,0.004,0,0,0,0,3.769,0.936
2018/9/30 0:00,4612,4957,0,345,1.18,0.004,0,0,0,0,3.505,0.911
2018/9/30 1:00,4502,4816,0,314,1.18,0.004,0,0,0,0,3.217,0.906
2018/9/30 2:00,4501,4818,0,317,1.181,0.004,0,0,0,0,3.008,0.901
2018/9/30 3:00,4508,4971,0,463,1.181,0.004,0,0,0,0,2.834,0.907
2018/9/30 4:00,4679,5275,0,596,1.182,0.004,0,0,0,0,2.598,0.901
2018/9/30 5:00,4970,5727,58,699,1.182,0.004,34.916,75.718,0,0,3.053,0.909
2018/9/30 6:00,5065,5918,171,682,1.18,0.005,186.827,297.816,0,0,5.828,1.331
2018/9/30 7:00,5098,6016,350,568,1.171,0.005,355.879,503.573,0,0,8.993,1.87
2018/9/30 8:00,4771,6134,508,855,1.161,0.005,506.078,671.894,0,0,11.616,2.166
2018/9/30 9:00,4630,6203,626,947,1.155,0.005,611.951,791.408,0,0,13.402,2.226
2018/9/30 10:00,4174,5921,758,989,1.149,0.005,666.349,853.783,0,0,14.716,2.225
2018/9/30 11:00,3826,5708,781,1101,1.144,0.005,665.968,854.809,0,0,15.634,2.163
2018/9/30 12:00,3631,5545,713,1201,1.141,0.005,611.653,794.499,0,0,16.136,2.07
2018/9/30 13:00,3819,5603,601,1183,1.138,0.005,506.182,676.825,0,0,16.157,1.983
2018/9/30 14:00,4161,5710,418,1131,1.138,0.005,360.314,509.755,0,0,15.646,1.884
2018/9/30 15:00,4732,5994,224,1038,1.139,0.006,190.281,304.75,0,0,14.433,1.589
2018/9/30 16:00,5339,6482,92,1051,1.143,0.006,37.874,81.323,0,0,11.361,1.074
2018/9/30 17:00,5328,6788,16,1444,1.148,0.006,0.027,0.157,0,0,9.475,1.167
2018/9/30 18:00,4900,6533,0,1633,1.152,0.006,0,0,0,0,8.684,1.244
2018/9/30 19:00,4399,6073,0,1674,1.155,0.005,0,0,0,0,7.819,1.303
2018/9/30 20:00,4318,6091,0,1773,1.156,0.005,0,0,0,0,7.17,1.317
2018/9/30 21:00,3876,5705,0,1829,1.157,0.005,0,0,0,0,6.814,1.273
2018/9/30 22:00,3702,5486,0,1784,1.157,0.005,0,0,0,0,6.592,1.197
2018/9/30 23:00,3524,5260,0,1736,1.157,0.005,0,0,0,0,6.463,1.126
2018/10/1 0:00,3735,5197,0,1462,1.157,0.005,0,0,0,0,6.282,1.036
2018/10/1 1:00,3958,5121,0,1163,1.158,0.005,0,0,0,0,6.067,0.948
2018/10/1 2:00,4293,5276,0,983,1.158,0.005,0,0,0,0,5.782,0.905
2018/10/1 3:00,5256,6012,0,756,1.158,0.005,0,0,0.001,0.003,5.352,0.866
2018/10/1 4:00,6668,7349,4,677,1.16,0.005,0,0,0.008,0.012,4.986,0.808
2018/10/1 5:00,7534,8294,40,720,1.161,0.005,29.923,70.429,0.021,0.017,5.159,0.766
2018/10/1 6:00,8022,8629,128,479,1.162,0.006,148.438,291.059,0.036,0.017,7.085,0.914
2018/10/1 7:00,8141,8655,297,217,1.157,0.006,270.831,496.873,0.049,0.018,9.065,1.227
2018/10/1 8:00,8154,8726,412,160,1.151,0.006,369.427,665.293,0.063,0.02,10.831,1.53
2018/10/1 9:00,8178,8841,476,187,1.148,0.006,431.86,784.732,0.079,0.024,11.773,1.51
2018/10/1 10:00,7953,8652,558,141,1.146,0.006,453.453,847.129,0.096,0.023,12.307,1.251
2018/10/1 11:00,7956,8580,532,92,1.145,0.006,438.501,848.229,0.11,0.021,12.574,0.989
2018/10/1 12:00,7900,8444,473,71,1.144,0.006,379.093,787.822,0.124,0.023,12.523,1.238
2018/10/1 13:00,7966,8476,396,114,1.145,0.006,280.456,670.143,0.142,0.026,12.122,1.493
2018/10/1 14:00,7840,8592,251,501,1.147,0.006,153.814,503.049,0.162,0.025,11.317,1.67
2018/10/1 15:00,7598,8694,114,982,1.15,0.006,67.482,298.004,0.18,0.022,10.254,1.593
2018/10/1 16:00,7603,8823,43,1177,1.154,0.006,11.218,75.905,0.198,0.02,8.941,1.432
2018/10/1 17:00,7248,8517,6,1263,1.158,0.006,0.006,0.098,0.215,0.022,8.013,1.594
2018/10/1 18:00,6644,7968,0,1324,1.162,0.006,0,0,0.239,0.03,7.356,1.646
2018/10/1 19:00,5934,7203,0,1269,1.165,0.006,0,0,0.266,0.03,6.807,1.626
2018/10/1 20:00,5686,6836,0,1150,1.167,0.006,0,0,0.294,0.031,6.334,1.566
2018/10/1 21:00,5093,6314,0,1221,1.169,0.006,0,0,0.323,0.033,5.948,1.466
2018/10/1 22:00,4562,6026,0,1464,1.17,0.006,0,0,0.36,0.048,5.637,1.401
2018/10/1 23:00,4476,5792,0,1316,1.172,0.005,0,0,0.396,0.039,5.359,1.351
2018/10/2 0:00,4497,5698,0,1201,1.173,0.005,0,0,0.421,0.023,5.234,1.503
2018/10/2 1:00,4292,5629,0,1337,1.175,0.005,0,0,0.438,0.019,5.049,1.505
2018/10/2 2:00,4311,5681,0,1370,1.176,0.005,0,0,0.451,0.014,4.881,1.447
2018/10/2 3:00,5334,6362,0,1028,1.177,0.005,0,0,0.461,0.012,4.686,1.377
2018/10/2 4:00,6749,7657,0,908,1.178,0.005,0,0,0.47,0.01,4.466,1.38
2018/10/2 5:00,7651,8686,32,1003,1.18,0.005,11.172,65.334,0.477,0.009,4.38,1.43
2018/10/2 6:00,7836,8983,94,1053,1.18,0.005,80.161,284.298,0.481,0.006,4.981,1.761
2018/10/2 7:00,7459,8879,189,1231,1.179,0.005,214.135,490.134,0.478,0.003,5.877,2.209
2018/10/2 8:00,7278,8865,274,1313,1.177,0.005,376.515,658.582,0.464,0.001,7.041,2.6
2018/10/2 9:00,6820,8752,349,1583,1.175,0.005,488.16,778.063,0.436,0.001,8.114,2.901
2018/10/2 10:00,6409,8440,468,1563,1.172,0.004,557.646,840.509,0.392,0,9.053,2.985
2018/10/2 11:00,6252,8364,513,1599,1.169,0.004,575.88,841.561,0.34,0,9.852,2.91
2018/10/2 12:00,5979,8215,486,1750,1.166,0.004,540.998,781.148,0.294,0,10.387,2.816
2018/10/2 13:00,6177,8164,414,1573,1.164,0.004,464.125,663.432,0.255,0,10.623,2.731
2018/10/2 14:00,6383,8142,291,1468,1.162,0.004,329.724,496.311,0.225,0,10.43,2.603
2018/10/2 15:00,6670,8197,160,1367,1.162,0.004,170.161,291.217,0.208,0,9.724,2.182
2018/10/2 16:00,7380,8449,68,1001,1.164,0.004,28.032,70.659,0.203,0,7.661,1.372
2018/10/2 17:00,7684,8498,12,802,1.167,0.004,0.007,0.057,0.202,0,6.228,1.308
2018/10/2 18:00,7351,7966,0,615,1.17,0.005,0,0,0.202,0,6.057,1.441
2018/10/2 19:00,6604,7247,0,643,1.171,0.005,0,0,0.202,0,6.055,1.589
2018/10/2 20:00,6008,6892,0,884,1.172,0.005,0,0,0.203,0.001,6.096,1.74
2018/10/2 21:00,5298,6393,0,1095,1.172,0.005,0,0,0.203,0.001,6.222,1.859
2018/10/2 22:00,4915,6033,0,1118,1.171,0.005,0,0,0.203,0.001,6.353,1.918
2018/10/2 23:00,4616,5765,0,1149,1.171,0.005,0,0,0.203,0,6.331,1.905
2018/10/3 0:00,4531,5670,0,1139,1.17,0.005,0,0,0.202,0,6.171,1.889
2018/10/3 1:00,4451,5693,0,1242,1.17,0.005,0,0,0.202,0,5.972,1.872
2018/10/3 2:00,4363,5772,0,1409,1.17,0.005,0,0,0.201,0,5.899,1.85
2018/10/3 3:00,4702,6393,0,1691,1.171,0.005,0,0,0.2,0,5.896,1.863
2018/10/3 4:00,5996,7649,2,1651,1.171,0.006,0,0,0.199,0,5.82,1.851
2018/10/3 5:00,6954,8483,32,1497,1.17,0.006,19.037,60.43,0.198,0,6.209,1.992
2018/10/3 6:00,6963,8711,83,1665,1.168,0.006,113.575,277.517,0.195,0,8.111,2.288
2018/10/3 7:00,7050,8667,155,1462,1.163,0.006,227.72,483.399,0.187,0,10.013,2.684
2018/10/3 8:00,6908,8779,210,1661,1.157,0.006,333.563,651.851,0.172,0,11.729,2.918
2018/10/3 9:00,6892,8910,263,1755,1.153,0.006,390.15,771.351,0.149,0,12.829,3.03
2018/10/3 10:00,6320,8662,340,2002,1.151,0.007,398.297,833.812,0.126,0,13.417,3.16
2018/10/3 11:00,6102,8549,369,2078,1.15,0.007,362.046,834.86,0.106,0,13.68,3.252
2018/10/3 12:00,6439,8424,342,1643,1.149,0.007,373.009,774.419,0.091,0,13.957,3.272
2018/10/3 13:00,6510,8322,290,1522,1.148,0.007,318.66,656.696,0.079,0,13.961,3.238
2018/10/3 14:00,6773,8264,208,1283,1.149,0.007,242.02,489.56,0.07,0,13.696,3.037
2018/10/3 15:00,7357,8355,118,880,1.15,0.007,124.061,284.453,0.065,0,12.936,2.454
2018/10/3 16:00,7757,8615,54,804,1.153,0.007,18.857,65.598,0.063,0,11.115,1.664
2018/10/3 17:00,7560,8563,8,995,1.157,0.006,0.002,0.029,0.062,0,9.588,1.397
2018/10/3 18:00,6769,7994,0,1225,1.161,0.006,0,0,0.061,0,8.743,1.232
2018/10/3 19:00,6028,7320,0,1292,1.165,0.006,0,0,0.06,0,8.018,1.108
2018/10/3 20:00,5808,6910,0,1102,1.168,0.006,0,0,0.059,0,7.455,1.038
2018/10/3 21:00,5509,6394,0,885,1.17,0.006,0,0,0.058,0,6.912,0.976
2018/10/3 22:00,5194,6002,0,808,1.172,0.006,0,0,0.058,0,6.456,0.948
2018/10/3 23:00,5014,5798,0,784,1.173,0.006,0,0,0.057,0,6.158,0.953
2018/10/4 0:00,4910,5620,0,710,1.174,0.006,0,0,0.057,0,5.822,0.946
2018/10/4 1:00,4950,5620,0,670,1.175,0.006,0,0,0.057,0,5.428,0.936
2018/10/4 2:00,5237,5831,0,594,1.177,0.006,0,0,0.057,0,5.099,0.944
2018/10/4 3:00,5790,6402,0,612,1.178,0.005,0,0,0.056,0,4.775,0.922
2018/10/4 4:00,7091,7684,0,593,1.18,0.005,0,0,0.056,0,4.455,0.904
2018/10/4 5:00,8144,8625,38,443,1.182,0.005,23.133,55.718,0.056,0,4.582,0.96
2018/10/4 6:00,8326,8676,135,215,1.181,0.006,152.925,270.734,0.056,0,7.055,1.155
2018/10/4 7:00,8167,8565,310,88,1.174,0.006,323.425,476.63,0.053,0,9.969,1.08
2018/10/4 8:00,7937,8475,447,91,1.165,0.006,473.506,645.118,0.046,0,12.58,1.124
2018/10/4 9:00,7690,8326,534,102,1.16,0.005,576.234,764.629,0.037,0,14.167,1.16
2018/10/4 10:00,7261,8074,643,170,1.156,0.005,630.576,827.07,0.029,0,15.193,1.113
2018/10/4 11:00,7122,7961,675,164,1.152,0.005,631.336,828.134,0.022,0,15.95,1.036
2018/10/4 12:00,7036,7810,646,128,1.15,0.005,579.515,767.695,0.017,0,16.367,0.968
2018/10/4 13:00,7126,7761,553,82,1.148,0.005,478.028,649.956,0.013,0,16.382,0.914
2018/10/4 14:00,7426,7827,361,40,1.147,0.005,336.501,482.78,0.011,0,15.886,0.852
2018/10/4 15:00,7867,8068,169,32,1.148,0.006,172.326,277.648,0.009,0,14.661,0.627
2018/10/4 16:00,8257,8377,72,48,1.151,0.006,28.788,60.718,0.009,0,11.438,0.78
2018/10/4 17:00,8305,8434,12,117,1.155,0.006,0.003,0.013,0.009,0,9.312,0.981
2018/10/4 18:00,7761,7988,0,227,1.158,0.005,0,0,0.009,0,8.282,0.994
2018/10/4 19:00,6832,7210,0,378,1.161,0.005,0,0,0.009,0,7.64,1.036
2018/10/4 20:00,6299,6874,0,575,1.164,0.005,0,0,0.009,0,7.16,1.069
2018/10/4 21:00,5701,6350,0,649,1.166,0.005,0,0,0.008,0,6.753,1.047
2018/10/4 22:00,5330,6065,0,735,1.167,0.005,0,0,0.008,0,6.406,1.001
2018/10/4 23:00,5071,5838,0,767,1.169,0.005,0,0,0.008,0,6,0.953
2018/10/5 0:00,4916,5727,0,811,1.17,0.005,0,0,0.008,0,5.681,0.924
2018/10/5 1:00,4739,5630,0,891,1.171,0.005,0,0,0.008,0,5.384,0.926
2018/10/5 2:00,4839,5806,0,967,1.172,0.005,0,0,0.008,0,5.141,0.944
2018/10/5 3:00,5400,6418,0,1018,1.174,0.005,0,0,0.008,0,4.822,0.964
2018/10/5 4:00,6460,7604,0,1144,1.176,0.005,0,0,0.008,0,4.516,1.004
2018/10/5 5:00,7127,8429,38,1264,1.178,0.005,22.969,51.211,0.008,0,4.614,1.11
2018/10/5 6:00,7161,8516,143,1212,1.177,0.005,156.93,263.931,0.008,0,7.154,1.5
2018/10/5 7:00,6846,8322,340,1136,1.17,0.006,326.174,469.838,0.008,0,10.045,1.759
2018/10/5 8:00,6515,8239,496,1228,1.158,0.006,476.486,638.296,0.007,0,13.092,2.222
2018/10/5 9:00,6196,8182,592,1394,1.149,0.006,583.383,757.865,0.005,0,15.466,2.36
2018/10/5 10:00,5415,7916,723,1778,1.143,0.006,638.006,820.318,0.004,0,17.062,2.395
2018/10/5 11:00,4987,7850,756,2107,1.138,0.006,637.897,821.391,0.003,0,18.03,2.4
2018/10/5 12:00,4910,7648,708,2030,1.135,0.006,583.881,760.931,0.002,0,18.491,2.392
2018/10/5 13:00,4942,7553,603,2008,1.133,0.006,480.757,643.196,0.002,0,18.428,2.365
2018/10/5 14:00,5399,7619,389,1831,1.133,0.006,337.888,476.008,0.001,0,17.81,2.255
2018/10/5 15:00,5897,7814,173,1744,1.135,0.007,171.461,270.854,0.001,0,16.099,1.715
2018/10/5 16:00,6308,8114,68,1738,1.14,0.007,27.032,56.029,0.001,0,12.443,1.285
2018/10/5 17:00,6301,8225,12,1912,1.146,0.006,0.001,0.004,0.001,0,10.524,1.371
2018/10/5 18:00,5618,7556,0,1938,1.15,0.006,0,0,0.001,0,9.579,1.39
2018/10/5 19:00,5008,7020,0,2012,1.154,0.006,0,0,0.001,0,8.79,1.361
2018/10/5 20:00,4755,6785,0,2030,1.157,0.006,0,0,0.001,0,8.123,1.357
2018/10/5 21:00,4236,6388,0,2152,1.16,0.005,0,0,0.001,0,7.584,1.374
2018/10/5 22:00,3855,6077,0,2222,1.161,0.005,0,0,0.001,0,7.216,1.423
2018/10/5 23:00,3578,5790,0,2212,1.163,0.005,0,0,0.001,0,6.948,1.465
2018/10/6 0:00,3491,5613,0,2122,1.164,0.005,0,0,0.001,0,6.728,1.492
2018/10/6 1:00,3386,5433,0,2047,1.164,0.005,0,0,0.001,0,6.621,1.489
2018/10/6 2:00,3451,5442,0,1991,1.164,0.005,0,0,0.001,0,6.582,1.463
2018/10/6 3:00,3807,5709,0,1902,1.164,0.005,0,0,0.001,0,6.522,1.46
2018/10/6 4:00,4310,6146,0,1836,1.165,0.006,0,0,0.001,0,6.394,1.438
2018/10/6 5:00,4788,6609,38,1783,1.165,0.006,17.689,46.901,0.001,0,6.511,1.451
2018/10/6 6:00,5165,6924,141,1618,1.163,0.006,132.364,257.159,0.001,0,8.558,1.632
2018/10/6 7:00,5244,7013,314,1455,1.156,0.006,275.11,463.056,0.001,0,11.132,1.707
2018/10/6 8:00,4927,6953,442,1584,1.144,0.007,399.175,631.544,0.001,0,14.232,2.045
2018/10/6 9:00,4707,6958,522,1729,1.133,0.007,486.866,751.074,0.001,0,16.832,2.318
2018/10/6 10:00,4267,6738,632,1839,1.126,0.008,536.206,813.518,0,0,18.605,2.409
2018/10/6 11:00,4014,6515,637,1864,1.121,0.008,530.92,814.587,0,0,19.634,2.409
2018/10/6 12:00,3844,6428,568,2016,1.118,0.008,476.818,754.164,0,0,20.099,2.382
2018/10/6 13:00,3787,6410,467,2156,1.116,0.008,374.879,636.351,0,0,19.995,2.329
2018/10/6 14:00,4093,6489,303,2093,1.116,0.009,238.675,469.208,0,0,19.335,2.193
2018/10/6 15:00,4632,6722,135,1955,1.118,0.009,103.463,264.064,0,0,17.711,1.743
2018/10/6 16:00,4894,7015,46,2075,1.122,0.009,13.668,51.533,0,0,15.289,1.527
2018/10/6 17:00,4998,7060,6,2056,1.127,0.009,0,0.001,0,0,13.9,1.563
2018/10/6 18:00,4699,6601,0,1902,1.131,0.009,0,0,0,0,13.177,1.514
2018/10/6 19:00,4264,6096,0,1832,1.133,0.009,0,0,0,0,12.685,1.459
2018/10/6 20:00,4327,6097,0,1770,1.135,0.009,0,0,0,0,12.303,1.372
2018/10/6 21:00,4092,5675,0,1583,1.136,0.009,0,0,0,0,11.991,1.27
2018/10/6 22:00,4029,5374,0,1345,1.136,0.009,0,0,0,0,11.778,1.178
2018/10/6 23:00,3924,5067,0,1143,1.137,0.009,0,0,0,0,11.516,1.099
2018/10/7 0:00,3885,4986,0,1101,1.137,0.009,0,0,0,0,11.286,1.063
2018/10/7 1:00,3757,4786,0,1029,1.138,0.009,0,0,0,0,11.051,1.058
2018/10/7 2:00,3816,4760,0,944,1.138,0.008,0,0,0,0,10.807,1.068
2018/10/7 3:00,4187,4911,0,724,1.139,0.008,0,0,0,0,10.596,1.031
2018/10/7 4:00,4459,5193,0,734,1.141,0.008,0,0,0,0,10.384,0.953
2018/10/7 5:00,5004,5664,35,625,1.142,0.008,8.396,42.792,0,0,10.341,0.885
2018/10/7 6:00,5500,6016,113,403,1.142,0.009,61.98,250.345,0,0,11.437,0.979
2018/10/7 7:00,5765,6261,222,274,1.141,0.009,134.952,456.251,0,0,12.82,0.962
2018/10/7 8:00,5992,6476,320,164,1.136,0.009,206.217,624.743,0,0,14.618,0.909
2018/10/7 9:00,6101,6605,405,99,1.131,0.009,269.98,744.261,0,0,16.178,0.942
2018/10/7 10:00,5790,6406,535,81,1.128,0.009,303.562,806.704,0,0,17.061,0.892
2018/10/7 11:00,5520,6144,561,63,1.126,0.009,302.989,807.73,0,0,17.487,0.833
2018/10/7 12:00,5483,6055,512,60,1.125,0.009,263.329,747.362,0,0,17.582,0.769
2018/10/7 13:00,5512,5998,429,57,1.125,0.009,204.937,629.544,0,0,17.346,0.707
2018/10/7 14:00,5727,6084,282,75,1.126,0.009,131.431,462.425,0,0,16.783,0.552
2018/10/7 15:00,6059,6270,125,86,1.128,0.01,61.443,257.275,0,0,15.834,0.347
2018/10/7 16:00,6568,6710,39,103,1.13,0.009,9.919,47.233,0,0,14.536,0.438
2018/10/7 17:00,6702,6830,2,126,1.133,0.009,0,0,0,0,13.501,0.632
2018/10/7 18:00,6285,6410,0,125,1.136,0.009,0,0,0,0,12.809,0.732
2018/10/7 19:00,5851,5982,0,131,1.138,0.009,0,0,0,0,12.28,0.819
2018/10/7 20:00,5799,5960,0,161,1.14,0.009,0,0,0,0,11.805,0.902
2018/10/7 21:00,5388,5602,0,214,1.142,0.008,0,0,0,0,11.394,0.981
2018/10/7 22:00,5160,5449,0,289,1.143,0.008,0,0,0,0,11.021,1.087
2018/10/7 23:00,4779,5258,0,479,1.146,0.008,0,0,0,0,10.686,1.192
2018/10/8 0:00,4594,5219,0,625,1.148,0.008,0,0,0,0,10.448,1.369
2018/10/8 1:00,4432,5132,0,700,1.151,0.008,0,0,0,0,10.066,1.381
2018/10/8 2:00,4642,5362,0,720,1.153,0.008,0,0,0,0,9.677,1.265
2018/10/8 3:00,5184,6025,0,841,1.155,0.007,0,0,0,0,9.309,1.194
2018/10/8 4:00,6592,7449,0,857,1.157,0.007,0,0,0,0,8.935,1.192
2018/10/8 5:00,7532,8340,29,779,1.159,0.007,9.796,38.879,0,0,8.735,1.248
2018/10/8 6:00,7936,8667,92,639,1.16,0.007,96.697,243.538,0,0,9.931,1.435
2018/10/8 7:00,7901,8556,186,469,1.157,0.008,227.779,449.455,0,0,11.683,1.597
2018/10/8 8:00,7815,8523,268,440,1.151,0.008,353.907,617.896,0,0,13.639,1.571
2018/10/8 9:00,7699,8530,341,490,1.145,0.008,461.705,737.451,0,0,15.314,1.542
2018/10/8 10:00,7374,8269,432,463,1.141,0.008,535.763,799.907,0,0,16.721,1.496
2018/10/8 11:00,7294,8178,474,410,1.136,0.008,550.97,800.945,0,0,17.721,1.452
2018/10/8 12:00,7259,8036,446,331,1.133,0.008,509.012,740.506,0,0,18.25,1.421
2018/10/8 13:00,7297,7924,379,248,1.132,0.008,406.006,622.758,0,0,18.231,1.39
2018/10/8 14:00,7429,7917,268,220,1.132,0.008,269.985,455.608,0,0,17.674,1.306
2018/10/8 15:00,7662,8042,131,249,1.133,0.009,127.664,250.484,0,0,16.354,0.872
2018/10/8 16:00,8146,8476,44,286,1.137,0.008,16.294,43.132,0,0,13.317,0.735
2018/10/8 17:00,8102,8409,3,304,1.141,0.008,0,0,0,0,11.926,0.873
2018/10/8 18:00,7461,7763,0,302,1.145,0.008,0,0,0,0,11.273,0.881
2018/10/8 19:00,6904,7146,0,242,1.148,0.008,0,0,0,0,10.626,0.864
2018/10/8 20:00,6595,6796,0,201,1.151,0.008,0,0,0,0,9.971,0.822
2018/10/8 21:00,6154,6278,0,124,1.153,0.007,0,0,0,0,9.431,0.792
2018/10/8 22:00,5828,5918,0,90,1.154,0.007,0,0,0,0,9.156,0.791
2018/10/8 23:00,5615,5689,0,74,1.155,0.007,0,0,0,0,8.905,0.784
2018/10/9 0:00,5535,5611,0,76,1.156,0.007,0,0,0,0,8.673,0.788
2018/10/9 1:00,5458,5536,0,78,1.157,0.007,0,0,0,0,8.417,0.808
2018/10/9 2:00,5521,5622,0,101,1.158,0.007,0,0,0,0,8.196,0.803
2018/10/9 3:00,6236,6332,0,96,1.16,0.007,0,0,0,0,7.967,0.795
2018/10/9 4:00,7544,7601,0,57,1.162,0.007,0,0,0,0,7.732,0.778
2018/10/9 5:00,8416,8505,38,51,1.164,0.007,11.107,35.165,0,0,7.758,0.751
2018/10/9 6:00,8565,8733,130,38,1.165,0.007,103.01,236.768,0,0,9.392,0.89
2018/10/9 7:00,8229,8550,292,29,1.161,0.008,251.12,442.644,0,0,11.532,0.745
2018/10/9 8:00,8076,8527,419,32,1.151,0.008,405.733,611.075,0,0,14.256,0.467
2018/10/9 9:00,7890,8429,506,33,1.143,0.008,523.109,730.605,0,0,16.6,0.831
2018/10/9 10:00,7482,8141,620,39,1.136,0.008,583.011,793.014,0,0,18.342,1.273
2018/10/9 11:00,7372,8065,648,45,1.131,0.008,582.457,794.035,0,0,19.39,1.48
2018/10/9 12:00,7276,7949,606,67,1.128,0.008,525.789,733.675,0,0,19.822,1.549
2018/10/9 13:00,7278,7908,513,117,1.127,0.008,425.584,615.876,0,0,19.747,1.554
2018/10/9 14:00,7412,7914,337,165,1.127,0.008,285.715,448.781,0,0,19.112,1.472
2018/10/9 15:00,7742,8077,148,187,1.129,0.009,129.915,243.691,0,0,17.385,0.841
2018/10/9 16:00,8240,8480,44,196,1.133,0.009,15.351,39.229,0,0,14.124,0.795
2018/10/9 17:00,8199,8451,2,250,1.137,0.008,0,0,0,0,12.721,0.89
2018/10/9 18:00,7467,7782,0,315,1.14,0.008,0,0,0,0,11.941,0.892
2018/10/9 19:00,6838,7115,0,277,1.143,0.008,0,0,0,0,11.305,0.873
2018/10/9 20:00,6521,6795,0,274,1.146,0.008,0,0,0,0,10.75,0.815
2018/10/9 21:00,5948,6273,0,325,1.148,0.007,0,0,0,0,10.365,0.784
2018/10/9 22:00,5677,5968,0,291,1.149,0.007,0,0,0,0,10.093,0.782
2018/10/9 23:00,5534,5814,0,280,1.15,0.007,0,0,0,0,9.813,0.784
2018/10/10 0:00,5371,5692,0,321,1.15,0.007,0,0,0,0,9.499,0.781
2018/10/10 1:00,5284,5598,0,314,1.151,0.007,0,0,0,0,9.166,0.769
2018/10/10 2:00,5302,5688,0,386,1.152,0.007,0,0,0,0,8.883,0.758
2018/10/10 3:00,5926,6365,0,439,1.154,0.007,0,0,0,0,8.58,0.755
2018/10/10 4:00,7164,7624,0,460,1.156,0.007,0,0,0,0,8.21,0.76
2018/10/10 5:00,8051,8546,38,457,1.158,0.007,11.491,31.653,0,0,8.052,0.768
2018/10/10 6:00,8151,8713,142,420,1.159,0.007,120.115,229.975,0,0,10.302,0.987
2018/10/10 7:00,7915,8535,321,299,1.154,0.008,283.06,435.824,0,0,12.837,1.261
2018/10/10 8:00,7815,8465,463,187,1.144,0.008,429.071,604.273,0,0,15.664,1.706
2018/10/10 9:00,7691,8461,556,214,1.137,0.008,539.081,723.73,0,0,17.83,2.015
2018/10/10 10:00,7191,8242,682,369,1.132,0.008,593.575,786.118,0,0,19.118,2.155
2018/10/10 11:00,6909,8147,710,528,1.128,0.007,594.454,787.206,0,0,19.861,2.246
2018/10/10 12:00,6713,8056,654,689,1.126,0.007,541.735,726.806,0,0,20.127,2.29
2018/10/10 13:00,6745,8023,547,731,1.125,0.007,439.343,609.086,0,0,19.903,2.258
2018/10/10 14:00,6982,8063,357,724,1.126,0.008,298.415,441.95,0,0,19.123,2.052
2018/10/10 15:00,7455,8200,147,598,1.128,0.008,137.846,236.9,0,0,17.14,1.336
2018/10/10 16:00,7843,8585,36,706,1.132,0.008,14.862,35.526,0,0,13.704,1.093
2018/10/10 17:00,7727,8512,0,785,1.137,0.007,0,0,0,0,12.156,1.155
2018/10/10 18:00,7236,7944,0,708,1.142,0.007,0,0,0,0,11.363,1.171
2018/10/10 19:00,6546,7210,0,664,1.145,0.007,0,0,0,0,10.705,1.146
2018/10/10 20:00,6168,6843,0,675,1.148,0.007,0,0,0,0,10.112,1.092
2018/10/10 21:00,5703,6370,0,667,1.15,0.007,0,0,0,0,9.637,1.041
2018/10/10 22:00,5516,6118,0,602,1.151,0.007,0,0,0,0,9.269,1.031
2018/10/10 23:00,5216,5878,0,662,1.152,0.007,0,0,0,0,8.976,1.041
2018/10/11 0:00,5201,5800,0,599,1.153,0.007,0,0,0,0,8.726,1.05
2018/10/11 1:00,5051,5688,0,637,1.153,0.007,0,0,0,0,8.44,1.037
2018/10/11 2:00,5197,5849,0,652,1.154,0.007,0,0,0,0,8.188,1.036
2018/10/11 3:00,5832,6420,0,588,1.156,0.006,0,0,0,0,7.924,1.037
2018/10/11 4:00,7056,7669,0,613,1.157,0.006,0,0,0,0,7.618,1.025
2018/10/11 5:00,7915,8512,38,559,1.159,0.006,10.953,28.337,0,0,7.484,1.016
2018/10/11 6:00,7982,8603,140,481,1.159,0.007,127.723,223.197,0,0,9.631,1.275
2018/10/11 7:00,7821,8463,319,323,1.154,0.007,287.823,428.99,0,0,12.395,1.574
2018/10/11 8:00,7703,8403,459,241,1.143,0.007,428.613,597.395,0,0,15.373,2.032
2018/10/11 9:00,7623,8466,552,291,1.135,0.007,530.737,716.838,0,0,17.578,2.405
2018/10/11 10:00,7112,8184,685,387,1.13,0.007,583.098,779.261,0,0,18.923,2.521
2018/10/11 11:00,6804,8104,713,587,1.126,0.007,582.092,780.28,0,0,19.745,2.543
2018/10/11 12:00,6520,8011,652,839,1.124,0.007,525.992,719.883,0,0,20.108,2.539
2018/10/11 13:00,6465,8014,546,1003,1.123,0.007,419.419,602.191,0,0,19.981,2.506
2018/10/11 14:00,6745,8048,352,951,1.123,0.007,278.739,435.141,0,0,19.297,2.292
2018/10/11 15:00,7239,8210,142,829,1.125,0.008,122.764,230.121,0,0,17.31,1.564
2018/10/11 16:00,7600,8634,34,1000,1.13,0.008,10.784,32.022,0,0,14.095,1.2
2018/10/11 17:00,7454,8667,0,1213,1.135,0.007,0,0,0,0,12.79,1.213
2018/10/11 18:00,6661,7934,0,1273,1.14,0.007,0,0,0,0,12.016,1.177
2018/10/11 19:00,6049,7200,0,1151,1.143,0.007,0,0,0,0,11.374,1.118
2018/10/11 20:00,5629,6838,0,1209,1.146,0.007,0,0,0,0,10.803,1.064
2018/10/11 21:00,4944,6397,0,1453,1.148,0.007,0,0,0,0,10.28,1.004
2018/10/11 22:00,4899,6102,0,1203,1.15,0.007,0,0,0,0,9.873,0.965
2018/10/11 23:00,4837,5876,0,1039,1.151,0.007,0,0,0,0,9.543,0.951
2018/10/12 0:00,4686,5830,0,1144,1.152,0.007,0,0,0,0,9.283,0.962
2018/10/12 1:00,4494,5752,0,1258,1.154,0.007,0,0,0,0,9.036,0.992
2018/10/12 2:00,4556,5830,0,1274,1.155,0.007,0,0,0,0,8.829,1.036
2018/10/12 3:00,5258,6498,0,1240,1.156,0.007,0,0,0,0,8.639,1.073
2018/10/12 4:00,6511,7666,0,1155,1.158,0.007,0,0,0,0,8.502,1.08
2018/10/12 5:00,7463,8531,38,1030,1.159,0.007,8.477,25.225,0,0,8.597,1.12
2018/10/12 6:00,7518,8612,137,957,1.158,0.007,102.191,216.424,0,0,10.441,1.295
2018/10/12 7:00,7447,8442,308,687,1.155,0.008,245.516,422.193,0,0,13.219,1.346
2018/10/12 8:00,7434,8390,444,512,1.145,0.007,387.051,590.504,0,0,16.292,1.625
2018/10/12 9:00,7301,8360,534,525,1.138,0.007,493.312,709.993,0,0,18.276,1.91
2018/10/12 10:00,6657,8014,667,690,1.134,0.007,553.428,772.328,0,0,19.48,1.906
2018/10/12 11:00,6334,7832,698,800,1.131,0.007,558.407,773.384,0,0,20.217,1.794
2018/10/12 12:00,6358,7706,639,709,1.129,0.007,510.768,713.045,0,0,20.539,1.669
2018/10/12 13:00,6523,7650,534,593,1.128,0.008,413.004,595.353,0,0,20.381,1.577
2018/10/12 14:00,6831,7669,344,494,1.128,0.008,276.835,428.316,0,0,19.646,1.468
2018/10/12 15:00,7289,7867,140,438,1.13,0.009,123.232,223.36,0,0,17.607,0.884
2018/10/12 16:00,7704,8207,34,469,1.134,0.008,11.233,28.718,0,0,14.341,1.012
2018/10/12 17:00,7541,8077,0,536,1.139,0.007,0,0,0,0,13.087,1.094
2018/10/12 18:00,7025,7515,0,490,1.143,0.007,0,0,0,0,12.392,1.043
2018/10/12 19:00,6517,6948,0,431,1.146,0.007,0,0,0,0,11.699,0.967
2018/10/12 20:00,6314,6675,0,361,1.149,0.007,0,0,0,0,11.009,0.921
2018/10/12 21:00,5938,6273,0,335,1.151,0.007,0,0,0,0,10.416,0.929
2018/10/12 22:00,5630,5998,0,368,1.152,0.007,0,0,0,0,9.961,0.927
2018/10/12 23:00,5257,5693,0,436,1.153,0.007,0,0,0,0,9.54,0.909
2018/10/13 0:00,5088,5508,0,420,1.154,0.007,0,0,0,0,9.207,0.906
2018/10/13 1:00,4868,5339,0,471,1.156,0.007,0,0,0,0,8.873,0.902
2018/10/13 2:00,4795,5376,0,581,1.157,0.007,0,0,0,0,8.547,0.9
2018/10/13 3:00,5001,5660,0,659,1.159,0.007,0,0,0,0,8.13,0.888
2018/10/13 4:00,5430,6073,0,643,1.162,0.007,0,0,0,0,7.599,0.858
2018/10/13 5:00,5963,6658,36,659,1.165,0.007,7.436,22.31,0,0,7.31,0.839
2018/10/13 6:00,6260,6976,131,585,1.165,0.007,106.469,209.663,0,0,9.282,0.961
2018/10/13 7:00,6319,7028,296,413,1.162,0.007,261.699,415.37,0,0,12.023,1.172
2018/10/13 8:00,6276,7000,428,296,1.152,0.007,405.241,583.674,0,0,14.8,1.541
2018/10/13 9:00,6115,6967,520,332,1.143,0.007,513.5,703.095,0,0,17.173,1.972
2018/10/13 10:00,5636,6726,656,434,1.138,0.007,568.068,765.41,0,0,18.578,2.184
2018/10/13 11:00,5273,6538,693,572,1.134,0.007,569.399,766.499,0,0,19.351,2.287
2018/10/13 12:00,5007,6407,638,762,1.131,0.007,519.009,706.116,0,0,19.624,2.33
2018/10/13 13:00,4923,6341,530,888,1.13,0.007,418.541,588.483,0,0,19.392,2.296
2018/10/13 14:00,5237,6436,340,859,1.13,0.007,279.593,421.498,0,0,18.597,2.064
2018/10/13 15:00,5841,6704,139,724,1.133,0.008,121.712,216.597,0,0,16.478,1.297
2018/10/13 16:00,6230,7092,33,829,1.137,0.007,10.091,25.615,0,0,13.158,1.117
2018/10/13 17:00,6058,6978,0,920,1.142,0.007,0,0,0,0,11.793,1.178
2018/10/13 18:00,5546,6564,0,1018,1.145,0.007,0,0,0,0,11.057,1.202
2018/10/13 19:00,5294,6234,0,940,1.148,0.006,0,0,0,0,10.488,1.185
2018/10/13 20:00,5092,6046,0,954,1.151,0.006,0,0,0,0,10.086,1.129
2018/10/13 21:00,4654,5669,0,1015,1.152,0.006,0,0,0,0,9.697,1.039
2018/10/13 22:00,4401,5418,0,1017,1.153,0.006,0,0,0,0,9.325,0.973
2018/10/13 23:00,4183,5152,0,969,1.153,0.006,0,0,0,0,9.008,0.936
2018/10/14 0:00,4102,5055,0,953,1.154,0.006,0,0,0,0,8.71,0.934
2018/10/14 1:00,3976,4890,0,914,1.155,0.006,0,0,0,0,8.385,0.97
2018/10/14 2:00,3999,4848,0,849,1.156,0.006,0,0,0,0,8.08,1.025
2018/10/14 3:00,4258,5049,0,791,1.158,0.006,0,0,0,0,7.746,1.075
2018/10/14 4:00,4457,5291,0,834,1.16,0.006,0,0,0,0,7.348,1.098
2018/10/14 5:00,4838,5769,38,893,1.162,0.006,6.972,19.594,0,0,7.069,1.102
2018/10/14 6:00,4903,5985,136,946,1.163,0.006,111.031,202.929,0,0,8.786,1.414
2018/10/14 7:00,5116,6121,313,692,1.158,0.006,267.171,408.553,0,0,11.385,1.688
2018/10/14 8:00,5123,6193,451,619,1.148,0.006,410.241,576.776,0,0,14.24,2.157
2018/10/14 9:00,4881,6271,546,844,1.139,0.006,515.667,696.155,0,0,16.515,2.596
2018/10/14 10:00,4266,6034,675,1093,1.134,0.006,570.431,758.544,0,0,17.897,2.764
2018/10/14 11:00,3637,5806,702,1467,1.131,0.006,570.994,759.58,0,0,18.675,2.838
2018/10/14 12:00,3409,5693,639,1645,1.128,0.005,517.94,699.193,0,0,18.943,2.852
2018/10/14 13:00,3396,5696,530,1770,1.128,0.005,415.259,581.653,0,0,18.687,2.795
2018/10/14 14:00,3913,5889,337,1639,1.128,0.006,274.345,414.709,0,0,17.786,2.534
2018/10/14 15:00,4802,6228,135,1291,1.131,0.006,116.201,209.861,0,0,15.644,1.771
2018/10/14 16:00,5583,6720,33,1104,1.136,0.006,8.538,22.71,0,0,12.303,1.328
2018/10/14 17:00,5368,6777,0,1409,1.141,0.006,0,0,0,0,10.932,1.324
2018/10/14 18:00,4884,6576,0,1692,1.145,0.005,0,0,0,0,10.222,1.326
2018/10/14 19:00,4586,6221,0,1635,1.148,0.005,0,0,0,0,9.662,1.308
2018/10/14 20:00,4592,6135,0,1543,1.151,0.005,0,0,0,0,9.096,1.265
2018/10/14 21:00,4305,5759,0,1454,1.154,0.005,0,0,0,0,8.613,1.232
2018/10/14 22:00,4084,5533,0,1449,1.156,0.005,0,0,0,0,8.217,1.203
2018/10/14 23:00,3884,5338,0,1454,1.157,0.005,0,0,0,0,7.959,1.173
2018/10/15 0:00,4079,5279,0,1200,1.158,0.005,0,0,0,0,7.765,1.143
2018/10/15 1:00,4053,5204,0,1151,1.158,0.005,0,0,0,0,7.462,1.112
2018/10/15 2:00,4176,5432,0,1256,1.159,0.005,0,0,0,0,7.126,1.09
2018/10/15 3:00,5028,6174,0,1146,1.16,0.005,0,0,0,0,6.876,1.113
2018/10/15 4:00,6375,7486,0,1111,1.161,0.005,0,0,0,0,6.665,1.147
2018/10/15 5:00,7232,8360,36,1092,1.162,0.005,5.3,17.077,0,0,6.55,1.186
2018/10/15 6:00,7323,8562,126,1113,1.162,0.005,91.148,196.21,0,0,8.202,1.465
2018/10/15 7:00,7421,8525,279,825,1.159,0.005,222.837,401.741,0,0,10.785,1.749
2018/10/15 8:00,7532,8586,403,651,1.15,0.006,343.428,569.96,0,0,13.35,2.047
2018/10/15 9:00,7236,8664,492,936,1.143,0.006,423.102,689.298,0,0,15.363,2.156
2018/10/15 10:00,6833,8451,614,1004,1.138,0.006,458.719,751.608,0,0,16.581,2.223
2018/10/15 11:00,6808,8436,631,997,1.135,0.006,450.476,752.653,0,0,17.235,2.279
2018/10/15 12:00,6811,8335,556,968,1.133,0.006,403.817,692.34,0,0,17.421,2.285
2018/10/15 13:00,7029,8253,451,773,1.132,0.006,306.135,574.766,0,0,17.087,2.197
2018/10/15 14:00,7418,8263,289,556,1.134,0.007,190.357,407.901,0,0,16.263,1.948
2018/10/15 15:00,7781,8334,122,431,1.136,0.007,77.247,203.141,0,0,14.596,1.346
2018/10/15 16:00,8184,8678,32,462,1.14,0.007,5.793,20.003,0,0,12.296,1.046
2018/10/15 17:00,7980,8456,0,476,1.143,0.006,0,0,0,0,11.289,1.051
2018/10/15 18:00,7263,7826,0,563,1.146,0.006,0,0,0,0,10.478,1.03
2018/10/15 19:00,6557,7203,0,646,1.149,0.006,0,0,0,0,9.8,1.053
2018/10/15 20:00,6054,6846,0,792,1.152,0.006,0,0,0,0,9.181,1.081
2018/10/15 21:00,5494,6339,0,845,1.153,0.006,0,0,0,0,8.711,1.087
2018/10/15 22:00,5274,6138,0,864,1.154,0.006,0,0,0,0,8.417,1.096
2018/10/15 23:00,5066,5910,0,844,1.155,0.006,0,0,0,0,8.14,1.113
2018/10/16 0:00,4771,5729,0,958,1.156,0.006,0,0,0,0,7.837,1.136
2018/10/16 1:00,4689,5667,0,978,1.157,0.006,0,0,0,0,7.559,1.135
2018/10/16 2:00,4796,5819,0,1023,1.158,0.006,0,0,0,0,7.236,1.105
2018/10/16 3:00,5479,6498,0,1019,1.16,0.006,0,0,0,0,6.893,1.103
2018/10/16 4:00,6738,7659,0,921,1.161,0.006,0,0,0,0,6.551,1.096
2018/10/16 5:00,7668,8556,34,854,1.162,0.006,4.775,14.754,0,0,6.285,1.088
2018/10/16 6:00,7831,8649,116,702,1.162,0.006,93.973,189.494,0,0,8.155,1.262
2018/10/16 7:00,7676,8501,248,577,1.158,0.007,240.125,394.981,0,0,10.935,1.423
2018/10/16 8:00,7495,8398,353,550,1.148,0.007,376.202,563.065,0,0,13.957,1.582
2018/10/16 9:00,7283,8408,427,698,1.138,0.007,478.502,682.374,0,0,16.649,1.778
2018/10/16 10:00,6831,8160,526,803,1.132,0.007,532.471,744.668,0,0,18.186,1.836
2018/10/16 11:00,6739,8154,544,871,1.129,0.007,534.858,745.716,0,0,19.031,1.836
2018/10/16 12:00,6597,8011,495,919,1.127,0.007,482.666,685.431,0,0,19.333,1.807
2018/10/16 13:00,6606,7982,407,969,1.126,0.007,386.092,567.948,0,0,19.094,1.761
2018/10/16 14:00,6793,7999,265,941,1.127,0.007,250.928,401.117,0,0,18.229,1.625
2018/10/16 15:00,7178,8188,113,897,1.13,0.008,101.906,196.447,0,0,16.055,1.102
2018/10/16 16:00,7771,8692,30,891,1.135,0.007,6.172,17.491,0,0,13.062,1.163
2018/10/16 17:00,7538,8470,0,932,1.141,0.007,0,0,0,0,12.12,1.255
2018/10/16 18:00,7041,7857,0,816,1.145,0.007,0,0,0,0,11.401,1.14
2018/10/16 19:00,6448,7202,0,754,1.147,0.007,0,0,0,0,10.74,1.082
2018/10/16 20:00,6112,6872,0,760,1.149,0.007,0,0,0,0,10.125,1.04
2018/10/16 21:00,5749,6425,0,676,1.151,0.007,0,0,0,0,9.695,1.005
2018/10/16 22:00,5465,6122,0,657,1.151,0.007,0,0,0,0,9.32,0.978
2018/10/16 23:00,5136,5876,0,740,1.152,0.007,0,0,0,0,8.917,0.955
2018/10/17 0:00,5048,5774,0,726,1.153,0.007,0,0,0,0,8.538,0.94
2018/10/17 1:00,5105,5700,0,595,1.153,0.007,0,0,0,0,8.191,0.918
2018/10/17 2:00,5346,5856,0,510,1.154,0.007,0,0,0,0,7.929,0.89
2018/10/17 3:00,5993,6473,0,480,1.155,0.006,0,0,0,0,7.646,0.865
2018/10/17 4:00,7409,7771,0,362,1.157,0.006,0,0,0,0,7.332,0.842
2018/10/17 5:00,8408,8709,33,268,1.159,0.006,3.464,12.623,0,0,7.106,0.815
2018/10/17 6:00,8563,8851,107,181,1.16,0.007,75.881,182.815,0,0,8.446,0.758
2018/10/17 7:00,8358,8724,230,136,1.158,0.007,195.916,388.185,0,0,10.868,0.754
2018/10/17 8:00,8184,8649,333,132,1.151,0.007,311.663,556.257,0,0,13.219,0.803
2018/10/17 9:00,8094,8642,406,142,1.143,0.007,390.844,675.462,0,0,15.443,0.967
2018/10/17 10:00,7703,8380,504,173,1.137,0.007,439.726,737.737,0,0,16.911,1.204
2018/10/17 11:00,7637,8322,501,184,1.133,0.007,440.927,738.779,0,0,17.719,1.359
2018/10/17 12:00,7640,8269,434,195,1.131,0.008,392.282,678.503,0,0,17.947,1.438
2018/10/17 13:00,7657,8217,345,215,1.13,0.008,307.213,561.049,0,0,17.694,1.45
2018/10/17 14:00,7744,8189,221,224,1.131,0.008,198.504,394.368,0,0,16.92,1.322
2018/10/17 15:00,8038,8386,94,254,1.133,0.008,81.373,189.766,0,0,15.06,0.869
2018/10/17 16:00,8491,8782,26,265,1.137,0.008,4.973,15.176,0,0,12.616,0.919
2018/10/17 17:00,8295,8550,0,255,1.14,0.008,0,0,0,0,11.882,0.938
2018/10/17 18:00,7702,7945,0,243,1.142,0.007,0,0,0,0,11.341,0.891
2018/10/17 19:00,7023,7252,0,229,1.144,0.007,0,0,0,0,10.906,0.889
2018/10/17 20:00,6755,6980,0,225,1.146,0.007,0,0,0,0,10.533,0.876
2018/10/17 21:00,6265,6538,0,273,1.147,0.007,0,0,0,0,10.269,0.867
2018/10/17 22:00,5888,6214,0,326,1.147,0.007,0,0,0,0,9.981,0.85
2018/10/17 23:00,5548,5959,0,411,1.148,0.007,0,0,0,0,9.678,0.843
2018/10/18 0:00,5447,5878,0,431,1.148,0.007,0,0,0,0,9.435,0.833
2018/10/18 1:00,5431,5827,0,396,1.149,0.007,0,0,0,0,9.172,0.8
2018/10/18 2:00,5610,5956,0,346,1.15,0.007,0,0,0,0,8.9,0.787
2018/10/18 3:00,6370,6610,0,240,1.151,0.007,0,0,0,0,8.625,0.763
2018/10/18 4:00,7598,7760,0,162,1.153,0.007,0,0,0,0,8.352,0.769
2018/10/18 5:00,8586,8732,33,113,1.154,0.007,2.618,10.683,0,0,8.228,0.76
2018/10/18 6:00,8714,8902,110,78,1.155,0.007,70.264,176.162,0,0,9.246,0.598
2018/10/18 7:00,8536,8826,240,50,1.154,0.007,192.926,381.432,0,0,11.437,0.6
2018/10/18 8:00,8315,8709,354,40,1.147,0.007,323.556,549.408,0,0,13.815,0.595
2018/10/18 9:00,8213,8686,438,35,1.14,0.007,434.839,668.55,0,0,15.937,0.835
2018/10/18 10:00,7773,8376,571,32,1.134,0.007,500.259,730.796,0,0,17.392,0.931
2018/10/18 11:00,7621,8258,606,31,1.131,0.007,507.524,731.883,0,0,18.274,0.901
2018/10/18 12:00,7582,8159,546,31,1.128,0.007,444.913,671.652,0,0,18.52,0.825
2018/10/18 13:00,7667,8150,450,33,1.128,0.007,337.364,554.227,0,0,18.199,0.754
2018/10/18 14:00,7841,8182,285,56,1.129,0.007,201.895,387.579,0,0,17.345,0.697
2018/10/18 15:00,8219,8408,118,71,1.131,0.008,75.155,183.104,0,0,15.353,0.513
2018/10/18 16:00,8690,8787,30,67,1.135,0.007,3.665,13.057,0,0,13.274,0.735
2018/10/18 17:00,8453,8501,0,48,1.138,0.007,0,0,0,0,12.539,0.729
2018/10/18 18:00,7844,7888,0,44,1.141,0.007,0,0,0,0,12.05,0.636
2018/10/18 19:00,7282,7337,0,55,1.144,0.007,0,0,0,0,11.403,0.611
2018/10/18 20:00,6850,6952,0,102,1.147,0.007,0,0,0,0,10.508,0.715
2018/10/18 21:00,6283,6426,0,143,1.149,0.007,0,0,0,0,9.634,0.786
2018/10/18 22:00,5916,6097,0,181,1.151,0.007,0,0,0,0,8.992,0.828
2018/10/18 23:00,5590,5859,0,269,1.152,0.007,0,0,0,0,8.491,0.841
2018/10/19 0:00,5370,5732,0,362,1.154,0.007,0,0,0,0,8.056,0.853
2018/10/19 1:00,5181,5671,0,490,1.156,0.007,0,0,0,0,7.644,0.875
2018/10/19 2:00,5253,5770,0,517,1.158,0.007,0,0,0,0,7.257,0.924
2018/10/19 3:00,5854,6493,0,639,1.161,0.006,0,0,0,0,6.951,0.982
2018/10/19 4:00,6910,7672,0,762,1.163,0.006,0,0,0,0,6.649,1.007
2018/10/19 5:00,7915,8695,34,746,1.166,0.006,2.268,8.928,0,0,6.441,1.018
2018/10/19 6:00,7888,8783,114,781,1.167,0.007,68.513,169.551,0,0,7.716,1.329
2018/10/19 7:00,7697,8659,250,712,1.164,0.007,201.566,374.705,0,0,9.816,1.498
2018/10/19 8:00,7646,8588,357,585,1.157,0.007,344.672,542.585,0,0,12.19,1.635
2018/10/19 9:00,7420,8456,431,605,1.149,0.007,448.595,661.728,0,0,14.396,1.789
2018/10/19 10:00,6988,8153,524,641,1.144,0.007,502.19,723.924,0,0,15.852,1.829
2018/10/19 11:00,6782,7873,547,544,1.141,0.007,499.882,724.964,0,0,16.617,1.817
2018/10/19 12:00,6709,7743,490,544,1.138,0.007,446.238,664.747,0,0,16.892,1.792
2018/10/19 13:00,6749,7697,397,551,1.137,0.007,350.167,547.36,0,0,16.712,1.748
2018/10/19 14:00,7057,7748,257,434,1.138,0.007,220.276,380.846,0,0,15.983,1.553
2018/10/19 15:00,7538,8051,112,401,1.14,0.008,82.04,176.479,0,0,13.673,0.795
2018/10/19 16:00,7859,8500,30,611,1.144,0.007,3.68,11.13,0,0,10.839,0.992
2018/10/19 17:00,7508,8241,0,733,1.148,0.007,0,0,0,0,10.041,1.058
2018/10/19 18:00,6788,7565,0,777,1.152,0.007,0,0,0,0,9.476,1.052
2018/10/19 19:00,6106,6954,0,848,1.155,0.007,0,0,0,0,8.876,1.047
2018/10/19 20:00,5843,6666,0,823,1.159,0.007,0,0,0,0,8.267,1.023
2018/10/19 21:00,5310,6220,0,910,1.161,0.007,0,0,0,0,7.749,1.008
2018/10/19 22:00,4899,5902,0,1003,1.163,0.007,0,0,0,0,7.392,1.01
2018/10/19 23:00,4750,5665,0,915,1.164,0.007,0,0,0,0,7.088,1
2018/10/20 0:00,4786,5525,0,739,1.166,0.007,0,0,0,0,6.795,0.984
2018/10/20 1:00,4618,5359,0,741,1.167,0.006,0,0,0,0,6.522,0.988
2018/10/20 2:00,4563,5372,0,809,1.169,0.006,0,0,0,0,6.313,1.018
2018/10/20 3:00,4854,5695,0,841,1.17,0.006,0,0,0,0,6.07,1.104
2018/10/20 4:00,5252,6150,0,898,1.172,0.006,0,0,0,0,5.798,1.165
2018/10/20 5:00,5898,6693,33,762,1.174,0.006,1.616,7.355,0,0,5.562,1.23
2018/10/20 6:00,6296,7019,108,615,1.176,0.006,57.803,162.965,0,0,6.467,1.362
2018/10/20 7:00,6525,7192,231,436,1.174,0.006,172.143,367.999,0,0,8.661,1.458
2018/10/20 8:00,6544,7245,332,369,1.167,0.007,295.846,535.824,0,0,11.001,1.577
2018/10/20 9:00,6443,7256,403,410,1.16,0.007,397.866,654.821,0,0,13.01,1.661
2018/10/20 10:00,5973,6968,491,504,1.155,0.007,441.708,716.992,0,0,14.284,1.698
2018/10/20 11:00,5587,6685,492,606,1.152,0.006,438.925,718.035,0,0,15.012,1.859
2018/10/20 12:00,5570,6633,411,652,1.15,0.006,353.423,657.908,0,0,15.037,2.007
2018/10/20 13:00,5647,6631,317,667,1.15,0.006,260.787,540.601,0,0,14.663,2.006
2018/10/20 14:00,5682,6699,207,810,1.151,0.007,160.644,374.154,0,0,13.962,1.822
2018/10/20 15:00,6201,7003,96,706,1.153,0.007,56.573,169.882,0,0,12.409,1.256
2018/10/20 16:00,6424,7334,28,882,1.156,0.007,2.411,9.395,0,0,10.638,1.319
2018/10/20 17:00,5907,6995,0,1088,1.16,0.007,0,0,0,0,10.177,1.528
2018/10/20 18:00,5423,6560,0,1137,1.163,0.007,0,0,0,0,9.65,1.437
2018/10/20 19:00,4827,6140,0,1313,1.166,0.006,0,0,0,0,9.109,1.288
2018/10/20 20:00,4696,6034,0,1338,1.169,0.006,0,0,0,0,8.626,1.159
2018/10/20 21:00,4045,5645,0,1600,1.171,0.006,0,0,0,0,8.13,1.113
2018/10/20 22:00,3551,5384,0,1833,1.173,0.006,0,0,0,0,7.485,1.128
2018/10/20 23:00,3421,5134,0,1713,1.175,0.006,0,0,0,0,6.657,1.167
2018/10/21 0:00,3395,5029,0,1634,1.178,0.005,0,0,0,0,5.85,1.212
2018/10/21 1:00,3251,4891,0,1640,1.181,0.005,0,0,0,0,5.238,1.25
2018/10/21 2:00,3375,4894,0,1519,1.183,0.005,0,0,0,0,4.759,1.308
2018/10/21 3:00,3659,5105,0,1446,1.185,0.005,0,0,0,0,4.293,1.302
2018/10/21 4:00,3993,5293,0,1300,1.187,0.005,0,0,0,0,3.854,1.297
2018/10/21 5:00,4555,5778,25,1198,1.188,0.005,1.76,5.959,0,0,3.608,1.353
2018/10/21 6:00,4921,6145,79,1145,1.189,0.005,70.922,156.444,0,0,4.526,1.577
2018/10/21 7:00,5207,6446,170,1069,1.186,0.005,188.906,361.307,0,0,6.28,1.902
2018/10/21 8:00,5251,6708,243,1214,1.18,0.005,291.208,528.981,0,0,7.872,2.266
2018/10/21 9:00,5109,6843,296,1438,1.177,0.005,381.103,647.976,0,0,8.951,2.535
2018/10/21 10:00,4551,6595,364,1680,1.175,0.005,443.148,710.091,0,0,9.661,2.65
2018/10/21 11:00,4312,6394,388,1694,1.173,0.005,468.856,711.179,0,0,10.199,2.671
2018/10/21 12:00,4157,6252,353,1742,1.171,0.005,425.348,651.009,0,0,10.441,2.655
2018/10/21 13:00,4286,6213,291,1636,1.17,0.005,332.904,533.814,0,0,10.325,2.583
2018/10/21 14:00,4686,6297,196,1415,1.17,0.005,208.35,367.46,0,0,9.782,2.389
2018/10/21 15:00,5303,6575,91,1181,1.171,0.005,73.546,163.321,0,0,8.422,1.722
2018/10/21 16:00,5897,7135,30,1208,1.175,0.005,2.687,7.849,0,0,6.216,1.42
2018/10/21 17:00,5628,6991,0,1363,1.178,0.005,0,0,0,0,5.517,1.479
2018/10/21 18:00,5466,6668,0,1202,1.181,0.005,0,0,0,0,5.026,1.446
2018/10/21 19:00,5315,6276,0,961,1.183,0.005,0,0,0,0,4.594,1.4
2018/10/21 20:00,5462,6260,0,798,1.185,0.005,0,0,0,0,4.197,1.324
2018/10/21 21:00,5362,5912,0,550,1.186,0.005,0,0,0,0,3.924,1.23
2018/10/21 22:00,5121,5708,0,587,1.187,0.005,0,0,0,0,3.753,1.18
2018/10/21 23:00,4935,5505,0,570,1.187,0.005,0,0,0,0,3.588,1.132
2018/10/22 0:00,4971,5483,0,512,1.188,0.005,0,0,0,0,3.469,1.105
2018/10/22 1:00,4871,5416,0,545,1.188,0.005,0,0,0,0,3.388,1.146
2018/10/22 2:00,5146,5635,0,489,1.189,0.005,0,0,0,0,3.344,1.228
2018/10/22 3:00,5929,6397,0,468,1.19,0.005,0,0,0,0,3.162,1.202
2018/10/22 4:00,7170,7686,0,516,1.19,0.005,0,0,0,0,2.946,1.26
2018/10/22 5:00,8189,8721,25,507,1.191,0.005,0.891,4.734,0,0,2.744,1.265
2018/10/22 6:00,8358,8919,83,478,1.191,0.005,57.054,149.967,0,0,3.455,1.329
2018/10/22 7:00,8261,8827,186,380,1.188,0.005,187.99,354.654,0,0,5.655,1.442
2018/10/22 8:00,8150,8684,282,252,1.181,0.005,322.515,522.235,0,0,7.935,1.504
2018/10/22 9:00,7998,8662,355,309,1.174,0.005,445.387,641.107,0,0,9.902,1.539
2018/10/22 10:00,7587,8340,458,295,1.169,0.005,504.812,703.252,0,0,11.353,1.485
2018/10/22 11:00,7406,8228,489,333,1.164,0.005,515.145,704.275,0,0,12.312,1.436
2018/10/22 12:00,7463,8135,458,214,1.161,0.005,465.815,644.211,0,0,12.796,1.449
2018/10/22 13:00,7509,8112,385,218,1.159,0.005,369.142,527.023,0,0,12.761,1.495
2018/10/22 14:00,7692,8151,245,214,1.159,0.005,233.68,360.807,0,0,12.154,1.465
2018/10/22 15:00,8158,8414,106,150,1.161,0.006,83.366,156.783,0,0,9.917,0.757
2018/10/22 16:00,8677,8952,30,245,1.164,0.005,2.295,6.491,0,0,6.85,0.902
2018/10/22 17:00,8182,8702,0,520,1.168,0.005,0,0,0,0,5.966,0.924
2018/10/22 18:00,7235,8092,0,857,1.171,0.005,0,0,0,0,5.58,0.941
2018/10/22 19:00,6339,7440,0,1101,1.175,0.005,0,0,0,0,5.424,0.995
2018/10/22 20:00,5942,7104,0,1162,1.178,0.005,0,0,0,0.001,5.108,1.132
2018/10/22 21:00,5440,6608,0,1168,1.18,0.005,0,0,0,0.001,4.935,1.326
2018/10/22 22:00,5063,6358,0,1295,1.181,0.005,0,0,0,0,4.966,1.434
2018/10/22 23:00,4627,6103,0,1476,1.181,0.005,0,0,0,0,4.992,1.466
2018/10/23 0:00,4569,6017,0,1448,1.181,0.005,0,0,0,0,4.995,1.463
2018/10/23 1:00,4669,5895,0,1226,1.18,0.005,0,0,0,0,4.756,1.357
2018/10/23 2:00,4819,6006,0,1187,1.181,0.005,0,0,0,0,4.657,1.443
2018/10/23 3:00,5581,6687,0,1106,1.182,0.005,0,0,0,0,4.646,1.46
2018/10/23 4:00,6612,7889,0,1277,1.183,0.005,0,0,0,0,4.337,1.326
2018/10/23 5:00,7896,8820,24,900,1.184,0.005,0.844,3.674,0,0,3.815,1.145
2018/10/23 6:00,8403,9022,73,546,1.183,0.005,47.922,143.531,0,0,4.771,1.302
2018/10/23 7:00,8268,8937,159,510,1.18,0.005,116.127,348.004,0,0,6.531,1.53
2018/10/23 8:00,8111,8839,232,496,1.175,0.006,179.026,515.491,0,0,8.075,1.838
2018/10/23 9:00,7783,8844,291,770,1.17,0.005,230.511,634.323,0,0,9.329,2.342
2018/10/23 10:00,6800,8597,366,1431,1.166,0.005,250.363,696.359,0,0,10.176,2.7
2018/10/23 11:00,6596,8517,369,1552,1.162,0.005,225.299,697.378,0,0,10.612,2.897
2018/10/23 12:00,6564,8491,301,1626,1.159,0.005,200.83,637.312,0,0,10.912,3.035
2018/10/23 13:00,6603,8541,230,1708,1.156,0.005,160.762,520.269,0,0,10.991,3.018
2018/10/23 14:00,6776,8585,151,1658,1.155,0.005,99.52,354.184,0,0,10.615,2.844
2018/10/23 15:00,6626,8805,69,2110,1.154,0.005,38.482,150.3,0,0,9.795,2.79
2018/10/23 16:00,6408,9128,24,2696,1.155,0.005,1.311,5.317,0,0,8.96,2.942
2018/10/23 17:00,5911,8674,0,2763,1.156,0.005,0,0,0,0,8.831,3.156
2018/10/23 18:00,5408,8081,0,2673,1.157,0.005,0,0,0,0,8.648,3.368
2018/10/23 19:00,4736,7473,0,2737,1.158,0.005,0,0,0,0,8.387,3.522
2018/10/23 20:00,4477,7262,0,2785,1.159,0.005,0,0,0,0,8.112,3.6
2018/10/23 21:00,3936,6731,0,2795,1.159,0.005,0,0,0,0,7.827,3.723
2018/10/23 22:00,3625,6405,0,2780,1.159,0.005,0,0,0,0.001,7.612,3.865
2018/10/23 23:00,3298,6078,0,2780,1.16,0.005,0,0,0.001,0.003,7.488,3.945
2018/10/24 0:00,3239,5982,0,2743,1.16,0.005,0,0,0.002,0.002,7.366,4.021
2018/10/24 1:00,3220,5916,0,2696,1.16,0.005,0,0,0.007,0.01,7.228,4.082
2018/10/24 2:00,3371,6080,0,2709,1.159,0.005,0,0,0.016,0.013,7.163,4.165
2018/10/24 3:00,3918,6648,0,2730,1.158,0.006,0,0,0.026,0.018,7.174,4.174
2018/10/24 4:00,5157,7891,0,2734,1.157,0.006,0,0,0.039,0.02,7.227,4.157
2018/10/24 5:00,6149,8894,16,2729,1.157,0.006,0.514,2.775,0.047,0.014,7.304,4.132
2018/10/24 6:00,6375,9145,37,2733,1.156,0.006,36.356,137.169,0.05,0.009,7.789,4.074
2018/10/24 7:00,6428,9205,65,2712,1.154,0.006,103.008,341.41,0.048,0.005,8.844,4.125
2018/10/24 8:00,6815,9326,91,2420,1.153,0.006,159.647,508.782,0.043,0.003,9.646,4.137
2018/10/24 9:00,7017,9400,120,2263,1.152,0.006,213.078,627.548,0.037,0,10.127,4.202
2018/10/24 10:00,6979,9153,152,2022,1.153,0.006,257.139,689.542,0.031,0,10.378,4.27
2018/10/24 11:00,6752,9043,164,2127,1.153,0.006,279.846,690.585,0.026,0,10.538,4.308
2018/10/24 12:00,6403,8929,148,2378,1.153,0.006,245.404,630.556,0.023,0,10.503,4.247
2018/10/24 13:00,6125,8894,123,2646,1.153,0.006,177.598,513.582,0.02,0,10.269,4.062
2018/10/24 14:00,6093,8869,86,2690,1.155,0.006,114.907,347.581,0.018,0,9.828,3.769
2018/10/24 15:00,6366,8959,45,2548,1.157,0.006,38.744,143.847,0.016,0,9.064,3.269
2018/10/24 16:00,6693,9192,18,2481,1.16,0.006,0.378,4.323,0.015,0,8.114,2.808
2018/10/24 17:00,6231,8805,0,2574,1.163,0.006,0,0,0.015,0,7.615,2.631
2018/10/24 18:00,5718,8200,0,2482,1.165,0.006,0,0,0.014,0,7.225,2.479
2018/10/24 19:00,5458,7614,0,2156,1.167,0.006,0,0,0.013,0,6.882,2.293
2018/10/24 20:00,5433,7324,0,1891,1.168,0.006,0,0,0.013,0,6.468,1.944
2018/10/24 21:00,4774,6804,0,2030,1.169,0.006,0,0,0.013,0,6.101,1.724
2018/10/24 22:00,4549,6437,0,1888,1.17,0.006,0,0,0.012,0,6.029,1.766
2018/10/24 23:00,4773,6061,0,1288,1.17,0.006,0,0,0.012,0,6.001,1.659
2018/10/25 0:00,4988,5918,0,930,1.17,0.006,0,0,0.011,0,6.002,1.503
2018/10/25 1:00,5171,5854,0,683,1.169,0.006,0,0,0.011,0,6.16,1.472
2018/10/25 2:00,5485,6037,0,552,1.167,0.006,0,0,0.011,0,6.328,1.491
2018/10/25 3:00,5984,6682,0,698,1.165,0.006,0,0,0.011,0,6.813,1.759
2018/10/25 4:00,6779,7785,0,1006,1.162,0.006,0,0,0.01,0,7.147,1.898
2018/10/25 5:00,7718,8761,25,1018,1.161,0.006,0.296,2.027,0.01,0,7.398,2.094
2018/10/25 6:00,7897,8852,82,873,1.16,0.007,39.882,130.876,0.01,0,7.922,2.262
2018/10/25 7:00,7788,8787,172,827,1.158,0.007,141.479,334.821,0.01,0,9.383,2.517
2018/10/25 8:00,7665,8741,251,825,1.154,0.007,246.248,502.072,0.009,0,10.754,2.817
2018/10/25 9:00,7321,8735,323,1091,1.149,0.007,324.786,620.718,0.008,0,12.075,3.133
2018/10/25 10:00,6379,8568,426,1763,1.145,0.007,386.383,682.713,0.007,0,13.239,3.434
2018/10/25 11:00,6302,8506,446,1758,1.141,0.007,370.47,683.778,0.006,0,13.956,3.5
2018/10/25 12:00,6173,8339,395,1771,1.139,0.007,303.883,623.809,0.005,0,14.181,3.394
2018/10/25 13:00,5899,8357,318,2140,1.138,0.007,236.632,506.897,0.004,0,14.024,3.191
2018/10/25 14:00,5984,8344,201,2159,1.139,0.007,151.257,341.018,0.004,0,13.463,2.799
2018/10/25 15:00,6121,8445,88,2236,1.141,0.007,53.305,137.452,0.003,0,12.1,2.342
2018/10/25 16:00,6537,8715,26,2152,1.144,0.007,1.08,3.496,0.003,0,10.546,2.192
2018/10/25 17:00,6713,8323,0,1610,1.146,0.007,0,0,0.003,0,10.065,2.143
2018/10/25 18:00,5725,7800,0,2075,1.149,0.007,0,0,0.003,0,9.647,2.033
2018/10/25 19:00,5194,7283,0,2089,1.151,0.007,0,0,0.003,0,9.215,1.889
2018/10/25 20:00,4882,6839,0,1957,1.153,0.006,0,0,0.003,0,8.658,1.654
2018/10/25 21:00,4444,6313,0,1869,1.155,0.006,0,0,0.003,0,8.111,1.454
2018/10/25 22:00,4175,5927,0,1752,1.156,0.006,0,0,0.003,0,7.883,1.423
2018/10/25 23:00,4178,5626,0,1448,1.156,0.006,0,0,0.003,0,7.673,1.35
2018/10/26 0:00,4280,5460,0,1180,1.157,0.006,0,0,0.003,0,7.489,1.258
2018/10/26 1:00,4256,5293,0,1037,1.157,0.006,0,0,0.003,0,7.027,1.149
2018/10/26 2:00,4364,5271,0,907,1.158,0.006,0,0,0.003,0,6.639,1.1
2018/10/26 3:00,4730,5364,0,634,1.159,0.006,0,0,0.003,0,6.335,1.021
2018/10/26 4:00,5099,5543,0,444,1.159,0.006,0,0,0.003,0,6.088,0.92
2018/10/26 5:00,5774,6153,28,351,1.16,0.006,0.276,1.42,0.003,0,5.981,0.88
2018/10/26 6:00,6070,6454,88,296,1.16,0.006,40.894,124.652,0.003,0,6.63,0.861
2018/10/26 7:00,6163,6648,191,294,1.158,0.006,145.523,328.326,0.003,0,8.635,1.142
2018/10/26 8:00,6209,6652,282,161,1.151,0.006,270.896,495.45,0.003,0,10.926,1.311
2018/10/26 9:00,6185,6674,353,136,1.144,0.006,364.735,613.993,0.002,0,12.679,1.452
2018/10/26 10:00,5595,6336,447,294,1.139,0.006,417.474,675.936,0.002,0,13.901,1.536
2018/10/26 11:00,4986,6094,478,630,1.135,0.006,396.062,677.008,0.002,0,14.633,1.533
2018/10/26 12:00,4788,5894,442,664,1.131,0.006,387.145,617.068,0.001,0,15.136,1.519
2018/10/26 13:00,4757,5920,365,798,1.129,0.006,334.307,500.267,0.001,0,15.236,1.475
2018/10/26 14:00,5167,5984,228,589,1.129,0.007,205.308,334.493,0.001,0,14.593,1.311
2018/10/26 15:00,5610,6378,96,672,1.131,0.007,65.044,131.14,0.001,0,11.968,0.812
2018/10/26 16:00,6036,6987,27,924,1.134,0.007,0.899,2.809,0.001,0,9.587,0.955
2018/10/26 17:00,5746,6789,0,1043,1.137,0.007,0,0,0.001,0,8.995,1.107
2018/10/26 18:00,5431,6453,0,1022,1.14,0.007,0,0,0.001,0,8.352,1.103
2018/10/26 19:00,5268,6152,0,884,1.142,0.007,0,0,0.001,0,7.886,1.05
2018/10/26 20:00,5468,6088,0,620,1.144,0.007,0,0,0.001,0,7.6,1.031
2018/10/26 21:00,5395,5807,0,412,1.145,0.007,0,0,0.001,0,7.471,1
2018/10/26 22:00,5189,5418,0,229,1.146,0.007,0,0,0.001,0,7.517,0.921
2018/10/26 23:00,5030,5189,0,159,1.147,0.007,0,0,0.001,0,7.416,0.859
2018/10/27 0:00,4896,5059,0,163,1.148,0.007,0,0,0.001,0,7.175,0.802
2018/10/27 1:00,4781,4916,0,135,1.149,0.007,0,0,0.001,0,6.999,0.755
2018/10/27 2:00,4871,4973,0,102,1.15,0.007,0,0,0.003,0.006,6.826,0.713
2018/10/27 3:00,5153,5265,0,112,1.15,0.007,0,0,0.01,0.009,6.615,0.691
2018/10/27 4:00,5608,5732,0,124,1.151,0.006,0,0,0.026,0.025,6.471,0.704
2018/10/27 5:00,6115,6348,17,216,1.152,0.006,0.133,0.942,0.057,0.034,6.477,0.706
2018/10/27 6:00,6469,6764,45,250,1.154,0.006,20.015,118.527,0.093,0.037,6.863,0.877
2018/10/27 7:00,6731,7076,82,263,1.155,0.007,57.211,321.84,0.125,0.028,7.487,1.305
2018/10/27 8:00,6939,7303,108,256,1.155,0.007,89.403,488.856,0.143,0.015,7.771,1.468
2018/10/27 9:00,7040,7464,122,302,1.154,0.007,117.57,607.277,0.154,0.018,8.043,1.53
2018/10/27 10:00,6934,7342,138,270,1.153,0.007,134.129,669.18,0.171,0.031,8.283,1.473
2018/10/27 11:00,6814,7183,143,226,1.153,0.007,132.875,670.217,0.195,0.04,8.393,1.37
2018/10/27 12:00,6681,7025,125,219,1.152,0.006,109.293,610.361,0.232,0.058,8.315,1.298
2018/10/27 13:00,6617,6998,97,284,1.152,0.006,77.417,493.654,0.284,0.062,8.073,1.252
2018/10/27 14:00,6727,7098,64,307,1.153,0.006,41.381,328.012,0.345,0.069,7.64,1.206
2018/10/27 15:00,7032,7400,33,335,1.154,0.006,11.253,124.927,0.416,0.084,7.035,1.126
2018/10/27 16:00,7005,7389,14,370,1.156,0.006,0.126,2.242,0.502,0.09,6.574,1.232
2018/10/27 17:00,6643,6981,0,338,1.157,0.006,0,0,0.595,0.098,6.318,1.376
2018/10/27 18:00,6268,6586,0,318,1.158,0.006,0,0,0.731,0.161,6.113,1.492
2018/10/27 19:00,5769,6180,0,411,1.159,0.006,0,0,0.874,0.134,5.926,1.553
2018/10/27 20:00,5696,6094,0,398,1.16,0.006,0,0,0.979,0.096,5.774,1.597
2018/10/27 21:00,5393,5755,0,362,1.161,0.006,0,0,1.07,0.1,5.636,1.715
2018/10/27 22:00,5067,5393,0,326,1.161,0.006,0,0,1.186,0.14,5.533,1.796
2018/10/27 23:00,4848,5156,0,308,1.16,0.006,0,0,1.31,0.121,5.544,1.832
2018/10/28 0:00,4707,5055,0,348,1.159,0.006,0,0,1.409,0.094,5.581,1.862
2018/10/28 1:00,4509,4922,0,413,1.157,0.006,0,0,1.487,0.083,5.73,1.862
2018/10/28 2:00,4491,4886,0,395,1.156,0.006,0,0,1.552,0.073,5.905,1.732
2018/10/28 3:00,4640,4935,0,295,1.154,0.006,0,0,1.607,0.06,6.111,1.59
2018/10/28 4:00,4861,5136,0,275,1.153,0.006,0,0,1.652,0.051,6.208,1.509
2018/10/28 5:00,5237,5470,6,227,1.152,0.006,0.028,0.577,1.697,0.058,6.305,1.43
2018/10/28 6:00,5801,6034,54,179,1.151,0.007,16.309,112.513,1.743,0.053,6.77,1.442
2018/10/28 7:00,6096,6384,106,182,1.148,0.007,63.398,315.396,1.776,0.058,7.732,1.63
2018/10/28 8:00,6433,6685,156,96,1.145,0.008,120.496,482.265,1.771,0.057,8.825,1.701
2018/10/28 9:00,6582,6933,212,139,1.14,0.008,190.256,600.673,1.721,0.053,10.058,1.867
2018/10/28 10:00,6520,7030,294,216,1.134,0.008,244.601,662.473,1.623,0.028,11.464,2.12
2018/10/28 11:00,6164,6779,302,313,1.128,0.009,241.598,663.489,1.507,0.013,12.793,2.301
2018/10/28 12:00,5964,6538,234,340,1.125,0.009,153.58,603.654,1.409,0.007,13.204,2.109
2018/10/28 13:00,5715,6380,163,502,1.125,0.009,78.473,487.078,1.34,0.006,12.657,1.811
2018/10/28 14:00,5942,6329,100,287,1.126,0.009,44.6,321.604,1.299,0.009,12.017,1.891
2018/10/28 15:00,6251,6671,47,373,1.128,0.009,14.659,118.832,1.282,0.011,11.302,1.917
2018/10/28 16:00,6586,7168,18,564,1.131,0.008,0.109,1.778,1.287,0.026,10.546,1.766
2018/10/28 17:00,6080,7238,12,1146,1.133,0.008,0,0,1.324,0.044,10.058,1.624
2018/10/28 18:00,5203,6882,0,1679,1.135,0.008,0,0,1.354,0.017,9.743,1.563
2018/10/28 19:00,4957,6568,0,1611,1.137,0.008,0,0,1.363,0.004,9.531,1.532
2018/10/28 20:00,4644,6226,0,1582,1.138,0.008,0,0,1.363,0.002,9.319,1.526
2018/10/28 21:00,4720,6281,0,1561,1.139,0.008,0,0,1.362,0.002,9.157,1.489
2018/10/28 22:00,4542,5966,0,1424,1.14,0.008,0,0,1.361,0.001,8.974,1.453
2018/10/28 23:00,4466,5620,0,1154,1.141,0.008,0,0,1.359,0.001,8.709,1.41
2018/10/29 0:00,4268,5462,0,1194,1.142,0.008,0,0,1.356,0.001,8.463,1.365
2018/10/29 1:00,4149,5446,0,1297,1.143,0.007,0,0,1.353,0.002,8.257,1.307
2018/10/29 2:00,4009,5363,0,1354,1.144,0.007,0,0,1.349,0.001,7.965,1.177
2018/10/29 3:00,4195,5489,0,1294,1.145,0.007,0,0,1.342,0.002,7.754,1.147
2018/10/29 4:00,5064,6284,0,1220,1.145,0.007,0,0,1.335,0.002,7.646,1.173
2018/10/29 5:00,6346,7462,11,1105,1.146,0.007,0.052,0.315,1.33,0.004,7.624,1.204
2018/10/29 6:00,7073,8343,72,1198,1.146,0.007,29.767,106.603,1.331,0.013,8.076,1.402
2018/10/29 7:00,7363,8695,143,1189,1.144,0.008,101.685,308.978,1.32,0.018,9.182,1.681
2018/10/29 8:00,7259,8678,211,1208,1.138,0.008,174.003,475.721,1.269,0.008,10.514,1.933
2018/10/29 9:00,7168,8810,276,1366,1.132,0.009,227.756,594.021,1.168,0.006,12.024,2.21
2018/10/29 10:00,7092,8893,354,1447,1.125,0.009,251.249,655.788,1.039,0.016,13.486,2.564
2018/10/29 11:00,7062,8685,334,1289,1.118,0.01,288.576,656.876,0.898,0.001,14.96,2.911
2018/10/29 12:00,7063,8681,243,1375,1.113,0.01,217.7,597.1,0.76,0.001,15.747,2.918
2018/10/29 13:00,6564,8661,168,1929,1.111,0.01,145.006,480.555,0.659,0.001,15.707,2.816
2018/10/29 14:00,6283,8675,113,2279,1.11,0.01,95.845,315.175,0.591,0.001,15.46,2.999
2018/10/29 15:00,6418,8801,59,2324,1.111,0.01,24.01,112.87,0.545,0,14.835,3.106
2018/10/29 16:00,7074,9131,20,2037,1.112,0.01,0.092,1.402,0.511,0,14.228,2.914
2018/10/29 17:00,6628,8963,12,2323,1.112,0.01,0,0,0.486,0.005,14.029,2.861
2018/10/29 18:00,5780,8331,0,2551,1.112,0.01,0,0,0.463,0,13.945,2.931
2018/10/29 19:00,5187,7740,0,2553,1.112,0.01,0,0,0.437,0,13.652,2.94
2018/10/29 20:00,4491,7164,0,2673,1.113,0.01,0,0,0.41,0.002,13.392,3.013
2018/10/29 21:00,4116,6887,0,2771,1.113,0.009,0,0,0.39,0.006,13.017,3.22
2018/10/29 22:00,3616,6391,0,2775,1.114,0.009,0,0,0.379,0.01,12.831,3.705
2018/10/29 23:00,3254,6008,0,2754,1.115,0.008,0,0,0.37,0.008,12.739,3.986
2018/10/30 0:00,3008,5697,0,2689,1.117,0.008,0,0,0.361,0.009,12.281,3.822
2018/10/30 1:00,2956,5624,0,2668,1.12,0.008,0,0,0.352,0.008,11.698,3.806
2018/10/30 2:00,2835,5544,0,2709,1.123,0.008,0,0,0.346,0.009,11.089,3.56
2018/10/30 3:00,3113,5724,0,2611,1.126,0.007,0,0,0.344,0.013,10.401,3.237
2018/10/30 4:00,4104,6397,0,2293,1.13,0.007,0,0,0.348,0.014,9.684,2.884
2018/10/30 5:00,5224,7508,16,2268,1.133,0.007,0.027,0.144,0.357,0.014,9.104,2.648
2018/10/30 6:00,5728,8329,96,2505,1.134,0.007,39.044,100.827,0.368,0.016,9.2,2.732
2018/10/30 7:00,5683,8444,202,2559,1.134,0.007,142.234,302.639,0.381,0.017,10.295,3.132
2018/10/30 8:00,5469,8371,292,2610,1.132,0.007,243.44,469.23,0.386,0.013,11.482,3.644
2018/10/30 9:00,5408,8396,366,2622,1.13,0.006,321.724,587.448,0.382,0.009,12.363,4.038
2018/10/30 10:00,5444,8507,463,2600,1.129,0.006,366.332,649.171,0.371,0.009,13.041,4.135
2018/10/30 11:00,5154,8358,480,2724,1.128,0.006,365.854,650.201,0.356,0.009,13.437,4.066
2018/10/30 12:00,5249,8419,430,2740,1.129,0.006,324.97,590.459,0.346,0.007,13.524,3.957
2018/10/30 13:00,5365,8422,333,2724,1.13,0.006,242.127,474.076,0.338,0.005,13.198,3.805
2018/10/30 14:00,5746,8506,201,2559,1.132,0.006,135.652,308.856,0.333,0.004,12.345,3.527
2018/10/30 15:00,6090,8651,91,2470,1.137,0.006,36.336,107.053,0.33,0.004,10.906,3.008
2018/10/30 16:00,6728,9063,27,2308,1.143,0.006,0.296,1.096,0.331,0.003,9.442,2.586
2018/10/30 17:00,6591,9027,12,2424,1.148,0.006,0,0,0.334,0.003,8.593,2.233
2018/10/30 18:00,6002,8492,0,2490,1.152,0.006,0,0,0.335,0.001,7.834,1.818
2018/10/30 19:00,5457,7906,0,2449,1.155,0.006,0,0,0.337,0.001,7.034,1.255
2018/10/30 20:00,5240,7331,0,2091,1.158,0.006,0,0,0.338,0.001,6.164,0.967
2018/10/30 21:00,5394,7027,0,1633,1.16,0.006,0,0,0.339,0.001,5.425,0.9
2018/10/30 22:00,5264,6494,0,1230,1.163,0.006,0,0,0.34,0.001,4.785,0.88
2018/10/30 23:00,5258,6213,0,955,1.164,0.005,0,0,0.341,0.001,4.349,0.859
2018/10/31 0:00,5280,6040,0,760,1.166,0.005,0,0,0.342,0.001,4.051,0.839
2018/10/31 1:00,5353,5959,0,606,1.168,0.005,0,0,0.343,0.001,3.886,0.803
2018/10/31 2:00,5240,5906,0,666,1.17,0.005,0,0,0.344,0.001,3.755,0.732
2018/10/31 3:00,5153,6048,0,895,1.171,0.005,0,0,0.344,0,3.576,0.667
2018/10/31 4:00,5650,6663,0,1013,1.173,0.005,0,0,0.345,0,3.366,0.677
2018/10/31 5:00,6781,7729,14,934,1.175,0.005,0.009,0.051,0.345,0,3.285,0.66
2018/10/31 6:00,7524,8497,83,890,1.177,0.005,37.051,95.194,0.346,0,3.93,0.642
2018/10/31 7:00,7769,8601,185,647,1.176,0.006,141.998,296.375,0.344,0,6.075,0.84
2018/10/31 8:00,7613,8447,274,560,1.17,0.006,257.318,462.794,0.335,0,8.087,1.041
2018/10/31 9:00,7563,8437,351,523,1.161,0.006,373.858,580.871,0.317,0,10.525,1.541
2018/10/31 10:00,7291,8456,461,704,1.154,0.006,439.292,642.573,0.291,0,12.372,2.044
2018/10/31 11:00,6693,8221,492,1036,1.149,0.006,446.807,643.628,0.26,0,13.501,2.371
2018/10/31 12:00,6166,8230,449,1615,1.145,0.006,404.315,583.953,0.229,0,14.087,2.527
2018/10/31 13:00,5825,8248,354,2069,1.144,0.006,307.073,467.651,0.204,0,14.03,2.511
2018/10/31 14:00,6037,8302,215,2050,1.144,0.006,175.391,302.554,0.189,0,13.112,2.075
2018/10/31 15:00,6260,8499,97,2142,1.147,0.006,42.497,101.398,0.182,0,10.694,1.426
2018/10/31 16:00,6545,8904,30,2329,1.151,0.006,0.163,0.85,0.18,0.001,8.773,1.401
2018/10/31 17:00,6379,8815,12,2424,1.154,0.006,0,0,0.179,0.001,8.162,1.516
2018/10/31 18:00,5872,8213,0,2341,1.157,0.006,0,0,0.18,0.004,7.735,1.61
2018/10/31 19:00,5248,7624,0,2376,1.159,0.006,0,0,0.182,0.004,7.339,1.573
2018/10/31 20:00,4737,6991,0,2254,1.161,0.006,0,0,0.183,0.003,6.937,1.487
2018/10/31 21:00,4584,6795,0,2211,1.162,0.006,0,0,0.183,0.003,6.705,1.444
2018/10/31 22:00,3978,6348,0,2370,1.163,0.006,0,0,0.182,0.002,6.618,1.432
2018/10/31 23:00,3789,6009,0,2220,1.163,0.006,0,0,0.181,0.001,6.525,1.421
2018/11/1 0:00,3632,5672,0,2040,1.163,0.006,0,0,0.179,0.001,6.281,1.434
2018/11/1 1:00,3621,5593,0,1972,1.164,0.006,0,0,0.177,0,6.093,1.404
2018/11/1 2:00,3468,5432,0,1964,1.164,0.006,0,0,0.176,0.001,5.956,1.43
2018/11/1 3:00,3218,5396,0,2178,1.165,0.006,0,0,0.177,0.004,5.77,1.469
2018/11/1 4:00,3267,5544,0,2277,1.166,0.006,0,0,0.186,0.014,5.684,1.54
2018/11/1 5:00,3317,5663,14,2332,1.167,0.006,0.002,0.012,0.199,0.011,5.645,1.582
2018/11/1 6:00,3673,6099,78,2348,1.167,0.006,26.215,89.71,0.206,0.006,5.996,1.732
2018/11/1 7:00,3931,6428,160,2337,1.164,0.006,118.989,290.13,0.205,0.005,7.833,1.865
2018/11/1 8:00,4282,6604,251,2071,1.157,0.006,211.335,456.418,0.195,0.004,10.036,2.02
2018/11/1 9:00,4444,6761,344,1973,1.149,0.007,245.095,574.406,0.177,0.005,11.957,2.371
2018/11/1 10:00,4550,6961,452,1959,1.143,0.007,238.672,636.014,0.156,0.006,13.151,2.598
2018/11/1 11:00,4417,6682,461,1804,1.14,0.007,208.13,637.036,0.138,0.004,13.608,2.623
2018/11/1 12:00,4397,6456,400,1659,1.138,0.007,183.22,577.456,0.121,0.001,13.786,2.583
2018/11/1 13:00,4479,6311,293,1539,1.138,0.007,127.791,461.23,0.109,0.001,13.573,2.431
2018/11/1 14:00,4497,6338,174,1667,1.139,0.008,67.619,296.354,0.1,0,12.881,2.14
2018/11/1 15:00,4692,6663,80,1891,1.142,0.007,19.518,95.906,0.096,0,11.831,1.927
2018/11/1 16:00,4994,7061,24,2043,1.144,0.007,0.165,0.655,0.095,0,10.882,1.892
2018/11/1 17:00,5053,7144,12,2079,1.146,0.007,0,0,0.095,0,10.432,1.84
2018/11/1 18:00,4724,6851,0,2127,1.148,0.007,0,0,0.095,0,10.094,1.742
2018/11/1 19:00,4677,6486,0,1809,1.149,0.007,0,0,0.095,0,9.85,1.689
2018/11/1 20:00,4694,6212,0,1518,1.15,0.007,0,0,0.095,0,9.609,1.685
2018/11/1 21:00,4592,6243,0,1651,1.151,0.007,0,0,0.095,0,9.323,1.556
2018/11/1 22:00,3947,5850,0,1903,1.153,0.007,0,0,0.095,0,8.851,1.315
2018/11/1 23:00,3764,5573,0,1809,1.156,0.007,0,0,0.095,0,8.395,1.264
2018/11/2 0:00,3669,5256,0,1587,1.158,0.007,0,0,0.095,0,7.986,1.115
2018/11/2 1:00,3698,5168,0,1470,1.159,0.007,0,0,0.095,0,7.67,0.957
2018/11/2 2:00,3914,5058,0,1144,1.16,0.007,0,0,0.095,0,7.455,0.869
2018/11/2 3:00,4436,5214,0,778,1.162,0.007,0,0,0.096,0,7.301,0.813
2018/11/2 4:00,5435,5802,0,367,1.163,0.007,0,0,0.096,0,7.196,0.753
2018/11/2 5:00,6550,6750,10,190,1.164,0.007,0,0.002,0.096,0,7.105,0.692
2018/11/2 6:00,7288,7456,67,101,1.166,0.007,20.854,84.418,0.096,0,7.409,0.693
2018/11/2 7:00,7537,7724,138,49,1.166,0.007,87.861,283.941,0.096,0,8.643,0.837
2018/11/2 8:00,7492,7747,220,35,1.163,0.007,163.4,450.08,0.094,0,10.021,0.771
2018/11/2 9:00,7460,7801,305,36,1.158,0.007,233.929,567.928,0.091,0.001,11.637,0.521
2018/11/2 10:00,7332,7792,409,51,1.153,0.007,249.391,629.541,0.087,0.001,12.876,0.614
2018/11/2 11:00,7159,7665,410,96,1.149,0.007,241.849,630.565,0.082,0.001,13.616,0.944
2018/11/2 12:00,7029,7570,353,188,1.146,0.008,215.617,571.068,0.077,0,13.909,1.156
2018/11/2 13:00,7122,7535,256,157,1.146,0.008,134.388,454.922,0.072,0,13.579,1.168
2018/11/2 14:00,7318,7628,147,163,1.147,0.008,65.974,290.166,0.069,0,12.689,0.806
2018/11/2 15:00,7572,7885,65,248,1.149,0.008,15.682,90.585,0.068,0,11.239,0.676
2018/11/2 16:00,7999,8351,20,332,1.152,0.008,0.066,0.501,0.069,0.001,10.495,0.752
2018/11/2 17:00,7761,8214,12,441,1.154,0.008,0,0,0.071,0.003,10.364,0.816
2018/11/2 18:00,7143,7666,0,523,1.155,0.008,0,0,0.074,0.003,10.25,0.856
2018/11/2 19:00,6528,7087,0,559,1.157,0.008,0,0,0.078,0.004,10.099,0.82
2018/11/2 20:00,6145,6592,0,447,1.158,0.008,0,0,0.081,0.002,9.936,0.777
2018/11/2 21:00,6048,6433,0,385,1.159,0.008,0,0,0.083,0.002,9.704,0.672
2018/11/2 22:00,5676,6082,0,406,1.16,0.008,0,0,0.084,0.001,9.428,0.631
2018/11/2 23:00,5401,5711,0,310,1.161,0.008,0,0,0.084,0.001,9.278,0.617
2018/11/3 0:00,5261,5488,0,227,1.162,0.008,0,0,0.085,0,9.154,0.586
2018/11/3 1:00,5142,5378,0,236,1.162,0.008,0,0,0.085,0,8.943,0.555
2018/11/3 2:00,4973,5231,0,258,1.164,0.007,0,0,0.085,0,8.667,0.517
2018/11/3 3:00,4971,5294,0,323,1.165,0.007,0,0,0.085,0,8.357,0.533
2018/11/3 4:00,5134,5569,0,435,1.167,0.007,0,0,0.085,0,8.05,0.648
2018/11/3 5:00,5407,5975,0,568,1.169,0.007,0,0,0.085,0,7.653,0.759
2018/11/3 6:00,5864,6457,33,560,1.171,0.007,19.837,79.325,0.085,0,7.726,0.973
2018/11/3 7:00,6247,6836,70,519,1.171,0.007,95.664,277.842,0.085,0,8.651,1.367
2018/11/3 8:00,6615,7070,115,340,1.168,0.007,187.513,443.819,0.081,0,9.917,1.488
2018/11/3 9:00,6762,7180,166,252,1.163,0.008,261.743,561.596,0.075,0,11.434,1.457
2018/11/3 10:00,6926,7353,213,214,1.159,0.008,309.3,623.106,0.068,0,12.497,1.396
2018/11/3 11:00,6632,7136,231,273,1.155,0.008,334.207,624.159,0.06,0,13.47,1.35
2018/11/3 12:00,6473,6961,216,272,1.152,0.008,286.638,564.653,0.053,0,13.949,1.309
2018/11/3 13:00,6483,6893,174,236,1.151,0.008,207.124,448.679,0.048,0,13.848,1.266
2018/11/3 14:00,6523,6819,113,183,1.152,0.008,111.95,284.061,0.044,0,13.092,1.165
2018/11/3 15:00,6788,7081,57,236,1.154,0.008,26.059,85.446,0.043,0,11.227,0.783
2018/11/3 16:00,7164,7479,19,296,1.158,0.008,0.102,0.377,0.043,0,9.721,0.884
2018/11/3 17:00,7049,7349,12,288,1.161,0.007,0,0,0.043,0,9.302,0.946
2018/11/3 18:00,6575,6849,0,274,1.162,0.007,0,0,0.043,0,8.969,0.95
2018/11/3 19:00,6353,6567,0,214,1.164,0.007,0,0,0.042,0,8.683,0.931
2018/11/3 20:00,5987,6165,0,178,1.165,0.007,0,0,0.042,0,8.452,0.917
2018/11/3 21:00,5953,6099,0,146,1.165,0.007,0,0,0.042,0,8.209,0.906
2018/11/3 22:00,5510,5636,0,126,1.166,0.007,0,0,0.042,0,7.951,0.874
2018/11/3 23:00,5201,5304,0,103,1.166,0.007,0,0,0.042,0,7.82,0.868
2018/11/4 0:00,4960,5043,0,83,1.167,0.007,0,0,0.042,0,7.803,0.866
2018/11/4 1:00,4842,4929,0,87,1.167,0.007,0,0,0.042,0,7.717,0.852
2018/11/4 2:00,4662,4767,0,105,1.167,0.007,0,0,0.041,0,7.594,0.851
2018/11/4 3:00,4683,4791,0,108,1.166,0.007,0,0,0.041,0,7.549,0.843
2018/11/4 4:00,4827,4937,0,110,1.166,0.007,0,0,0.041,0,7.347,0.801
2018/11/4 5:00,5064,5172,4,104,1.166,0.007,0,0,0.041,0,7.093,0.782
2018/11/4 6:00,5451,5627,61,115,1.166,0.007,21.814,74.431,0.041,0,7.3,0.746
2018/11/4 7:00,5760,6025,130,135,1.164,0.007,116.887,271.775,0.04,0,8.936,0.931
2018/11/4 8:00,5915,6335,221,199,1.158,0.007,228.399,437.597,0.038,0,10.888,1.136
2018/11/4 9:00,5969,6586,328,289,1.151,0.008,303.167,555.241,0.035,0,12.649,1.389
2018/11/4 10:00,5959,6769,469,341,1.146,0.008,301.33,616.668,0.031,0,13.822,1.589
2018/11/4 11:00,5733,6545,487,325,1.142,0.008,293.285,617.75,0.027,0,14.521,1.628
2018/11/4 12:00,5487,6302,432,383,1.139,0.008,261.482,558.339,0.024,0,14.834,1.646
2018/11/4 13:00,5378,6178,317,483,1.138,0.008,204.301,442.462,0.022,0,14.686,1.662
2018/11/4 14:00,5367,6178,183,628,1.139,0.008,113.15,278.019,0.021,0,13.691,1.353
2018/11/4 15:00,5585,6431,80,766,1.142,0.008,22.502,80.485,0.02,0,11.426,0.972
2018/11/4 16:00,6087,6944,24,833,1.144,0.007,0.044,0.277,0.02,0,10.09,1.074
2018/11/4 17:00,6041,7059,12,1006,1.147,0.007,0,0,0.02,0,9.598,1.115
2018/11/4 18:00,5803,6762,0,959,1.15,0.007,0,0,0.02,0,9.275,1.102
2018/11/4 19:00,5560,6415,0,855,1.152,0.007,0,0,0.02,0,8.993,1.057
2018/11/4 20:00,5296,6104,0,808,1.154,0.007,0,0,0.02,0,8.642,1.006
2018/11/4 21:00,5134,6088,0,954,1.155,0.007,0,0,0.02,0,8.333,0.995
2018/11/4 22:00,4758,5747,0,989,1.156,0.007,0,0,0.02,0,8.066,1.028
2018/11/4 23:00,4559,5465,0,906,1.157,0.007,0,0,0.02,0,7.84,1.098
2018/11/5 0:00,4494,5312,0,818,1.158,0.007,0,0,0.02,0,7.696,1.137
2018/11/5 1:00,4538,5273,0,735,1.159,0.007,0,0,0.02,0,7.524,1.145
2018/11/5 2:00,4502,5160,0,658,1.16,0.007,0,0,0.02,0.001,7.172,1.15
2018/11/5 3:00,4879,5424,0,545,1.161,0.006,0,0,0.021,0.001,6.782,1.119
2018/11/5 4:00,5784,6237,0,453,1.162,0.006,0,0,0.022,0.001,6.662,1.152
2018/11/5 5:00,6976,7493,0,517,1.162,0.006,0,0,0.023,0.001,6.514,1.191
2018/11/5 6:00,7786,8400,50,564,1.163,0.006,18.678,69.749,0.023,0,6.597,1.26
2018/11/5 7:00,7951,8620,109,560,1.162,0.006,96.017,265.787,0.024,0,8.074,1.486
2018/11/5 8:00,7960,8581,184,437,1.158,0.007,192.932,431.439,0.023,0,9.865,1.713
2018/11/5 9:00,7944,8625,269,412,1.152,0.007,275.24,548.998,0.022,0,11.579,1.923
2018/11/5 10:00,7759,8706,368,579,1.146,0.007,306.471,610.395,0.02,0,12.868,2.062
2018/11/5 11:00,7383,8563,384,796,1.143,0.007,291.026,611.486,0.018,0,13.551,2.127
2018/11/5 12:00,7281,8569,342,946,1.141,0.007,251.423,552.11,0.016,0,13.729,2.139
2018/11/5 13:00,7312,8494,254,928,1.14,0.007,186.643,436.331,0.015,0,13.44,2.059
2018/11/5 14:00,7377,8485,151,957,1.142,0.007,100.682,272.044,0.014,0,12.465,1.678
2018/11/5 15:00,7417,8708,69,1222,1.144,0.007,23.063,75.72,0.014,0,10.622,1.333
2018/11/5 16:00,7794,9189,21,1374,1.148,0.006,0.054,0.198,0.014,0,9.331,1.412
2018/11/5 17:00,7728,9080,12,1340,1.151,0.006,0,0,0.014,0,8.857,1.489
2018/11/5 18:00,7206,8482,0,1276,1.153,0.006,0,0,0.014,0,8.435,1.478
2018/11/5 19:00,6685,7952,0,1267,1.155,0.006,0,0,0.014,0,8.043,1.434
2018/11/5 20:00,5938,7357,0,1419,1.156,0.006,0,0,0.014,0,7.731,1.425
2018/11/5 21:00,5573,7018,0,1445,1.157,0.006,0,0,0.014,0,7.516,1.412
2018/11/5 22:00,5013,6474,0,1461,1.157,0.006,0,0,0.014,0,7.37,1.408
2018/11/5 23:00,4540,6120,0,1580,1.158,0.006,0,0,0.014,0,7.204,1.426
2018/11/6 0:00,4280,5856,0,1576,1.158,0.006,0,0,0.014,0,7.028,1.431
2018/11/6 1:00,4259,5782,0,1523,1.159,0.006,0,0,0.014,0,6.859,1.412
2018/11/6 2:00,4284,5660,0,1376,1.159,0.006,0,0,0.014,0,6.7,1.396
2018/11/6 3:00,4437,5830,0,1393,1.16,0.006,0,0,0.014,0,6.569,1.399
2018/11/6 4:00,5117,6534,0,1417,1.16,0.006,0,0,0.014,0,6.473,1.412
2018/11/6 5:00,6517,7777,1,1259,1.16,0.006,0,0,0.014,0,6.432,1.418
2018/11/6 6:00,7186,8559,64,1309,1.16,0.006,23.452,65.266,0.014,0,6.833,1.528
2018/11/6 7:00,7180,8602,146,1276,1.157,0.007,130.723,259.857,0.014,0,8.875,1.782
2018/11/6 8:00,7109,8526,236,1181,1.151,0.007,246.034,425.357,0.013,0,11.238,2.111
2018/11/6 9:00,6968,8517,332,1217,1.143,0.008,336.949,542.765,0.013,0,13.369,2.542
2018/11/6 10:00,6792,8563,451,1320,1.137,0.008,382.315,604.15,0.012,0,14.817,2.782
2018/11/6 11:00,6582,8371,479,1310,1.133,0.008,381.635,605.223,0.011,0,15.645,2.893
2018/11/6 12:00,6569,8354,441,1344,1.131,0.008,338.257,545.894,0.01,0,15.907,2.884
2018/11/6 13:00,6649,8337,324,1364,1.13,0.008,246.576,430.238,0.009,0,15.564,2.736
2018/11/6 14:00,6939,8456,182,1335,1.132,0.008,130.903,266.141,0.009,0,14.443,2.276
2018/11/6 15:00,7014,8655,76,1565,1.136,0.008,24.791,71.136,0.009,0,12.284,1.758
2018/11/6 16:00,7272,9152,22,1858,1.14,0.007,0.02,0.136,0.009,0,10.776,1.716
2018/11/6 17:00,7219,8999,12,1768,1.144,0.007,0,0,0.009,0,10.065,1.705
2018/11/6 18:00,6748,8438,0,1690,1.147,0.007,0,0,0.009,0,9.382,1.668
2018/11/6 19:00,6304,7891,0,1587,1.15,0.007,0,0,0.009,0,8.855,1.641
2018/11/6 20:00,5903,7296,0,1393,1.152,0.007,0,0,0.009,0,8.415,1.599
2018/11/6 21:00,5665,6934,0,1269,1.154,0.007,0,0,0.009,0,8.068,1.582
2018/11/6 22:00,5165,6428,0,1263,1.155,0.007,0,0,0.009,0,7.799,1.556
2018/11/6 23:00,4780,6089,0,1309,1.156,0.007,0,0,0.009,0,7.592,1.541
2018/11/7 0:00,4420,5831,0,1411,1.157,0.007,0,0,0.009,0,7.373,1.513
2018/11/7 1:00,4344,5702,0,1358,1.158,0.007,0,0,0.009,0,7.219,1.496
2018/11/7 2:00,4186,5616,0,1430,1.159,0.007,0,0,0.009,0,7.06,1.478
2018/11/7 3:00,4358,5818,0,1460,1.16,0.007,0,0,0.01,0,6.948,1.461
2018/11/7 4:00,5054,6572,0,1518,1.161,0.007,0,0,0.01,0,6.867,1.426
2018/11/7 5:00,6301,7790,0,1489,1.162,0.006,0,0,0.011,0,6.701,1.425
2018/11/7 6:00,7086,8591,60,1445,1.163,0.006,16.303,60.99,0.011,0,6.671,1.443
2018/11/7 7:00,7185,8658,140,1333,1.161,0.007,94.936,254.021,0.011,0,8.115,1.594
2018/11/7 8:00,7119,8548,236,1193,1.156,0.007,211.308,419.362,0.011,0,10.057,1.872
2018/11/7 9:00,7215,8568,342,1011,1.149,0.007,323.653,536.715,0.01,0,11.955,2.097
2018/11/7 10:00,7070,8596,479,1047,1.143,0.007,379.76,597.961,0.009,0,13.522,2.289
2018/11/7 11:00,6578,8374,500,1296,1.138,0.007,386.269,599.021,0.008,0,14.571,2.407
2018/11/7 12:00,6593,8385,449,1343,1.135,0.007,333.206,539.757,0.008,0,14.968,2.415
2018/11/7 13:00,6583,8356,322,1451,1.135,0.008,239.599,424.232,0.007,0,14.737,2.298
2018/11/7 14:00,6728,8413,176,1509,1.137,0.008,124.795,260.313,0.007,0,13.599,1.866
2018/11/7 15:00,7152,8762,74,1536,1.14,0.007,24.156,66.737,0.007,0,11.263,1.537
2018/11/7 16:00,7731,9256,21,1504,1.145,0.007,0.021,0.09,0.007,0,9.618,1.623
2018/11/7 17:00,7489,9086,8,1589,1.149,0.007,0,0,0.007,0,8.927,1.599
2018/11/7 18:00,6790,8481,0,1691,1.152,0.007,0,0,0.007,0,8.399,1.559
2018/11/7 19:00,6318,7850,0,1532,1.154,0.007,0,0,0.008,0,8.064,1.495
2018/11/7 20:00,5782,7275,0,1493,1.156,0.007,0,0,0.008,0,7.834,1.405
2018/11/7 21:00,5620,6944,0,1324,1.158,0.007,0,0,0.008,0,7.619,1.327
2018/11/7 22:00,5160,6382,0,1222,1.16,0.007,0,0,0.008,0,7.401,1.269
2018/11/7 23:00,4931,6093,0,1162,1.161,0.007,0,0,0.009,0,7.121,1.191
2018/11/8 0:00,4858,5847,0,989,1.163,0.007,0,0,0.009,0,6.882,1.108
2018/11/8 1:00,4942,5765,0,823,1.164,0.006,0,0,0.01,0,6.736,1.064
2018/11/8 2:00,5029,5645,0,616,1.166,0.006,0,0,0.01,0,6.662,0.978
2018/11/8 3:00,5411,5850,0,439,1.167,0.006,0,0,0.01,0,6.676,0.875
2018/11/8 4:00,6254,6461,0,207,1.169,0.006,0,0,0.011,0,6.652,0.77
2018/11/8 5:00,7643,7752,0,109,1.17,0.006,0,0,0.011,0,6.571,0.676
2018/11/8 6:00,8557,8653,40,56,1.171,0.006,10.223,56.9,0.011,0,6.602,0.674
2018/11/8 7:00,8839,8993,95,59,1.171,0.006,62.343,248.239,0.011,0,7.538,0.875
2018/11/8 8:00,8736,8950,160,54,1.168,0.007,135.608,413.418,0.011,0,8.777,1
2018/11/8 9:00,8614,8942,238,90,1.164,0.007,219.043,530.613,0.01,0,10.277,1.054
2018/11/8 10:00,8483,8978,356,139,1.16,0.007,265.303,591.864,0.009,0,11.42,1.058
2018/11/8 11:00,8165,8695,378,152,1.156,0.007,285.083,592.884,0.008,0,12.241,1.07
2018/11/8 12:00,8164,8654,334,156,1.154,0.007,250.51,533.72,0.007,0,12.585,1.052
2018/11/8 13:00,8225,8566,231,110,1.153,0.007,181.564,418.331,0.006,0,12.436,1.005
2018/11/8 14:00,8443,8624,117,64,1.154,0.007,99.222,254.556,0.006,0,11.68,0.818
2018/11/8 15:00,8826,8920,40,54,1.156,0.007,20.767,62.529,0.006,0,9.545,0.579
2018/11/8 16:00,9182,9232,6,44,1.16,0.007,0.012,0.057,0.006,0,8.105,0.692
2018/11/8 17:00,9061,9101,0,40,1.163,0.007,0,0,0.006,0,7.48,0.672
2018/11/8 18:00,8541,8578,0,37,1.165,0.007,0,0,0.006,0,6.978,0.606
2018/11/8 19:00,7928,7962,0,34,1.167,0.006,0,0,0.007,0,6.566,0.551
2018/11/8 20:00,7277,7313,0,36,1.169,0.006,0,0,0.007,0,6.28,0.587
2018/11/8 21:00,7003,7045,0,42,1.169,0.006,0,0,0.007,0,6.116,0.63
2018/11/8 22:00,6466,6529,0,63,1.17,0.006,0,0,0.008,0,6.041,0.68
2018/11/8 23:00,6025,6168,0,143,1.17,0.006,0,0,0.008,0,5.948,0.699
2018/11/9 0:00,5585,5878,0,293,1.17,0.006,0,0,0.008,0,5.999,0.737
2018/11/9 1:00,5334,5781,0,447,1.169,0.006,0,0,0.008,0,5.987,0.784
2018/11/9 2:00,5058,5651,0,593,1.169,0.006,0,0,0.008,0,5.901,0.796
2018/11/9 3:00,5257,5914,0,657,1.17,0.006,0,0,0.009,0,5.82,0.803
2018/11/9 4:00,5803,6623,0,820,1.17,0.006,0,0,0.009,0,5.877,0.925
2018/11/9 5:00,6998,7773,0,775,1.171,0.006,0,0,0.009,0,5.943,1.093
2018/11/9 6:00,7715,8624,39,870,1.171,0.006,10.325,53.008,0.009,0,6.068,1.21
2018/11/9 7:00,8004,8947,86,857,1.17,0.006,59.346,242.571,0.009,0,6.922,1.382
2018/11/9 8:00,7829,8818,148,841,1.166,0.006,138.437,407.57,0.009,0,8.342,1.539
2018/11/9 9:00,7863,8902,224,815,1.161,0.007,193.801,524.636,0.009,0,9.753,1.609
2018/11/9 10:00,7755,8936,318,863,1.156,0.007,214.734,585.781,0.008,0,10.934,1.627
2018/11/9 11:00,7467,8704,345,892,1.152,0.007,218.908,586.84,0.008,0,11.691,1.602
2018/11/9 12:00,7343,8542,316,883,1.15,0.007,193.941,527.733,0.007,0,12.004,1.539
2018/11/9 13:00,7323,8350,233,794,1.149,0.007,140.103,412.467,0.007,0,11.847,1.397
2018/11/9 14:00,7411,8309,132,766,1.15,0.007,70.964,248.88,0.007,0,10.863,1.084
2018/11/9 15:00,7799,8626,56,771,1.153,0.007,12.649,58.498,0.007,0,8.938,0.944
2018/11/9 16:00,8153,8987,18,816,1.156,0.007,0.005,0.033,0.007,0,7.828,1.063
2018/11/9 17:00,7919,8772,8,845,1.158,0.007,0,0,0.007,0,7.348,1.086
2018/11/9 18:00,7232,8148,0,916,1.16,0.007,0,0,0.007,0,6.963,1.091
2018/11/9 19:00,6469,7583,0,1114,1.162,0.006,0,0,0.007,0,6.704,1.101
2018/11/9 20:00,5818,7004,0,1186,1.164,0.006,0,0,0.007,0,6.474,1.11
2018/11/9 21:00,5719,6824,0,1105,1.165,0.006,0,0,0.007,0,6.333,1.157
2018/11/9 22:00,5256,6362,0,1106,1.166,0.006,0,0,0.007,0,6.155,1.18
2018/11/9 23:00,4761,6034,0,1273,1.166,0.006,0,0,0.007,0,6.017,1.261
2018/11/10 0:00,4368,5787,0,1419,1.167,0.006,0,0,0.007,0,5.861,1.358
2018/11/10 1:00,4402,5623,0,1221,1.167,0.006,0,0,0.007,0,5.719,1.384
2018/11/10 2:00,4405,5493,0,1088,1.168,0.006,0,0,0.007,0,5.566,1.37
2018/11/10 3:00,4442,5530,0,1088,1.168,0.006,0,0,0.007,0,5.451,1.347
2018/11/10 4:00,4593,5813,0,1220,1.168,0.006,0,0,0.007,0,5.384,1.335
2018/11/10 5:00,5247,6266,0,1019,1.168,0.006,0,0,0.008,0,5.359,1.34
2018/11/10 6:00,5805,6883,42,1036,1.168,0.006,9.265,49.31,0.008,0,5.443,1.395
2018/11/10 7:00,6110,7209,95,1004,1.168,0.006,67.258,236.944,0.008,0,6.381,1.57
2018/11/10 8:00,6382,7438,166,890,1.164,0.006,158.304,401.798,0.008,0,7.762,1.706
2018/11/10 9:00,6346,7522,252,924,1.159,0.006,255.047,518.773,0.007,0,9.31,1.782
2018/11/10 10:00,6341,7564,364,859,1.154,0.006,320.173,579.892,0.007,0,10.713,1.87
2018/11/10 11:00,6067,7320,406,847,1.148,0.006,353.581,580.913,0.006,0,11.836,1.948
2018/11/10 12:00,5746,7054,378,930,1.145,0.006,328.347,521.871,0.005,0,12.493,1.984
2018/11/10 13:00,5635,6865,278,952,1.143,0.006,245.517,406.709,0.005,0,12.487,1.938
2018/11/10 14:00,5841,6960,152,967,1.144,0.007,126.889,243.282,0.005,0,11.52,1.672
2018/11/10 15:00,6254,7302,61,987,1.148,0.007,21.682,54.655,0.005,0,8.891,1.393
2018/11/10 16:00,6716,7697,19,962,1.153,0.006,0.004,0.017,0.005,0,7.258,1.572
2018/11/10 17:00,6538,7516,8,970,1.156,0.006,0,0,0.005,0,6.508,1.503
2018/11/10 18:00,5901,7013,0,1112,1.159,0.006,0,0,0.005,0.001,6.155,1.482
2018/11/10 19:00,5442,6619,0,1177,1.161,0.006,0,0,0.006,0.001,5.994,1.484
2018/11/10 20:00,4997,6244,0,1247,1.163,0.006,0,0,0.007,0.001,5.921,1.454
2018/11/10 21:00,5065,6219,0,1154,1.164,0.006,0,0,0.008,0.001,5.923,1.423
2018/11/10 22:00,4711,5802,0,1091,1.164,0.006,0,0,0.009,0.001,5.928,1.445
2018/11/10 23:00,4408,5517,0,1109,1.165,0.006,0,0,0.01,0.001,5.836,1.425
2018/11/11 0:00,4200,5270,0,1070,1.166,0.006,0,0,0.011,0.001,5.725,1.349
2018/11/11 1:00,4133,5127,0,994,1.167,0.006,0,0,0.011,0,5.574,1.269
2018/11/11 2:00,4213,5020,0,807,1.168,0.006,0,0,0.011,0,5.483,1.143
2018/11/11 3:00,4389,5016,0,627,1.168,0.006,0,0,0.012,0,5.35,1.013
2018/11/11 4:00,4782,5165,0,383,1.169,0.006,0,0,0.012,0,5.196,0.902
2018/11/11 5:00,5145,5356,0,211,1.169,0.006,0,0,0.012,0,4.981,0.805
2018/11/11 6:00,5676,5835,45,114,1.17,0.006,11.189,45.795,0.013,0,4.98,0.798
2018/11/11 7:00,6008,6169,105,56,1.168,0.006,89.699,231.423,0.013,0,6.525,0.853
2018/11/11 8:00,6144,6367,184,39,1.164,0.006,199.649,396.101,0.013,0,8.44,0.905
2018/11/11 9:00,6229,6542,280,33,1.157,0.006,302.984,512.927,0.012,0,10.524,0.874
2018/11/11 10:00,6229,6663,402,32,1.151,0.006,376.719,573.997,0.011,0,12.278,0.814
2018/11/11 11:00,5895,6375,448,32,1.146,0.007,388.379,575.05,0.01,0,13.457,0.768
2018/11/11 12:00,5669,6122,421,32,1.143,0.007,346.214,516.049,0.009,0,14.006,0.854
2018/11/11 13:00,5641,5981,308,32,1.143,0.007,256.812,401.019,0.008,0,13.895,0.913
2018/11/11 14:00,5844,6053,168,41,1.145,0.007,135.026,237.766,0.008,0,12.684,0.839
2018/11/11 15:00,6355,6493,69,69,1.15,0.007,21.609,50.991,0.008,0,9.547,0.774
2018/11/11 16:00,6925,7073,19,129,1.155,0.006,0.002,0.008,0.008,0,7.536,0.893
2018/11/11 17:00,6971,7158,8,179,1.159,0.006,0,0,0.008,0,6.61,0.85
2018/11/11 18:00,6606,6851,0,245,1.163,0.006,0,0,0.008,0,6.079,0.828
2018/11/11 19:00,6293,6549,0,256,1.166,0.006,0,0,0.008,0,5.832,0.74
2018/11/11 20:00,6022,6215,0,193,1.169,0.006,0,0,0.008,0,5.674,0.67
2018/11/11 21:00,6070,6270,0,200,1.171,0.006,0,0,0.008,0,5.527,0.597
2018/11/11 22:00,5699,5939,0,240,1.173,0.006,0,0,0.008,0,5.434,0.613
2018/11/11 23:00,5346,5652,0,306,1.174,0.006,0,0,0.008,0,5.404,0.673
2018/11/12 0:00,5148,5446,0,298,1.175,0.006,0,0,0.008,0,5.352,0.757
2018/11/12 1:00,5047,5380,0,333,1.176,0.006,0,0,0.008,0,5.32,0.784
2018/11/12 2:00,5121,5328,0,207,1.176,0.006,0,0,0.008,0,5.232,0.77
2018/11/12 3:00,5415,5670,0,255,1.177,0.006,0,0,0.008,0,5.23,0.871
2018/11/12 4:00,6118,6435,0,317,1.178,0.006,0,0,0.008,0,5.166,1.01
2018/11/12 5:00,7457,7721,0,264,1.178,0.006,0,0,0.008,0,5.036,1.047
2018/11/12 6:00,8353,8668,48,267,1.178,0.006,8.741,42.461,0.008,0,5.045,1.033
2018/11/12 7:00,8513,8924,110,301,1.176,0.006,74.261,225.98,0.008,0,6.357,1.154
2018/11/12 8:00,8487,8839,187,165,1.172,0.006,172.346,390.496,0.007,0,8.101,1.343
2018/11/12 9:00,8394,8867,279,194,1.166,0.006,268.268,507.221,0.007,0,9.916,1.517
2018/11/12 10:00,8264,8908,391,253,1.159,0.007,329.884,568.226,0.006,0,11.696,1.685
2018/11/12 11:00,7982,8716,430,304,1.152,0.007,356.403,569.276,0.005,0,13.26,1.829
2018/11/12 12:00,7964,8703,399,340,1.146,0.007,323.721,510.328,0.004,0,14.303,1.862
2018/11/12 13:00,8105,8732,290,337,1.143,0.008,246.283,395.433,0.004,0,14.597,1.703
2018/11/12 14:00,8353,8821,159,309,1.143,0.008,130.073,232.362,0.004,0,13.344,1.057
2018/11/12 15:00,8637,9006,66,303,1.147,0.007,20.021,47.511,0.003,0,10.171,0.95
2018/11/12 16:00,8893,9224,19,312,1.152,0.007,0.001,0.003,0.003,0,8.703,1.032
2018/11/12 17:00,8666,8998,9,323,1.156,0.007,0,0,0.003,0,8.036,1.019
2018/11/12 18:00,8102,8509,0,407,1.159,0.007,0,0,0.003,0,7.473,0.925
2018/11/12 19:00,7539,7870,0,331,1.162,0.007,0,0,0.003,0,7.228,0.804
2018/11/12 20:00,7059,7298,0,239,1.165,0.007,0,0,0.003,0,6.988,0.705
2018/11/12 21:00,6827,7002,0,175,1.167,0.007,0,0,0.003,0,6.894,0.708
2018/11/12 22:00,6411,6494,0,83,1.169,0.006,0,0,0.003,0,6.861,0.656
2018/11/12 23:00,6109,6177,0,68,1.17,0.006,0,0,0.003,0,6.747,0.722
2018/11/13 0:00,5879,5921,0,42,1.171,0.006,0,0,0.003,0,6.355,0.762
2018/11/13 1:00,5814,5854,0,40,1.172,0.006,0,0,0.003,0,6.167,0.774
2018/11/13 2:00,5758,5801,0,43,1.173,0.006,0,0,0.003,0,6.015,0.768
2018/11/13 3:00,5948,5990,0,42,1.174,0.006,0,0,0.003,0,5.823,0.774
2018/11/13 4:00,6630,6671,0,41,1.174,0.006,0,0,0.003,0,5.619,0.743
2018/11/13 5:00,7889,7923,0,34,1.175,0.006,0,0,0.003,0,5.444,0.732
2018/11/13 6:00,8731,8808,38,39,1.175,0.006,9.115,39.304,0.003,0,5.459,0.699
2018/11/13 7:00,8916,9031,82,33,1.175,0.006,66.034,220.629,0.003,0,6.714,0.779
2018/11/13 8:00,8801,8975,142,32,1.174,0.006,129.965,384.961,0.003,0,8.108,0.834
2018/11/13 9:00,8801,9064,215,48,1.17,0.006,175.969,501.574,0.003,0,9.392,0.998
2018/11/13 10:00,8732,9118,295,91,1.166,0.006,203.364,562.498,0.003,0,10.467,1.259
2018/11/13 11:00,8465,8930,325,140,1.164,0.007,204.329,563.595,0.003,0,11.137,1.479
2018/11/13 12:00,8357,8873,304,212,1.162,0.007,171.749,504.704,0.002,0,11.405,1.598
2018/11/13 13:00,8253,8801,228,320,1.162,0.007,114.465,389.931,0.002,0,11.162,1.505
2018/11/13 14:00,8233,8896,131,532,1.164,0.007,51.377,227.023,0.002,0,10.272,1.171
2018/11/13 15:00,8307,9175,56,812,1.166,0.007,7.115,44.207,0.002,0,9.053,0.987
2018/11/13 16:00,8450,9347,18,879,1.168,0.007,0,0.001,0.002,0,8.58,1.113
2018/11/13 17:00,8277,9080,9,794,1.169,0.007,0,0,0.002,0,8.443,1.262
2018/11/13 18:00,7304,8561,0,1257,1.171,0.007,0,0,0.002,0,8.175,1.331
2018/11/13 19:00,6504,8026,0,1522,1.173,0.007,0,0,0.002,0,7.703,1.316
2018/11/13 20:00,5824,7412,0,1588,1.176,0.006,0,0,0.002,0,7.081,1.261
2018/11/13 21:00,5747,7092,0,1345,1.178,0.006,0,0,0.002,0,6.567,1.248
2018/11/13 22:00,5041,6602,0,1561,1.18,0.006,0,0,0.002,0,6.194,1.234
2018/11/13 23:00,4744,6294,0,1550,1.182,0.006,0,0,0.002,0,5.864,1.286
2018/11/14 0:00,4589,6045,0,1456,1.184,0.006,0,0,0.002,0,5.472,1.289
2018/11/14 1:00,4438,5958,0,1520,1.185,0.006,0,0,0.002,0,5.114,1.314
2018/11/14 2:00,4497,5870,0,1373,1.187,0.006,0,0,0.002,0,4.795,1.27
2018/11/14 3:00,4899,6086,0,1187,1.189,0.005,0,0,0.002,0,4.554,1.3
2018/11/14 4:00,5656,6809,0,1153,1.19,0.005,0,0,0.002,0,4.277,1.313
2018/11/14 5:00,6934,7961,0,1027,1.191,0.005,0,0,0.002,0,4.069,1.277
2018/11/14 6:00,7946,8849,51,852,1.193,0.005,9.899,36.322,0.002,0,4.015,1.26
2018/11/14 7:00,8196,8899,118,585,1.192,0.005,76.635,215.372,0.002,0,5.124,1.312
2018/11/14 8:00,8231,8773,209,333,1.188,0.005,178.109,379.552,0.002,0,6.768,1.314
2018/11/14 9:00,8254,8764,312,198,1.181,0.005,290.339,496.05,0.002,0,8.709,1.217
2018/11/14 10:00,8193,8804,438,173,1.175,0.005,374.459,556.856,0.002,0,10.359,1.199
2018/11/14 11:00,8030,8620,467,123,1.171,0.005,392.508,557.919,0.002,0,11.278,1.253
2018/11/14 12:00,7885,8472,420,167,1.169,0.005,347.131,499.181,0.001,0,11.559,1.203
2018/11/14 13:00,7991,8455,281,183,1.168,0.005,248.987,384.511,0.001,0,11.251,1.069
2018/11/14 14:00,8317,8626,129,180,1.169,0.006,127.704,221.795,0.001,0,9.907,0.707
2018/11/14 15:00,8830,9047,44,173,1.171,0.005,17.997,41.075,0.001,0,6.898,0.85
2018/11/14 16:00,9236,9414,13,165,1.175,0.005,0,0,0.001,0,5.599,0.939
2018/11/14 17:00,8987,9215,8,220,1.178,0.005,0,0,0.001,0,4.957,0.929
2018/11/14 18:00,8440,8693,0,253,1.181,0.005,0,0,0.001,0,4.278,0.931
2018/11/14 19:00,7862,8110,0,248,1.183,0.005,0,0,0.001,0,3.623,0.945
2018/11/14 20:00,7252,7513,0,261,1.185,0.005,0,0,0.001,0,3.161,0.946
2018/11/14 21:00,7065,7229,0,164,1.187,0.004,0,0,0.001,0,2.86,0.904
2018/11/14 22:00,6605,6688,0,83,1.188,0.004,0,0,0.001,0,2.712,0.849
2018/11/14 23:00,6328,6399,0,71,1.189,0.004,0,0,0.001,0,2.429,0.822
2018/11/15 0:00,6078,6155,0,77,1.19,0.004,0,0,0.001,0,2.098,0.825
2018/11/15 1:00,5915,6019,0,104,1.191,0.004,0,0,0.001,0,1.834,0.837
2018/11/15 2:00,5858,5997,0,139,1.191,0.004,0,0,0.001,0,1.612,0.864
2018/11/15 3:00,5981,6172,0,191,1.192,0.004,0,0,0.001,0,1.48,0.878
2018/11/15 4:00,6656,6847,0,191,1.193,0.004,0,0,0.001,0,1.362,0.882
2018/11/15 5:00,7815,8001,0,186,1.194,0.004,0,0,0.001,0,1.249,0.878
2018/11/15 6:00,8673,8877,38,166,1.196,0.004,11.922,33.508,0.001,0,1.275,0.886
2018/11/15 7:00,8888,9112,87,137,1.197,0.004,100.437,210.212,0.001,0,2.954,0.937
2018/11/15 8:00,8772,9045,161,112,1.194,0.005,211.121,374.22,0.001,0,5.02,1.017
2018/11/15 9:00,8700,9024,250,74,1.187,0.005,317.196,490.581,0.001,0,7.033,1.121
2018/11/15 10:00,8548,8967,363,56,1.18,0.004,379.857,551.367,0.001,0,8.676,1.262
2018/11/15 11:00,8266,8719,396,57,1.177,0.004,385.508,552.43,0.001,0,9.442,1.265
2018/11/15 12:00,8246,8660,362,52,1.175,0.004,340.673,493.735,0.001,0,9.613,1.25
2018/11/15 13:00,8326,8632,247,59,1.174,0.004,247.715,379.205,0.001,0,9.234,1.266
2018/11/15 14:00,8524,8708,116,68,1.176,0.005,122.244,216.657,0.001,0,7.823,0.929
2018/11/15 15:00,8904,9078,39,135,1.18,0.005,15.079,38.113,0.001,0,4.753,0.84
2018/11/15 16:00,9296,9505,12,197,1.183,0.004,0,0,0.001,0,3.404,0.926
2018/11/15 17:00,9112,9321,8,201,1.187,0.004,0,0,0.001,0,2.759,0.969
2018/11/15 18:00,8491,8714,0,223,1.189,0.004,0,0,0.001,0,2.155,1.01
2018/11/15 19:00,7956,8200,0,244,1.192,0.004,0,0,0.001,0,1.672,1.01
2018/11/15 20:00,7389,7624,0,235,1.195,0.004,0,0,0.001,0,1.346,0.977
2018/11/15 21:00,7087,7338,0,251,1.197,0.004,0,0,0.001,0,1.15,0.955
2018/11/15 22:00,6573,6795,0,222,1.198,0.004,0,0,0.001,0,0.907,0.907
2018/11/15 23:00,6271,6460,0,189,1.2,0.004,0,0,0.001,0,0.652,0.93
2018/11/16 0:00,6004,6206,0,202,1.202,0.004,0,0,0.001,0.001,0.428,0.909
2018/11/16 1:00,5844,6080,0,236,1.204,0.004,0,0,0.001,0.001,0.336,0.929
2018/11/16 2:00,5773,5990,0,217,1.206,0.004,0,0,0.001,0.003,0.112,0.938
2018/11/16 3:00,5922,6138,0,216,1.208,0.004,0,0,0.001,0.002,-0.089,0.923
2018/11/16 4:00,6688,6856,0,168,1.209,0.004,0,0,0.001,0.002,-0.218,0.921
2018/11/16 5:00,7883,8068,0,185,1.21,0.004,0,0,0.001,0.003,-0.296,0.936
2018/11/16 6:00,8698,8937,42,197,1.211,0.004,8.958,30.859,0.001,0.003,-0.304,0.896
2018/11/16 7:00,8985,9237,100,152,1.211,0.004,88.682,205.157,0.001,0.002,1.004,1.007
2018/11/16 8:00,8833,9144,184,127,1.206,0.004,210.963,368.991,0.001,0,2.867,1.074
2018/11/16 9:00,8727,9077,280,70,1.198,0.004,310.399,485.233,0.001,0,4.913,1.35
2018/11/16 10:00,8530,8995,410,55,1.192,0.004,382.31,545.983,0.001,0,6.409,1.58
2018/11/16 11:00,8191,8699,434,74,1.188,0.004,391.609,547.067,0,0,7.279,1.693
2018/11/16 12:00,8052,8518,380,86,1.186,0.004,343.027,488.388,0,0,7.537,1.797
2018/11/16 13:00,8104,8440,246,90,1.185,0.004,249.081,373.97,0,0,7.191,1.814
2018/11/16 14:00,8309,8529,111,109,1.187,0.004,125.435,211.61,0,0,5.774,1.271
2018/11/16 15:00,8789,8988,38,161,1.19,0.004,15.697,35.318,0,0,2.641,1.026
2018/11/16 16:00,9096,9395,12,287,1.194,0.004,0,0,0,0,1.282,1.112
2018/11/16 17:00,8804,9246,8,434,1.197,0.004,0,0,0,0,0.607,1.136
2018/11/16 18:00,8178,8673,0,495,1.2,0.004,0,0,0,0,-0.044,1.133
2018/11/16 19:00,7691,8147,0,456,1.203,0.004,0,0,0.001,0.001,-0.557,1.126
2018/11/16 20:00,7179,7630,0,451,1.205,0.004,0,0,0.001,0.001,-0.938,1.118
2018/11/16 21:00,7065,7489,0,424,1.207,0.004,0,0,0.001,0.001,-1.256,1.111
2018/11/16 22:00,6629,7072,0,443,1.209,0.003,0,0,0.001,0.001,-1.477,1.123
2018/11/16 23:00,6178,6737,0,559,1.21,0.003,0,0,0.001,0.001,-1.636,1.068
2018/11/17 0:00,5961,6419,0,458,1.211,0.003,0,0,0.001,0.001,-1.805,1.059
2018/11/17 1:00,5994,6346,0,352,1.213,0.003,0,0,0.001,0.001,-2.01,1.013
2018/11/17 2:00,5817,6181,0,364,1.214,0.003,0,0,0.001,0.001,-2.198,1.092
2018/11/17 3:00,5952,6229,0,277,1.216,0.003,0,0,0.001,0.001,-2.547,1.132
2018/11/17 4:00,6130,6442,0,312,1.218,0.003,0,0,0.001,0.001,-2.921,1.14
2018/11/17 5:00,6465,6829,0,364,1.22,0.003,0,0,0.001,0.001,-3.247,1.128
2018/11/17 6:00,7003,7416,43,370,1.222,0.003,10.879,28.369,0.001,0.001,-3.3,1.212
2018/11/17 7:00,7361,7721,105,255,1.222,0.003,107.514,200.195,0.001,0,-1.422,1.591
2018/11/17 8:00,7504,7825,192,129,1.216,0.003,243.664,363.83,0.001,0,0.624,1.602
2018/11/17 9:00,7425,7796,288,83,1.208,0.003,341.495,479.991,0.001,0,2.638,1.651
2018/11/17 10:00,7196,7698,415,87,1.202,0.003,392.612,540.642,0.001,0,4.164,1.886
2018/11/17 11:00,6921,7472,443,108,1.198,0.003,392.54,541.71,0.001,0,4.919,2.016
2018/11/17 12:00,6764,7274,389,121,1.196,0.003,334.445,483.157,0.001,0,5.069,2.107
2018/11/17 13:00,6767,7199,257,175,1.196,0.003,230.815,368.857,0.001,0,4.636,2.102
2018/11/17 14:00,7050,7378,116,212,1.198,0.003,110.839,206.666,0.001,0,3.372,1.562
2018/11/17 15:00,7475,7868,40,353,1.202,0.003,13.311,32.684,0.001,0,0.901,1.075
2018/11/17 16:00,7870,8351,13,468,1.205,0.003,0,0,0.001,0,-0.193,0.979
2018/11/17 17:00,7787,8222,8,427,1.208,0.003,0,0,0.001,0,-0.82,0.91
2018/11/17 18:00,7533,7764,0,231,1.211,0.003,0,0,0.001,0,-1.48,0.998
2018/11/17 19:00,7160,7385,0,225,1.213,0.003,0,0,0.001,0,-2.22,1.091
2018/11/17 20:00,6733,7044,0,311,1.216,0.003,0,0,0.001,0,-2.779,1.095
2018/11/17 21:00,6624,7059,0,435,1.218,0.003,0,0,0.001,0,-3.062,1.143
2018/11/17 22:00,6159,6627,0,468,1.22,0.003,0,0,0.001,0,-3.134,1.157
2018/11/17 23:00,5907,6380,0,473,1.221,0.003,0,0,0.001,0,-3.17,1.141
2018/11/18 0:00,5661,6070,0,409,1.221,0.003,0,0,0.001,0,-3.403,1.05
2018/11/18 1:00,5806,6049,0,243,1.222,0.003,0,0,0.001,0,-3.709,0.991
2018/11/18 2:00,5727,5916,0,189,1.222,0.003,0,0,0.001,0,-3.941,0.99
2018/11/18 3:00,5738,5982,0,244,1.223,0.003,0,0,0.001,0,-4.07,0.914
2018/11/18 4:00,5906,6112,0,206,1.223,0.003,0,0,0.001,0,-4.141,0.883
2018/11/18 5:00,6134,6335,0,201,1.222,0.003,0,0,0.001,0,-4.193,0.887
2018/11/18 6:00,6503,6759,35,221,1.222,0.003,10.029,26.033,0.001,0,-4.071,0.937
2018/11/18 7:00,6779,7009,85,145,1.22,0.003,108.73,195.339,0.001,0,-2.203,1.317
2018/11/18 8:00,7014,7265,156,95,1.213,0.003,230.345,358.829,0.001,0,0.049,1.215
2018/11/18 9:00,7098,7423,233,92,1.205,0.003,322.325,474.863,0.001,0.001,2.098,1.197
2018/11/18 10:00,7085,7551,332,134,1.198,0.003,371.4,535.448,0.001,0.001,3.5,1.328
2018/11/18 11:00,6854,7313,356,103,1.194,0.003,371.422,536.596,0.001,0,4.202,1.496
2018/11/18 12:00,6657,7092,320,115,1.192,0.003,318.618,478.015,0.001,0,4.265,1.496
2018/11/18 13:00,6657,6979,212,110,1.191,0.003,226.675,363.857,0.001,0,3.769,1.371
2018/11/18 14:00,6824,7102,93,185,1.192,0.003,110.106,201.83,0.001,0,2.182,0.81
2018/11/18 15:00,7214,7569,31,324,1.195,0.003,12.108,30.21,0.001,0.001,-0.804,0.819
2018/11/18 16:00,7562,8034,12,460,1.199,0.003,0,0,0.007,0.017,-1.696,0.995
2018/11/18 17:00,7545,8063,8,510,1.202,0.003,0,0,0.029,0.046,-1.665,1.105
2018/11/18 18:00,7192,7748,0,556,1.205,0.003,0,0,0.073,0.088,-1.683,1.217
2018/11/18 19:00,6976,7468,0,492,1.207,0.003,0,0,0.142,0.114,-1.802,1.261
2018/11/18 20:00,6592,7095,0,503,1.208,0.003,0,0,0.239,0.122,-1.998,1.296
2018/11/18 21:00,6699,7152,0,453,1.209,0.003,0,0,0.344,0.116,-2.142,1.339
2018/11/18 22:00,6462,6862,0,400,1.209,0.003,0,0,0.452,0.123,-2.268,1.325
2018/11/18 23:00,6467,6796,0,329,1.209,0.003,0,0,0.562,0.117,-2.407,1.312
2018/11/19 0:00,6260,6573,0,313,1.209,0.003,0,0,0.659,0.1,-2.551,1.282
2018/11/19 1:00,6223,6544,0,321,1.209,0.003,0,0,0.743,0.089,-2.668,1.208
2018/11/19 2:00,6178,6472,0,294,1.209,0.003,0,0,0.823,0.09,-2.772,1.166
2018/11/19 3:00,6484,6738,0,254,1.208,0.003,0,0,0.912,0.102,-2.843,1.121
2018/11/19 4:00,7268,7512,0,244,1.208,0.003,0,0,1.014,0.117,-2.898,1.102
2018/11/19 5:00,8508,8718,0,210,1.208,0.003,0,0,1.128,0.127,-2.958,1.083
2018/11/19 6:00,9523,9725,18,184,1.208,0.003,3.483,23.849,1.249,0.129,-2.967,1.14
2018/11/19 7:00,9885,10117,38,194,1.208,0.003,44.733,190.582,1.367,0.123,-2.448,1.393
2018/11/19 8:00,9929,10194,74,191,1.205,0.003,107.789,353.897,1.476,0.115,-1.52,1.547
2018/11/19 9:00,10033,10323,116,174,1.201,0.003,167.385,469.809,1.563,0.096,-0.541,1.637
2018/11/19 10:00,10021,10333,157,155,1.197,0.003,204.04,530.38,1.619,0.077,0.235,1.707
2018/11/19 11:00,9829,10140,172,139,1.195,0.003,212.579,531.446,1.638,0.055,0.735,1.78
2018/11/19 12:00,9844,10105,157,104,1.193,0.003,192.243,472.998,1.641,0.043,0.931,1.847
2018/11/19 13:00,9848,10058,111,99,1.193,0.003,140.623,358.956,1.647,0.04,0.76,1.871
2018/11/19 14:00,9941,10094,54,99,1.194,0.003,66.636,197.1,1.673,0.04,0.043,1.557
2018/11/19 15:00,10178,10322,20,124,1.196,0.003,6.639,27.886,1.711,0.04,-1.457,1.153
2018/11/19 16:00,10290,10436,10,136,1.198,0.003,0,0,1.752,0.043,-2.045,1.219
2018/11/19 17:00,9995,10152,8,149,1.199,0.003,0,0,1.797,0.047,-2.244,1.268
2018/11/19 18:00,9374,9576,0,202,1.2,0.003,0,0,1.844,0.047,-2.356,1.313
2018/11/19 19:00,8772,8977,0,205,1.201,0.003,0,0,1.886,0.04,-2.368,1.416
2018/11/19 20:00,8104,8377,0,273,1.201,0.003,0,0,1.922,0.034,-2.336,1.535
2018/11/19 21:00,7757,8090,0,333,1.202,0.003,0,0,1.954,0.034,-2.265,1.607
2018/11/19 22:00,7148,7618,0,470,1.201,0.003,0,0,1.991,0.041,-2.123,1.747
2018/11/19 23:00,6740,7271,0,531,1.201,0.003,0,0,2.039,0.058,-2.012,1.841
2018/11/20 0:00,6492,7044,0,552,1.201,0.003,0,0,2.115,0.094,-1.956,1.871
2018/11/20 1:00,6396,6925,0,529,1.2,0.003,0,0,2.239,0.151,-1.909,1.966
2018/11/20 2:00,6302,6808,0,506,1.2,0.003,0,0,2.422,0.209,-1.851,2.093
2018/11/20 3:00,6462,6970,0,508,1.199,0.003,0,0,2.645,0.238,-1.827,2.037
2018/11/20 4:00,6993,7572,0,579,1.199,0.003,0,0,2.891,0.256,-1.858,1.878
2018/11/20 5:00,7868,8736,0,868,1.198,0.003,0,0,3.137,0.244,-1.907,1.807
2018/11/20 6:00,8745,9683,15,923,1.198,0.003,2.726,21.81,3.39,0.262,-1.923,1.83
2018/11/20 7:00,9243,10050,28,779,1.197,0.003,36.279,185.94,3.631,0.227,-1.502,2.031
2018/11/20 8:00,9551,9987,58,378,1.195,0.003,86.378,349.11,3.846,0.217,-0.734,2.196
2018/11/20 9:00,9680,10032,100,252,1.192,0.003,126.011,464.905,4.064,0.265,0.01,2.377
2018/11/20 10:00,9531,9940,140,269,1.19,0.004,150.02,525.408,4.288,0.269,0.615,2.317
2018/11/20 11:00,9134,9640,160,346,1.187,0.004,169.149,526.473,4.45,0.187,1.086,2.173
2018/11/20 12:00,9028,9570,153,389,1.186,0.004,159.461,468.1,4.531,0.118,1.367,2.034
2018/11/20 13:00,9031,9497,112,354,1.185,0.004,127.974,354.17,4.572,0.076,1.35,1.915
2018/11/20 14:00,9048,9538,55,435,1.186,0.004,67.42,192.472,4.596,0.039,0.783,1.752
2018/11/20 15:00,9341,9871,20,510,1.188,0.004,7.999,25.712,4.622,0.024,-0.445,1.505
2018/11/20 16:00,9570,10127,10,547,1.191,0.004,0,0,4.643,0.017,-1.125,1.425
2018/11/20 17:00,9360,9916,8,548,1.192,0.004,0,0,4.66,0.014,-1.318,1.339
2018/11/20 18:00,8876,9333,0,457,1.193,0.004,0,0,4.67,0.007,-1.487,1.226
2018/11/20 19:00,8324,8703,0,379,1.193,0.004,0,0,4.675,0.006,-1.555,1.123
2018/11/20 20:00,7699,8083,0,384,1.194,0.004,0,0,4.679,0.005,-1.524,1.052
2018/11/20 21:00,7340,7760,0,420,1.194,0.004,0,0,4.681,0.004,-1.505,0.998
2018/11/20 22:00,6863,7230,0,367,1.194,0.004,0,0,4.68,0.004,-1.473,0.954
2018/11/20 23:00,6823,7030,0,207,1.194,0.004,0,0,4.679,0.004,-1.449,0.911
2018/11/21 0:00,6621,6755,0,134,1.193,0.004,0,0,4.679,0.004,-1.378,0.9
2018/11/21 1:00,6486,6646,0,160,1.193,0.004,0,0,4.679,0.004,-1.266,0.888
2018/11/21 2:00,6319,6523,0,204,1.192,0.004,0,0,4.678,0.005,-1.149,0.88
2018/11/21 3:00,6526,6695,0,169,1.192,0.004,0,0,4.674,0.006,-0.988,0.905
2018/11/21 4:00,7249,7355,0,106,1.192,0.004,0,0,4.666,0.005,-0.853,0.886
2018/11/21 5:00,8411,8514,0,103,1.192,0.004,0,0,4.656,0.005,-0.801,0.811
2018/11/21 6:00,9364,9520,18,138,1.192,0.004,2.639,19.913,4.647,0.004,-0.72,0.781
2018/11/21 7:00,9643,9809,37,129,1.192,0.004,45.101,181.404,4.624,0.003,0.203,0.983
2018/11/21 8:00,9576,9763,73,114,1.19,0.004,110.654,344.418,4.552,0.002,1.431,1.117
2018/11/21 9:00,9541,9757,114,102,1.186,0.004,169.333,460.1,4.403,0.001,2.557,1.182
2018/11/21 10:00,9520,9761,146,95,1.182,0.005,203.644,520.555,4.203,0.001,3.457,1.246
2018/11/21 11:00,9260,9540,156,124,1.18,0.005,203.41,521.642,3.992,0,4.015,1.289
2018/11/21 12:00,9247,9538,140,151,1.179,0.005,163.799,463.278,3.806,0,4.113,1.288
2018/11/21 13:00,9195,9474,97,182,1.179,0.005,105.996,349.47,3.666,0.002,3.781,1.197
2018/11/21 14:00,9271,9500,47,182,1.182,0.005,45.958,187.972,3.578,0.003,2.954,0.94
2018/11/21 15:00,9631,9818,18,169,1.184,0.005,4.78,23.68,3.534,0.004,1.963,0.815
2018/11/21 16:00,9697,9862,9,156,1.186,0.004,0,0,3.507,0.005,1.6,0.803
2018/11/21 17:00,9482,9634,8,144,1.188,0.004,0,0,3.484,0.004,1.391,0.768
2018/11/21 18:00,8824,9022,0,198,1.19,0.004,0,0,3.467,0.007,1.22,0.709
2018/11/21 19:00,8254,8447,0,193,1.191,0.004,0,0,3.455,0.007,1.104,0.663
2018/11/21 20:00,7717,7921,0,204,1.192,0.004,0,0,3.444,0.007,1.031,0.669
2018/11/21 21:00,7541,7722,0,181,1.193,0.004,0,0,3.432,0.006,0.98,0.687
2018/11/21 22:00,6967,7182,0,215,1.193,0.004,0,0,3.417,0.006,0.93,0.723
2018/11/21 23:00,6670,6864,0,194,1.193,0.004,0,0,3.401,0.007,0.891,0.739
2018/11/22 0:00,6433,6606,0,173,1.193,0.004,0,0,3.385,0.007,0.897,0.77
2018/11/22 1:00,6314,6469,0,155,1.194,0.004,0,0,3.37,0.008,0.871,0.777
2018/11/22 2:00,6295,6440,0,145,1.194,0.004,0,0,3.357,0.009,0.826,0.753
2018/11/22 3:00,6474,6597,0,123,1.194,0.004,0,0,3.346,0.009,0.799,0.714
2018/11/22 4:00,7089,7208,0,119,1.195,0.004,0,0,3.336,0.008,0.774,0.668
2018/11/22 5:00,8318,8410,0,92,1.195,0.004,0,0,3.325,0.007,0.762,0.661
2018/11/22 6:00,9345,9438,18,75,1.196,0.004,2.074,18.151,3.315,0.006,0.715,0.667
2018/11/22 7:00,9618,9720,37,65,1.196,0.004,39.239,176.99,3.296,0.004,1.171,0.78
2018/11/22 8:00,9601,9735,77,57,1.194,0.004,103.216,339.832,3.236,0.003,2.046,0.764
2018/11/22 9:00,9583,9757,122,52,1.191,0.005,167.729,455.396,3.118,0.001,3.064,0.757
2018/11/22 10:00,9533,9736,164,39,1.189,0.005,199.768,515.775,2.96,0.001,3.838,0.786
2018/11/22 11:00,9257,9474,181,36,1.187,0.005,196.25,516.916,2.796,0,4.268,0.825
2018/11/22 12:00,9275,9478,167,36,1.185,0.005,164.396,458.616,2.654,0,4.369,0.848
2018/11/22 13:00,9314,9467,120,33,1.186,0.005,116.679,344.946,2.547,0,4.11,0.848
2018/11/22 14:00,9433,9522,57,32,1.187,0.005,54.019,183.584,2.482,0.001,3.296,0.737
2018/11/22 15:00,9718,9777,20,39,1.189,0.005,5.724,21.783,2.455,0.001,2.083,0.666
2018/11/22 16:00,9809,9881,9,63,1.191,0.004,0,0,2.442,0.001,1.566,0.756
2018/11/22 17:00,9464,9581,8,109,1.192,0.004,0,0,2.431,0.002,1.339,0.83
2018/11/22 18:00,8923,9079,0,156,1.192,0.004,0,0,2.422,0.002,1.165,0.866
2018/11/22 19:00,8327,8556,0,229,1.193,0.004,0,0,2.415,0.002,0.975,0.88
2018/11/22 20:00,7613,7933,0,320,1.193,0.004,0,0,2.411,0.002,0.812,0.895
2018/11/22 21:00,7291,7706,0,415,1.194,0.004,0,0,2.407,0.002,0.803,0.908
2018/11/22 22:00,6814,7218,0,404,1.195,0.004,0,0,2.404,0.003,0.775,0.938
2018/11/22 23:00,6549,6951,0,402,1.196,0.004,0,0,2.401,0.003,0.773,0.999
2018/11/23 0:00,6256,6700,0,444,1.197,0.004,0,0,2.397,0.003,0.684,1.019
2018/11/23 1:00,6141,6606,0,465,1.197,0.004,0,0,2.39,0.002,0.539,1.006
2018/11/23 2:00,6074,6515,0,441,1.198,0.004,0,0,2.385,0.003,0.342,0.998
2018/11/23 3:00,6221,6664,0,443,1.199,0.004,0,0,2.383,0.004,0.169,0.975
2018/11/23 4:00,6819,7303,0,484,1.199,0.004,0,0,2.382,0.004,0.034,1.003
2018/11/23 5:00,7781,8305,0,524,1.199,0.004,0,0,2.38,0.003,-0.064,1.011
2018/11/23 6:00,8777,9334,22,535,1.2,0.004,3.332,16.514,2.378,0.003,-0.154,0.99
2018/11/23 7:00,9025,9639,48,566,1.2,0.004,59.213,172.694,2.364,0.002,0.658,1.113
2018/11/23 8:00,9007,9650,93,550,1.197,0.004,143.307,335.374,2.31,0.001,2.16,1.201
2018/11/23 9:00,9068,9754,148,538,1.192,0.005,218.566,450.85,2.204,0,3.514,1.47
2018/11/23 10:00,8918,9742,208,616,1.187,0.005,256.126,511.171,2.063,0,4.618,1.654
2018/11/23 11:00,8548,9469,229,692,1.183,0.005,252.227,512.296,1.915,0,5.268,1.753
2018/11/23 12:00,8292,9303,214,797,1.181,0.005,202.088,454.048,1.786,0,5.384,1.812
2018/11/23 13:00,8048,9170,150,972,1.181,0.005,129.211,340.494,1.693,0,4.915,1.818
2018/11/23 14:00,8041,9174,68,1065,1.183,0.005,50.847,179.311,1.638,0.001,3.671,1.614
2018/11/23 15:00,8063,9476,21,1392,1.185,0.005,3.336,20.02,1.61,0.001,2.311,1.565
2018/11/23 16:00,7982,9602,9,1611,1.187,0.005,0,0,1.587,0.002,1.999,1.636
2018/11/23 17:00,7584,9320,8,1728,1.188,0.005,0,0,1.564,0.002,1.963,1.679
2018/11/23 18:00,6761,8688,0,1927,1.189,0.005,0,0,1.541,0.006,1.962,1.752
2018/11/23 19:00,6061,8121,0,2060,1.189,0.005,0,0,1.52,0.007,1.825,1.803
2018/11/23 20:00,5466,7709,0,2243,1.189,0.005,0,0,1.5,0.008,1.718,1.861
2018/11/23 21:00,5321,7669,0,2348,1.189,0.004,0,0,1.483,0.009,1.7,1.921
2018/11/23 22:00,4696,7238,0,2542,1.189,0.004,0,0,1.467,0.011,1.663,1.955
2018/11/23 23:00,4174,6763,0,2589,1.188,0.004,0,0,1.451,0.012,1.672,2.008
2018/11/24 0:00,3807,6415,0,2608,1.186,0.005,0,0,1.432,0.012,1.828,2.034
2018/11/24 1:00,3670,6238,0,2568,1.184,0.005,0,0,1.412,0.012,2.033,1.93
2018/11/24 2:00,3521,6059,0,2538,1.182,0.005,0,0,1.391,0.011,2.166,1.875
2018/11/24 3:00,3683,6130,0,2447,1.181,0.005,0,0,1.37,0.012,2.289,1.785
2018/11/24 4:00,3979,6418,0,2439,1.18,0.005,0,0,1.352,0.012,2.302,1.776
2018/11/24 5:00,4423,6825,0,2402,1.18,0.005,0,0,1.334,0.011,2.322,1.782
2018/11/24 6:00,4940,7378,22,2416,1.18,0.005,0.578,14.999,1.317,0.015,2.349,1.781
2018/11/24 7:00,5286,7730,44,2400,1.18,0.005,16.541,168.505,1.299,0.013,2.576,1.739
2018/11/24 8:00,5622,8004,82,2300,1.179,0.005,49.806,331.068,1.276,0.013,3.266,1.727
2018/11/24 9:00,6085,8147,129,1933,1.177,0.005,91.94,446.401,1.236,0.003,4.128,1.767
2018/11/24 10:00,6255,8215,187,1773,1.175,0.005,138.862,506.687,1.177,0.001,4.941,1.809
2018/11/24 11:00,6367,8028,204,1457,1.172,0.006,162.221,507.807,1.108,0,5.573,1.908
2018/11/24 12:00,6762,7846,181,903,1.17,0.006,154.535,449.639,1.038,0,5.92,1.839
2018/11/24 13:00,7183,7744,121,440,1.169,0.006,104.125,336.182,0.983,0,5.735,1.53
2018/11/24 14:00,7502,7780,56,222,1.171,0.006,44.484,175.162,0.949,0,4.868,0.964
2018/11/24 15:00,7893,8046,19,134,1.172,0.005,3.048,18.381,0.931,0,3.676,0.692
2018/11/24 16:00,8139,8247,8,100,1.174,0.005,0,0,0.919,0.001,3.448,0.621
2018/11/24 17:00,7918,7991,8,65,1.175,0.005,0,0,0.908,0.001,3.21,0.629
2018/11/24 18:00,7421,7482,0,61,1.176,0.005,0,0,0.898,0,2.94,0.671
2018/11/24 19:00,7068,7122,0,54,1.177,0.005,0,0,0.888,0,2.701,0.673
2018/11/24 20:00,6683,6737,0,54,1.178,0.005,0,0,0.881,0,2.466,0.673
2018/11/24 21:00,6682,6726,0,44,1.179,0.005,0,0,0.873,0,2.389,0.687
2018/11/24 22:00,6343,6380,0,37,1.179,0.005,0,0,0.865,0,2.431,0.72
2018/11/24 23:00,5891,5930,0,39,1.179,0.005,0,0,0.857,0,2.472,0.766
2018/11/25 0:00,5708,5753,0,45,1.179,0.005,0,0,0.85,0,2.428,0.763
2018/11/25 1:00,5642,5683,0,41,1.18,0.005,0,0,0.843,0,2.307,0.769
2018/11/25 2:00,5463,5497,0,34,1.18,0.005,0,0,0.836,0,2.166,0.786
2018/11/25 3:00,5444,5488,0,44,1.18,0.005,0,0,0.829,0,1.951,0.788
2018/11/25 4:00,5634,5688,0,54,1.181,0.005,0,0,0.822,0.001,1.758,0.784
2018/11/25 5:00,5852,5897,0,45,1.182,0.005,0,0,0.815,0.001,1.605,0.757
2018/11/25 6:00,6379,6450,21,50,1.183,0.005,1.223,13.605,0.808,0.001,1.485,0.722
2018/11/25 7:00,6733,6829,44,52,1.183,0.005,29.556,164.452,0.8,0.001,1.94,0.88
2018/11/25 8:00,7045,7175,77,53,1.182,0.005,76.819,326.843,0.786,0.001,2.716,1.009
2018/11/25 9:00,7233,7407,112,62,1.179,0.005,115.27,442.068,0.766,0,3.429,1.138
2018/11/25 10:00,7335,7559,144,80,1.175,0.005,134.223,502.313,0.742,0,4.142,1.177
2018/11/25 11:00,7190,7446,149,107,1.172,0.005,122.813,503.426,0.716,0,4.58,1.186
2018/11/25 12:00,7042,7295,122,131,1.17,0.005,92.344,445.35,0.693,0,4.642,1.235
2018/11/25 13:00,6983,7222,76,163,1.169,0.005,57.329,331.978,0.674,0,4.351,1.274
2018/11/25 14:00,6939,7185,34,212,1.17,0.005,23.746,171.124,0.66,0,3.744,1.16
2018/11/25 15:00,7222,7502,14,266,1.171,0.005,2.065,16.865,0.651,0.001,3.056,1.088
2018/11/25 16:00,7437,7693,8,248,1.172,0.005,0,0,0.644,0.002,2.841,1.153
2018/11/25 17:00,7422,7668,8,238,1.172,0.005,0,0,0.644,0.011,2.707,1.175
2018/11/25 18:00,7110,7407,0,297,1.173,0.005,0,0,0.684,0.076,2.541,1.218
2018/11/25 19:00,6781,7105,0,324,1.174,0.005,0,0,0.774,0.113,2.354,1.25
2018/11/25 20:00,6434,6836,0,402,1.174,0.005,0,0,0.886,0.123,2.186,1.3
2018/11/25 21:00,6473,6928,0,455,1.173,0.005,0,0,0.994,0.109,2.101,1.33
2018/11/25 22:00,6259,6689,0,430,1.173,0.005,0,0,1.095,0.107,2.061,1.399
2018/11/25 23:00,6000,6434,0,434,1.172,0.005,0,0,1.198,0.119,2.021,1.451
2018/11/26 0:00,5696,6244,0,548,1.172,0.005,0,0,1.339,0.179,1.993,1.465
2018/11/26 1:00,5530,6172,0,642,1.172,0.005,0,0,1.56,0.275,1.889,1.471
2018/11/26 2:00,5400,6132,0,732,1.172,0.005,0,0,1.859,0.337,1.724,1.478
2018/11/26 3:00,5549,6357,0,808,1.173,0.004,0,0,2.205,0.371,1.517,1.515
2018/11/26 4:00,6226,7116,0,890,1.174,0.004,0,0,2.575,0.381,1.303,1.628
2018/11/26 5:00,7390,8333,0,943,1.175,0.004,0,0,2.979,0.43,1.075,1.752
2018/11/26 6:00,8324,9411,11,1076,1.176,0.004,0.681,12.328,3.423,0.466,0.868,1.795
2018/11/26 7:00,8766,9883,19,1098,1.177,0.004,16.607,160.507,3.891,0.492,0.874,1.813
2018/11/26 8:00,8898,9969,34,1037,1.177,0.004,44.965,322.768,4.344,0.473,1.1,1.87
2018/11/26 9:00,8972,10114,54,1088,1.176,0.004,72.932,437.905,4.735,0.43,1.392,1.885
2018/11/26 10:00,8988,10174,66,1120,1.176,0.004,91.423,498.079,5.059,0.395,1.662,1.906
2018/11/26 11:00,8781,9966,68,1117,1.175,0.004,94.005,499.205,5.318,0.333,1.832,1.926
2018/11/26 12:00,8624,9912,58,1230,1.174,0.004,84.914,441.167,5.527,0.284,1.873,1.916
2018/11/26 13:00,8565,9955,41,1349,1.175,0.004,59.884,327.943,5.725,0.263,1.774,1.871
2018/11/26 14:00,8562,9958,22,1374,1.176,0.004,27.073,167.22,5.945,0.263,1.469,1.779
2018/11/26 15:00,8737,10156,10,1409,1.177,0.004,2.348,15.464,6.205,0.276,0.891,1.757
2018/11/26 16:00,8768,10223,8,1447,1.179,0.004,0,0,6.488,0.29,0.545,1.818
2018/11/26 17:00,8496,9989,8,1485,1.181,0.004,0,0,6.764,0.264,0.351,1.837
2018/11/26 18:00,7971,9424,0,1453,1.182,0.004,0,0,6.997,0.205,0.143,1.858
2018/11/26 19:00,7359,8810,0,1451,1.184,0.004,0,0,7.189,0.181,-0.103,1.874
2018/11/26 20:00,6856,8367,0,1511,1.186,0.004,0,0,7.376,0.186,-0.339,1.885
2018/11/26 21:00,6728,8220,0,1492,1.187,0.004,0,0,7.589,0.228,-0.534,1.897
2018/11/26 22:00,6108,7693,0,1585,1.188,0.004,0,0,7.852,0.277,-0.723,1.926
2018/11/26 23:00,5642,7357,0,1715,1.19,0.004,0,0,8.161,0.318,-0.952,1.934
2018/11/27 0:00,5301,7112,0,1811,1.191,0.004,0,0,8.505,0.35,-1.17,1.949
2018/11/27 1:00,5159,6977,0,1818,1.193,0.003,0,0,8.853,0.339,-1.378,2.028
2018/11/27 2:00,5066,6938,0,1872,1.194,0.003,0,0,9.177,0.31,-1.609,2.157
2018/11/27 3:00,5272,7127,0,1855,1.195,0.003,0,0,9.458,0.262,-1.833,2.188
2018/11/27 4:00,5942,7783,0,1841,1.197,0.003,0,0,9.711,0.251,-2.016,2.188
2018/11/27 5:00,6986,8838,0,1852,1.198,0.003,0,0,9.96,0.251,-2.192,2.159
2018/11/27 6:00,7815,9797,15,1967,1.2,0.003,1.176,11.152,10.19,0.22,-2.361,2.179
2018/11/27 7:00,7967,10110,30,2113,1.201,0.003,25.906,156.705,10.372,0.163,-2.215,2.25
2018/11/27 8:00,7947,10156,50,2159,1.202,0.003,73.967,318.805,10.488,0.104,-1.692,2.443
2018/11/27 9:00,8096,10241,75,2070,1.202,0.003,128.269,433.846,10.532,0.068,-1.229,2.615
2018/11/27 10:00,8141,10294,102,2051,1.201,0.003,174.948,493.977,10.514,0.058,-0.914,2.699
2018/11/27 11:00,7868,10144,111,2165,1.201,0.003,183.344,495.108,10.466,0.054,-0.735,2.737
2018/11/27 12:00,7736,10146,102,2308,1.201,0.003,153.187,437.131,10.418,0.044,-0.781,2.698
2018/11/27 13:00,7651,10097,72,2374,1.202,0.003,99.704,324.02,10.391,0.034,-1.045,2.556
2018/11/27 14:00,7627,10087,36,2424,1.204,0.003,40.469,163.433,10.393,0.029,-1.642,2.302
2018/11/27 15:00,7896,10377,14,2467,1.206,0.003,2.426,14.172,10.41,0.026,-2.544,2.186
2018/11/27 16:00,7998,10468,8,2462,1.209,0.003,0,0,10.428,0.024,-3.035,2.281
2018/11/27 17:00,7742,10207,8,2457,1.211,0.003,0,0,10.442,0.019,-3.311,2.348
2018/11/27 18:00,7119,9622,0,2503,1.212,0.003,0,0,10.447,0.008,-3.518,2.376
2018/11/27 19:00,6665,9202,0,2537,1.214,0.003,0,0,10.448,0.007,-3.731,2.366
2018/11/27 20:00,6162,8690,0,2528,1.215,0.003,0,0,10.449,0.005,-3.901,2.347
2018/11/27 21:00,5966,8483,0,2517,1.217,0.003,0,0,10.449,0.005,-4.042,2.309
2018/11/27 22:00,5509,7968,0,2459,1.218,0.003,0,0,10.449,0.004,-4.154,2.237
2018/11/27 23:00,5255,7678,0,2423,1.219,0.003,0,0,10.45,0.004,-4.221,2.173
2018/11/28 0:00,5014,7400,0,2386,1.219,0.003,0,0,10.451,0.004,-4.319,2.099
2018/11/28 1:00,4964,7303,0,2339,1.22,0.003,0,0,10.453,0.003,-4.433,2.012
2018/11/28 2:00,4887,7282,0,2395,1.22,0.002,0,0,10.455,0.003,-4.549,1.946
2018/11/28 3:00,5067,7438,0,2371,1.221,0.002,0,0,10.457,0.002,-4.612,1.935
2018/11/28 4:00,5720,8068,0,2348,1.221,0.002,0,0,10.459,0.002,-4.723,1.918
2018/11/28 5:00,6818,9085,0,2267,1.222,0.002,0,0,10.462,0.002,-4.887,1.909
2018/11/28 6:00,7888,10070,28,2154,1.223,0.002,2.733,10.07,10.464,0.002,-5.067,1.928
2018/11/28 7:00,8169,10169,68,1932,1.223,0.003,66.661,153.032,10.465,0.001,-4.453,2.077
2018/11/28 8:00,8246,10098,138,1714,1.221,0.003,176.144,314.981,10.459,0.001,-2.638,2.192
2018/11/28 9:00,8353,10036,220,1463,1.217,0.003,269.245,429.953,10.412,0.001,-1.079,2.31
2018/11/28 10:00,8239,9938,329,1370,1.214,0.003,324.384,490.02,10.29,0.001,-0.276,2.169
2018/11/28 11:00,8119,9706,353,1234,1.211,0.003,331.496,491.138,10.119,0.001,0.247,2.021
2018/11/28 12:00,8277,9659,310,1072,1.209,0.003,285.166,433.237,9.948,0.001,0.462,1.922
2018/11/28 13:00,8527,9638,202,909,1.209,0.003,200.457,320.213,9.835,0.001,0.243,1.707
2018/11/28 14:00,8968,9910,90,852,1.21,0.003,83.479,159.788,9.804,0.001,-1.095,1.103
2018/11/28 15:00,9338,10364,29,997,1.213,0.003,4.936,12.986,9.803,0,-3.672,1.094
2018/11/28 16:00,9701,10667,10,956,1.216,0.002,0,0,9.806,0,-5.024,1.237
2018/11/28 17:00,9737,10498,8,753,1.219,0.002,0,0,9.808,0,-5.857,1.28
2018/11/28 18:00,9404,9927,0,523,1.222,0.002,0,0,9.811,0,-6.422,1.283
2018/11/28 19:00,9024,9369,0,345,1.224,0.002,0,0,9.813,0,-6.786,1.273
2018/11/28 20:00,8620,8862,0,242,1.227,0.002,0,0,9.816,0,-7.064,1.218
2018/11/28 21:00,8546,8677,0,131,1.228,0.002,0,0,9.818,0,-7.229,1.125
2018/11/28 22:00,8086,8154,0,68,1.229,0.002,0,0,9.82,0,-7.232,1.027
2018/11/28 23:00,7668,7723,0,55,1.23,0.002,0,0,9.822,0.001,-7.2,0.882
2018/11/29 0:00,7409,7448,0,39,1.23,0.002,0,0,9.825,0.001,-7.339,0.953
2018/11/29 1:00,7279,7345,0,66,1.231,0.002,0,0,9.828,0.001,-7.417,0.977
2018/11/29 2:00,7067,7264,0,197,1.232,0.002,0,0,9.831,0.002,-7.24,0.981
2018/11/29 3:00,6914,7443,0,529,1.232,0.002,0,0,9.834,0.002,-7.228,1.006
2018/11/29 4:00,7280,8094,0,814,1.232,0.002,0,0,9.838,0.002,-7.287,1.099
2018/11/29 5:00,8500,9208,0,708,1.232,0.002,0,0,9.842,0.002,-7.278,1.22
2018/11/29 6:00,9464,10200,32,704,1.231,0.002,3.022,9.097,9.845,0.002,-7.245,1.375
2018/11/29 7:00,9332,10399,76,991,1.23,0.002,73.065,149.471,9.848,0.002,-6.278,1.609
2018/11/29 8:00,9148,10181,155,878,1.226,0.002,196.571,311.315,9.837,0.001,-3.644,1.836
2018/11/29 9:00,8963,10081,244,874,1.222,0.003,303.344,426.162,9.766,0,-1.613,2.206
2018/11/29 10:00,8721,9940,365,854,1.217,0.003,362,486.219,9.612,0,-0.565,2.328
2018/11/29 11:00,8385,9795,400,1010,1.213,0.003,363.249,487.335,9.383,0,0.124,2.36
2018/11/29 12:00,8161,9764,358,1245,1.21,0.003,309.443,429.485,9.143,0,0.349,2.335
2018/11/29 13:00,8253,9785,230,1302,1.21,0.003,212.027,316.556,8.979,0,-0.059,2.24
2018/11/29 14:00,8370,9897,97,1430,1.212,0.003,86.09,156.273,8.916,0,-1.482,1.887
2018/11/29 15:00,8662,10308,29,1617,1.215,0.003,3.681,11.9,8.904,0,-3.634,1.799
2018/11/29 16:00,8464,10511,9,2038,1.219,0.003,0,0,8.899,0.001,-4.489,1.978
2018/11/29 17:00,8006,10291,8,2277,1.222,0.003,0,0,8.898,0.001,-4.902,2.051
2018/11/29 18:00,7422,9739,0,2317,1.224,0.002,0,0,8.896,0.001,-5.118,2.114
2018/11/29 19:00,6779,9163,0,2384,1.224,0.002,0,0,8.894,0.001,-5.147,2.183
2018/11/29 20:00,6114,8528,0,2414,1.224,0.003,0,0,8.893,0.003,-4.973,2.308
2018/11/29 21:00,5959,8368,0,2409,1.224,0.003,0,0,8.893,0.004,-4.76,2.435
2018/11/29 22:00,5334,7845,0,2511,1.224,0.003,0,0,8.895,0.004,-4.826,2.388
2018/11/29 23:00,5079,7480,0,2401,1.224,0.003,0,0,8.897,0.003,-5.079,2.307
2018/11/30 0:00,4772,7168,0,2396,1.225,0.002,0,0,8.898,0.002,-5.293,2.321
2018/11/30 1:00,4664,7079,0,2415,1.226,0.002,0,0,8.898,0.001,-5.51,2.269
2018/11/30 2:00,4504,6962,0,2458,1.226,0.002,0,0,8.897,0,-5.652,2.223
2018/11/30 3:00,4659,7114,0,2455,1.226,0.002,0,0,8.894,0,-5.671,2.189
2018/11/30 4:00,5263,7731,0,2468,1.225,0.002,0,0,8.891,0,-5.56,2.219
2018/11/30 5:00,6444,8845,0,2401,1.224,0.002,0,0,8.887,0,-5.355,2.286
2018/11/30 6:00,7466,9762,22,2274,1.223,0.002,2.571,8.204,8.883,0,-5.145,2.344
2018/11/30 7:00,7800,10018,48,2170,1.221,0.002,55.58,146.066,8.877,0,-4.373,2.501
2018/11/30 8:00,7763,9982,90,2129,1.218,0.003,130.471,307.765,8.848,0.001,-3.017,2.772
2018/11/30 9:00,7875,10054,135,2044,1.214,0.003,185.638,422.515,8.772,0.002,-1.984,2.974
2018/11/30 10:00,7681,10011,179,2151,1.211,0.003,213.039,482.529,8.655,0.004,-1.204,2.964
2018/11/30 11:00,7552,9784,184,2048,1.208,0.003,202.408,483.66,8.523,0.005,-0.79,2.844
2018/11/30 12:00,7501,9644,156,1987,1.206,0.003,156.91,425.862,8.415,0.009,-0.722,2.664
2018/11/30 13:00,7552,9570,104,1914,1.205,0.003,92.243,313.037,8.356,0.019,-0.968,2.441
2018/11/30 14:00,7747,9613,47,1819,1.206,0.003,30.879,152.89,8.35,0.03,-1.539,2.141
2018/11/30 15:00,8128,9938,16,1794,1.208,0.003,0.968,10.905,8.385,0.045,-2.231,1.975
2018/11/30 16:00,8224,10086,8,1854,1.209,0.003,0,0,8.449,0.068,-2.536,2.042
2018/11/30 17:00,7892,9761,8,1861,1.21,0.003,0,0,8.536,0.09,-2.709,2.074
2018/11/30 18:00,7367,9180,0,1813,1.211,0.003,0,0,8.638,0.105,-2.877,2.08
2018/11/30 19:00,6929,8650,0,1721,1.211,0.003,0,0,8.753,0.117,-3.018,2.022
2018/11/30 20:00,6383,8059,0,1676,1.211,0.003,0,0,8.87,0.112,-3.085,1.951
2018/11/30 21:00,6436,7973,0,1537,1.211,0.003,0,0,8.983,0.108,-3.124,1.828
2018/11/30 22:00,6232,7547,0,1315,1.21,0.003,0,0,9.093,0.116,-3.152,1.701
2018/11/30 23:00,6065,7139,0,1074,1.21,0.003,0,0,9.215,0.139,-3.142,1.561
2018/12/1 0:00,5930,6775,0,845,1.209,0.003,0,0,9.351,0.147,-3.085,1.423
2018/12/1 1:00,5892,6594,0,702,1.209,0.003,0,0,9.489,0.15,-2.986,1.321
2018/12/1 2:00,5828,6402,0,574,1.208,0.003,0,0,9.622,0.142,-2.833,1.261
2018/12/1 3:00,5957,6403,0,446,1.208,0.003,0,0,9.743,0.126,-2.72,1.22
2018/12/1 4:00,6322,6665,0,343,1.208,0.003,0,0,9.846,0.105,-2.727,1.164
2018/12/1 5:00,6817,7081,0,264,1.207,0.003,0,0,9.928,0.085,-2.708,1.104
2018/12/1 6:00,7538,7744,21,185,1.207,0.003,1.247,7.388,9.988,0.068,-2.642,1.041
2018/12/1 7:00,7992,8152,42,118,1.206,0.003,35.108,142.805,10.028,0.057,-2.05,0.996
2018/12/1 8:00,8304,8464,82,78,1.204,0.004,96.085,304.358,10.042,0.051,-0.721,0.889
2018/12/1 9:00,8359,8556,136,61,1.201,0.004,149.97,419.027,9.952,0.039,0.387,0.786
2018/12/1 10:00,8361,8594,186,47,1.197,0.004,191.601,478.988,9.704,0.025,1.254,0.743
2018/12/1 11:00,8166,8427,216,45,1.193,0.004,208.983,480.126,9.364,0.013,1.968,0.76
2018/12/1 12:00,7949,8219,213,57,1.191,0.004,191.835,422.386,9.014,0.008,2.388,0.689
2018/12/1 13:00,7914,8133,152,67,1.19,0.004,136.954,309.658,8.756,0.006,2.258,0.529
2018/12/1 14:00,8037,8165,68,60,1.191,0.004,56.954,149.641,8.647,0.006,1.321,0.432
2018/12/1 15:00,8429,8500,20,51,1.194,0.004,2.75,10,8.641,0.006,0.248,0.517
2018/12/1 16:00,8670,8737,8,59,1.196,0.004,0,0,8.641,0.004,-0.252,0.594
2018/12/1 17:00,8377,8492,8,107,1.197,0.004,0,0,8.639,0.005,-0.69,0.743
2018/12/1 18:00,7876,8020,0,144,1.198,0.004,0,0,8.637,0.006,-0.881,0.86
2018/12/1 19:00,7487,7679,0,192,1.198,0.004,0,0,8.639,0.008,-0.964,0.92
2018/12/1 20:00,7005,7290,0,285,1.198,0.004,0,0,8.644,0.008,-1.095,0.961
2018/12/1 21:00,6896,7274,0,378,1.199,0.004,0,0,8.652,0.008,-1.267,1.009
2018/12/1 22:00,6278,6804,0,526,1.2,0.004,0,0,8.661,0.008,-1.431,1.11
2018/12/1 23:00,5845,6464,0,619,1.2,0.003,0,0,8.671,0.009,-1.74,1.21
2018/12/2 0:00,5438,6212,0,774,1.201,0.003,0,0,8.681,0.008,-2.026,1.306
2018/12/2 1:00,5098,6131,0,1033,1.202,0.003,0,0,8.69,0.008,-2.26,1.446
2018/12/2 2:00,4463,5763,0,1300,1.202,0.003,0,0,8.7,0.008,-2.285,1.493
2018/12/2 3:00,4546,5956,0,1410,1.203,0.003,0,0,8.708,0.008,-2.445,1.502
2018/12/2 4:00,4703,6127,0,1424,1.204,0.003,0,0,8.715,0.01,-2.738,1.585
2018/12/2 5:00,4907,6284,0,1377,1.205,0.003,0,0,8.722,0.011,-2.961,1.607
2018/12/2 6:00,5201,6776,26,1549,1.205,0.003,1.285,6.664,8.73,0.012,-3.131,1.559
2018/12/2 7:00,5569,7207,53,1585,1.204,0.003,47.475,139.663,8.74,0.017,-2.551,1.637
2018/12/2 8:00,5808,7538,98,1632,1.2,0.004,131.339,301.081,8.727,0.028,-1.069,1.909
2018/12/2 9:00,6079,7819,164,1576,1.195,0.004,205.017,415.681,8.606,0.025,0.193,2.05
2018/12/2 10:00,6271,8048,241,1536,1.19,0.004,224.704,475.622,8.309,0.018,1.098,2.115
2018/12/2 11:00,6225,7821,252,1344,1.185,0.004,206.867,476.744,7.88,0.019,1.74,2.099
2018/12/2 12:00,6146,7595,207,1242,1.182,0.004,144.099,419.028,7.569,0.019,2.013,2.054
2018/12/2 13:00,6058,7460,123,1279,1.181,0.004,75.417,306.415,7.376,0.016,1.835,1.9
2018/12/2 14:00,6265,7491,51,1175,1.181,0.004,23.035,146.535,7.289,0.025,1.321,1.675
2018/12/2 15:00,6632,7804,17,1155,1.181,0.004,0.933,9.179,7.248,0.024,0.937,1.557
2018/12/2 16:00,7032,8051,8,1011,1.181,0.004,0,0,7.212,0.042,1.006,1.544
2018/12/2 17:00,7172,8037,8,857,1.18,0.004,0,0,7.181,0.056,1.15,1.495
2018/12/2 18:00,6913,7728,0,815,1.178,0.004,0,0,7.154,0.076,1.318,1.497
2018/12/2 19:00,6806,7433,0,627,1.177,0.004,0,0,7.112,0.074,1.448,1.463
2018/12/2 20:00,6624,7080,0,456,1.175,0.005,0,0,7.019,0.031,1.666,1.437
2018/12/2 21:00,6804,7188,0,384,1.173,0.005,0,0,6.871,0.025,1.824,1.355
2018/12/2 22:00,6414,6751,0,337,1.171,0.005,0,0,6.711,0.016,2.013,1.196
2018/12/2 23:00,6257,6539,0,282,1.169,0.005,0,0,6.545,0.01,2.285,1.156
2018/12/3 0:00,6060,6333,0,273,1.166,0.005,0,0,6.379,0.007,2.48,1.159
2018/12/3 1:00,5914,6234,0,320,1.165,0.005,0,0,6.244,0.026,2.566,1.162
2018/12/3 2:00,5869,6164,0,295,1.163,0.005,0,0,6.158,0.036,2.616,1.134
2018/12/3 3:00,6109,6421,0,312,1.163,0.005,0,0,6.096,0.039,2.72,1.095
2018/12/3 4:00,6885,7150,0,265,1.164,0.005,0,0,6.037,0.037,2.682,1.073
2018/12/3 5:00,8138,8366,0,228,1.165,0.005,0,0,5.968,0.031,2.487,1.073
2018/12/3 6:00,9114,9411,20,277,1.165,0.005,0.751,5.999,5.892,0.025,2.372,1.119
2018/12/3 7:00,9270,9696,38,388,1.166,0.005,22.125,136.662,5.792,0.022,2.748,1.213
2018/12/3 8:00,9175,9700,69,456,1.166,0.005,49.809,297.976,5.621,0.006,3.479,1.361
2018/12/3 9:00,9155,9740,106,479,1.164,0.005,87.999,412.509,5.363,0.002,4.293,1.422
2018/12/3 10:00,9096,9764,143,525,1.16,0.006,123.365,472.379,5.047,0.001,5.195,1.382
2018/12/3 11:00,8945,9596,175,476,1.156,0.006,154.349,473.52,4.699,0,6.167,1.428
2018/12/3 12:00,8727,9446,192,527,1.152,0.006,163.972,415.871,4.363,0,6.781,1.389
2018/12/3 13:00,8720,9412,154,538,1.151,0.006,130.319,303.314,4.088,0,6.611,1.215
2018/12/3 14:00,8887,9545,76,582,1.15,0.006,51.112,143.564,3.918,0,5.2,1.22
2018/12/3 15:00,9260,9886,23,603,1.151,0.006,1.438,8.433,3.838,0,3.985,1.315
2018/12/3 16:00,9334,10005,8,663,1.151,0.006,0,0,3.772,0,3.938,1.327
2018/12/3 17:00,9047,9778,8,723,1.152,0.006,0,0,3.703,0,4.023,1.315
2018/12/3 18:00,8397,9195,0,798,1.153,0.006,0,0,3.627,0.001,4.083,1.333
2018/12/3 19:00,7935,8604,0,669,1.154,0.006,0,0,3.55,0.016,4.078,1.383
2018/12/3 20:00,7411,7969,0,558,1.156,0.006,0,0,3.489,0.036,4.045,1.431
2018/12/3 21:00,7255,7750,0,495,1.156,0.005,0,0,3.431,0.026,4.042,1.489
2018/12/3 22:00,6609,7292,0,683,1.156,0.005,0,0,3.373,0.026,3.914,1.514
2018/12/3 23:00,6107,6846,0,739,1.157,0.005,0,0,3.321,0.016,3.659,1.514
2018/12/4 0:00,5758,6570,0,812,1.159,0.005,0,0,3.278,0.011,3.418,1.541
2018/12/4 1:00,5559,6413,0,854,1.16,0.005,0,0,3.237,0.011,3.354,1.585
2018/12/4 2:00,5421,6245,0,824,1.161,0.005,0,0,3.18,0.012,3.499,1.645
2018/12/4 3:00,5606,6427,0,821,1.161,0.005,0,0,3.107,0.012,3.531,1.606
2018/12/4 4:00,6435,7134,0,699,1.161,0.005,0,0,3.023,0.012,3.574,1.77
2018/12/4 5:00,7401,8355,0,954,1.162,0.005,0,0,2.923,0.014,3.977,2.144
2018/12/4 6:00,8156,9348,39,1153,1.163,0.005,1.152,5.411,2.837,0.016,3.955,2.055
2018/12/4 7:00,8343,9493,84,1066,1.164,0.005,35.722,133.816,2.761,0.02,4.503,1.993
2018/12/4 8:00,8135,9422,150,1137,1.163,0.006,95.459,294.993,2.66,0.021,5.642,2.116
2018/12/4 9:00,8064,9474,228,1182,1.163,0.006,174.223,409.452,2.527,0.024,6.725,2.206
2018/12/4 10:00,7648,9521,322,1551,1.162,0.006,212.85,469.285,2.377,0.024,7.366,2.424
2018/12/4 11:00,7366,9357,328,1663,1.162,0.006,207.675,470.43,2.232,0.025,7.568,2.446
2018/12/4 12:00,7368,9420,279,1773,1.163,0.006,176.729,412.846,2.117,0.028,7.365,2.398
2018/12/4 13:00,7304,9513,170,2039,1.165,0.006,118.09,300.39,2.043,0.032,6.613,2.17
2018/12/4 14:00,7610,9562,66,1886,1.169,0.005,44.393,140.737,2.018,0.038,5.134,1.754
2018/12/4 15:00,8225,9790,20,1545,1.174,0.005,1.304,7.765,2.038,0.045,3.414,1.419
2018/12/4 16:00,8488,9920,8,1424,1.179,0.005,0,0,2.073,0.041,2.481,1.33
2018/12/4 17:00,8333,9702,8,1361,1.184,0.005,0,0,2.109,0.04,1.763,1.259
2018/12/4 18:00,7706,9074,0,1368,1.187,0.004,0,0,2.149,0.043,1.196,1.24
2018/12/4 19:00,7010,8544,0,1534,1.191,0.004,0,0,2.188,0.039,0.744,1.249
2018/12/4 20:00,6198,8009,0,1811,1.194,0.004,0,0,2.221,0.029,0.31,1.248
2018/12/4 21:00,5835,7769,0,1934,1.197,0.004,0,0,2.247,0.024,0.066,1.299
2018/12/4 22:00,5382,7255,0,1873,1.199,0.004,0,0,2.268,0.018,-0.229,1.278
2018/12/4 23:00,5043,6880,0,1837,1.202,0.004,0,0,2.284,0.014,-0.417,1.289
2018/12/5 0:00,4994,6625,0,1631,1.204,0.004,0,0,2.295,0.009,-0.673,1.329
2018/12/5 1:00,5135,6524,0,1389,1.205,0.004,0,0,2.303,0.007,-0.962,1.291
2018/12/5 2:00,5207,6456,0,1249,1.206,0.004,0,0,2.31,0.008,-1.161,1.258
2018/12/5 3:00,5614,6620,0,1006,1.208,0.003,0,0,2.318,0.007,-1.402,1.18
2018/12/5 4:00,6483,7309,0,826,1.208,0.003,0,0,2.324,0.005,-1.371,1.085
2018/12/5 5:00,7879,8536,0,657,1.209,0.003,0,0,2.329,0.004,-1.442,1.045
2018/12/5 6:00,8884,9520,24,612,1.209,0.003,0.988,4.877,2.334,0.006,-1.187,1.004
2018/12/5 7:00,9062,9678,49,567,1.208,0.004,34.565,131.11,2.341,0.007,-0.32,0.944
2018/12/5 8:00,9037,9587,92,458,1.206,0.004,109.579,292.189,2.343,0.009,1.261,1.05
2018/12/5 9:00,9144,9590,147,299,1.203,0.004,212.642,406.562,2.31,0.006,2.749,1.119
2018/12/5 10:00,9130,9558,217,211,1.198,0.004,294.877,466.36,2.234,0.004,4.002,1.232
2018/12/5 11:00,9028,9407,238,141,1.195,0.004,309.989,467.526,2.13,0.002,4.573,1.265
2018/12/5 12:00,9052,9388,222,114,1.193,0.004,267.634,409.949,2.026,0.001,4.667,1.166
2018/12/5 13:00,9138,9389,139,112,1.193,0.004,179.646,297.564,1.953,0.001,4.11,0.858
2018/12/5 14:00,9356,9512,57,99,1.195,0.004,67.523,138.051,1.927,0.001,2.031,0.7
2018/12/5 15:00,9721,9845,18,106,1.197,0.003,1.945,7.158,1.926,0.001,-0.13,0.942
2018/12/5 16:00,9895,9998,8,95,1.2,0.003,0,0,1.927,0.001,-0.74,0.957
2018/12/5 17:00,9663,9742,8,71,1.202,0.003,0,0,1.928,0.001,-1.143,0.898
2018/12/5 18:00,9157,9220,0,63,1.203,0.003,0,0,1.93,0.001,-1.418,0.855
2018/12/5 19:00,8587,8653,0,66,1.204,0.003,0,0,1.932,0.002,-1.491,0.852
2018/12/5 20:00,7967,8066,0,99,1.205,0.003,0,0,1.936,0.003,-1.671,0.883
2018/12/5 21:00,7637,7804,0,167,1.205,0.003,0,0,1.942,0.006,-1.957,0.914
2018/12/5 22:00,6911,7272,0,361,1.205,0.003,0,0,1.954,0.012,-2.021,0.944
2018/12/5 23:00,6338,6938,0,600,1.205,0.003,0,0,1.971,0.018,-1.898,1
2018/12/6 0:00,5866,6651,0,785,1.205,0.003,0,0,1.991,0.02,-1.696,1.061
2018/12/6 1:00,5561,6566,0,1005,1.205,0.003,0,0,2.015,0.022,-1.447,1.152
2018/12/6 2:00,5267,6446,0,1179,1.205,0.003,0,0,2.044,0.028,-1.211,1.255
2018/12/6 3:00,5138,6585,0,1447,1.204,0.004,0,0,2.079,0.033,-0.965,1.407
2018/12/6 4:00,5711,7334,0,1623,1.204,0.004,0,0,2.122,0.041,-0.784,1.515
2018/12/6 5:00,6645,8521,0,1876,1.203,0.004,0,0,2.173,0.046,-0.633,1.571
2018/12/6 6:00,7787,9583,15,1781,1.202,0.004,0.655,4.406,2.222,0.04,-0.512,1.627
2018/12/6 7:00,8181,9777,26,1570,1.201,0.004,29.199,128.557,2.259,0.025,0.07,1.766
2018/12/6 8:00,8225,9696,47,1424,1.198,0.004,94.673,289.508,2.269,0.014,1.301,1.832
2018/12/6 9:00,8513,9793,75,1205,1.195,0.004,149.018,403.818,2.234,0.008,2.532,1.964
2018/12/6 10:00,8737,9914,100,1077,1.191,0.004,172.666,463.589,2.155,0.005,3.348,2.014
2018/12/6 11:00,8807,9754,112,835,1.188,0.005,176.504,464.763,2.06,0.004,3.923,1.921
2018/12/6 12:00,8920,9770,102,748,1.186,0.005,147.734,407.244,1.97,0.002,4.135,1.675
2018/12/6 13:00,9000,9752,71,681,1.186,0.005,88.659,294.926,1.903,0.001,3.756,1.201
2018/12/6 14:00,9140,9752,36,576,1.187,0.005,32.838,135.511,1.87,0,2.746,0.919
2018/12/6 15:00,9545,9980,14,421,1.188,0.005,1.235,6.621,1.861,0.001,1.735,1.082
2018/12/6 16:00,9697,10050,8,345,1.189,0.005,0,0,1.856,0.001,1.447,1.085
2018/12/6 17:00,9430,9727,8,289,1.189,0.005,0,0,1.85,0.001,1.509,0.982
2018/12/6 18:00,8886,9153,0,267,1.189,0.005,0,0,1.844,0.001,1.626,0.936
2018/12/6 19:00,8265,8574,0,309,1.188,0.005,0,0,1.837,0.001,1.669,0.954
2018/12/6 20:00,7715,7995,0,280,1.187,0.005,0,0,1.83,0.001,1.754,0.966
2018/12/6 21:00,7461,7738,0,277,1.186,0.005,0,0,1.824,0.002,1.848,0.965
2018/12/6 22:00,6837,7190,0,353,1.184,0.005,0,0,1.819,0.003,2.005,0.964
2018/12/6 23:00,6510,6803,0,293,1.182,0.005,0,0,1.815,0.002,2.245,1.018
2018/12/7 0:00,6312,6536,0,224,1.181,0.005,0,0,1.809,0.001,2.424,1.061
2018/12/7 1:00,6113,6359,0,246,1.18,0.005,0,0,1.802,0.001,2.436,1.087
2018/12/7 2:00,6019,6261,0,242,1.179,0.005,0,0,1.794,0.001,2.514,1.135
2018/12/7 3:00,6191,6435,0,244,1.177,0.005,0,0,1.787,0.001,2.612,1.186
2018/12/7 4:00,6779,7114,0,335,1.176,0.005,0,0,1.78,0.001,2.621,1.188
2018/12/7 5:00,7945,8304,0,359,1.175,0.005,0,0,1.772,0.001,2.703,1.214
2018/12/7 6:00,8897,9330,31,402,1.173,0.005,0.79,3.981,1.765,0,2.858,1.25
2018/12/7 7:00,9117,9581,64,400,1.172,0.005,37.757,126.147,1.753,0,3.623,1.2
2018/12/7 8:00,9089,9546,115,342,1.169,0.006,116.806,286.993,1.722,0,5.548,1.229
2018/12/7 9:00,9071,9538,175,292,1.166,0.006,194.419,401.241,1.655,0,7.208,1.326
2018/12/7 10:00,8845,9386,241,300,1.161,0.006,250.506,460.974,1.555,0,8.46,1.402
2018/12/7 11:00,8546,9091,237,308,1.157,0.007,264.901,462.153,1.437,0,9.348,1.368
2018/12/7 12:00,8340,8907,194,373,1.154,0.007,226.403,404.664,1.327,0,9.585,1.27
2018/12/7 13:00,8177,8780,123,480,1.153,0.007,150.598,292.445,1.244,0,8.878,0.977
2018/12/7 14:00,8137,8827,55,635,1.154,0.006,57.32,133.117,1.202,0,6.765,0.91
2018/12/7 15:00,8340,9271,18,913,1.156,0.006,1.892,6.136,1.189,0,4.816,1.174
2018/12/7 16:00,8315,9507,8,1184,1.159,0.006,0,0,1.181,0,4.273,1.326
2018/12/7 17:00,8009,9218,8,1201,1.162,0.005,0,0,1.175,0,3.809,1.304
2018/12/7 18:00,7589,8648,0,1059,1.164,0.005,0,0,1.17,0.002,3.574,1.333
2018/12/7 19:00,7166,8109,0,943,1.165,0.005,0,0,1.167,0.003,3.404,1.345
2018/12/7 20:00,6661,7559,0,898,1.166,0.005,0,0,1.17,0.008,3.128,1.238
2018/12/7 21:00,6448,7396,0,948,1.166,0.005,0,0,1.188,0.03,3.013,1.212
2018/12/7 22:00,5817,6917,0,1100,1.166,0.005,0,0,1.237,0.067,2.9,1.19
2018/12/7 23:00,5787,6477,0,690,1.167,0.005,0,0,1.332,0.114,2.883,1.237
2018/12/8 0:00,5613,6214,0,601,1.169,0.005,0,0,1.486,0.185,2.964,1.566
2018/12/8 1:00,5505,5957,0,452,1.169,0.005,0,0,1.658,0.183,3.15,2.078
2018/12/8 2:00,5348,5804,0,456,1.17,0.005,0,0,1.808,0.147,3.021,2.368
2018/12/8 3:00,5233,5807,0,574,1.171,0.005,0,0,1.891,0.056,3.074,2.717
2018/12/8 4:00,4987,5977,0,990,1.172,0.005,0,0,1.912,0.015,2.94,2.892
2018/12/8 5:00,4775,6312,0,1537,1.174,0.004,0,0,1.915,0.012,2.616,2.799
2018/12/8 6:00,4875,6986,14,2097,1.175,0.004,0.323,3.613,1.917,0.009,2.269,2.61
2018/12/8 7:00,5177,7499,28,2294,1.177,0.004,24.811,123.881,1.919,0.008,2.274,2.479
2018/12/8 8:00,5476,7881,55,2350,1.177,0.004,85.492,284.621,1.917,0.006,2.923,2.6
2018/12/8 9:00,5707,8099,96,2296,1.176,0.004,138.411,398.823,1.902,0.005,3.563,2.809
2018/12/8 10:00,5772,8105,158,2175,1.175,0.004,183.403,458.554,1.87,0.004,4.154,2.996
2018/12/8 11:00,5637,7905,194,2074,1.172,0.004,217.1,459.704,1.818,0.003,4.793,3.103
2018/12/8 12:00,5348,7701,200,2153,1.17,0.004,210.319,402.263,1.764,0.004,5.303,3
2018/12/8 13:00,5377,7527,132,2018,1.168,0.004,149.883,290.111,1.725,0.004,5.212,2.637
2018/12/8 14:00,6293,7594,52,1249,1.169,0.004,54.622,130.882,1.71,0.004,3.937,2.138
2018/12/8 15:00,7160,8003,14,829,1.17,0.004,1.469,5.71,1.711,0.005,2.379,2.015
2018/12/8 16:00,7508,8280,4,768,1.171,0.004,0,0,1.713,0.005,2.051,2.135
2018/12/8 17:00,6940,8109,4,1165,1.172,0.004,0,0,1.714,0.004,2.067,2.283
2018/12/8 18:00,6281,7711,0,1430,1.173,0.004,0,0,1.714,0.004,2.11,2.348
2018/12/8 19:00,5832,7344,0,1512,1.173,0.004,0,0,1.716,0.003,2.049,2.368
2018/12/8 20:00,5266,6941,0,1675,1.173,0.004,0,0,1.716,0.003,1.826,2.284
2018/12/8 21:00,5238,6853,0,1615,1.172,0.004,0,0,1.717,0.003,1.538,2.104
2018/12/8 22:00,4962,6410,0,1448,1.171,0.004,0,0,1.72,0.005,1.247,1.914
2018/12/8 23:00,4909,6035,0,1126,1.169,0.004,0,0,1.722,0.005,1.033,1.732
2018/12/9 0:00,4560,5738,0,1178,1.168,0.004,0,0,1.726,0.009,1.016,1.677
2018/12/9 1:00,4261,5688,0,1427,1.168,0.004,0,0,1.733,0.016,1.249,1.828
2018/12/9 2:00,4029,5498,0,1469,1.169,0.004,0,0,1.744,0.022,1.696,2.118
2018/12/9 3:00,3957,5532,0,1575,1.168,0.004,0,0,1.757,0.019,1.803,2.133
2018/12/9 4:00,4192,5646,0,1454,1.166,0.004,0,0,1.772,0.022,1.736,2.038
2018/12/9 5:00,4433,5868,0,1435,1.167,0.004,0,0,1.801,0.042,1.581,2.194
2018/12/9 6:00,4935,6432,15,1482,1.169,0.004,0.692,3.276,1.868,0.093,1.617,2.364
2018/12/9 7:00,5514,6828,34,1280,1.169,0.005,26.413,121.763,1.977,0.12,2.191,2.399
2018/12/9 8:00,5805,7232,59,1368,1.166,0.005,85.444,282.409,2.056,0.085,3.309,2.55
2018/12/9 9:00,5980,7582,92,1510,1.163,0.005,122.235,396.535,2.093,0.058,4.312,2.903
2018/12/9 10:00,6245,7702,133,1324,1.16,0.005,140.891,456.243,2.096,0.038,4.95,3.23
2018/12/9 11:00,5808,7566,144,1614,1.158,0.005,144.456,457.429,2.092,0.045,5.281,3.468
2018/12/9 12:00,5421,7416,131,1864,1.157,0.005,126.483,400.017,2.092,0.036,5.348,3.481
2018/12/9 13:00,5130,7295,83,2082,1.158,0.005,90.225,287.936,2.134,0.093,4.97,3.311
2018/12/9 14:00,5196,7317,32,2089,1.16,0.005,31.42,128.787,2.246,0.147,4.066,3.031
2018/12/9 15:00,5824,7593,9,1760,1.161,0.005,0.534,5.33,2.379,0.13,3.22,2.851
2018/12/9 16:00,6420,7877,4,1453,1.163,0.005,0,0,2.526,0.174,2.992,2.779
2018/12/9 17:00,6281,7926,4,1641,1.164,0.005,0,0,2.713,0.227,2.744,2.721
2018/12/9 18:00,6341,7566,0,1225,1.165,0.004,0,0,2.903,0.204,2.387,2.524
2018/12/9 19:00,6034,7292,0,1258,1.168,0.004,0,0,3.076,0.181,2.157,2.422
2018/12/9 20:00,5567,6975,0,1408,1.169,0.004,0,0,3.234,0.17,2.16,2.413
2018/12/9 21:00,5445,7004,0,1559,1.17,0.004,0,0,3.385,0.168,2.242,2.429
2018/12/9 22:00,4742,6632,0,1890,1.171,0.004,0,0,3.536,0.164,2.189,2.432
2018/12/9 23:00,4413,6382,0,1969,1.172,0.004,0,0,3.675,0.148,2.144,2.483
2018/12/10 0:00,4195,6166,0,1971,1.173,0.004,0,0,3.795,0.13,2.053,2.531
2018/12/10 1:00,4247,6071,0,1824,1.175,0.004,0,0,3.906,0.122,1.885,2.594
2018/12/10 2:00,3991,6057,0,2066,1.177,0.004,0,0,4.011,0.114,1.688,2.709
2018/12/10 3:00,3900,6241,0,2341,1.178,0.004,0,0,4.113,0.115,1.462,2.721
2018/12/10 4:00,4663,7055,0,2392,1.18,0.004,0,0,4.22,0.124,1.207,2.72
2018/12/10 5:00,5672,8326,0,2654,1.182,0.004,0,0,4.34,0.138,0.897,2.678
2018/12/10 6:00,6694,9382,21,2667,1.184,0.004,0.647,2.993,4.482,0.163,0.624,2.632
2018/12/10 7:00,7306,9643,46,2291,1.185,0.004,36.6,119.812,4.646,0.183,0.895,2.721
2018/12/10 8:00,7325,9742,90,2327,1.185,0.004,100.007,280.372,4.808,0.179,1.737,2.928
2018/12/10 9:00,7127,9820,144,2549,1.185,0.004,152.447,394.47,4.942,0.155,2.442,3.244
2018/12/10 10:00,7094,9886,210,2582,1.184,0.004,195.537,454.126,5.036,0.127,2.856,3.528
2018/12/10 11:00,6976,9788,220,2592,1.184,0.004,199.789,455.317,5.1,0.112,2.992,3.575
2018/12/10 12:00,7054,9779,195,2530,1.184,0.004,164.355,397.948,5.159,0.105,2.831,3.428
2018/12/10 13:00,7283,9756,118,2355,1.185,0.004,109.417,285.911,5.226,0.104,2.407,3.003
2018/12/10 14:00,8019,9901,43,1839,1.187,0.004,37.788,126.844,5.313,0.111,1.49,2.546
2018/12/10 15:00,8650,10139,12,1477,1.189,0.004,0.944,4.995,5.416,0.116,0.481,2.419
2018/12/10 16:00,8915,10267,4,1348,1.191,0.004,0,0,5.542,0.141,0.097,2.431
2018/12/10 17:00,8246,10062,4,1812,1.192,0.004,0,0,5.7,0.179,-0.114,2.286
2018/12/10 18:00,7681,9487,0,1806,1.193,0.004,0,0,5.883,0.192,-0.217,2.266
2018/12/10 19:00,7651,8920,0,1269,1.194,0.004,0,0,6.092,0.231,-0.294,2.228
2018/12/10 20:00,6986,8368,0,1382,1.194,0.004,0,0,6.328,0.241,-0.471,2.081
2018/12/10 21:00,6863,8113,0,1250,1.195,0.004,0,0,6.556,0.219,-0.65,1.975
2018/12/10 22:00,6375,7621,0,1246,1.195,0.003,0,0,6.743,0.17,-0.905,1.849
2018/12/10 23:00,5845,7281,0,1436,1.196,0.003,0,0,6.89,0.137,-1.244,1.786
2018/12/11 0:00,5523,7008,0,1485,1.197,0.003,0,0,7.024,0.14,-1.44,1.933
2018/12/11 1:00,5304,6890,0,1586,1.198,0.003,0,0,7.179,0.17,-1.452,2.134
2018/12/11 2:00,5091,6795,0,1704,1.198,0.003,0,0,7.353,0.183,-1.462,2.258
2018/12/11 3:00,5098,6996,0,1898,1.198,0.003,0,0,7.531,0.18,-1.527,2.37
2018/12/11 4:00,5689,7643,0,1954,1.198,0.003,0,0,7.706,0.177,-1.577,2.395
2018/12/11 5:00,6856,8854,0,1998,1.198,0.003,0,0,7.876,0.17,-1.658,2.37
2018/12/11 6:00,7748,9963,14,2201,1.198,0.003,0.395,2.738,8.035,0.158,-1.415,2.618
2018/12/11 7:00,8044,10237,26,2167,1.197,0.003,23.095,118.002,8.171,0.132,-0.963,2.751
2018/12/11 8:00,8194,10209,52,1963,1.197,0.004,72.833,278.462,8.268,0.102,-0.136,2.955
2018/12/11 9:00,8228,10304,88,1988,1.195,0.004,124.71,392.517,8.323,0.088,0.538,3.267
2018/12/11 10:00,7826,10318,127,2365,1.194,0.004,176.428,452.175,8.347,0.081,0.999,3.411
2018/12/11 11:00,7474,10089,138,2477,1.193,0.004,194.667,453.395,8.352,0.074,1.309,3.479
2018/12/11 12:00,7549,10042,122,2371,1.192,0.003,166.144,396.029,8.35,0.062,1.328,3.434
2018/12/11 13:00,7344,10072,77,2651,1.193,0.003,101.03,284.042,8.361,0.061,0.977,3.2
2018/12/11 14:00,7423,10132,32,2677,1.194,0.003,33.331,125.059,8.402,0.07,0.19,2.968
2018/12/11 15:00,7520,10414,10,2884,1.195,0.003,0.962,4.706,8.474,0.092,-0.646,3.002
2018/12/11 16:00,7700,10572,4,2868,1.197,0.003,0,0,8.565,0.104,-0.901,3.122
2018/12/11 17:00,7632,10387,4,2751,1.197,0.003,0,0,8.666,0.116,-1.007,3.079
2018/12/11 18:00,7312,9870,0,2558,1.198,0.003,0,0,8.783,0.132,-1.106,2.915
2018/12/11 19:00,7090,9291,0,2201,1.199,0.003,0,0,8.912,0.139,-1.218,2.706
2018/12/11 20:00,7122,8676,0,1554,1.2,0.003,0,0,9.049,0.145,-1.303,2.541
2018/12/11 21:00,7195,8426,0,1231,1.2,0.003,0,0,9.188,0.143,-1.401,2.387
2018/12/11 22:00,7002,7895,0,893,1.201,0.003,0,0,9.331,0.149,-1.529,2.24
2018/12/11 23:00,6857,7569,0,712,1.202,0.003,0,0,9.487,0.166,-1.662,2.127
2018/12/12 0:00,6654,7292,0,638,1.202,0.003,0,0,9.662,0.184,-1.771,2.051
2018/12/12 1:00,6586,7159,0,573,1.203,0.003,0,0,9.853,0.198,-1.889,1.968
2018/12/12 2:00,6587,7049,0,462,1.203,0.003,0,0,10.061,0.211,-2.013,1.858
2018/12/12 3:00,6803,7217,0,414,1.203,0.003,0,0,10.28,0.219,-2.155,1.723
2018/12/12 4:00,7510,7860,0,350,1.204,0.003,0,0,10.5,0.214,-2.32,1.602
2018/12/12 5:00,8725,9010,0,285,1.205,0.003,0,0,10.703,0.193,-2.533,1.492
2018/12/12 6:00,9804,10140,14,322,1.206,0.003,0.411,2.514,10.881,0.165,-2.819,1.385
2018/12/12 7:00,10051,10443,31,361,1.206,0.003,31.102,116.351,11.031,0.139,-2.455,1.491
2018/12/12 8:00,10020,10439,62,357,1.206,0.003,91.853,276.731,11.151,0.117,-1.402,1.651
2018/12/12 9:00,9971,10459,102,386,1.204,0.003,145.362,390.752,11.224,0.102,-0.334,1.834
2018/12/12 10:00,9860,10407,142,405,1.201,0.004,171.744,450.389,11.254,0.1,0.286,1.975
2018/12/12 11:00,9630,10196,159,407,1.2,0.004,169.096,451.593,11.267,0.098,0.596,1.924
2018/12/12 12:00,9555,10162,145,462,1.199,0.004,143.461,394.285,11.281,0.09,0.656,1.749
2018/12/12 13:00,9619,10130,93,418,1.199,0.004,99.084,282.363,11.314,0.079,0.434,1.348
2018/12/12 14:00,9851,10241,39,351,1.2,0.004,38.742,123.42,11.378,0.073,-0.646,0.81
2018/12/12 15:00,10319,10533,10,204,1.202,0.003,1.248,4.448,11.458,0.073,-2.14,0.85
2018/12/12 16:00,10549,10738,4,185,1.204,0.003,0,0,11.542,0.081,-2.735,0.918
2018/12/12 17:00,10287,10496,4,205,1.206,0.003,0,0,11.631,0.085,-3.08,0.928
2018/12/12 18:00,9695,9926,0,231,1.209,0.003,0,0,11.722,0.089,-3.408,0.92
2018/12/12 19:00,9147,9372,0,225,1.211,0.003,0,0,11.805,0.072,-3.721,0.893
2018/12/12 20:00,8537,8782,0,245,1.213,0.003,0,0,11.871,0.059,-4.033,0.883
2018/12/12 21:00,8352,8564,0,212,1.214,0.003,0,0,11.924,0.047,-4.34,0.94
2018/12/12 22:00,7805,8017,0,212,1.216,0.003,0,0,11.967,0.037,-4.703,1.067
2018/12/12 23:00,7491,7670,0,179,1.217,0.003,0,0,12.003,0.034,-5.071,1.178
2018/12/13 0:00,7246,7393,0,147,1.218,0.003,0,0,12.037,0.03,-5.421,1.232
2018/12/13 1:00,7167,7285,0,118,1.219,0.003,0,0,12.069,0.03,-5.694,1.226
2018/12/13 2:00,7069,7182,0,113,1.22,0.003,0,0,12.099,0.026,-5.891,1.205
2018/12/13 3:00,7240,7351,0,111,1.22,0.003,0,0,12.127,0.025,-5.952,1.21
2018/12/13 4:00,7961,8052,0,91,1.22,0.003,0,0,12.153,0.022,-5.985,1.201
2018/12/13 5:00,9120,9214,0,94,1.22,0.002,0,0,12.175,0.019,-6.064,1.182
2018/12/13 6:00,10168,10284,9,107,1.221,0.002,0.377,2.327,12.195,0.016,-6.205,1.145
2018/12/13 7:00,10392,10506,19,95,1.221,0.002,37.535,114.856,12.21,0.012,-5.966,1.166
2018/12/13 8:00,10425,10542,40,77,1.219,0.003,122.996,275.174,12.22,0.01,-4.635,1.163
2018/12/13 9:00,10562,10688,68,58,1.216,0.003,205.321,389.141,12.215,0.01,-2.932,1.198
2018/12/13 10:00,10504,10659,107,48,1.212,0.003,252.828,448.767,12.185,0.011,-1.841,1.335
2018/12/13 11:00,10297,10469,127,45,1.208,0.003,253.721,449.986,12.134,0.013,-1.164,1.448
2018/12/13 12:00,10195,10366,124,47,1.206,0.003,213.078,392.676,12.079,0.013,-1.033,1.482
2018/12/13 13:00,10215,10344,81,48,1.206,0.003,139.242,280.8,12.048,0.012,-1.347,1.431
2018/12/13 14:00,10307,10394,34,53,1.208,0.003,49.848,121.947,12.048,0.009,-2.501,1.081
2018/12/13 15:00,10617,10689,10,62,1.21,0.003,1.364,4.225,12.058,0.008,-4.278,0.949
2018/12/13 16:00,10740,10803,4,59,1.213,0.003,0,0,12.068,0.008,-5.098,1.057
2018/12/13 17:00,10452,10524,4,68,1.215,0.003,0,0,12.08,0.01,-5.588,1.086
2018/12/13 18:00,9853,9917,0,64,1.217,0.002,0,0,12.093,0.009,-5.975,1.072
2018/12/13 19:00,9273,9342,0,69,1.218,0.002,0,0,12.106,0.01,-6.359,1.077
2018/12/13 20:00,8676,8757,0,81,1.219,0.002,0,0,12.119,0.01,-6.722,1.119
2018/12/13 21:00,8492,8580,0,88,1.22,0.002,0,0,12.132,0.009,-6.929,1.196
2018/12/13 22:00,7967,8068,0,101,1.221,0.002,0,0,12.144,0.01,-7.125,1.257
2018/12/13 23:00,7643,7774,0,131,1.222,0.002,0,0,12.157,0.01,-7.352,1.277
2018/12/14 0:00,7432,7558,0,126,1.223,0.002,0,0,12.169,0.01,-7.492,1.3
2018/12/14 1:00,7274,7412,0,138,1.224,0.002,0,0,12.182,0.011,-7.593,1.308
2018/12/14 2:00,7104,7264,0,160,1.224,0.002,0,0,12.198,0.015,-7.553,1.336
2018/12/14 3:00,7245,7404,0,159,1.225,0.002,0,0,12.216,0.018,-7.439,1.381
2018/12/14 4:00,7909,8041,0,132,1.225,0.002,0,0,12.238,0.022,-7.33,1.392
2018/12/14 5:00,9106,9204,0,98,1.225,0.002,0,0,12.263,0.024,-7.233,1.392
2018/12/14 6:00,10189,10271,8,74,1.225,0.002,0.232,2.164,12.291,0.027,-7.181,1.373
2018/12/14 7:00,10449,10534,18,67,1.225,0.002,31.935,113.501,12.319,0.028,-6.831,1.388
2018/12/14 8:00,10519,10612,38,55,1.223,0.002,101.866,273.778,12.345,0.027,-5.406,1.384
2018/12/14 9:00,10519,10638,68,51,1.22,0.003,164.072,387.691,12.358,0.026,-3.756,1.435
2018/12/14 10:00,10423,10578,103,52,1.217,0.003,197.089,447.335,12.354,0.024,-2.764,1.453
2018/12/14 11:00,10136,10323,126,61,1.214,0.003,194.769,448.546,12.337,0.021,-2.25,1.454
2018/12/14 12:00,9866,10055,122,67,1.213,0.003,166.419,391.289,12.317,0.018,-2.126,1.46
2018/12/14 13:00,9749,9892,76,67,1.213,0.003,111.035,279.421,12.308,0.017,-2.376,1.372
2018/12/14 14:00,9805,9905,30,70,1.215,0.003,41.554,120.628,12.317,0.016,-3.303,1.097
2018/12/14 15:00,10135,10235,10,90,1.217,0.003,1.319,4.036,12.334,0.018,-4.627,1.024
2018/12/14 16:00,10265,10376,4,107,1.219,0.003,0,0,12.354,0.022,-5.147,1.121
2018/12/14 17:00,9964,10098,4,130,1.221,0.002,0,0,12.38,0.026,-5.417,1.185
2018/12/14 18:00,9321,9481,0,160,1.223,0.002,0,0,12.418,0.045,-5.634,1.259
2018/12/14 19:00,8723,8896,0,173,1.224,0.002,0,0,12.466,0.049,-5.826,1.289
2018/12/14 20:00,8117,8332,0,215,1.225,0.002,0,0,12.519,0.054,-5.976,1.299
2018/12/14 21:00,8083,8310,0,227,1.226,0.002,0,0,12.575,0.058,-6.067,1.352
2018/12/14 22:00,7640,7896,0,256,1.226,0.002,0,0,12.636,0.061,-6.117,1.387
2018/12/14 23:00,7237,7475,0,238,1.226,0.002,0,0,12.7,0.064,-6.171,1.425
2018/12/15 0:00,6935,7219,0,284,1.227,0.002,0,0,12.767,0.068,-6.213,1.447
2018/12/15 1:00,6670,7045,0,375,1.227,0.002,0,0,12.839,0.075,-6.256,1.452
2018/12/15 2:00,6432,6850,0,418,1.227,0.002,0,0,12.919,0.083,-6.321,1.479
2018/12/15 3:00,6409,6846,0,437,1.227,0.002,0,0,13.007,0.09,-6.36,1.48
2018/12/15 4:00,6595,7068,0,473,1.227,0.002,0,0,13.1,0.094,-6.323,1.482
2018/12/15 5:00,6978,7515,0,537,1.227,0.002,0,0,13.196,0.098,-6.272,1.49
2018/12/15 6:00,7477,8158,11,670,1.227,0.002,0.221,2.021,13.298,0.104,-6.235,1.524
2018/12/15 7:00,7738,8588,22,828,1.227,0.002,26.316,112.313,13.406,0.113,-5.905,1.671
2018/12/15 8:00,7921,8938,44,973,1.225,0.002,84.927,272.536,13.523,0.125,-4.858,2.025
2018/12/15 9:00,7958,9104,76,1070,1.223,0.003,137.203,386.439,13.633,0.121,-3.742,2.274
2018/12/15 10:00,7816,9127,106,1205,1.22,0.003,168.499,446.047,13.718,0.104,-3.097,2.386
2018/12/15 11:00,7566,8923,116,1241,1.218,0.003,172.614,447.29,13.773,0.083,-2.769,2.435
2018/12/15 12:00,7346,8768,99,1323,1.217,0.003,152.222,390.04,13.81,0.066,-2.675,2.421
2018/12/15 13:00,7156,8671,61,1454,1.217,0.003,103.928,278.236,13.843,0.054,-2.862,2.219
2018/12/15 14:00,7132,8731,26,1573,1.218,0.003,39.625,119.466,13.883,0.047,-3.534,1.899
2018/12/15 15:00,7355,9010,9,1646,1.219,0.002,1.28,3.875,13.925,0.042,-4.617,1.804
2018/12/15 16:00,7408,9222,4,1810,1.22,0.002,0,0,13.961,0.032,-5.275,1.869
2018/12/15 17:00,7060,8989,4,1925,1.221,0.002,0,0,13.985,0.018,-5.724,1.892
2018/12/15 18:00,6528,8496,0,1968,1.221,0.002,0,0,13.996,0.004,-6.102,1.874
2018/12/15 19:00,6343,8174,0,1831,1.222,0.002,0,0,14,0.003,-6.441,1.865
2018/12/15 20:00,6095,7749,0,1654,1.222,0.002,0,0,14.003,0.002,-6.681,1.851
2018/12/15 21:00,6335,7739,0,1404,1.222,0.002,0,0,14.007,0.002,-6.905,1.813
2018/12/15 22:00,6147,7328,0,1181,1.222,0.002,0,0,14.01,0.002,-7.15,1.777
2018/12/15 23:00,6067,6973,0,906,1.222,0.002,0,0,14.013,0.002,-7.492,1.659
2018/12/16 0:00,5944,6730,0,786,1.223,0.002,0,0,14.018,0.005,-7.824,1.517
2018/12/16 1:00,5914,6612,0,698,1.223,0.002,0,0,14.029,0.012,-8.056,1.42
2018/12/16 2:00,5900,6381,0,481,1.223,0.002,0,0,14.048,0.022,-8.194,1.311
2018/12/16 3:00,6038,6352,0,314,1.222,0.002,0,0,14.075,0.029,-8.304,1.207
2018/12/16 4:00,6261,6512,0,251,1.222,0.002,0,0,14.106,0.029,-8.25,1.109
2018/12/16 5:00,6599,6736,0,137,1.221,0.002,0,0,14.143,0.035,-8.076,0.956
2018/12/16 6:00,7193,7281,12,76,1.221,0.002,0.481,1.904,14.19,0.045,-7.922,0.797
2018/12/16 7:00,7579,7648,26,43,1.221,0.002,44.714,111.287,14.236,0.039,-7.218,0.753
2018/12/16 8:00,7918,8013,58,37,1.218,0.002,122.955,271.457,14.265,0.024,-5.395,0.923
2018/12/16 9:00,8086,8248,100,62,1.214,0.002,187.524,385.369,14.26,0.014,-3.423,1.349
2018/12/16 10:00,8094,8420,173,153,1.211,0.003,228.86,444.968,14.219,0.01,-2.422,1.656
2018/12/16 11:00,7779,8243,193,271,1.207,0.003,229.996,446.188,14.155,0.009,-1.683,1.766
2018/12/16 12:00,7402,8086,182,502,1.204,0.003,191.074,388.982,14.089,0.01,-1.279,1.76
2018/12/16 13:00,7132,7969,103,734,1.203,0.003,118.045,277.168,14.05,0.01,-1.356,1.6
2018/12/16 14:00,7067,8012,36,909,1.203,0.003,40.124,118.465,14.042,0.007,-2.371,1.161
2018/12/16 15:00,7294,8325,10,1021,1.205,0.003,0.671,3.737,14.049,0.005,-3.794,1.195
2018/12/16 16:00,7556,8513,4,953,1.206,0.003,0,0,14.057,0.004,-4.169,1.354
2018/12/16 17:00,7523,8511,4,984,1.207,0.003,0,0,14.063,0.003,-4.255,1.365
2018/12/16 18:00,7129,8213,0,1084,1.208,0.003,0,0,14.069,0.003,-4.297,1.296
2018/12/16 19:00,6870,7890,0,1020,1.208,0.003,0,0,14.074,0.003,-4.326,1.235
2018/12/16 20:00,6713,7546,0,833,1.208,0.003,0,0,14.078,0.002,-4.524,1.166
2018/12/16 21:00,6852,7541,0,689,1.209,0.003,0,0,14.082,0.002,-4.788,1.146
2018/12/16 22:00,6624,7194,0,570,1.209,0.003,0,0,14.087,0.002,-4.845,1.115
2018/12/16 23:00,6520,6971,0,451,1.209,0.003,0,0,14.091,0.002,-4.764,0.983
2018/12/17 0:00,6435,6789,0,354,1.209,0.003,0,0,14.095,0.002,-4.711,0.892
2018/12/17 1:00,6435,6709,0,274,1.209,0.003,0,0,14.099,0.003,-4.582,0.875
2018/12/17 2:00,6404,6648,0,244,1.209,0.003,0,0,14.104,0.003,-4.369,0.77
2018/12/17 3:00,6657,6843,0,186,1.209,0.003,0,0,14.108,0.003,-4.271,0.657
2018/12/17 4:00,7487,7639,0,152,1.209,0.003,0,0,14.112,0.002,-4.321,0.624
2018/12/17 5:00,8780,8889,0,109,1.211,0.003,0,0,14.116,0.002,-4.46,0.653
2018/12/17 6:00,9843,9934,11,80,1.212,0.003,0.315,1.81,14.12,0.003,-4.609,0.704
2018/12/17 7:00,10200,10281,26,55,1.213,0.003,35.762,110.41,14.124,0.003,-4.436,0.704
2018/12/17 8:00,10256,10341,50,35,1.212,0.003,116.477,270.541,14.127,0.003,-3.094,0.673
2018/12/17 9:00,10241,10353,80,32,1.21,0.003,194.907,384.428,14.093,0.003,-1.298,0.746
2018/12/17 10:00,10134,10288,122,32,1.206,0.004,245.771,444.034,13.945,0.003,-0.099,0.893
2018/12/17 11:00,9983,10154,136,35,1.202,0.004,250.125,445.288,13.716,0.004,0.635,1.069
2018/12/17 12:00,9925,10111,126,60,1.2,0.004,204.59,388.06,13.497,0.006,0.893,1.146
2018/12/17 13:00,9763,10028,75,190,1.201,0.004,130.649,276.29,13.377,0.008,0.673,0.943
2018/12/17 14:00,9557,10064,28,479,1.202,0.004,44.359,117.622,13.359,0.011,-0.719,0.699
2018/12/17 15:00,9652,10293,8,633,1.204,0.003,0.684,3.624,13.372,0.012,-2.29,0.836
2018/12/17 16:00,9788,10408,4,616,1.206,0.003,0,0,13.389,0.013,-2.857,0.935
2018/12/17 17:00,9636,10189,4,549,1.208,0.003,0,0,13.406,0.013,-3.121,0.988
2018/12/17 18:00,9067,9554,0,487,1.21,0.003,0,0,13.422,0.01,-3.329,1.058
2018/12/17 19:00,8511,9048,0,537,1.211,0.003,0,0,13.438,0.012,-3.462,1.119
2018/12/17 20:00,7982,8492,0,510,1.213,0.003,0,0,13.458,0.015,-3.482,1.162
2018/12/17 21:00,7874,8253,0,379,1.213,0.003,0,0,13.473,0.019,-3.437,1.183
2018/12/17 22:00,7453,7698,0,245,1.214,0.003,0,0,13.492,0.03,-3.359,1.16
2018/12/17 23:00,7183,7355,0,172,1.213,0.003,0,0,13.514,0.024,-3.226,1.155
2018/12/18 0:00,6847,7097,0,250,1.213,0.003,0,0,13.527,0.014,-3.101,1.131
2018/12/18 1:00,6614,6960,0,346,1.212,0.003,0,0,13.534,0.011,-2.898,1.151
2018/12/18 2:00,6486,6834,0,348,1.212,0.003,0,0,13.541,0.009,-2.764,1.172
2018/12/18 3:00,6571,6970,0,399,1.211,0.003,0,0,13.549,0.006,-2.795,1.12
2018/12/18 4:00,7281,7742,0,461,1.211,0.003,0,0,13.555,0.004,-2.923,1.071
2018/12/18 5:00,8531,8918,0,387,1.212,0.003,0,0,13.56,0.003,-3.086,1.055
2018/12/18 6:00,9677,9967,11,279,1.212,0.003,0.334,1.735,13.565,0.003,-3.357,1.044
2018/12/18 7:00,10030,10270,26,214,1.212,0.003,41.431,109.692,13.57,0.002,-3.092,1.065
2018/12/18 8:00,10016,10218,58,144,1.211,0.003,138.784,269.799,13.555,0.001,-1.339,1.061
2018/12/18 9:00,9931,10131,102,98,1.209,0.004,227.205,383.673,13.431,0,0.439,1.119
2018/12/18 10:00,9799,10026,155,72,1.205,0.004,283.56,443.289,13.183,0,1.453,1.067
2018/12/18 11:00,9590,9823,181,52,1.201,0.004,294.207,444.55,12.866,0,2.129,0.968
2018/12/18 12:00,9475,9705,180,50,1.199,0.004,250.794,387.326,12.579,0,2.307,0.826
2018/12/18 13:00,9497,9660,122,41,1.199,0.004,167.195,275.603,12.406,0,1.768,0.506
2018/12/18 14:00,9666,9749,51,32,1.199,0.004,59.628,116.933,12.367,0,0.317,0.541
2018/12/18 15:00,10115,10161,14,32,1.201,0.003,1.342,3.535,12.367,0,-1.594,0.743
2018/12/18 16:00,10336,10374,4,34,1.203,0.003,0,0,12.371,0,-2.721,0.886
2018/12/18 17:00,10096,10155,4,55,1.205,0.003,0,0,12.375,0.001,-3.447,0.974
2018/12/18 18:00,9604,9686,0,82,1.207,0.003,0,0,12.38,0,-3.992,0.981
2018/12/18 19:00,8889,9026,0,137,1.209,0.003,0,0,12.384,0.001,-4.161,0.966
2018/12/18 20:00,8261,8433,0,172,1.211,0.003,0,0,12.388,0.001,-4.204,1.052
2018/12/18 21:00,7911,8196,0,285,1.213,0.003,0,0,12.39,0.001,-4.244,1.148
2018/12/18 22:00,7260,7730,0,470,1.216,0.003,0,0,12.391,0.002,-4.361,1.25
2018/12/18 23:00,6714,7379,0,665,1.217,0.003,0,0,12.393,0.002,-4.525,1.335
2018/12/19 0:00,6314,7076,0,762,1.218,0.003,0,0,12.395,0.003,-4.564,1.413
2018/12/19 1:00,5961,6951,0,990,1.219,0.003,0,0,12.397,0.003,-4.463,1.515
2018/12/19 2:00,5613,6891,0,1278,1.219,0.003,0,0,12.398,0.003,-4.449,1.619
2018/12/19 3:00,5642,6980,0,1338,1.219,0.003,0,0,12.4,0.003,-4.451,1.632
2018/12/19 4:00,5998,7626,0,1628,1.219,0.003,0,0,12.401,0.002,-4.382,1.755
2018/12/19 5:00,6955,8800,0,1845,1.219,0.003,0,0,12.401,0.002,-4.35,1.857
2018/12/19 6:00,7831,9821,13,1977,1.219,0.003,0.353,1.675,12.403,0.002,-4.346,1.955
2018/12/19 7:00,7781,10025,30,2214,1.218,0.003,38.007,109.127,12.404,0.002,-3.946,2.13
2018/12/19 8:00,7673,10063,62,2328,1.215,0.003,117.503,269.219,12.4,0.001,-2.604,2.27
2018/12/19 9:00,7662,10110,100,2348,1.21,0.003,180.7,383.095,12.382,0.001,-1.19,2.507
2018/12/19 10:00,7418,10003,160,2425,1.206,0.003,206.353,442.723,12.324,0.001,-0.254,2.666
2018/12/19 11:00,7230,9869,169,2470,1.203,0.003,193.276,443.957,12.23,0.001,0.271,2.586
2018/12/19 12:00,7259,9802,157,2386,1.201,0.003,140.472,386.776,12.141,0.002,0.4,2.411
2018/12/19 13:00,7335,9720,91,2294,1.2,0.003,77.925,275.039,12.084,0.001,0.121,2.142
2018/12/19 14:00,7477,9772,32,2263,1.201,0.003,23.779,116.408,12.063,0.001,-0.598,1.94
2018/12/19 15:00,7749,10024,10,2265,1.203,0.003,0.574,3.468,12.059,0.001,-1.316,1.991
2018/12/19 16:00,7823,10117,4,2290,1.205,0.003,0,0,12.059,0.002,-1.725,2.116
2018/12/19 17:00,7622,9928,4,2302,1.206,0.003,0,0,12.061,0.004,-2.19,2.195
2018/12/19 18:00,7064,9376,0,2312,1.207,0.003,0,0,12.068,0.007,-2.696,2.252
2018/12/19 19:00,6596,8887,0,2291,1.208,0.003,0,0,12.079,0.009,-3.199,2.253
2018/12/19 20:00,6084,8350,0,2266,1.21,0.003,0,0,12.093,0.011,-3.671,2.22
2018/12/19 21:00,5786,8179,0,2393,1.211,0.003,0,0,12.11,0.014,-4.023,2.165
2018/12/19 22:00,5340,7616,0,2276,1.213,0.003,0,0,12.129,0.016,-4.353,2.121
2018/12/19 23:00,5171,7200,0,2029,1.215,0.003,0,0,12.151,0.02,-4.453,2.13
2018/12/20 0:00,4964,6944,0,1980,1.215,0.003,0,0,12.179,0.028,-4.436,2.092
2018/12/20 1:00,4902,6752,0,1850,1.215,0.003,0,0,12.216,0.037,-4.351,2.074
2018/12/20 2:00,4922,6647,0,1725,1.215,0.003,0,0,12.268,0.056,-4.338,1.982
2018/12/20 3:00,5352,6748,0,1396,1.214,0.003,0,0,12.34,0.075,-4.269,1.843
2018/12/20 4:00,6302,7338,0,1036,1.213,0.003,0,0,12.434,0.092,-4.04,1.705
2018/12/20 5:00,7631,8415,0,784,1.213,0.003,0,0,12.539,0.092,-3.808,1.507
2018/12/20 6:00,8885,9560,8,667,1.212,0.003,0.112,1.633,12.643,0.09,-3.665,1.346
2018/12/20 7:00,9213,9847,16,618,1.211,0.003,18.691,108.724,12.732,0.076,-3.283,1.29
2018/12/20 8:00,9356,9925,32,537,1.209,0.003,71.862,268.812,12.794,0.057,-2.2,1.321
2018/12/20 9:00,9384,9910,54,472,1.207,0.003,124.894,382.699,12.803,0.053,-1.002,1.345
2018/12/20 10:00,9294,9815,80,441,1.203,0.004,155.626,442.304,12.744,0.062,-0.044,1.368
2018/12/20 11:00,9095,9627,95,437,1.199,0.004,161.756,443.578,12.6,0.056,0.648,1.324
2018/12/20 12:00,8971,9495,100,424,1.196,0.004,152.496,386.396,12.366,0.029,1.089,1.208
2018/12/20 13:00,8901,9355,74,380,1.194,0.004,119.856,274.664,12.142,0.006,1.118,0.986
2018/12/20 14:00,9071,9423,34,318,1.195,0.004,46.253,116.05,12.069,0.002,0.097,0.827
2018/12/20 15:00,9292,9693,10,391,1.196,0.004,1.071,3.422,12.062,0.002,-1.059,0.921
2018/12/20 16:00,9411,9870,4,455,1.197,0.004,0,0,12.06,0.002,-1.435,1.031
2018/12/20 17:00,9233,9640,4,403,1.198,0.004,0,0,12.06,0.005,-1.587,1.139
2018/12/20 18:00,8783,9112,0,329,1.199,0.003,0,0,12.063,0.007,-1.71,1.24
2018/12/20 19:00,8270,8559,0,289,1.2,0.003,0,0,12.071,0.008,-1.909,1.336
2018/12/20 20:00,7755,8002,0,247,1.201,0.003,0,0,12.082,0.007,-2.162,1.346
2018/12/20 21:00,7537,7810,0,273,1.202,0.003,0,0,12.093,0.008,-2.33,1.326
2018/12/20 22:00,7190,7438,0,248,1.203,0.003,0,0,12.103,0.004,-2.627,1.324
2018/12/20 23:00,6743,7020,0,277,1.203,0.003,0,0,12.109,0.005,-2.863,1.352
2018/12/21 0:00,6499,6764,0,265,1.203,0.003,0,0,12.117,0.004,-2.875,1.366
2018/12/21 1:00,6389,6608,0,219,1.203,0.003,0,0,12.126,0.004,-2.808,1.329
2018/12/21 2:00,6320,6535,0,215,1.202,0.003,0,0,12.133,0.003,-2.773,1.244
2018/12/21 3:00,6421,6627,0,206,1.201,0.003,0,0,12.136,0.002,-2.756,1.165
2018/12/21 4:00,7006,7211,0,205,1.2,0.003,0,0,12.137,0.001,-2.756,1.13
2018/12/21 5:00,7931,8137,0,206,1.2,0.003,0,0,12.136,0.001,-2.461,1.12
2018/12/21 6:00,8907,9126,14,205,1.2,0.003,0.209,1.606,12.133,0.001,-2.248,1.101
2018/12/21 7:00,9110,9367,32,225,1.2,0.003,25.33,108.475,12.127,0.002,-1.747,1.138
2018/12/21 8:00,9086,9378,63,229,1.2,0.004,79.09,268.569,12.1,0.003,-0.463,1.408
2018/12/21 9:00,9014,9321,104,203,1.198,0.004,150.677,382.464,11.99,0.006,0.589,1.72
2018/12/21 10:00,8824,9191,150,217,1.193,0.004,206.044,442.107,11.766,0.015,1.457,1.853
2018/12/21 11:00,8556,8988,152,280,1.188,0.004,197.725,443.353,11.499,0.022,2.101,1.973
2018/12/21 12:00,8383,8861,123,355,1.185,0.004,163.862,386.182,11.219,0.031,2.259,1.963
2018/12/21 13:00,8251,8790,72,467,1.185,0.004,95.821,274.465,11.012,0.046,1.761,1.842
2018/12/21 14:00,8231,8852,28,593,1.186,0.004,26.905,115.839,10.937,0.047,0.896,1.799
2018/12/21 15:00,8504,9099,8,587,1.187,0.004,0.403,3.396,10.878,0.023,0.578,1.853
2018/12/21 16:00,8585,9202,4,613,1.186,0.004,0,0,10.769,0.016,0.812,1.941
2018/12/21 17:00,8370,8963,4,589,1.184,0.004,0,0,10.616,0.016,0.912,1.883
2018/12/21 18:00,7776,8369,0,593,1.182,0.004,0,0,10.431,0.03,1.12,1.889
2018/12/21 19:00,7152,7781,0,629,1.179,0.004,0,0,10.171,0.018,1.569,2.058
2018/12/21 20:00,6717,7335,0,618,1.176,0.004,0,0,9.884,0.011,2.002,2.176
2018/12/21 21:00,6661,7227,0,566,1.173,0.005,0,0,9.562,0.006,2.394,2.276
2018/12/21 22:00,6288,6741,0,453,1.17,0.005,0,0,9.267,0.002,2.543,2.24
2018/12/21 23:00,5963,6436,0,473,1.168,0.005,0,0,8.987,0.001,2.661,2.29
2018/12/22 0:00,5518,6094,0,576,1.167,0.005,0,0,8.719,0.001,2.711,2.276
2018/12/22 1:00,5305,5907,0,602,1.167,0.005,0,0,8.472,0.001,2.701,2.235
2018/12/22 2:00,5039,5723,0,684,1.166,0.005,0,0,8.254,0.001,2.682,2.146
2018/12/22 3:00,5054,5717,0,663,1.166,0.005,0,0,8.058,0.001,2.693,2.086
2018/12/22 4:00,5386,5988,0,602,1.166,0.005,0,0,7.874,0,2.746,2.055
2018/12/22 5:00,5755,6382,0,627,1.166,0.005,0,0,7.692,0,2.885,2.084
2018/12/22 6:00,6471,7129,14,644,1.166,0.005,0.249,1.595,7.517,0.001,2.966,2.067
2018/12/22 7:00,6773,7564,33,758,1.165,0.005,27.505,108.387,7.325,0.003,3.54,2.348
2018/12/22 8:00,7031,7912,72,809,1.164,0.005,90.756,268.48,7.026,0.004,4.795,2.908
2018/12/22 9:00,6833,8016,126,1057,1.162,0.006,140.676,382.413,6.617,0.004,5.904,3.45
2018/12/22 10:00,6809,8111,186,1116,1.16,0.006,172.048,442.046,6.142,0.006,6.525,3.797
2018/12/22 11:00,6400,7950,201,1349,1.16,0.006,172.689,443.329,5.7,0.009,6.757,3.773
2018/12/22 12:00,6118,7877,181,1578,1.16,0.006,158.313,386.153,5.317,0.01,6.752,3.688
2018/12/22 13:00,5574,7775,117,2084,1.161,0.006,112.311,274.421,5.035,0.01,6.34,3.497
2018/12/22 14:00,5444,7804,48,2312,1.164,0.005,37.406,115.799,4.866,0.011,5.381,3.263
2018/12/22 15:00,5409,8148,13,2726,1.167,0.005,0.496,3.39,4.763,0.013,4.538,3.216
2018/12/22 16:00,5483,8392,4,2905,1.169,0.005,0,0,4.683,0.016,4.301,3.209
2018/12/22 17:00,5244,8160,4,2912,1.171,0.005,0,0,4.62,0.018,4.029,3.082
2018/12/22 18:00,4734,7621,0,2887,1.173,0.005,0,0,4.575,0.021,3.723,2.937
2018/12/22 19:00,4491,7240,0,2749,1.175,0.005,0,0,4.546,0.023,3.478,2.8
2018/12/22 20:00,4261,6768,0,2507,1.176,0.005,0,0,4.527,0.022,3.295,2.658
2018/12/22 21:00,4361,6742,0,2381,1.177,0.005,0,0,4.51,0.019,3.161,2.515
2018/12/22 22:00,4433,6298,0,1865,1.177,0.005,0,0,4.495,0.017,3.102,2.432
2018/12/22 23:00,4306,5882,0,1576,1.178,0.005,0,0,4.482,0.017,3.102,2.406
2018/12/23 0:00,3890,5594,0,1704,1.178,0.005,0,0,4.478,0.035,3.089,2.38
2018/12/23 1:00,3771,5448,0,1677,1.179,0.005,0,0,4.492,0.051,3.017,2.346
2018/12/23 2:00,3379,5377,0,1998,1.181,0.005,0,0,4.511,0.044,2.794,2.259
2018/12/23 3:00,3472,5336,0,1864,1.182,0.005,0,0,4.53,0.044,2.562,2.221
2018/12/23 4:00,3450,5570,0,2120,1.184,0.005,0,0,4.547,0.036,2.4,2.216
2018/12/23 5:00,3671,5774,0,2103,1.185,0.005,0,0,4.563,0.036,2.284,2.188
2018/12/23 6:00,4128,6364,14,2222,1.187,0.005,0.38,1.6,4.575,0.025,2.197,2.126
2018/12/23 7:00,4509,6806,31,2266,1.187,0.005,34.483,108.448,4.575,0.017,2.551,2.091
2018/12/23 8:00,4831,7185,60,2294,1.187,0.005,97.571,268.589,4.556,0.011,3.541,2.091
2018/12/23 9:00,5280,7478,92,2106,1.185,0.005,147.873,382.537,4.502,0.006,4.457,2.158
2018/12/23 10:00,5474,7631,132,2025,1.182,0.005,176.754,442.177,4.417,0.003,5.118,2.32
2018/12/23 11:00,5433,7443,138,1872,1.179,0.005,177.166,443.462,4.319,0.003,5.516,2.196
2018/12/23 12:00,5920,7206,122,1164,1.177,0.005,151.039,386.295,4.226,0.004,5.582,1.875
2018/12/23 13:00,6321,7078,74,683,1.176,0.005,90.965,274.549,4.166,0.021,5.033,1.412
2018/12/23 14:00,6471,7155,26,658,1.176,0.005,25.365,115.905,4.167,0.039,3.96,1.178
2018/12/23 15:00,6896,7479,8,575,1.176,0.005,0.409,3.403,4.228,0.067,3.238,1.152
2018/12/23 16:00,7035,7655,4,616,1.177,0.005,0,0,4.326,0.092,3.104,1.17
2018/12/23 17:00,7025,7614,4,585,1.178,0.005,0,0,4.421,0.085,2.965,1.214
2018/12/23 18:00,6561,7287,0,726,1.178,0.005,0,0,4.491,0.073,2.844,1.288
2018/12/23 19:00,6198,7019,0,821,1.179,0.005,0,0,4.534,0.062,2.647,1.304
2018/12/23 20:00,6076,6621,0,545,1.179,0.005,0,0,4.557,0.045,2.514,1.386
2018/12/23 21:00,6211,6572,0,361,1.178,0.005,0,0,4.558,0.03,2.532,1.534
2018/12/23 22:00,5709,6162,0,453,1.175,0.005,0,0,4.556,0.054,2.907,1.77
2018/12/23 23:00,5166,5807,0,641,1.172,0.005,0,0,4.533,0.025,3.354,2.11
2018/12/24 0:00,5048,5496,0,448,1.168,0.005,0,0,4.484,0.029,3.665,2.25
2018/12/24 1:00,5067,5388,0,321,1.166,0.005,0,0,4.441,0.049,3.803,2.202
2018/12/24 2:00,4961,5166,0,205,1.165,0.005,0,0,4.383,0.047,3.788,2.216
2018/12/24 3:00,5149,5291,0,142,1.165,0.005,0,0,4.316,0.064,3.988,2.45
2018/12/24 4:00,5240,5702,0,462,1.168,0.005,0,0,4.358,0.219,3.7,2.637
2018/12/24 5:00,4731,6145,0,1414,1.173,0.005,0,0,4.637,0.434,2.956,2.647
2018/12/24 6:00,4840,6975,8,2127,1.18,0.005,0.09,1.621,5.056,0.491,2.165,2.639
2018/12/24 7:00,4779,7467,16,2672,1.185,0.004,14.443,108.67,5.502,0.481,1.679,2.817
2018/12/24 8:00,4867,7739,40,2832,1.189,0.004,49.174,268.846,5.899,0.406,1.579,3.222
2018/12/24 9:00,4813,7786,76,2897,1.192,0.004,86.248,382.82,6.208,0.331,1.713,3.504
2018/12/24 10:00,4797,7736,114,2825,1.192,0.004,136.643,442.511,6.418,0.248,2.115,3.634
2018/12/24 11:00,4525,7556,138,2893,1.192,0.004,208.814,443.808,6.518,0.155,2.603,3.847
2018/12/24 12:00,4300,7298,139,2859,1.192,0.004,196.876,386.634,6.558,0.12,2.667,3.853
2018/12/24 13:00,4168,7095,100,2827,1.194,0.004,121.397,274.862,6.595,0.102,2.248,3.525
2018/12/24 14:00,4154,7112,46,2912,1.197,0.004,41.731,116.18,6.651,0.093,1.273,2.99
2018/12/24 15:00,4736,7402,12,2654,1.2,0.004,0.774,3.436,6.726,0.093,0.019,2.624
2018/12/24 16:00,5096,7566,4,2466,1.204,0.004,0,0,6.812,0.101,-0.546,2.506
2018/12/24 17:00,4983,7311,4,2324,1.206,0.003,0,0,6.907,0.104,-0.969,2.438
2018/12/24 18:00,4875,6761,0,1886,1.21,0.003,0,0,6.978,0.05,-1.416,2.277
2018/12/24 19:00,4679,6475,0,1796,1.212,0.003,0,0,7.026,0.05,-1.814,2.126
2018/12/24 20:00,4761,6295,0,1534,1.215,0.003,0,0,7.071,0.042,-2.176,1.944
2018/12/24 21:00,4607,6502,0,1895,1.217,0.003,0,0,7.11,0.037,-2.504,1.833
2018/12/24 22:00,4155,6179,0,2024,1.218,0.003,0,0,7.145,0.035,-2.711,1.885
2018/12/24 23:00,3548,5841,0,2293,1.219,0.003,0,0,7.179,0.035,-2.801,2.013
2018/12/25 0:00,3185,5554,0,2369,1.22,0.003,0,0,7.21,0.029,-2.862,2.012
2018/12/25 1:00,3109,5392,0,2283,1.221,0.003,0,0,7.234,0.023,-2.955,1.986
2018/12/25 2:00,2937,5219,0,2282,1.221,0.003,0,0,7.252,0.018,-2.951,2.081
2018/12/25 3:00,3373,5219,0,1846,1.22,0.003,0,0,7.267,0.015,-2.819,2.34
2018/12/25 4:00,3830,5388,0,1558,1.22,0.003,0,0,7.278,0.012,-2.786,2.509
2018/12/25 5:00,3633,5597,0,1964,1.22,0.003,0,0,7.288,0.011,-2.802,2.611
2018/12/25 6:00,3699,6236,11,2526,1.22,0.003,0.364,1.658,7.299,0.012,-2.825,2.723
2018/12/25 7:00,4267,6682,22,2393,1.22,0.003,33.309,109.051,7.312,0.016,-2.386,2.862
2018/12/25 8:00,4838,7105,47,2220,1.219,0.003,87.922,269.247,7.326,0.02,-1.369,3.009
2018/12/25 9:00,4878,7344,76,2390,1.217,0.003,125.087,383.295,7.334,0.024,-0.545,3.072
2018/12/25 10:00,4799,7514,104,2611,1.215,0.003,148.753,443.011,7.327,0.021,0.001,3.126
2018/12/25 11:00,4587,7326,112,2627,1.213,0.003,159.86,444.308,7.303,0.018,0.41,3.165
2018/12/25 12:00,4242,7055,99,2714,1.211,0.003,146.869,387.125,7.274,0.015,0.595,3.088
2018/12/25 13:00,4105,6877,64,2708,1.211,0.003,110.552,275.312,7.254,0.013,0.448,2.876
2018/12/25 14:00,4098,6881,28,2755,1.212,0.003,44.168,116.611,7.252,0.013,-0.315,2.605
2018/12/25 15:00,4487,7200,10,2703,1.214,0.003,1.184,3.489,7.262,0.013,-1.435,2.506
2018/12/25 16:00,4704,7473,4,2765,1.216,0.003,0,0,7.274,0.013,-1.996,2.553
2018/12/25 17:00,4738,7483,4,2741,1.217,0.003,0,0,7.287,0.013,-2.325,2.558
2018/12/25 18:00,4541,7200,0,2659,1.218,0.003,0,0,7.294,0.004,-2.631,2.444
2018/12/25 19:00,4534,6930,0,2396,1.219,0.003,0,0,7.297,0.003,-2.937,2.386
2018/12/25 20:00,4225,6581,0,2356,1.22,0.003,0,0,7.299,0.002,-3.187,2.325
2018/12/25 21:00,4344,6658,0,2314,1.221,0.003,0,0,7.302,0.002,-3.449,2.263
2018/12/25 22:00,4090,6295,0,2205,1.221,0.003,0,0,7.305,0.003,-3.548,2.28
2018/12/25 23:00,3877,5948,0,2071,1.221,0.003,0,0,7.308,0.003,-3.562,2.342
2018/12/26 0:00,3637,5707,0,2070,1.221,0.003,0,0,7.311,0.003,-3.52,2.307
2018/12/26 1:00,3482,5620,0,2138,1.22,0.003,0,0,7.314,0.003,-3.29,2.262
2018/12/26 2:00,3476,5465,0,1989,1.22,0.003,0,0,7.316,0.002,-3.112,2.179
2018/12/26 3:00,3452,5483,0,2031,1.219,0.003,0,0,7.318,0.002,-2.804,2.198
2018/12/26 4:00,3469,5705,0,2236,1.217,0.003,0,0,7.318,0,-2.532,2.16
2018/12/26 5:00,3590,5915,0,2325,1.216,0.003,0,0,7.317,0,-2.525,2.073
2018/12/26 6:00,4064,6492,11,2417,1.215,0.003,0.182,1.712,7.316,0,-2.592,2.006
2018/12/26 7:00,4521,6861,27,2313,1.214,0.003,36.022,109.594,7.315,0,-2.258,2.02
2018/12/26 8:00,5230,7169,68,1871,1.212,0.003,136.125,269.863,7.312,0,-0.686,2.15
2018/12/26 9:00,5846,7242,128,1268,1.209,0.003,252.013,383.933,7.278,0,1.053,2.311
2018/12/26 10:00,5932,7214,222,1060,1.205,0.003,315.075,443.665,7.163,0,2.183,2.523
2018/12/26 11:00,5240,6992,264,1488,1.201,0.003,318.912,444.959,7.01,0,2.789,2.557
2018/12/26 12:00,4609,6742,264,1869,1.2,0.004,274.586,387.769,6.869,0,2.922,2.406
2018/12/26 13:00,4556,6627,173,1898,1.2,0.004,180.999,275.96,6.785,0,2.407,2.053
2018/12/26 14:00,4663,6750,71,2016,1.202,0.003,63.519,117.209,6.766,0,0.698,1.62
2018/12/26 15:00,5050,7180,19,2111,1.205,0.003,1.419,3.563,6.767,0.001,-1.048,1.682
2018/12/26 16:00,5409,7590,4,2177,1.208,0.003,0,0,6.768,0.002,-1.396,1.933
2018/12/26 17:00,5699,7629,4,1926,1.21,0.003,0,0,6.77,0.003,-1.599,2.141
2018/12/26 18:00,5425,7294,0,1869,1.211,0.003,0,0,6.772,0.003,-1.729,2.299
2018/12/26 19:00,5103,7033,0,1930,1.212,0.003,0,0,6.775,0.004,-1.755,2.314
2018/12/26 20:00,5186,6658,0,1472,1.212,0.003,0,0,6.777,0.005,-1.625,2.345
2018/12/26 21:00,5380,6654,0,1274,1.211,0.003,0,0,6.779,0.005,-1.534,2.316
2018/12/26 22:00,5089,6284,0,1195,1.211,0.003,0,0,6.781,0.005,-1.482,2.241
2018/12/26 23:00,4984,5960,0,976,1.21,0.003,0,0,6.783,0.005,-1.404,2.184
2018/12/27 0:00,4685,5678,0,993,1.209,0.003,0,0,6.784,0.005,-1.25,2.162
2018/12/27 1:00,4509,5550,0,1041,1.208,0.003,0,0,6.785,0.004,-1.109,2.054
2018/12/27 2:00,4455,5446,0,991,1.207,0.003,0,0,6.786,0.003,-0.978,1.992
2018/12/27 3:00,4558,5574,0,1016,1.205,0.003,0,0,6.785,0.003,-0.882,1.913
2018/12/27 4:00,5023,6031,0,1008,1.204,0.003,0,0,6.783,0.002,-0.712,1.927
2018/12/27 5:00,5606,6654,0,1048,1.203,0.003,0,0,6.779,0.001,-0.602,1.88
2018/12/27 6:00,6500,7471,17,954,1.203,0.003,0.266,1.781,6.775,0.001,-0.526,1.835
2018/12/27 7:00,6979,7889,41,869,1.202,0.003,34.484,110.286,6.771,0,-0.069,1.785
2018/12/27 8:00,7271,8120,84,765,1.2,0.004,118.007,270.646,6.753,0,1.469,1.726
2018/12/27 9:00,7411,8144,140,593,1.196,0.004,200.033,384.773,6.661,0,3.107,1.716
2018/12/27 10:00,7480,8169,213,476,1.191,0.004,257.315,444.511,6.476,0,4.445,1.601
2018/12/27 11:00,7283,7890,248,359,1.186,0.005,265.005,445.824,6.249,0,5.338,1.45
2018/12/27 12:00,7211,7694,242,241,1.183,0.005,232.451,388.632,6.041,0,5.699,1.228
2018/12/27 13:00,7316,7664,159,189,1.182,0.005,156.221,276.789,5.901,0,5.206,0.799
2018/12/27 14:00,7501,7747,67,179,1.182,0.004,55.794,117.963,5.856,0,3.557,0.847
2018/12/27 15:00,7865,8165,18,282,1.183,0.004,1.235,3.661,5.854,0,2.196,1.025
2018/12/27 16:00,8130,8538,4,404,1.184,0.004,0,0,5.854,0,1.542,1.078
2018/12/27 17:00,8008,8422,4,410,1.186,0.004,0,0,5.854,0,1.018,1.116
2018/12/27 18:00,7521,7872,0,351,1.188,0.004,0,0,5.855,0,0.547,1.147
2018/12/27 19:00,6983,7361,0,378,1.189,0.004,0,0,5.855,0,0.193,1.181
2018/12/27 20:00,6307,6884,0,577,1.191,0.004,0,0,5.856,0,0.019,1.213
2018/12/27 21:00,6082,6806,0,724,1.192,0.004,0,0,5.856,0,0.031,1.248
2018/12/27 22:00,5723,6442,0,719,1.192,0.004,0,0,5.857,0,0.166,1.305
2018/12/27 23:00,5330,6082,0,752,1.193,0.004,0,0,5.857,0.001,0.203,1.332
2018/12/28 0:00,5020,5801,0,781,1.193,0.004,0,0,5.859,0.001,0.292,1.343
2018/12/28 1:00,4900,5649,0,749,1.194,0.004,0,0,5.86,0.002,0.498,1.356
2018/12/28 2:00,4722,5506,0,784,1.193,0.004,0,0,5.862,0.002,0.54,1.355
2018/12/28 3:00,4614,5598,0,984,1.193,0.004,0,0,5.863,0.002,0.545,1.357
2018/12/28 4:00,4958,6000,0,1042,1.194,0.004,0,0,5.864,0.001,0.557,1.349
2018/12/28 5:00,5592,6660,0,1068,1.194,0.003,0,0,5.863,0,0.559,1.36
2018/12/28 6:00,6159,7483,16,1308,1.195,0.003,0.202,1.869,5.863,0,0.442,1.416
2018/12/28 7:00,6649,7861,38,1174,1.196,0.003,29.231,111.14,5.861,0,0.681,1.624
2018/12/28 8:00,6996,8164,91,1077,1.195,0.004,110.71,271.591,5.853,0,1.747,1.923
2018/12/28 9:00,6912,8245,160,1173,1.193,0.004,210.254,385.761,5.8,0,3.043,2.149
2018/12/28 10:00,6754,8212,262,1196,1.189,0.004,279.809,445.532,5.679,0,4.207,2.36
2018/12/28 11:00,6389,8009,308,1312,1.186,0.004,294.705,446.836,5.523,0,4.934,2.431
2018/12/28 12:00,6290,7824,305,1229,1.184,0.004,260.676,389.639,5.376,0,5.109,2.317
2018/12/28 13:00,6329,7698,198,1171,1.185,0.004,173.817,277.758,5.275,0,4.424,1.953
2018/12/28 14:00,6409,7775,83,1283,1.188,0.004,61.637,118.878,5.244,0,2.528,1.638
2018/12/28 15:00,6662,8176,22,1492,1.192,0.004,1.326,3.782,5.243,0,0.664,1.709
2018/12/28 16:00,6974,8536,4,1558,1.195,0.003,0,0,5.243,0,0.12,1.802
2018/12/28 17:00,6844,8414,4,1566,1.198,0.003,0,0,5.243,0,-0.33,1.834
2018/12/28 18:00,6255,7884,0,1629,1.201,0.003,0,0,5.243,0,-0.634,1.897
2018/12/28 19:00,5667,7363,0,1696,1.203,0.003,0,0,5.244,0,-0.807,1.948
2018/12/28 20:00,5302,6908,0,1606,1.204,0.003,0,0,5.244,0,-1.041,1.92
2018/12/28 21:00,5168,6889,0,1721,1.206,0.003,0,0,5.244,0,-1.164,1.975
2018/12/28 22:00,4601,6458,0,1857,1.207,0.003,0,0,5.245,0.001,-1.23,2.001
2018/12/28 23:00,4256,6084,0,1828,1.207,0.003,0,0,5.246,0.001,-1.348,1.965
2018/12/29 0:00,3988,5843,0,1855,1.208,0.003,0,0,5.246,0.001,-1.463,1.954
2018/12/29 1:00,3867,5686,0,1819,1.209,0.003,0,0,5.247,0.001,-1.597,1.964
2018/12/29 2:00,3605,5539,0,1934,1.21,0.003,0,0,5.248,0.001,-1.755,1.955
2018/12/29 3:00,3654,5600,0,1946,1.211,0.003,0,0,5.249,0,-1.942,1.875
2018/12/29 4:00,4046,5889,0,1843,1.212,0.003,0,0,5.25,0,-2.159,1.794
2018/12/29 5:00,4599,6239,0,1640,1.213,0.003,0,0,5.251,0,-2.355,1.735
2018/12/29 6:00,5515,6927,14,1398,1.214,0.003,0.484,1.977,5.252,0.001,-2.577,1.673
2018/12/29 7:00,6041,7446,31,1374,1.215,0.003,50.921,112.143,5.253,0.001,-1.96,1.873
2018/12/29 8:00,6124,7833,60,1649,1.214,0.003,149.87,272.702,5.252,0.001,-0.356,2.054
2018/12/29 9:00,6182,7957,102,1673,1.21,0.003,226.844,386.908,5.237,0.002,1.047,2.198
2018/12/29 10:00,6258,8000,160,1582,1.207,0.004,241.549,446.723,5.197,0.002,1.936,2.209
2018/12/29 11:00,6348,7903,190,1365,1.205,0.004,213.48,448.064,5.143,0.002,2.194,2.194
2018/12/29 12:00,6315,7771,172,1284,1.205,0.004,171.791,390.796,5.096,0.003,1.933,2.139
2018/12/29 13:00,5999,7676,104,1573,1.207,0.004,107.62,278.902,5.072,0.004,1.3,2.05
2018/12/29 14:00,5796,7743,43,1904,1.209,0.004,37.084,119.953,5.07,0.006,0.37,1.91
2018/12/29 15:00,6034,8042,12,1996,1.21,0.003,1.028,3.928,5.074,0.003,-0.565,1.865
2018/12/29 16:00,6342,8347,4,2001,1.211,0.003,0,0,5.076,0.001,-1.114,1.95
2018/12/29 17:00,6368,8208,4,1836,1.212,0.003,0,0,5.077,0.001,-1.622,2.031
2018/12/29 18:00,5981,7710,0,1729,1.213,0.003,0,0,5.079,0.001,-1.905,2.087
2018/12/29 19:00,5685,7298,0,1613,1.212,0.003,0,0,5.08,0.001,-1.969,2.134
2018/12/29 20:00,5233,6819,0,1586,1.211,0.003,0,0,5.082,0.001,-1.929,2.02
2018/12/29 21:00,5501,6789,0,1288,1.209,0.003,0,0,5.083,0.002,-1.89,1.738
2018/12/29 22:00,5259,6285,0,1026,1.208,0.003,0,0,5.088,0.007,-1.84,1.573
2018/12/29 23:00,5067,5897,0,830,1.207,0.003,0,0,5.105,0.025,-1.78,1.566
2018/12/30 0:00,4903,5644,0,741,1.207,0.003,0,0,5.196,0.145,-1.83,1.551
2018/12/30 1:00,4566,5560,0,994,1.207,0.003,0,0,5.398,0.23,-1.755,1.659
2018/12/30 2:00,4319,5393,0,1074,1.206,0.003,0,0,5.631,0.24,-1.574,1.751
2018/12/30 3:00,4041,5400,0,1359,1.206,0.003,0,0,5.866,0.234,-1.374,1.903
2018/12/30 4:00,4253,5600,0,1347,1.206,0.003,0,0,6.092,0.221,-1.177,2.038
2018/12/30 5:00,4773,5755,0,982,1.205,0.003,0,0,6.32,0.238,-1.126,2.205
2018/12/30 6:00,5357,6342,7,978,1.205,0.003,0.401,2.111,6.585,0.289,-1.157,2.298
2018/12/30 7:00,5762,6768,14,992,1.204,0.003,37.716,113.317,6.902,0.351,-0.708,2.413
2018/12/30 8:00,6089,7244,32,1123,1.203,0.004,112.939,273.956,7.252,0.376,0.438,2.472
2018/12/30 9:00,6198,7531,60,1273,1.201,0.004,169.873,388.254,7.567,0.369,1.557,2.822
2018/12/30 10:00,5952,7702,87,1663,1.198,0.004,170.502,448.093,7.807,0.338,2.214,3.125
2018/12/30 11:00,5536,7573,100,1937,1.197,0.004,136.958,449.438,7.975,0.282,2.201,3.156
2018/12/30 12:00,5165,7396,96,2135,1.198,0.004,102.535,392.166,8.077,0.206,1.948,3.164
2018/12/30 13:00,4825,7315,68,2422,1.199,0.004,65.685,280.201,8.131,0.148,1.704,3.259
2018/12/30 14:00,4517,7287,32,2738,1.199,0.004,25.611,121.188,8.159,0.103,1.421,3.317
2018/12/30 15:00,4770,7504,10,2724,1.2,0.004,0.661,4.1,8.176,0.079,1.01,3.261
2018/12/30 16:00,5031,7732,4,2697,1.201,0.004,0,0,8.189,0.077,0.918,3.24
2018/12/30 17:00,4920,7716,4,2792,1.202,0.004,0,0,8.203,0.075,0.821,3.251
2018/12/30 18:00,4654,7363,0,2709,1.202,0.004,0,0,8.235,0.109,0.763,3.236
2018/12/30 19:00,4466,6977,0,2511,1.202,0.004,0,0,8.284,0.106,0.742,3.238
2018/12/30 20:00,4149,6626,0,2477,1.202,0.004,0,0,8.34,0.108,0.578,3.171
2018/12/30 21:00,4195,6657,0,2462,1.203,0.004,0,0,8.414,0.116,0.315,3.118
2018/12/30 22:00,3850,6214,0,2364,1.203,0.004,0,0,8.515,0.133,0.169,3.067
2018/12/30 23:00,3474,5868,0,2394,1.204,0.004,0,0,8.64,0.154,0.089,2.889
2018/12/31 0:00,3363,5606,0,2243,1.204,0.004,0,0,8.789,0.174,0.081,2.712
2018/12/31 1:00,3163,5484,0,2321,1.205,0.004,0,0,8.954,0.19,0.12,2.589
2018/12/31 2:00,2960,5318,0,2358,1.205,0.004,0,0,9.138,0.209,0.153,2.522
2018/12/31 3:00,3065,5394,0,2329,1.205,0.004,0,0,9.34,0.224,0.129,2.463
2018/12/31 4:00,3364,5770,0,2406,1.206,0.004,0,0,9.571,0.263,0.074,2.423
2018/12/31 5:00,3772,6166,0,2394,1.207,0.004,0,0,9.84,0.295,0.008,2.377
2018/12/31 6:00,4476,6849,10,2363,1.208,0.004,0.358,2.268,10.115,0.274,-0.205,2.245
2018/12/31 7:00,4895,7245,22,2328,1.21,0.004,32.928,114.637,10.359,0.229,-0.151,2.18
2018/12/31 8:00,5126,7536,55,2355,1.209,0.004,102.746,275.399,10.549,0.192,0.669,2.293
2018/12/31 9:00,5274,7644,96,2274,1.207,0.004,167.991,389.766,10.665,0.151,1.559,2.521
2018/12/31 10:00,5269,7629,139,2221,1.205,0.004,217.519,449.646,10.718,0.136,2.149,2.679
2018/12/31 11:00,5288,7595,152,2155,1.203,0.004,223.342,450.972,10.749,0.142,2.489,2.661
2018/12/31 12:00,5168,7445,140,2137,1.202,0.004,185.425,393.688,10.791,0.144,2.539,2.481
2018/12/31 13:00,5383,7356,96,1877,1.202,0.004,117.784,281.685,10.864,0.139,2.186,2.012
2018/12/31 14:00,5915,7345,42,1388,1.204,0.004,39.271,122.581,10.972,0.129,0.914,1.352
2018/12/31 15:00,6485,7576,13,1078,1.206,0.004,0.596,4.3,11.099,0.116,-0.425,1.174
2018/12/31 16:00,6876,7828,4,948,1.208,0.004,0,0,11.226,0.116,-0.8,1.159
2018/12/31 17:00,6907,7729,4,818,1.21,0.004,0,0,11.356,0.121,-0.884,1.148
2018/12/31 18:00,6529,7241,0,712,1.211,0.004,0,0,11.456,0.068,-1.013,1.094
2018/12/31 19:00,6299,6846,0,547,1.212,0.004,0,0,11.526,0.063,-1.198,1.027
2018/12/31 20:00,5964,6473,0,509,1.213,0.004,0,0,11.583,0.049,-1.401,0.969
2018/12/31 21:00,6144,6569,0,425,1.213,0.004,0,0,11.626,0.045,-1.608,0.936
2018/12/31 22:00,5971,6290,0,319,1.213,0.004,0,0,11.663,0.043,-1.682,0.939
2018/12/31 23:00,5830,6075,0,245,1.213,0.004,0,0,11.695,0.047,-1.659,0.954
2019/1/1 0:00,5664,5852,0,188,1.214,0.004,0,0,11.726,0.047,-1.515,0.995
2019/1/1 1:00,5480,5619,0,139,1.214,0.004,0,0,11.761,0.049,-1.337,1.084
2019/1/1 2:00,5209,5324,0,115,1.213,0.004,0,0,11.79,0.044,-1.226,1.178
2019/1/1 3:00,5110,5273,0,163,1.211,0.004,0,0,11.802,0.035,-1.215,1.176
2019/1/1 4:00,5154,5439,0,285,1.209,0.004,0,0,11.794,0.02,-1.232,1.238
2019/1/1 5:00,5067,5517,0,450,1.207,0.004,0,0,11.77,0.012,-1.237,1.357
2019/1/1 6:00,5346,5948,10,592,1.205,0.004,0.415,2.447,11.74,0.009,-1.148,1.495
2019/1/1 7:00,5542,6204,25,637,1.204,0.004,30.311,116.129,11.704,0.006,-0.465,1.732
2019/1/1 8:00,5810,6544,55,679,1.202,0.004,81.965,277.013,11.642,0.005,0.83,1.954
2019/1/1 9:00,5875,6884,102,907,1.199,0.004,131.914,391.409,11.523,0.001,1.921,2.161
2019/1/1 10:00,5956,7064,151,957,1.195,0.004,167.535,451.351,11.329,0.001,2.689,2.322
2019/1/1 11:00,5792,7062,168,1102,1.192,0.004,179.595,452.699,11.075,0.002,3.16,2.507
2019/1/1 12:00,5250,7041,156,1635,1.19,0.004,161.976,395.401,10.789,0.003,3.28,2.559
2019/1/1 13:00,5018,6938,108,1812,1.189,0.004,121.961,283.319,10.551,0.004,2.964,2.63
2019/1/1 14:00,4862,6976,48,2066,1.19,0.004,46.135,124.132,10.386,0.006,2.012,2.697
2019/1/1 15:00,5031,7257,14,2212,1.191,0.004,1.129,4.537,10.282,0.011,1.021,2.897
2019/1/1 16:00,5370,7591,4,2217,1.192,0.004,0,0,10.194,0.016,0.81,3.147
2019/1/1 17:00,5329,7616,4,2283,1.193,0.004,0,0,10.13,0.029,0.747,3.379
2019/1/1 18:00,4902,7277,0,2375,1.194,0.004,0,0,10.095,0.045,0.464,3.356
2019/1/1 19:00,4349,7031,0,2682,1.194,0.004,0,0,10.083,0.061,0.266,3.403
2019/1/1 20:00,4008,6514,0,2506,1.194,0.004,0,0,10.094,0.079,0.151,3.425
2019/1/1 21:00,3964,6612,0,2648,1.194,0.004,0,0,10.131,0.106,0.109,3.423
2019/1/1 22:00,3516,6225,0,2709,1.193,0.004,0,0,10.214,0.149,0.124,3.459
2019/1/1 23:00,3288,5928,0,2640,1.193,0.004,0,0,10.351,0.192,0.149,3.467
2019/1/2 0:00,3078,5665,0,2587,1.194,0.004,0,0,10.511,0.192,0.038,3.558
2019/1/2 1:00,3052,5546,0,2494,1.196,0.004,0,0,10.66,0.159,-0.358,3.591
2019/1/2 2:00,3040,5451,0,2411,1.198,0.003,0,0,10.791,0.137,-0.927,3.659
2019/1/2 3:00,3071,5634,0,2563,1.2,0.003,0,0,10.927,0.158,-1.319,3.987
2019/1/2 4:00,3349,6241,0,2892,1.201,0.003,0,0,11.128,0.253,-1.517,4.323
2019/1/2 5:00,4162,7025,0,2863,1.202,0.003,0,0,11.406,0.315,-1.563,4.341
2019/1/2 6:00,5157,7927,10,2760,1.202,0.003,0.468,2.656,11.688,0.279,-1.578,4.116
2019/1/2 7:00,5587,8334,24,2723,1.203,0.003,32.826,117.768,11.935,0.241,-1.306,3.975
2019/1/2 8:00,5720,8629,52,2857,1.202,0.003,103.276,278.768,12.153,0.225,-0.544,4.02
2019/1/2 9:00,5754,8747,92,2901,1.201,0.003,169.187,393.274,12.334,0.202,0.101,4.254
2019/1/2 10:00,5850,8830,138,2842,1.2,0.003,197.922,453.252,12.49,0.209,0.349,4.481
2019/1/2 11:00,5924,8849,161,2764,1.2,0.003,168.446,454.592,12.657,0.22,0.179,4.497
2019/1/2 12:00,5720,8809,154,2935,1.201,0.003,127.689,397.266,12.84,0.219,-0.177,4.351
2019/1/2 13:00,5702,8776,107,2967,1.203,0.003,74.048,285.114,13.049,0.246,-0.679,4.12
2019/1/2 14:00,5853,8813,48,2912,1.206,0.003,24.222,125.845,13.28,0.252,-1.329,3.895
2019/1/2 15:00,6223,9048,14,2811,1.21,0.003,0.571,4.806,13.521,0.255,-1.948,3.712
2019/1/2 16:00,6615,9273,4,2654,1.213,0.003,0,0,13.753,0.232,-2.36,3.582
2019/1/2 17:00,6484,9130,4,2642,1.215,0.003,0,0,13.954,0.191,-2.675,3.453
2019/1/2 18:00,5995,8664,0,2669,1.218,0.003,0,0,14.099,0.121,-3.048,3.324
2019/1/2 19:00,5430,8171,0,2741,1.22,0.003,0,0,14.194,0.088,-3.534,3.195
2019/1/2 20:00,4922,7674,0,2752,1.223,0.002,0,0,14.266,0.072,-4.1,3.089
2019/1/2 21:00,4912,7546,0,2634,1.226,0.002,0,0,14.322,0.055,-4.681,3.042
2019/1/2 22:00,4405,7028,0,2623,1.228,0.002,0,0,14.365,0.044,-5.118,2.955
2019/1/2 23:00,4124,6704,0,2580,1.23,0.002,0,0,14.401,0.039,-5.427,2.934
2019/1/3 0:00,3765,6441,0,2676,1.232,0.002,0,0,14.428,0.03,-5.717,2.943
2019/1/3 1:00,3585,6315,0,2730,1.233,0.002,0,0,14.451,0.028,-5.853,3.08
2019/1/3 2:00,3383,6187,0,2804,1.233,0.002,0,0,14.473,0.029,-5.821,3.202
2019/1/3 3:00,3504,6275,0,2771,1.234,0.002,0,0,14.498,0.032,-5.766,3.237
2019/1/3 4:00,4065,6826,0,2761,1.234,0.002,0,0,14.527,0.037,-5.672,3.326
2019/1/3 5:00,4730,7534,0,2804,1.234,0.002,0,0,14.557,0.036,-5.63,3.423
2019/1/3 6:00,5601,8417,11,2805,1.235,0.002,0.614,2.904,14.585,0.033,-5.677,3.418
2019/1/3 7:00,5882,8733,30,2821,1.235,0.002,41.947,119.559,14.607,0.028,-5.403,3.497
2019/1/3 8:00,6108,9053,62,2883,1.233,0.002,119.65,280.728,14.621,0.025,-4.538,3.754
2019/1/3 9:00,6177,9201,98,2926,1.231,0.002,189.082,395.281,14.624,0.027,-3.789,3.979
2019/1/3 10:00,6364,9312,140,2808,1.229,0.002,212.073,455.316,14.636,0.055,-3.402,3.984
2019/1/3 11:00,6689,9240,152,2399,1.228,0.002,175.305,456.675,14.693,0.118,-3.33,3.855
2019/1/3 12:00,7128,9180,134,1918,1.227,0.002,125.844,399.305,14.823,0.191,-3.39,3.728
2019/1/3 13:00,6689,9057,86,2282,1.226,0.002,76.166,287.088,15.014,0.23,-3.473,3.679
2019/1/3 14:00,6581,9044,38,2425,1.226,0.002,26.256,127.716,15.234,0.245,-3.711,3.572
2019/1/3 15:00,7135,9234,12,2087,1.227,0.002,0.937,5.111,15.467,0.25,-4.113,3.28
2019/1/3 16:00,7289,9530,4,2237,1.228,0.002,0,0,15.707,0.252,-4.36,2.998
2019/1/3 17:00,6971,9362,4,2387,1.229,0.002,0,0,15.945,0.24,-4.48,2.789
2019/1/3 18:00,6381,8806,0,2425,1.23,0.002,0,0,16.155,0.195,-4.631,2.61
2019/1/3 19:00,5817,8332,0,2515,1.231,0.002,0,0,16.333,0.165,-4.798,2.478
2019/1/3 20:00,5268,7828,0,2560,1.232,0.002,0,0,16.472,0.124,-5.133,2.255
2019/1/3 21:00,5327,7747,0,2420,1.233,0.002,0,0,16.585,0.107,-5.533,2.091
2019/1/3 22:00,4957,7292,0,2335,1.234,0.002,0,0,16.682,0.088,-5.829,2.04
2019/1/3 23:00,4634,6915,0,2281,1.235,0.002,0,0,16.759,0.068,-6.036,2.076
2019/1/4 0:00,4383,6659,0,2276,1.236,0.002,0,0,16.822,0.058,-6.181,2.111
2019/1/4 1:00,4279,6518,0,2239,1.237,0.002,0,0,16.879,0.055,-6.343,2.147
2019/1/4 2:00,4080,6366,0,2286,1.238,0.002,0,0,16.93,0.046,-6.51,2.21
2019/1/4 3:00,4223,6499,0,2276,1.238,0.002,0,0,16.975,0.042,-6.613,2.236
2019/1/4 4:00,4638,6982,0,2344,1.239,0.002,0,0,17.014,0.037,-6.652,2.237
2019/1/4 5:00,5336,7740,0,2404,1.239,0.002,0,0,17.046,0.028,-6.638,2.244
2019/1/4 6:00,6248,8599,8,2343,1.239,0.002,0.828,3.178,17.07,0.023,-6.678,2.196
2019/1/4 7:00,6518,8985,23,2444,1.239,0.002,47.364,121.514,17.09,0.021,-6.142,2.293
2019/1/4 8:00,6967,9262,44,2251,1.237,0.002,127.265,282.781,17.103,0.022,-4.871,2.669
2019/1/4 9:00,7254,9352,69,2029,1.235,0.002,181.015,397.463,17.112,0.032,-3.958,2.973
2019/1/4 10:00,7454,9384,97,1833,1.233,0.002,197.435,457.515,17.132,0.056,-3.478,2.946
2019/1/4 11:00,7495,9252,102,1655,1.231,0.002,172.23,458.918,17.177,0.085,-3.181,2.784
2019/1/4 12:00,7559,9081,86,1436,1.229,0.002,121.789,401.482,17.253,0.111,-3.06,2.605
2019/1/4 13:00,7725,9012,54,1233,1.227,0.002,65.44,289.221,17.374,0.157,-3.137,2.291
2019/1/4 14:00,8026,8970,24,920,1.227,0.003,20.461,129.738,17.544,0.191,-3.446,1.881
2019/1/4 15:00,8600,9227,8,619,1.226,0.003,0.701,5.466,17.741,0.206,-3.723,1.872
2019/1/4 16:00,8818,9558,4,736,1.225,0.003,0,0,17.947,0.211,-3.668,2.058
2019/1/4 17:00,8400,9377,4,973,1.224,0.003,0,0,18.159,0.223,-3.501,2.281
2019/1/4 18:00,7571,8808,0,1237,1.222,0.003,0,0,18.42,0.305,-3.362,2.488
2019/1/4 19:00,6999,8330,0,1331,1.221,0.003,0,0,18.711,0.295,-3.263,2.652
2019/1/4 20:00,6198,7780,0,1582,1.22,0.003,0,0,18.983,0.272,-3.193,2.768
2019/1/4 21:00,5856,7702,0,1846,1.219,0.003,0,0,19.246,0.273,-3.123,2.87
2019/1/4 22:00,5167,7198,0,2031,1.218,0.003,0,0,19.502,0.256,-2.981,2.927
2019/1/4 23:00,4701,6910,0,2209,1.217,0.003,0,0,19.74,0.238,-2.868,2.922
2019/1/5 0:00,4324,6599,0,2275,1.216,0.003,0,0,19.987,0.269,-2.777,2.936
2019/1/5 1:00,4074,6376,0,2302,1.215,0.003,0,0,20.28,0.319,-2.71,2.919
2019/1/5 2:00,3929,6224,0,2295,1.214,0.003,0,0,20.587,0.297,-2.663,2.971
2019/1/5 3:00,3884,6259,0,2375,1.213,0.003,0,0,20.865,0.261,-2.6,2.995
2019/1/5 4:00,4197,6470,0,2273,1.212,0.003,0,0,21.127,0.255,-2.511,3.096
2019/1/5 5:00,4613,6786,0,2173,1.21,0.003,0,0,21.395,0.276,-2.407,3.23
2019/1/5 6:00,5254,7503,7,2242,1.208,0.003,0.394,3.497,21.709,0.357,-2.246,3.403
2019/1/5 7:00,5470,7964,15,2479,1.207,0.003,15.495,123.613,22.136,0.502,-1.919,3.677
2019/1/5 8:00,5847,8426,25,2554,1.205,0.003,37.977,285.067,22.726,0.698,-1.492,3.903
2019/1/5 9:00,6023,8687,36,2628,1.204,0.003,58.547,399.826,23.412,0.729,-1.14,4.061
2019/1/5 10:00,6052,8797,46,2699,1.202,0.003,73.346,459.934,24.041,0.652,-0.811,4.169
2019/1/5 11:00,5879,8732,52,2801,1.199,0.004,87.049,461.306,24.533,0.56,-0.5,4.17
2019/1/5 12:00,5644,8531,47,2840,1.197,0.004,96.21,403.852,24.898,0.512,-0.167,4.046
2019/1/5 13:00,5469,8389,34,2886,1.196,0.004,76.906,291.51,25.224,0.511,-0.053,3.851
2019/1/5 14:00,5509,8396,18,2869,1.197,0.004,32.758,131.922,25.591,0.511,-0.193,3.696
2019/1/5 15:00,5669,8571,7,2895,1.197,0.004,0.933,5.862,25.997,0.487,-0.547,3.401
2019/1/5 16:00,6000,8857,4,2853,1.198,0.004,0,0,26.385,0.429,-0.674,3.227
2019/1/5 17:00,5802,8606,4,2800,1.198,0.004,0,0,26.726,0.387,-0.694,3.15
2019/1/5 18:00,5354,7999,0,2645,1.199,0.004,0,0,27.072,0.41,-0.779,2.943
2019/1/5 19:00,5272,7638,0,2366,1.199,0.004,0,0,27.434,0.398,-0.799,2.824
2019/1/5 20:00,5542,7107,0,1565,1.2,0.004,0,0,27.783,0.382,-0.81,2.765
2019/1/5 21:00,5694,7019,0,1325,1.2,0.004,0,0,28.114,0.362,-0.883,2.71
2019/1/5 22:00,4985,6595,0,1610,1.2,0.004,0,0,28.432,0.356,-0.949,2.757
2019/1/5 23:00,4433,6264,0,1831,1.2,0.004,0,0,28.743,0.352,-0.993,2.759
2019/1/6 0:00,4108,6028,0,1920,1.2,0.004,0,0,29.054,0.351,-1.087,2.723
2019/1/6 1:00,3941,5879,0,1938,1.201,0.004,0,0,29.377,0.356,-1.175,2.683
2019/1/6 2:00,3841,5712,0,1871,1.202,0.004,0,0,29.709,0.354,-1.256,2.671
2019/1/6 3:00,3664,5641,0,1977,1.202,0.004,0,0,30.036,0.329,-1.318,2.607
2019/1/6 4:00,3919,5842,0,1923,1.203,0.003,0,0,30.348,0.305,-1.413,2.698
2019/1/6 5:00,3748,6063,0,2315,1.205,0.003,0,0,30.64,0.285,-1.695,2.702
2019/1/6 6:00,4218,6622,8,2396,1.207,0.003,0.954,3.858,30.908,0.262,-2.12,2.637
2019/1/6 7:00,4586,7020,19,2415,1.209,0.003,47.438,125.876,31.143,0.221,-2.037,2.745
2019/1/6 8:00,5000,7415,39,2376,1.209,0.003,128.858,287.464,31.333,0.193,-1.292,2.964
2019/1/6 9:00,5221,7748,64,2463,1.209,0.003,191.997,402.328,31.465,0.174,-0.707,3.162
2019/1/6 10:00,5226,7943,94,2623,1.209,0.003,219.001,462.491,31.545,0.165,-0.43,3.273
2019/1/6 11:00,5017,7814,104,2693,1.208,0.003,224.815,463.9,31.588,0.155,-0.317,3.21
2019/1/6 12:00,4925,7636,100,2611,1.208,0.003,179.537,406.417,31.626,0.142,-0.406,3.019
2019/1/6 13:00,4865,7479,72,2542,1.209,0.003,122.052,293.97,31.697,0.131,-0.676,2.837
2019/1/6 14:00,4999,7517,34,2484,1.21,0.003,43.893,134.248,31.804,0.131,-1.33,2.683
2019/1/6 15:00,5203,7787,10,2574,1.212,0.003,1.181,6.313,31.936,0.141,-2.096,2.666
2019/1/6 16:00,5589,8104,4,2511,1.213,0.003,0,0,32.082,0.155,-2.391,2.722
2019/1/6 17:00,5623,8069,4,2442,1.215,0.003,0,0,32.244,0.173,-2.598,2.657
2019/1/6 18:00,5457,7742,0,2285,1.215,0.003,0,0,32.383,0.118,-2.759,2.488
2019/1/6 19:00,5285,7469,0,2184,1.216,0.003,0,0,32.501,0.127,-2.81,2.268
2019/1/6 20:00,4773,7120,0,2347,1.216,0.003,0,0,32.631,0.14,-2.818,2.032
2019/1/6 21:00,4778,7179,0,2401,1.217,0.003,0,0,32.777,0.159,-2.798,1.886
2019/1/6 22:00,4457,6754,0,2297,1.217,0.003,0,0,32.939,0.171,-2.809,1.72
2019/1/6 23:00,4415,6387,0,1972,1.218,0.003,0,0,33.109,0.171,-2.908,1.545
2019/1/7 0:00,4913,6090,0,1177,1.218,0.003,0,0,33.276,0.165,-3.076,1.449
2019/1/7 1:00,5071,5962,0,891,1.219,0.003,0,0,33.435,0.156,-3.32,1.31
2019/1/7 2:00,5040,5875,0,835,1.22,0.003,0,0,33.589,0.155,-3.543,1.251
2019/1/7 3:00,5432,6074,0,642,1.221,0.003,0,0,33.743,0.157,-3.777,1.175
2019/1/7 4:00,6400,6895,0,495,1.222,0.003,0,0,33.899,0.159,-4.036,1.06
2019/1/7 5:00,7745,8162,0,417,1.223,0.003,0,0,34.056,0.159,-4.315,0.951
2019/1/7 6:00,8977,9292,6,309,1.225,0.003,0.946,4.262,34.212,0.154,-4.516,0.882
2019/1/7 7:00,9349,9594,15,230,1.226,0.003,41.105,128.287,34.359,0.145,-4.089,0.942
2019/1/7 8:00,9573,9728,26,129,1.224,0.003,113.796,290.041,34.493,0.14,-2.877,0.926
2019/1/7 9:00,9715,9846,43,88,1.222,0.003,164.905,404.978,34.606,0.14,-1.737,1.048
2019/1/7 10:00,9789,9928,62,77,1.22,0.003,185.86,465.229,34.682,0.138,-1.17,1.094
2019/1/7 11:00,9717,9843,66,60,1.217,0.003,188.79,466.618,34.709,0.137,-0.833,1.104
2019/1/7 12:00,9682,9788,61,45,1.216,0.003,161.026,409.088,34.727,0.141,-0.691,1.124
2019/1/7 13:00,9597,9686,44,45,1.215,0.003,106.406,296.591,34.775,0.142,-0.817,1.04
2019/1/7 14:00,9631,9686,20,35,1.216,0.003,39.771,136.735,34.884,0.15,-1.457,0.842
2019/1/7 15:00,9770,9810,8,32,1.217,0.003,1.467,6.82,35.025,0.142,-2.389,0.817
2019/1/7 16:00,9954,9999,4,41,1.219,0.003,0,0,35.163,0.131,-2.872,0.915
2019/1/7 17:00,9794,9844,4,46,1.219,0.003,0,0,35.291,0.121,-3.141,1.019
2019/1/7 18:00,9210,9276,0,66,1.219,0.003,0,0,35.399,0.092,-3.331,1.105
2019/1/7 19:00,8638,8761,0,123,1.219,0.003,0,0,35.49,0.084,-3.443,1.177
2019/1/7 20:00,7950,8103,0,153,1.217,0.003,0,0,35.576,0.078,-3.542,1.249
2019/1/7 21:00,7713,7889,0,176,1.216,0.003,0,0,35.651,0.063,-3.598,1.327
2019/1/7 22:00,7204,7430,0,226,1.214,0.003,0,0,35.705,0.04,-3.631,1.398
2019/1/7 23:00,6832,7072,0,240,1.213,0.003,0,0,35.738,0.024,-3.783,1.47
2019/1/8 0:00,6635,6869,0,234,1.212,0.003,0,0,35.76,0.017,-3.921,1.602
2019/1/8 1:00,6514,6745,0,231,1.211,0.003,0,0,35.782,0.025,-4.065,1.655
2019/1/8 2:00,6345,6597,0,252,1.21,0.003,0,0,35.825,0.057,-4.073,1.692
2019/1/8 3:00,6428,6694,0,266,1.208,0.003,0,0,35.933,0.141,-3.807,1.718
2019/1/8 4:00,7069,7379,0,310,1.206,0.003,0,0,36.122,0.213,-3.452,1.797
2019/1/8 5:00,8074,8490,0,416,1.203,0.003,0,0,36.407,0.309,-2.928,1.954
2019/1/8 6:00,9081,9461,4,376,1.201,0.003,0.475,4.725,36.844,0.44,-2.361,2.042
2019/1/8 7:00,9339,9886,10,537,1.2,0.003,19.644,130.852,37.42,0.612,-1.772,2.214
2019/1/8 8:00,9327,10031,24,680,1.198,0.004,62.277,292.766,38.051,0.627,-1.1,2.393
2019/1/8 9:00,9594,10167,52,521,1.196,0.004,113.648,407.816,38.483,0.397,-0.431,2.488
2019/1/8 10:00,9511,10134,78,545,1.192,0.004,146.846,468.109,38.586,0.2,0.107,2.444
2019/1/8 11:00,9115,9934,93,726,1.188,0.004,177.249,469.536,38.46,0.109,0.582,2.565
2019/1/8 12:00,8764,9786,100,922,1.185,0.004,182.502,411.96,38.199,0.075,0.823,2.804
2019/1/8 13:00,8317,9659,80,1262,1.184,0.004,114.169,299.347,37.969,0.072,0.661,2.933
2019/1/8 14:00,8240,9668,43,1385,1.184,0.004,37.686,139.366,37.865,0.099,0.08,2.935
2019/1/8 15:00,8731,9867,13,1123,1.183,0.004,1.273,7.386,37.867,0.16,-0.466,3.199
2019/1/8 16:00,8940,10120,4,1176,1.182,0.004,0,0,37.91,0.195,-0.481,3.531
2019/1/8 17:00,8425,9932,4,1503,1.182,0.004,0,0,37.967,0.209,-0.479,3.745
2019/1/8 18:00,7794,9435,0,1641,1.182,0.004,0,0,38.04,0.221,-0.507,3.853
2019/1/8 19:00,6979,8860,0,1881,1.181,0.004,0,0,38.151,0.258,-0.558,3.842
2019/1/8 20:00,6102,8238,0,2136,1.181,0.004,0,0,38.272,0.235,-0.618,3.717
2019/1/8 21:00,5623,8042,0,2419,1.181,0.004,0,0,38.381,0.207,-0.709,3.512
2019/1/8 22:00,4942,7531,0,2589,1.181,0.004,0,0,38.495,0.214,-0.733,3.414
2019/1/8 23:00,4496,7137,0,2641,1.181,0.004,0,0,38.662,0.257,-0.776,3.291
2019/1/9 0:00,4166,6873,0,2707,1.181,0.004,0,0,38.887,0.3,-0.89,3.143
2019/1/9 1:00,4136,6750,0,2614,1.181,0.004,0,0,39.158,0.323,-1.063,2.855
2019/1/9 2:00,4181,6680,0,2499,1.181,0.004,0,0,39.459,0.328,-1.149,2.66
2019/1/9 3:00,4588,6797,0,2209,1.182,0.004,0,0,39.759,0.307,-1.207,2.552
2019/1/9 4:00,5593,7411,0,1818,1.182,0.003,0,0,40.043,0.294,-1.321,2.404
2019/1/9 5:00,7022,8505,0,1483,1.183,0.003,0,0,40.313,0.283,-1.558,2.205
2019/1/9 6:00,8146,9557,10,1401,1.183,0.003,0.703,5.237,40.575,0.272,-1.819,2.115
2019/1/9 7:00,8755,9859,22,1082,1.184,0.003,28.105,133.57,40.825,0.255,-1.684,2.105
2019/1/9 8:00,8791,9936,40,1105,1.184,0.003,80.615,295.65,41.041,0.234,-1.012,2.154
2019/1/9 9:00,8828,9991,65,1098,1.184,0.004,120.747,410.809,41.189,0.215,-0.561,2.25
2019/1/9 10:00,8733,10042,91,1218,1.185,0.004,127.224,471.173,41.289,0.209,-0.529,2.29
2019/1/9 11:00,8851,9932,100,981,1.186,0.004,109.119,472.583,41.401,0.208,-0.752,2.281
2019/1/9 12:00,8749,9875,90,1036,1.187,0.003,87.55,414.964,41.543,0.204,-1.038,2.159
2019/1/9 13:00,8697,9830,60,1073,1.188,0.003,56.375,302.263,41.715,0.202,-1.395,2.022
2019/1/9 14:00,8612,9903,28,1263,1.19,0.003,20.66,142.143,41.914,0.207,-1.893,1.932
2019/1/9 15:00,8805,10058,10,1243,1.191,0.003,0.706,8.02,42.133,0.226,-2.393,1.987
2019/1/9 16:00,8979,10236,4,1253,1.192,0.003,0,0,42.368,0.242,-2.637,2.098
2019/1/9 17:00,8962,10050,4,1084,1.193,0.003,0,0,42.61,0.244,-2.858,2.08
2019/1/9 18:00,8498,9454,0,956,1.195,0.003,0,0,42.87,0.277,-3.028,2.09
2019/1/9 19:00,7995,8856,0,861,1.196,0.003,0,0,43.136,0.264,-3.178,2.02
2019/1/9 20:00,7441,8256,0,815,1.197,0.003,0,0,43.396,0.262,-3.345,1.958
2019/1/9 21:00,7327,7995,0,668,1.198,0.003,0,0,43.659,0.268,-3.439,1.916
2019/1/9 22:00,6927,7500,0,573,1.199,0.003,0,0,43.927,0.27,-3.573,1.779
2019/1/9 23:00,6670,7138,0,468,1.2,0.003,0,0,44.197,0.272,-3.783,1.666
2019/1/10 0:00,6493,6907,0,414,1.202,0.003,0,0,44.471,0.275,-4.017,1.562
2019/1/10 1:00,6433,6743,0,310,1.203,0.003,0,0,44.754,0.291,-4.242,1.511
2019/1/10 2:00,6437,6686,0,249,1.204,0.003,0,0,45.055,0.306,-4.403,1.529
2019/1/10 3:00,6508,6804,0,296,1.205,0.003,0,0,45.352,0.286,-4.503,1.484
2019/1/10 4:00,7020,7467,0,447,1.206,0.003,0,0,45.622,0.255,-4.645,1.391
2019/1/10 5:00,7807,8550,0,743,1.208,0.003,0,0,45.867,0.236,-4.789,1.366
2019/1/10 6:00,8678,9715,7,1030,1.208,0.003,0.954,5.817,46.099,0.225,-4.865,1.388
2019/1/10 7:00,8716,9989,18,1255,1.209,0.003,33.525,136.442,46.325,0.224,-4.408,1.554
2019/1/10 8:00,8715,10096,34,1347,1.209,0.003,84.104,298.668,46.545,0.222,-3.322,1.758
2019/1/10 9:00,8701,10209,57,1451,1.207,0.003,127.993,413.957,46.747,0.221,-2.425,2.044
2019/1/10 10:00,8646,10218,82,1490,1.205,0.003,164.021,474.388,46.912,0.217,-1.857,2.333
2019/1/10 11:00,8303,10074,92,1679,1.204,0.003,172.306,475.802,47.043,0.209,-1.547,2.54
2019/1/10 12:00,8079,9972,86,1807,1.203,0.003,158.573,418.136,47.167,0.198,-1.484,2.632
2019/1/10 13:00,7874,9894,64,1956,1.204,0.003,108.524,305.348,47.309,0.184,-1.702,2.496
2019/1/10 14:00,7977,9858,32,1849,1.205,0.003,43.517,145.071,47.476,0.179,-2.417,2.194
2019/1/10 15:00,8384,9990,10,1596,1.208,0.003,1.562,8.725,47.658,0.185,-3.504,2.009
2019/1/10 16:00,8770,10232,4,1458,1.21,0.003,0,0,47.846,0.186,-4.041,2.081
2019/1/10 17:00,8625,10060,4,1431,1.212,0.003,0,0,48.026,0.171,-4.294,2.068
2019/1/10 18:00,7888,9504,0,1616,1.214,0.003,0,0,48.171,0.121,-4.541,2.066
2019/1/10 19:00,7347,8939,0,1592,1.215,0.003,0,0,48.276,0.088,-4.85,2.057
2019/1/10 20:00,6577,8278,0,1701,1.217,0.003,0,0,48.352,0.064,-5.149,2.145
2019/1/10 21:00,5911,8069,0,2158,1.219,0.002,0,0,48.407,0.047,-5.524,2.188
2019/1/10 22:00,5220,7680,0,2460,1.22,0.002,0,0,48.45,0.037,-5.923,2.205
2019/1/10 23:00,4902,7365,0,2463,1.222,0.002,0,0,48.487,0.031,-6.287,2.141
2019/1/11 0:00,4702,7041,0,2339,1.223,0.002,0,0,48.519,0.028,-6.572,2.109
2019/1/11 1:00,4533,6934,0,2401,1.224,0.002,0,0,48.549,0.026,-6.85,2.112
2019/1/11 2:00,4345,6819,0,2474,1.226,0.002,0,0,48.577,0.026,-7.127,2.113
2019/1/11 3:00,4571,7020,0,2449,1.227,0.002,0,0,48.604,0.025,-7.363,2.121
2019/1/11 4:00,5240,7630,0,2390,1.228,0.002,0,0,48.628,0.021,-7.609,2.064
2019/1/11 5:00,6488,8742,0,2254,1.229,0.002,0,0,48.649,0.016,-7.99,1.966
2019/1/11 6:00,7515,9792,11,2266,1.231,0.002,1.532,6.459,48.665,0.012,-8.357,1.941
2019/1/11 7:00,7875,10114,28,2211,1.232,0.002,55.64,139.443,48.677,0.009,-8.05,2.075
2019/1/11 8:00,7904,10113,60,2149,1.231,0.002,155.758,301.865,48.679,0.007,-6.591,2.328
2019/1/11 9:00,7717,10051,106,2228,1.229,0.002,243.071,417.266,48.662,0.006,-5.297,2.73
2019/1/11 10:00,7528,9961,174,2259,1.227,0.002,292.981,477.752,48.621,0.005,-4.645,2.909
2019/1/11 11:00,7275,9775,210,2290,1.225,0.002,298.813,479.177,48.569,0.005,-4.249,2.925
2019/1/11 12:00,7189,9593,208,2196,1.223,0.002,258.817,421.475,48.52,0.006,-4.11,2.833
2019/1/11 13:00,7250,9481,150,2081,1.222,0.002,173.155,308.543,48.49,0.01,-4.287,2.565
2019/1/11 14:00,7302,9453,76,2075,1.222,0.002,65.796,148.146,48.489,0.023,-5.164,2.035
2019/1/11 15:00,7884,9696,24,1788,1.223,0.002,2.167,9.504,48.522,0.047,-6.71,1.817
2019/1/11 16:00,8622,10073,6,1445,1.223,0.002,0,0,48.585,0.082,-7.066,2.018
2019/1/11 17:00,8659,9881,4,1218,1.222,0.002,0,0,48.684,0.123,-6.697,2.242
2019/1/11 18:00,8079,9342,0,1263,1.221,0.002,0,0,48.851,0.22,-6.045,2.497
2019/1/11 19:00,7397,8792,0,1395,1.219,0.002,0,0,49.108,0.308,-5.299,2.808
2019/1/11 20:00,7011,8174,0,1163,1.218,0.002,0,0,49.437,0.367,-4.891,2.918
2019/1/11 21:00,6966,8035,0,1069,1.217,0.003,0,0,49.79,0.366,-4.618,3.074
2019/1/11 22:00,6421,7641,0,1220,1.216,0.003,0,0,50.102,0.295,-4.394,3.181
2019/1/11 23:00,5729,7254,0,1525,1.215,0.003,0,0,50.327,0.196,-4.275,3.261
2019/1/12 0:00,5322,6985,0,1663,1.215,0.003,0,0,50.473,0.131,-4.258,3.373
2019/1/12 1:00,5058,6785,0,1727,1.215,0.003,0,0,50.574,0.095,-4.332,3.321
2019/1/12 2:00,4566,6495,0,1929,1.214,0.003,0,0,50.653,0.082,-4.31,3.387
2019/1/12 3:00,4331,6510,0,2179,1.212,0.003,0,0,50.719,0.066,-4.096,3.409
2019/1/12 4:00,4324,6776,0,2452,1.21,0.003,0,0,50.772,0.056,-3.794,3.343
2019/1/12 5:00,4469,7110,0,2641,1.208,0.003,0,0,50.817,0.053,-3.434,3.305
2019/1/12 6:00,5121,7823,6,2696,1.207,0.003,1.654,7.171,50.864,0.059,-3.111,3.26
2019/1/12 7:00,5574,8266,13,2679,1.206,0.003,44.698,142.596,50.909,0.06,-2.382,3.298
2019/1/12 8:00,5949,8531,26,2556,1.204,0.003,113.359,305.212,50.913,0.061,-1.358,3.27
2019/1/12 9:00,6206,8729,50,2473,1.201,0.004,180.852,420.728,50.83,0.061,-0.446,3.152
2019/1/12 10:00,6186,8772,76,2510,1.198,0.004,214.376,481.264,50.651,0.063,0.202,3.145
2019/1/12 11:00,5999,8676,88,2589,1.196,0.004,221.324,482.693,50.425,0.064,0.65,3.103
2019/1/12 12:00,5780,8541,83,2678,1.193,0.004,202.375,424.959,50.204,0.057,0.908,3.002
2019/1/12 13:00,5828,8360,62,2470,1.192,0.004,138.599,311.923,50.028,0.045,0.793,2.863
2019/1/12 14:00,6095,8282,32,2155,1.193,0.004,50.7,151.364,49.963,0.037,0.202,2.747
2019/1/12 15:00,6150,8471,11,2310,1.193,0.004,2.475,10.367,49.966,0.033,-0.518,2.736
2019/1/12 16:00,6538,8839,4,2297,1.194,0.004,0,0,49.981,0.029,-0.85,2.793
2019/1/12 17:00,6489,8675,4,2182,1.193,0.003,0,0,49.991,0.021,-1.019,2.793
2019/1/12 18:00,5864,8192,0,2328,1.193,0.003,0,0,50.007,0.035,-1.234,2.734
2019/1/12 19:00,5655,7855,0,2200,1.192,0.003,0,0,50.069,0.082,-1.23,2.915
2019/1/12 20:00,5451,7272,0,1821,1.191,0.003,0,0,50.212,0.187,-1.112,2.976
2019/1/12 21:00,5475,7299,0,1824,1.19,0.004,0,0,50.436,0.297,-0.849,3.093
2019/1/12 22:00,4836,6882,0,2046,1.189,0.004,0,0,50.723,0.347,-0.759,3.137
2019/1/12 23:00,4519,6571,0,2052,1.188,0.004,0,0,51.039,0.363,-0.704,3.103
2019/1/13 0:00,4186,6252,0,2066,1.188,0.004,0,0,51.369,0.371,-0.699,3.036
2019/1/13 1:00,4283,6056,0,1773,1.188,0.004,0,0,51.704,0.373,-0.774,2.897
2019/1/13 2:00,3873,5866,0,1993,1.188,0.004,0,0,52.06,0.402,-0.88,2.782
2019/1/13 3:00,3840,5913,0,2073,1.189,0.004,0,0,52.436,0.403,-0.981,2.722
2019/1/13 4:00,3962,6066,0,2104,1.189,0.004,0,0,52.785,0.336,-1.133,2.484
2019/1/13 5:00,4085,6221,0,2136,1.189,0.003,0,0,53.059,0.242,-1.464,2.278
2019/1/13 6:00,4734,6749,11,2004,1.189,0.003,1.924,7.969,53.254,0.166,-1.709,2.276
2019/1/13 7:00,5461,7161,26,1674,1.189,0.004,51.599,145.904,53.386,0.123,-1.062,2.49
2019/1/13 8:00,6146,7508,52,1310,1.186,0.004,131.068,308.689,53.41,0.103,0.173,2.664
2019/1/13 9:00,5810,7831,93,1928,1.183,0.004,196.332,424.336,53.287,0.092,1.013,2.766
2019/1/13 10:00,5720,8041,139,2182,1.18,0.004,226.437,484.939,53.066,0.086,1.589,3.051
2019/1/13 11:00,5533,7853,156,2164,1.177,0.004,210.74,486.401,52.812,0.105,1.861,3.236
2019/1/13 12:00,5613,7652,141,1898,1.175,0.004,168.452,428.589,52.656,0.139,1.812,3.015
2019/1/13 13:00,5873,7526,99,1554,1.174,0.004,106.973,315.433,52.638,0.18,1.503,2.746
2019/1/13 14:00,6095,7502,50,1357,1.173,0.004,33.052,154.714,52.798,0.302,0.9,2.573
2019/1/13 15:00,6468,7794,17,1309,1.172,0.004,0.974,11.315,53.125,0.43,0.475,2.574
2019/1/13 16:00,6864,8216,5,1347,1.171,0.004,0,0,53.53,0.508,0.642,2.875
2019/1/13 17:00,6945,8293,4,1344,1.171,0.004,0,0,53.913,0.512,0.78,3.208
2019/1/13 18:00,6482,7970,0,1488,1.17,0.004,0,0,54.213,0.543,0.801,3.337
2019/1/13 19:00,6025,7552,0,1527,1.169,0.004,0,0,54.455,0.489,0.793,3.42
2019/1/13 20:00,5504,7200,0,1696,1.168,0.004,0,0,54.62,0.417,0.811,3.598
2019/1/13 21:00,5326,7320,0,1994,1.166,0.004,0,0,54.711,0.387,0.89,3.79
2019/1/13 22:00,4771,6911,0,2140,1.165,0.004,0,0,54.83,0.395,0.848,3.829
2019/1/13 23:00,4060,6615,0,2555,1.164,0.004,0,0,54.963,0.4,0.787,3.901
2019/1/14 0:00,3562,6415,0,2853,1.164,0.004,0,0,55.116,0.431,0.844,3.847
2019/1/14 1:00,3465,6296,0,2831,1.165,0.004,0,0,55.277,0.402,0.78,3.651
2019/1/14 2:00,3416,6246,0,2830,1.165,0.004,0,0,55.399,0.347,0.661,3.611
2019/1/14 3:00,3547,6462,0,2915,1.166,0.004,0,0,55.518,0.368,0.579,3.556
2019/1/14 4:00,4371,7239,0,2868,1.166,0.004,0,0,55.744,0.469,0.479,3.532
2019/1/14 5:00,5707,8382,0,2675,1.168,0.004,0,0,56.042,0.436,0.33,3.495
2019/1/14 6:00,6645,9464,14,2805,1.169,0.004,2.376,8.836,56.293,0.324,0.234,3.585
2019/1/14 7:00,6875,9788,38,2875,1.171,0.004,56.215,149.337,56.436,0.24,0.598,3.639
2019/1/14 8:00,6880,9728,78,2770,1.172,0.004,146.232,312.308,56.415,0.191,1.261,3.774
2019/1/14 9:00,6864,9812,130,2818,1.173,0.004,231.2,428.088,56.25,0.166,1.649,4.044
2019/1/14 10:00,6918,9859,198,2743,1.175,0.004,276.799,488.756,56.02,0.153,1.715,4.352
2019/1/14 11:00,6648,9700,221,2831,1.176,0.004,273.542,490.198,55.806,0.167,1.588,4.467
2019/1/14 12:00,6589,9669,204,2876,1.177,0.004,223.217,432.348,55.708,0.208,1.308,4.281
2019/1/14 13:00,6784,9656,143,2729,1.178,0.004,140.594,319.126,55.756,0.248,0.94,3.856
2019/1/14 14:00,7017,9657,72,2568,1.179,0.004,52.607,158.219,55.941,0.292,0.217,3.471
2019/1/14 15:00,7328,9847,23,2496,1.182,0.004,2.35,12.357,56.225,0.319,-0.632,3.343
2019/1/14 16:00,7525,10061,6,2530,1.184,0.003,0,0,56.559,0.359,-0.944,3.356
2019/1/14 17:00,7360,9892,4,2528,1.187,0.003,0,0,56.91,0.36,-1.134,3.396
2019/1/14 18:00,6650,9353,0,2703,1.19,0.003,0,0,57.19,0.24,-1.39,3.41
2019/1/14 19:00,6068,8790,0,2722,1.194,0.003,0,0,57.393,0.196,-1.799,3.258
2019/1/14 20:00,5624,8247,0,2623,1.197,0.003,0,0,57.564,0.169,-2.354,2.868
2019/1/14 21:00,6135,7956,0,1821,1.201,0.003,0,0,57.713,0.144,-3.001,2.39
2019/1/14 22:00,5710,7368,0,1658,1.203,0.003,0,0,57.845,0.127,-3.557,2.188
2019/1/14 23:00,5188,7132,0,1944,1.204,0.003,0,0,57.963,0.113,-3.996,2.164
2019/1/15 0:00,4813,6877,0,2064,1.206,0.003,0,0,58.071,0.104,-4.25,2.226
2019/1/15 1:00,4671,6738,0,2067,1.207,0.003,0,0,58.175,0.104,-4.207,2.439
2019/1/15 2:00,4519,6630,0,2111,1.207,0.003,0,0,58.28,0.108,-4.032,2.641
2019/1/15 3:00,4780,6803,0,2023,1.206,0.003,0,0,58.385,0.11,-3.721,2.851
2019/1/15 4:00,5451,7468,0,2017,1.206,0.003,0,0,58.488,0.113,-3.339,3.059
2019/1/15 5:00,6441,8605,0,2164,1.205,0.003,0,0,58.586,0.106,-3.017,3.342
2019/1/15 6:00,7318,9719,12,2389,1.205,0.003,2.144,9.804,58.659,0.075,-2.853,3.541
2019/1/15 7:00,7376,9987,30,2581,1.205,0.003,51.939,152.921,58.708,0.06,-2.446,3.675
2019/1/15 8:00,7498,10043,62,2483,1.204,0.003,135.084,316.081,58.739,0.051,-1.589,3.863
2019/1/15 9:00,7422,10125,109,2594,1.202,0.003,206.752,431.969,58.724,0.024,-0.808,4.015
2019/1/15 10:00,7189,10112,168,2755,1.2,0.003,258.13,492.732,58.653,0.01,-0.307,4.169
2019/1/15 11:00,6917,9891,198,2776,1.198,0.003,293.961,494.174,58.539,0.008,0.105,4.296
2019/1/15 12:00,6786,9800,190,2824,1.196,0.003,264.845,436.261,58.393,0.007,0.261,4.341
2019/1/15 13:00,6720,9711,141,2850,1.196,0.003,183.261,322.907,58.263,0.007,0.094,4.239
2019/1/15 14:00,6782,9718,76,2860,1.196,0.003,75.774,161.854,58.192,0.011,-0.484,4.003
2019/1/15 15:00,7028,9909,26,2855,1.196,0.003,4.277,13.496,58.177,0.015,-1.29,3.874
2019/1/15 16:00,7389,10200,6,2805,1.195,0.003,0,0,58.175,0.018,-1.543,3.872
2019/1/15 17:00,7071,9952,4,2877,1.195,0.003,0,0,58.173,0.019,-1.551,3.889
2019/1/15 18:00,6509,9326,0,2817,1.195,0.003,0,0,58.163,0.009,-1.494,3.933
2019/1/15 19:00,5889,8727,0,2838,1.195,0.003,0,0,58.146,0.008,-1.438,3.963
2019/1/15 20:00,5332,8152,0,2820,1.195,0.003,0,0,58.127,0.006,-1.448,4.019
2019/1/15 21:00,5108,7936,0,2828,1.194,0.003,0,0,58.108,0.004,-1.531,4.085
2019/1/15 22:00,4597,7436,0,2839,1.194,0.003,0,0,58.088,0.003,-1.648,4.1
2019/1/15 23:00,4291,7141,0,2850,1.194,0.003,0,0,58.065,0.003,-1.682,4.094
2019/1/16 0:00,4117,6833,0,2716,1.194,0.003,0,0,58.043,0.002,-1.692,4.008
2019/1/16 1:00,4090,6735,0,2645,1.194,0.003,0,0,58.02,0.001,-1.732,3.871
2019/1/16 2:00,4010,6601,0,2591,1.194,0.003,0,0,57.998,0.001,-1.783,3.752
2019/1/16 3:00,4205,6763,0,2558,1.194,0.003,0,0,57.976,0,-1.912,3.594
2019/1/16 4:00,4817,7371,0,2554,1.194,0.003,0,0,57.957,0,-2.187,3.36
2019/1/16 5:00,5864,8495,0,2631,1.195,0.003,0,0,57.947,0,-2.657,3.118
2019/1/16 6:00,7053,9597,12,2532,1.196,0.003,2.845,10.865,57.943,0,-3.153,2.885
2019/1/16 7:00,7468,9876,32,2376,1.197,0.003,68.549,156.635,57.938,0,-2.96,2.713
2019/1/16 8:00,7668,9831,70,2093,1.195,0.003,176.063,319.99,57.919,0,-1.545,2.64
2019/1/16 9:00,7754,9817,124,1939,1.192,0.003,261.62,436.033,57.862,0,0.341,2.614
2019/1/16 10:00,7821,9747,201,1725,1.188,0.004,300.876,496.867,57.767,0,1.649,2.453
2019/1/16 11:00,8213,9529,245,1071,1.185,0.004,286.911,498.301,57.638,0,2.214,2.17
2019/1/16 12:00,8474,9512,248,790,1.182,0.004,217.123,440.336,57.485,0,2.404,1.783
2019/1/16 13:00,8758,9443,191,494,1.181,0.004,144.247,326.849,57.366,0,2.242,1.304
2019/1/16 14:00,9131,9436,103,202,1.179,0.004,58.14,165.621,57.325,0,1.411,0.884
2019/1/16 15:00,9509,9648,35,104,1.179,0.004,4.273,14.74,57.32,0,0.431,0.906
2019/1/16 16:00,9982,10082,8,92,1.178,0.003,0,0,57.32,0,-0.416,1.052
2019/1/16 17:00,9817,9971,4,150,1.178,0.003,0,0,57.321,0,-1.339,1.183
2019/1/16 18:00,9196,9423,0,227,1.178,0.003,0,0,57.323,0,-2.218,1.264
2019/1/16 19:00,8486,8874,0,388,1.178,0.003,0,0,57.325,0.001,-2.511,1.306
2019/1/16 20:00,7770,8242,0,472,1.178,0.003,0,0,57.326,0.001,-2.455,1.31
2019/1/16 21:00,7634,8012,0,378,1.177,0.003,0,0,57.326,0.002,-2.31,1.302
2019/1/16 22:00,7202,7512,0,310,1.176,0.003,0,0,57.324,0.002,-2.255,1.327
2019/1/16 23:00,6888,7174,0,286,1.175,0.003,0,0,57.321,0.002,-2.277,1.384
2019/1/17 0:00,6602,6938,0,336,1.175,0.003,0,0,57.316,0.002,-2.233,1.437
2019/1/17 1:00,6506,6825,0,319,1.174,0.003,0,0,57.31,0.002,-2.072,1.475
2019/1/17 2:00,6379,6684,0,305,1.174,0.002,0,0,57.305,0.002,-2.001,1.496
2019/1/17 3:00,6549,6860,0,311,1.174,0.002,0,0,57.3,0.002,-2.017,1.494
2019/1/17 4:00,7214,7558,0,344,1.174,0.002,0,0,57.296,0.002,-1.955,1.502
2019/1/17 5:00,8329,8713,0,384,1.174,0.002,0,0,57.292,0.002,-1.94,1.499
2019/1/17 6:00,9279,9816,17,520,1.176,0.003,2.811,12.018,57.289,0.002,-1.994,1.457
2019/1/17 7:00,9514,10063,46,503,1.177,0.003,61.973,160.499,57.287,0.002,-1.389,1.43
2019/1/17 8:00,9459,10023,94,470,1.176,0.003,158.812,324.028,57.26,0.002,0.236,1.43
2019/1/17 9:00,9361,9912,150,401,1.174,0.004,244.431,440.191,57.152,0.001,2.053,1.417
2019/1/17 10:00,9112,9728,231,385,1.17,0.004,297.435,501.107,56.949,0.001,3.142,1.573
2019/1/17 11:00,8841,9442,258,343,1.166,0.004,302.954,502.563,56.595,0.001,3.834,1.665
2019/1/17 12:00,8768,9361,235,358,1.163,0.004,266.022,444.562,56.19,0.002,4.065,1.587
2019/1/17 13:00,8686,9305,160,459,1.162,0.004,187.115,330.937,55.868,0.004,3.644,1.359
2019/1/17 14:00,8713,9413,80,620,1.163,0.004,80.629,169.519,55.734,0.009,2.444,1.315
2019/1/17 15:00,8814,9595,29,752,1.165,0.004,4.484,16.093,55.722,0.011,1.017,1.429
2019/1/17 16:00,9294,9954,6,654,1.168,0.004,0,0,55.734,0.013,0.275,1.48
2019/1/17 17:00,9353,9849,4,492,1.171,0.004,0,0,55.755,0.021,-0.099,1.468
2019/1/17 18:00,8958,9297,0,339,1.174,0.004,0,0,55.806,0.061,-0.216,1.503
2019/1/17 19:00,8371,8731,0,360,1.176,0.004,0,0,55.888,0.087,0.042,1.787
2019/1/17 20:00,7343,8119,0,776,1.179,0.004,0,0,55.978,0.105,0.236,1.937
2019/1/17 21:00,6432,7907,0,1475,1.18,0.004,0,0,56.076,0.116,0.185,1.887
2019/1/17 22:00,5840,7337,0,1497,1.181,0.004,0,0,56.185,0.155,0.025,1.868
2019/1/17 23:00,5635,7038,0,1403,1.182,0.004,0,0,56.332,0.204,-0.079,1.906
2019/1/18 0:00,5425,6801,0,1376,1.184,0.004,0,0,56.54,0.234,-0.208,1.88
2019/1/18 1:00,5285,6638,0,1353,1.186,0.004,0,0,56.778,0.253,-0.47,1.877
2019/1/18 2:00,5134,6526,0,1392,1.188,0.004,0,0,57.003,0.205,-0.917,1.706
2019/1/18 3:00,5339,6696,0,1357,1.191,0.004,0,0,57.189,0.166,-1.486,1.505
2019/1/18 4:00,6273,7334,0,1061,1.194,0.003,0,0,57.337,0.127,-2.012,1.402
2019/1/18 5:00,7144,8371,0,1227,1.197,0.003,0,0,57.458,0.109,-2.496,1.413
2019/1/18 6:00,8271,9545,7,1267,1.199,0.003,1.217,13.282,57.562,0.094,-2.948,1.458
2019/1/18 7:00,8337,9964,16,1611,1.202,0.003,31.326,164.487,57.647,0.076,-2.881,1.631
2019/1/18 8:00,8519,10046,36,1491,1.203,0.003,87.711,328.203,57.701,0.049,-2.228,1.932
2019/1/18 9:00,8960,10074,67,1047,1.203,0.003,165.472,444.516,57.716,0.032,-1.444,2.37
2019/1/18 10:00,8353,9964,105,1506,1.202,0.003,233.975,505.481,57.686,0.031,-0.786,2.723
2019/1/18 11:00,7902,9652,127,1623,1.2,0.003,250.867,506.999,57.626,0.026,-0.421,2.787
2019/1/18 12:00,7827,9398,127,1444,1.2,0.003,232.034,448.877,57.561,0.019,-0.395,2.653
2019/1/18 13:00,7578,9282,100,1604,1.202,0.003,166.227,335.154,57.518,0.011,-0.695,2.305
2019/1/18 14:00,7706,9204,57,1441,1.204,0.003,77.51,173.562,57.509,0.007,-1.792,1.609
2019/1/18 15:00,8243,9370,20,1107,1.207,0.003,5.67,17.562,57.514,0.004,-4.015,1.255
2019/1/18 16:00,9093,9900,6,801,1.209,0.002,0,0,57.519,0.003,-5.132,1.283
2019/1/18 17:00,8939,9748,4,805,1.212,0.002,0,0,57.523,0.002,-5.9,1.198
2019/1/18 18:00,8325,9109,0,784,1.215,0.002,0,0,57.529,0.005,-6.53,1.14
2019/1/18 19:00,7946,8542,0,596,1.218,0.002,0,0,57.536,0.005,-7.094,1.097
2019/1/18 20:00,7653,8025,0,372,1.22,0.002,0,0,57.544,0.005,-7.635,1.06
2019/1/18 21:00,7682,7920,0,238,1.223,0.002,0,0,57.551,0.005,-8.116,1.035
2019/1/18 22:00,7325,7493,0,168,1.224,0.002,0,0,57.559,0.006,-8.622,1.021
2019/1/18 23:00,6903,7094,0,191,1.226,0.002,0,0,57.571,0.011,-9.174,1.006
2019/1/19 0:00,6576,6795,0,219,1.227,0.002,0,0,57.586,0.013,-9.712,0.982
2019/1/19 1:00,6504,6693,0,189,1.228,0.002,0,0,57.602,0.014,-10.079,0.933
2019/1/19 2:00,6374,6474,0,100,1.23,0.002,0,0,57.618,0.012,-10.19,0.87
2019/1/19 3:00,6444,6507,0,63,1.231,0.002,0,0,57.63,0.008,-9.996,0.815
2019/1/19 4:00,6688,6743,0,55,1.232,0.002,0,0,57.638,0.004,-9.751,0.78
2019/1/19 5:00,7050,7114,0,64,1.232,0.002,0,0,57.643,0.003,-9.494,0.782
2019/1/19 6:00,7789,7869,12,68,1.233,0.002,3.954,14.667,57.647,0.003,-9.22,0.796
2019/1/19 7:00,8272,8384,33,79,1.232,0.002,59.812,168.598,57.652,0.006,-8.388,0.833
2019/1/19 8:00,8553,8718,80,85,1.228,0.002,142.208,332.539,57.658,0.011,-6.518,0.848
2019/1/19 9:00,8575,8802,144,83,1.223,0.002,217.3,448.988,57.657,0.016,-4.755,1.23
2019/1/19 10:00,8501,8820,247,72,1.219,0.002,268.347,510.044,57.644,0.019,-3.612,1.472
2019/1/19 11:00,8292,8656,298,66,1.215,0.003,279.78,511.525,57.62,0.016,-2.831,1.576
2019/1/19 12:00,7993,8375,295,87,1.212,0.003,249.468,453.358,57.591,0.01,-2.442,1.616
2019/1/19 13:00,7951,8262,212,99,1.211,0.003,175.002,339.487,57.571,0.006,-2.515,1.561
2019/1/19 14:00,8029,8255,108,118,1.211,0.003,76.299,177.725,57.569,0.005,-3.351,1.23
2019/1/19 15:00,8165,8398,37,196,1.213,0.003,6.172,19.152,57.574,0.005,-5.042,0.995
2019/1/19 16:00,8589,8872,8,275,1.214,0.002,0,0,57.582,0.005,-6.003,1.164
2019/1/19 17:00,8360,8740,4,376,1.215,0.002,0,0,57.591,0.006,-6.426,1.283
2019/1/19 18:00,7790,8224,0,434,1.216,0.002,0,0,57.598,0.001,-6.617,1.391
2019/1/19 19:00,7309,7813,0,504,1.216,0.002,0,0,57.603,0.002,-6.756,1.413
2019/1/19 20:00,6790,7351,0,561,1.217,0.002,0,0,57.607,0.002,-6.81,1.399
2019/1/19 21:00,6694,7308,0,614,1.217,0.002,0,0,57.611,0.002,-6.813,1.373
2019/1/19 22:00,6292,6891,0,599,1.217,0.002,0,0,57.615,0.002,-6.872,1.344
2019/1/19 23:00,6056,6612,0,556,1.217,0.002,0,0,57.618,0.002,-7.004,1.317
2019/1/20 0:00,5796,6373,0,577,1.217,0.002,0,0,57.622,0.002,-7.12,1.351
2019/1/20 1:00,5643,6282,0,639,1.218,0.002,0,0,57.626,0.002,-7.32,1.358
2019/1/20 2:00,5550,6117,0,567,1.218,0.002,0,0,57.629,0.001,-7.54,1.367
2019/1/20 3:00,5615,6070,0,455,1.218,0.002,0,0,57.633,0.001,-7.723,1.356
2019/1/20 4:00,5836,6219,0,383,1.218,0.002,0,0,57.636,0.001,-7.974,1.295
2019/1/20 5:00,6068,6367,0,299,1.218,0.002,0,0,57.639,0.001,-8.31,1.213
2019/1/20 6:00,6774,6973,12,187,1.219,0.002,4.627,16.165,57.643,0.001,-8.551,1.172
2019/1/20 7:00,7313,7469,30,126,1.219,0.002,82.62,172.849,57.646,0.002,-7.84,1.265
2019/1/20 8:00,7749,7876,65,62,1.216,0.002,203.718,336.981,57.647,0.002,-5.909,1.179
2019/1/20 9:00,7928,8082,116,38,1.212,0.003,301.955,453.571,57.635,0.003,-3.681,0.97
2019/1/20 10:00,7924,8149,193,32,1.209,0.003,347.116,514.702,57.584,0.004,-2.273,0.801
2019/1/20 11:00,7684,7954,238,32,1.205,0.003,341.72,516.183,57.497,0.004,-1.479,0.648
2019/1/20 12:00,7419,7686,235,32,1.203,0.003,290.634,457.97,57.413,0.005,-1.117,0.602
2019/1/20 13:00,7377,7586,177,32,1.202,0.003,202.283,343.96,57.367,0.006,-1.243,0.615
2019/1/20 14:00,7463,7594,95,36,1.204,0.003,88.726,182.022,57.362,0.006,-2.2,0.515
2019/1/20 15:00,7715,7808,34,59,1.206,0.003,6.72,20.868,57.367,0.005,-3.794,0.653
2019/1/20 16:00,8136,8256,8,112,1.208,0.003,0,0,57.373,0.005,-4.703,0.7
2019/1/20 17:00,8214,8385,4,167,1.211,0.003,0,0,57.379,0.005,-5.333,0.721
2019/1/20 18:00,7855,8032,0,177,1.213,0.002,0,0,57.385,0.005,-5.86,0.746
2019/1/20 19:00,7406,7646,0,240,1.216,0.002,0,0,57.391,0.004,-6.291,0.781
2019/1/20 20:00,6983,7243,0,260,1.218,0.002,0,0,57.396,0.003,-6.616,0.815
2019/1/20 21:00,7067,7354,0,287,1.219,0.002,0,0,57.401,0.003,-6.848,0.849
2019/1/20 22:00,6636,7027,0,391,1.22,0.002,0,0,57.406,0.003,-7.005,0.875
2019/1/20 23:00,6377,6862,0,485,1.221,0.002,0,0,57.411,0.003,-7.122,0.905
2019/1/21 0:00,6158,6678,0,520,1.222,0.002,0,0,57.415,0.003,-7.249,0.956
2019/1/21 1:00,6118,6613,0,495,1.223,0.002,0,0,57.42,0.003,-7.454,1.012
2019/1/21 2:00,6011,6528,0,517,1.224,0.002,0,0,57.424,0.002,-7.695,1.058
2019/1/21 3:00,6186,6711,0,525,1.225,0.002,0,0,57.428,0.002,-7.875,1.086
2019/1/21 4:00,6928,7432,0,504,1.227,0.002,0,0,57.432,0.002,-8.074,1.116
2019/1/21 5:00,8191,8617,0,426,1.228,0.002,0,0,57.436,0.002,-8.337,1.155
2019/1/21 6:00,9544,9892,13,335,1.23,0.002,6.317,17.785,57.44,0.002,-8.558,1.182
2019/1/21 7:00,9826,10141,33,282,1.231,0.002,90.449,177.211,57.443,0.002,-7.872,1.348
2019/1/21 8:00,9882,10164,78,204,1.228,0.002,208.317,341.523,57.444,0.001,-6.123,1.338
2019/1/21 9:00,9874,10134,136,124,1.224,0.002,307.113,458.299,57.431,0.001,-4.111,1.334
2019/1/21 10:00,9728,10032,232,72,1.219,0.003,365.532,519.471,57.389,0.001,-2.805,1.265
2019/1/21 11:00,9525,9852,282,45,1.214,0.003,369.079,521.006,57.332,0.002,-1.958,1.183
2019/1/21 12:00,9489,9809,283,37,1.211,0.003,316.027,462.703,57.276,0.002,-1.663,1.084
2019/1/21 13:00,9527,9768,208,33,1.21,0.003,219.297,348.581,57.241,0.002,-1.833,0.936
2019/1/21 14:00,9671,9813,110,32,1.211,0.003,97.646,186.425,57.232,0.002,-2.828,0.556
2019/1/21 15:00,9899,9970,39,32,1.212,0.002,7.624,22.717,57.234,0.002,-4.502,0.681
2019/1/21 16:00,10334,10376,10,32,1.214,0.002,0,0,57.237,0.002,-5.342,0.741
2019/1/21 17:00,10194,10230,4,32,1.216,0.002,0,0,57.24,0.002,-5.807,0.69
2019/1/21 18:00,9603,9635,0,32,1.217,0.002,0,0,57.243,0.001,-6.233,0.677
2019/1/21 19:00,9043,9075,0,32,1.219,0.002,0,0,57.245,0.001,-6.698,0.737
2019/1/21 20:00,8387,8419,0,32,1.22,0.002,0,0,57.248,0.001,-7.252,0.802
2019/1/21 21:00,8156,8188,0,32,1.221,0.002,0,0,57.25,0.001,-7.717,0.811
2019/1/21 22:00,7698,7731,0,33,1.223,0.002,0,0,57.253,0.001,-8.101,0.778
2019/1/21 23:00,7396,7428,0,32,1.224,0.002,0,0,57.257,0.002,-8.438,0.751
2019/1/22 0:00,7207,7239,0,32,1.226,0.002,0,0,57.26,0.002,-8.862,0.743
2019/1/22 1:00,7065,7097,0,32,1.227,0.002,0,0,57.265,0.003,-9.314,0.772
2019/1/22 2:00,6978,7011,0,33,1.228,0.002,0,0,57.269,0.002,-9.802,0.793
2019/1/22 3:00,7084,7116,0,32,1.23,0.002,0,0,57.273,0.002,-10.088,0.839
2019/1/22 4:00,7771,7803,0,32,1.231,0.002,0,0,57.277,0.002,-10.334,0.857
2019/1/22 5:00,8894,8926,0,32,1.232,0.002,0,0,57.282,0.002,-10.583,0.855
2019/1/22 6:00,10010,10056,14,32,1.233,0.002,6.389,19.535,57.286,0.003,-10.77,0.855
2019/1/22 7:00,10336,10405,37,32,1.233,0.002,88.243,181.717,57.29,0.002,-9.988,1.062
2019/1/22 8:00,10358,10476,86,32,1.23,0.002,205.435,346.233,57.291,0.002,-8.125,0.929
2019/1/22 9:00,10341,10525,152,32,1.223,0.002,311.397,463.129,57.279,0.001,-5.824,0.637
2019/1/22 10:00,10155,10447,260,32,1.217,0.002,366.201,524.428,57.246,0.001,-4.359,0.501
2019/1/22 11:00,9853,10198,313,32,1.211,0.003,373.335,525.938,57.194,0.001,-3.351,0.529
2019/1/22 12:00,9785,10128,311,32,1.207,0.003,322.24,467.565,57.14,0.001,-2.935,0.654
2019/1/22 13:00,9819,10083,232,32,1.205,0.003,228.692,353.309,57.107,0.001,-3.083,0.789
2019/1/22 14:00,9944,10100,123,33,1.206,0.003,102.392,190.975,57.099,0.001,-3.961,0.779
2019/1/22 15:00,10120,10196,44,32,1.207,0.002,9.387,24.704,57.102,0.002,-5.805,0.756
2019/1/22 16:00,10507,10549,10,32,1.209,0.002,0,0,57.106,0.004,-7.211,0.884
2019/1/22 17:00,10358,10395,4,33,1.212,0.002,0,0,57.113,0.005,-8.149,0.945
2019/1/22 18:00,9741,9773,0,32,1.214,0.002,0,0,57.124,0.011,-8.828,0.969
2019/1/22 19:00,9180,9212,0,32,1.216,0.002,0,0,57.141,0.014,-9.247,0.972
2019/1/22 20:00,8537,8570,0,33,1.217,0.002,0,0,57.159,0.017,-9.512,1.007
2019/1/22 21:00,8357,8393,0,36,1.218,0.002,0,0,57.181,0.02,-9.5,1.074
2019/1/22 22:00,7855,7896,0,41,1.218,0.002,0,0,57.207,0.026,-9.4,1.121
2019/1/22 23:00,7624,7661,0,37,1.217,0.002,0,0,57.243,0.039,-9.404,1.169
2019/1/23 0:00,7358,7402,0,44,1.217,0.002,0,0,57.294,0.056,-9.405,1.198
2019/1/23 1:00,7203,7262,0,59,1.216,0.002,0,0,57.36,0.071,-9.396,1.223
2019/1/23 2:00,7087,7150,0,63,1.216,0.002,0,0,57.44,0.084,-9.323,1.213
2019/1/23 3:00,7209,7260,0,51,1.215,0.002,0,0,57.536,0.103,-9.164,1.233
2019/1/23 4:00,7883,7934,0,51,1.215,0.002,0,0,57.647,0.114,-9.007,1.279
2019/1/23 5:00,9028,9081,0,53,1.214,0.002,0,0,57.763,0.115,-8.888,1.327
2019/1/23 6:00,10153,10207,6,48,1.214,0.002,2.824,21.428,57.877,0.11,-8.807,1.34
2019/1/23 7:00,10497,10557,12,48,1.213,0.002,39.703,186.315,57.983,0.102,-8.421,1.362
2019/1/23 8:00,10526,10605,26,53,1.211,0.002,98.877,351.057,58.073,0.086,-7.578,1.413
2019/1/23 9:00,10602,10705,46,57,1.209,0.002,158.819,468.079,58.138,0.067,-6.61,1.418
2019/1/23 10:00,10493,10632,70,69,1.205,0.002,204.038,529.444,58.173,0.057,-5.691,1.431
2019/1/23 11:00,10278,10447,83,86,1.201,0.002,213.109,530.993,58.193,0.055,-5.011,1.499
2019/1/23 12:00,10124,10294,80,90,1.199,0.003,178.396,472.567,58.209,0.049,-4.692,1.552
2019/1/23 13:00,10065,10236,62,109,1.198,0.003,121.216,358.175,58.227,0.041,-4.7,1.544
2019/1/23 14:00,9964,10173,34,175,1.198,0.003,56.508,195.625,58.252,0.034,-5.058,1.412
2019/1/23 15:00,10107,10305,14,184,1.2,0.002,6.259,26.837,58.284,0.03,-5.978,1.249
2019/1/23 16:00,10437,10605,4,164,1.202,0.002,0,0,58.315,0.028,-6.897,1.181
2019/1/23 17:00,10341,10483,4,138,1.204,0.002,0,0,58.344,0.026,-7.436,1.146
2019/1/23 18:00,9760,9877,0,117,1.205,0.002,0,0,58.376,0.032,-7.737,1.06
2019/1/23 19:00,9164,9269,0,105,1.207,0.002,0,0,58.406,0.024,-8.012,0.97
2019/1/23 20:00,8471,8590,0,119,1.207,0.002,0,0,58.429,0.018,-8.31,0.906
2019/1/23 21:00,8270,8397,0,127,1.208,0.002,0,0,58.447,0.015,-8.497,0.882
2019/1/23 22:00,7767,7897,0,130,1.208,0.002,0,0,58.463,0.013,-8.643,0.885
2019/1/23 23:00,7451,7580,0,129,1.209,0.002,0,0,58.476,0.011,-8.813,0.928
2019/1/24 0:00,7233,7350,0,117,1.21,0.002,0,0,58.489,0.011,-8.995,1.016
2019/1/24 1:00,7071,7184,0,113,1.211,0.002,0,0,58.504,0.013,-9.143,1.092
2019/1/24 2:00,6882,7024,0,142,1.212,0.002,0,0,58.519,0.014,-9.229,1.154
2019/1/24 3:00,6953,7161,0,208,1.213,0.002,0,0,58.536,0.014,-9.283,1.16
2019/1/24 4:00,7532,7811,0,279,1.214,0.002,0,0,58.551,0.012,-9.262,1.19
2019/1/24 5:00,8604,8986,0,382,1.215,0.002,0,0,58.563,0.009,-9.28,1.3
2019/1/24 6:00,9481,10072,7,584,1.216,0.002,5.984,23.462,58.573,0.007,-9.404,1.495
2019/1/24 7:00,9683,10444,14,747,1.217,0.002,77.021,191.044,58.581,0.006,-8.789,1.83
2019/1/24 8:00,9533,10560,26,1001,1.215,0.002,178.708,356.01,58.584,0.006,-7.17,2.041
2019/1/24 9:00,9357,10638,48,1233,1.211,0.002,264.706,473.173,58.574,0.005,-5.339,2.203
2019/1/24 10:00,9049,10626,71,1506,1.206,0.002,312.656,534.634,58.542,0.007,-4.123,2.396
2019/1/24 11:00,8630,10416,86,1700,1.203,0.003,311.232,536.164,58.492,0.008,-3.451,2.56
2019/1/24 12:00,8365,10292,88,1839,1.202,0.003,257.825,477.646,58.447,0.01,-3.282,2.672
2019/1/24 13:00,8228,10182,75,1879,1.202,0.003,171.207,363.118,58.422,0.011,-3.539,2.665
2019/1/24 14:00,8327,10186,45,1814,1.204,0.002,75.777,200.39,58.418,0.01,-4.237,2.419
2019/1/24 15:00,8384,10229,18,1827,1.207,0.002,7.921,29.118,58.427,0.009,-5.572,2.2
2019/1/24 16:00,8584,10544,6,1954,1.209,0.002,0,0,58.437,0.009,-6.653,2.208
2019/1/24 17:00,8441,10373,4,1928,1.211,0.002,0,0,58.447,0.008,-7.391,2.138
2019/1/24 18:00,7849,9736,0,1887,1.214,0.002,0,0,58.458,0.009,-8.051,2.05
2019/1/24 19:00,7266,9119,0,1853,1.215,0.002,0,0,58.469,0.009,-8.549,2.09
2019/1/24 20:00,6689,8547,0,1858,1.217,0.002,0,0,58.481,0.009,-8.885,2.126
2019/1/24 21:00,6558,8294,0,1736,1.218,0.002,0,0,58.492,0.008,-9.073,2.078
2019/1/24 22:00,6196,7819,0,1623,1.219,0.002,0,0,58.503,0.008,-9.192,2.023
2019/1/24 23:00,5991,7554,0,1563,1.219,0.002,0,0,58.514,0.008,-9.145,2.007
2019/1/25 0:00,5713,7317,0,1604,1.22,0.002,0,0,58.524,0.008,-9.049,1.959
2019/1/25 1:00,5615,7215,0,1600,1.22,0.002,0,0,58.534,0.009,-9.03,1.9
2019/1/25 2:00,5435,7091,0,1656,1.22,0.002,0,0,58.546,0.01,-9.105,1.862
2019/1/25 3:00,5491,7213,0,1722,1.221,0.002,0,0,58.559,0.01,-9.188,1.876
2019/1/25 4:00,6184,7855,0,1671,1.222,0.002,0,0,58.572,0.01,-9.29,1.9
2019/1/25 5:00,7187,8864,0,1677,1.223,0.002,0,0,58.585,0.009,-9.392,1.906
2019/1/25 6:00,8353,10025,11,1661,1.224,0.002,8.01,25.643,58.596,0.008,-9.475,1.884
2019/1/25 7:00,8911,10351,27,1413,1.224,0.002,86.964,195.88,58.604,0.007,-8.588,2.14
2019/1/25 8:00,9101,10429,55,1273,1.221,0.002,189.259,361.034,58.605,0.006,-6.799,2.618
2019/1/25 9:00,8705,10424,95,1624,1.218,0.002,276.466,478.382,58.587,0.006,-5.288,3.164
2019/1/25 10:00,8014,10332,146,2172,1.214,0.002,322.588,539.9,58.553,0.007,-4.384,3.354
2019/1/25 11:00,7560,10118,172,2386,1.212,0.002,300.378,541.456,58.509,0.009,-3.932,3.353
2019/1/25 12:00,7336,9880,169,2375,1.211,0.002,254.213,482.868,58.469,0.01,-3.817,3.3
2019/1/25 13:00,7318,9749,134,2297,1.211,0.002,174.723,368.215,58.439,0.008,-3.999,3.116
2019/1/25 14:00,7365,9692,78,2249,1.213,0.002,82.932,205.274,58.425,0.005,-4.577,2.742
2019/1/25 15:00,7603,9828,32,2193,1.215,0.002,9.411,31.554,58.423,0.004,-5.842,2.286
2019/1/25 16:00,8344,10228,9,1875,1.217,0.002,0,0,58.427,0.003,-7.045,2.103
2019/1/25 17:00,8288,10087,4,1795,1.219,0.002,0,0,58.431,0.003,-7.805,2.037
2019/1/25 18:00,7695,9570,0,1875,1.221,0.002,0,0,58.439,0.01,-8.255,2.103
2019/1/25 19:00,6941,9027,0,2086,1.223,0.002,0,0,58.448,0.007,-8.453,2.291
2019/1/25 20:00,6159,8473,0,2314,1.224,0.002,0,0,58.453,0.004,-8.608,2.469
2019/1/25 21:00,6122,8355,0,2233,1.224,0.002,0,0,58.455,0.002,-8.767,2.513
2019/1/25 22:00,5437,7903,0,2466,1.223,0.002,0,0,58.456,0.001,-9.031,2.341
2019/1/25 23:00,5332,7572,0,2240,1.223,0.002,0,0,58.457,0.002,-9.314,2.23
2019/1/26 0:00,5232,7249,0,2017,1.222,0.002,0,0,58.461,0.005,-9.475,2.069
2019/1/26 1:00,5079,7077,0,1998,1.221,0.002,0,0,58.47,0.013,-9.433,1.887
2019/1/26 2:00,4953,6860,0,1907,1.219,0.002,0,0,58.486,0.023,-9.037,1.858
2019/1/26 3:00,5264,6798,0,1534,1.218,0.002,0,0,58.512,0.038,-8.398,1.796
2019/1/26 4:00,5697,6998,0,1301,1.216,0.002,0,0,58.553,0.062,-7.667,1.73
2019/1/26 5:00,6188,7328,0,1140,1.213,0.002,0,0,58.618,0.091,-6.957,1.728
2019/1/26 6:00,7221,8044,8,815,1.21,0.002,4.567,27.98,58.728,0.142,-6.171,1.858
2019/1/26 7:00,7989,8625,18,618,1.206,0.002,41.177,200.834,58.894,0.206,-4.772,2.179
2019/1/26 8:00,8350,9045,34,661,1.202,0.003,90.842,366.21,59.12,0.259,-3.104,2.323
2019/1/26 9:00,8546,9265,57,662,1.197,0.003,145.766,483.691,59.392,0.303,-1.622,2.727
2019/1/26 10:00,8484,9270,83,703,1.192,0.003,169.897,545.311,59.667,0.283,-0.539,2.786
2019/1/26 11:00,8100,9048,97,851,1.187,0.004,177.495,546.804,59.877,0.243,0.211,2.719
2019/1/26 12:00,7841,8755,93,821,1.184,0.004,154.904,488.221,59.962,0.2,0.624,2.686
2019/1/26 13:00,7705,8623,76,842,1.182,0.004,118.462,373.388,59.989,0.158,0.794,2.653
2019/1/26 14:00,7721,8548,48,779,1.181,0.004,62.726,210.271,59.999,0.122,0.636,2.564
2019/1/26 15:00,7882,8620,22,716,1.18,0.004,8.466,34.147,60.031,0.082,0.053,2.524
2019/1/26 16:00,8052,9002,8,942,1.179,0.004,0,0,60.054,0.048,-0.238,2.584
2019/1/26 17:00,7921,8889,4,964,1.179,0.004,0,0,60.033,0.035,-0.405,2.522
2019/1/26 18:00,7477,8268,0,791,1.179,0.004,0,0,60.003,0.026,-0.55,2.401
2019/1/26 19:00,7182,7880,0,698,1.179,0.004,0,0,59.981,0.016,-0.638,2.213
2019/1/26 20:00,6830,7389,0,559,1.178,0.004,0,0,59.971,0.007,-0.784,2.037
2019/1/26 21:00,6890,7338,0,448,1.178,0.004,0,0,59.965,0.003,-1.106,1.921
2019/1/26 22:00,6487,6919,0,432,1.178,0.003,0,0,59.961,0.002,-1.457,1.837
2019/1/26 23:00,6068,6584,0,516,1.177,0.003,0,0,59.961,0.001,-1.874,1.628
2019/1/27 0:00,5906,6309,0,403,1.177,0.003,0,0,59.964,0,-2.26,1.433
2019/1/27 1:00,5806,6193,0,387,1.177,0.003,0,0,59.966,0,-2.529,1.248
2019/1/27 2:00,5581,6051,0,470,1.176,0.003,0,0,59.969,0,-2.784,1.173
2019/1/27 3:00,5524,6024,0,500,1.176,0.003,0,0,59.972,0,-3.136,1.11
2019/1/27 4:00,5733,6154,0,421,1.176,0.003,0,0,59.974,0,-3.535,1.101
2019/1/27 5:00,5755,6355,0,600,1.177,0.003,0,0,59.976,0,-3.862,1.125
2019/1/27 6:00,6203,6964,20,741,1.178,0.003,10.056,30.473,59.978,0.001,-4.051,1.174
2019/1/27 7:00,6559,7454,51,844,1.179,0.003,83.355,205.905,59.978,0.001,-3.141,1.362
2019/1/27 8:00,6670,7868,98,1100,1.179,0.003,167.251,371.474,59.96,0.001,-1.479,1.555
2019/1/27 9:00,6989,8114,156,969,1.177,0.004,239.779,489.107,59.878,0.001,-0.324,1.71
2019/1/27 10:00,7319,8181,235,627,1.174,0.004,285.631,550.812,59.749,0.001,0.378,1.891
2019/1/27 11:00,7188,7956,266,502,1.171,0.004,277.455,552.376,59.581,0.003,0.876,1.946
2019/1/27 12:00,6843,7714,247,624,1.168,0.004,224.298,493.642,59.419,0.004,1.025,1.832
2019/1/27 13:00,6864,7569,184,521,1.168,0.004,150.301,378.723,59.289,0.005,0.845,1.529
2019/1/27 14:00,6909,7447,107,431,1.168,0.004,71.052,215.372,59.223,0.005,0.274,1.203
2019/1/27 15:00,7282,7688,45,361,1.169,0.004,9.771,36.907,59.221,0.004,-0.687,1.078
2019/1/27 16:00,7718,8204,11,475,1.169,0.004,0,0,59.235,0.006,-1.485,1.166
2019/1/27 17:00,7518,8364,4,842,1.17,0.003,0,0,59.255,0.01,-1.907,1.219
2019/1/27 18:00,7308,7977,0,669,1.171,0.003,0,0,59.317,0.063,-2.099,1.281
2019/1/27 19:00,7058,7592,0,534,1.17,0.003,0,0,59.426,0.102,-2.043,1.289
2019/1/27 20:00,6587,7271,0,684,1.17,0.003,0,0,59.582,0.165,-1.873,1.318
2019/1/27 21:00,6623,7400,0,777,1.17,0.003,0,0,59.784,0.213,-1.801,1.293
2019/1/27 22:00,6243,7044,0,801,1.17,0.004,0,0,60.024,0.239,-1.724,1.29
2019/1/27 23:00,6181,6822,0,641,1.171,0.004,0,0,60.427,0.423,-1.594,1.49
2019/1/28 0:00,5864,6654,0,790,1.172,0.004,0,0,61.139,0.851,-1.679,1.705
2019/1/28 1:00,5751,6553,0,802,1.172,0.004,0,0,61.906,0.653,-1.64,1.684
2019/1/28 2:00,5868,6452,0,584,1.172,0.004,0,0,62.454,0.464,-1.484,1.7
2019/1/28 3:00,6401,6643,0,242,1.172,0.004,0,0,62.903,0.409,-1.436,1.508
2019/1/28 4:00,7133,7345,0,212,1.173,0.004,0,0,63.274,0.321,-1.492,1.732
2019/1/28 5:00,8505,8593,0,88,1.173,0.004,0,0,63.543,0.227,-1.573,1.984
2019/1/28 6:00,9542,9702,12,148,1.174,0.003,4.513,33.129,63.742,0.179,-1.743,2.09
2019/1/28 7:00,9675,10036,29,332,1.175,0.004,50.261,211.072,63.89,0.143,-1.523,2.24
2019/1/28 8:00,9503,10174,56,615,1.175,0.004,117.466,376.87,63.941,0.075,-0.909,2.313
2019/1/28 9:00,8924,10292,91,1277,1.174,0.004,172.253,494.658,63.861,0.028,-0.404,2.314
2019/1/28 10:00,8670,10285,138,1477,1.173,0.004,213.351,556.399,63.671,0.025,-0.043,2.404
2019/1/28 11:00,8865,10099,157,1077,1.172,0.004,237.001,557.957,63.406,0.027,0.174,2.414
2019/1/28 12:00,9154,9954,146,654,1.171,0.004,239.466,499.209,63.139,0.033,0.324,2.48
2019/1/28 13:00,9159,9849,112,578,1.171,0.004,178.713,384.128,62.944,0.04,0.217,2.346
2019/1/28 14:00,9103,9767,68,596,1.172,0.004,90.966,220.583,62.888,0.042,-0.495,1.947
2019/1/28 15:00,9100,9783,29,654,1.174,0.003,10.714,39.837,62.913,0.039,-1.871,1.683
2019/1/28 16:00,9382,10117,8,727,1.176,0.003,0,0,62.947,0.038,-2.693,1.65
2019/1/28 17:00,9059,10068,4,1005,1.177,0.003,0,0,62.983,0.039,-3.099,1.669
2019/1/28 18:00,8364,9492,0,1128,1.179,0.003,0,0,63.026,0.05,-3.307,1.693
2019/1/28 19:00,8064,8879,0,815,1.18,0.003,0,0,63.077,0.054,-3.384,1.722
2019/1/28 20:00,7795,8277,0,482,1.181,0.003,0,0,63.131,0.055,-3.415,1.761
2019/1/28 21:00,7423,8010,0,587,1.182,0.003,0,0,63.186,0.06,-3.479,1.825
2019/1/28 22:00,6477,7544,0,1067,1.183,0.003,0,0,63.246,0.065,-3.648,1.874
2019/1/28 23:00,5718,7213,0,1495,1.184,0.003,0,0,63.309,0.065,-3.717,1.933
2019/1/29 0:00,5549,6955,0,1406,1.185,0.003,0,0,63.372,0.062,-3.702,1.97
2019/1/29 1:00,5524,6911,0,1387,1.187,0.003,0,0,63.431,0.057,-3.645,2.032
2019/1/29 2:00,5462,6861,0,1399,1.188,0.003,0,0,63.485,0.051,-3.581,2.117
2019/1/29 3:00,5459,7002,0,1543,1.189,0.003,0,0,63.531,0.043,-3.507,2.225
2019/1/29 4:00,6005,7650,0,1645,1.19,0.003,0,0,63.57,0.036,-3.508,2.235
2019/1/29 5:00,7043,8814,0,1771,1.192,0.003,0,0,63.603,0.031,-3.69,2.124
2019/1/29 6:00,8005,9788,18,1765,1.193,0.003,9.703,35.954,63.632,0.027,-3.762,2.144
2019/1/29 7:00,8562,10082,48,1472,1.194,0.003,80.707,216.347,63.652,0.021,-3.051,2.298
2019/1/29 8:00,8366,10119,96,1657,1.193,0.003,171.858,382.355,63.644,0.019,-1.857,2.344
2019/1/29 9:00,8283,10151,164,1704,1.191,0.003,253.454,500.273,63.548,0.019,-0.898,2.403
2019/1/29 10:00,8162,10043,258,1623,1.189,0.003,316.136,562.109,63.374,0.015,-0.409,2.407
2019/1/29 11:00,8128,9721,300,1293,1.188,0.003,325.135,563.693,63.176,0.011,-0.193,2.15
2019/1/29 12:00,8443,9628,290,895,1.187,0.003,280.927,504.849,62.998,0.009,-0.178,1.782
2019/1/29 13:00,8790,9563,225,548,1.187,0.003,200.793,389.639,62.88,0.009,-0.378,1.253
2019/1/29 14:00,9120,9592,134,338,1.187,0.003,101.496,225.889,62.847,0.005,-1.321,0.668
2019/1/29 15:00,9457,9683,57,169,1.188,0.003,15.038,42.944,62.849,0.003,-2.953,0.808
2019/1/29 16:00,10001,10174,14,159,1.189,0.003,0,0,62.853,0.002,-4.006,0.972
2019/1/29 17:00,9952,10089,4,133,1.191,0.002,0,0,62.857,0.003,-4.815,1.034
2019/1/29 18:00,9456,9524,0,68,1.193,0.002,0,0,62.861,0.001,-5.657,1.065
2019/1/29 19:00,9002,9020,0,18,1.194,0.002,0,0,62.866,0.001,-6.535,1.04
2019/1/29 20:00,8379,8384,0,5,1.195,0.002,0,0,62.871,0.002,-7.216,0.905
2019/1/29 21:00,8221,8228,0,7,1.196,0.002,0,0,62.878,0.002,-7.534,0.842
2019/1/29 22:00,7628,7670,0,42,1.197,0.002,0,0,62.885,0.002,-7.924,1.025
2019/1/29 23:00,7274,7373,0,99,1.198,0.002,0,0,62.892,0.003,-8.216,1.086
2019/1/30 0:00,6985,7110,0,125,1.199,0.002,0,0,62.899,0.003,-8.287,1.124
2019/1/30 1:00,6727,6982,0,255,1.199,0.002,0,0,62.906,0.002,-8.223,1.139
2019/1/30 2:00,6518,6893,0,375,1.199,0.002,0,0,62.912,0.002,-8.204,1.109
2019/1/30 3:00,6569,7080,0,511,1.199,0.002,0,0,62.918,0.002,-8.289,1.093
2019/1/30 4:00,6985,7726,0,741,1.199,0.002,0,0,62.924,0.002,-8.346,1.107
2019/1/30 5:00,7802,8826,0,1024,1.199,0.002,0,0,62.93,0.003,-8.427,1.137
2019/1/30 6:00,8720,9835,16,1099,1.2,0.002,14.89,38.949,62.936,0.003,-8.321,1.21
2019/1/30 7:00,9068,10137,41,1028,1.199,0.002,111.878,221.721,62.939,0.003,-6.684,1.63
2019/1/30 8:00,9142,10075,92,841,1.195,0.003,230.947,387.947,62.932,0.003,-4.412,1.956
2019/1/30 9:00,9118,9979,152,709,1.189,0.003,322.597,506.016,62.89,0.004,-2.352,2.38
2019/1/30 10:00,8922,9912,258,732,1.184,0.003,363.936,567.975,62.768,0.005,-1.145,2.494
2019/1/30 11:00,8743,9715,306,666,1.181,0.003,350.05,569.5,62.595,0.006,-0.463,2.358
2019/1/30 12:00,8708,9679,297,674,1.178,0.003,291.12,510.606,62.436,0.007,-0.163,2.131
2019/1/30 13:00,8734,9646,222,690,1.178,0.003,190.548,395.257,62.335,0.009,-0.261,1.822
2019/1/30 14:00,8862,9664,126,676,1.179,0.003,93.114,231.315,62.306,0.012,-0.995,1.335
2019/1/30 15:00,9039,9770,54,677,1.181,0.003,12.627,46.23,62.317,0.015,-2.696,1.258
2019/1/30 16:00,9523,10143,14,606,1.184,0.003,0,0.002,62.335,0.018,-3.729,1.437
2019/1/30 17:00,9602,10125,4,519,1.186,0.003,0,0,62.355,0.019,-4.343,1.44
2019/1/30 18:00,9145,9526,0,381,1.189,0.003,0,0,62.389,0.041,-4.747,1.387
2019/1/30 19:00,8700,8941,0,241,1.19,0.003,0,0,62.424,0.026,-5.065,1.315
2019/1/30 20:00,8132,8333,0,201,1.192,0.003,0,0,62.45,0.022,-5.295,1.251
2019/1/30 21:00,8038,8205,0,167,1.193,0.003,0,0,62.473,0.018,-5.412,1.118
2019/1/30 22:00,7561,7680,0,119,1.193,0.003,0,0,62.491,0.016,-5.436,0.985
2019/1/30 23:00,7179,7295,0,116,1.193,0.003,0,0,62.508,0.014,-5.423,0.886
2019/1/31 0:00,6883,6988,0,105,1.193,0.003,0,0,62.524,0.013,-5.583,0.82
2019/1/31 1:00,6794,6886,0,92,1.194,0.002,0,0,62.537,0.01,-5.813,0.846
2019/1/31 2:00,6668,6760,0,92,1.194,0.002,0,0,62.547,0.007,-6.099,0.866
2019/1/31 3:00,6797,6870,0,73,1.194,0.002,0,0,62.554,0.004,-6.372,0.87
2019/1/31 4:00,7527,7559,0,32,1.195,0.002,0,0,62.559,0.003,-6.777,0.865
2019/1/31 5:00,8704,8728,0,24,1.197,0.002,0,0,62.565,0.004,-7.295,0.847
2019/1/31 6:00,9768,9819,16,35,1.198,0.002,14.064,42.126,62.572,0.006,-7.709,0.808
2019/1/31 7:00,10075,10155,40,40,1.199,0.002,110.017,227.19,62.581,0.006,-6.948,0.686
2019/1/31 8:00,10074,10179,86,19,1.197,0.003,223.442,393.6,62.583,0.005,-4.445,0.785
2019/1/31 9:00,10020,10183,145,18,1.192,0.003,304.273,511.839,62.524,0.005,-2.326,1.212
2019/1/31 10:00,9899,10157,233,25,1.187,0.003,336.366,573.859,62.39,0.005,-1.198,1.49
2019/1/31 11:00,9640,9972,276,56,1.184,0.003,329.673,575.445,62.233,0.006,-0.552,1.606
2019/1/31 12:00,9548,9908,270,90,1.182,0.003,287.607,516.471,62.101,0.007,-0.318,1.676
2019/1/31 13:00,9498,9843,212,133,1.181,0.003,199.042,400.983,62.022,0.006,-0.476,1.596
2019/1/31 14:00,9367,9728,128,233,1.183,0.003,101.657,236.825,61.996,0.003,-1.203,1.237
2019/1/31 15:00,9472,9839,56,311,1.184,0.003,17.466,49.696,61.997,0.003,-2.903,1.191
2019/1/31 16:00,9740,10219,14,465,1.187,0.003,0.001,0.005,62.004,0.004,-4.451,1.623
2019/1/31 17:00,9292,10192,4,896,1.189,0.003,0,0,62.012,0.003,-5.478,1.837
2019/1/31 18:00,8420,9620,0,1200,1.192,0.002,0,0,62.022,0.005,-6.252,1.849
2019/1/31 19:00,7780,9131,0,1351,1.194,0.002,0,0,62.033,0.007,-6.57,1.775
2019/1/31 20:00,6890,8511,0,1621,1.196,0.002,0,0,62.044,0.009,-6.476,1.807
2019/1/31 21:00,6537,8308,0,1771,1.199,0.002,0,0,62.053,0.013,-6.391,1.813
2019/1/31 22:00,5927,7776,0,1849,1.2,0.002,0,0,62.068,0.023,-6.334,1.845
2019/1/31 23:00,5428,7400,0,1972,1.2,0.002,0,0,62.08,0.014,-6.181,1.9
2019/2/1 0:00,5114,7144,0,2030,1.199,0.002,0,0,62.085,0.012,-5.938,1.953
2019/2/1 1:00,4982,7028,0,2046,1.198,0.003,0,0,62.091,0.014,-5.7,2.055
2019/2/1 2:00,4724,6863,0,2139,1.196,0.003,0,0,62.098,0.016,-5.611,2.072
2019/2/1 3:00,5011,7026,0,2015,1.194,0.003,0,0,62.106,0.016,-5.406,2.097
2019/2/1 4:00,5696,7657,0,1961,1.192,0.003,0,0,62.114,0.016,-5.039,2.094
2019/2/1 5:00,6625,8714,0,2089,1.19,0.003,0,0,62.126,0.019,-4.735,2.027
2019/2/1 6:00,7724,9719,18,1977,1.189,0.003,11.959,45.485,62.145,0.023,-4.506,2.003
2019/2/1 7:00,7997,10013,44,1972,1.187,0.003,86.781,232.762,62.164,0.026,-3.306,2.112
2019/2/1 8:00,7963,10035,88,1984,1.182,0.003,181.251,399.402,62.174,0.028,-1.499,2.326
2019/2/1 9:00,7827,10013,144,2042,1.176,0.004,239.343,517.814,62.13,0.039,0.118,2.518
2019/2/1 10:00,7693,10006,218,2095,1.171,0.004,253.327,579.92,62.009,0.049,1.145,2.566
2019/2/1 11:00,7412,9763,238,2113,1.167,0.004,237.206,581.466,61.858,0.057,1.684,2.621
2019/2/1 12:00,7200,9579,220,2159,1.165,0.004,151.509,522.449,61.703,0.056,1.642,2.55
2019/2/1 13:00,7110,9413,172,2131,1.165,0.004,89.008,406.751,61.538,0.038,1.259,2.519
2019/2/1 14:00,7134,9333,115,2084,1.166,0.004,42.206,242.422,61.365,0.037,0.966,2.695
2019/2/1 15:00,7104,9390,56,2230,1.165,0.004,6.994,53.351,61.166,0.027,0.902,2.892
2019/2/1 16:00,7530,9796,16,2250,1.163,0.004,0.001,0.013,60.906,0.024,1.073,2.998
2019/2/1 17:00,7422,9710,8,2280,1.162,0.004,0,0,60.598,0.024,1.209,3.084
2019/2/1 18:00,6648,9066,0,2418,1.16,0.005,0,0,60.255,0.037,1.273,3.079
2019/2/1 19:00,5882,8484,0,2602,1.16,0.005,0,0,59.873,0.031,1.312,3.025
2019/2/1 20:00,5269,7873,0,2604,1.159,0.005,0,0,59.432,0.032,1.299,2.902
2019/2/1 21:00,5271,7716,0,2445,1.159,0.005,0,0,58.953,0.036,1.254,2.799
2019/2/1 22:00,4802,7166,0,2364,1.159,0.005,0,0,58.499,0.073,1.239,2.774
2019/2/1 23:00,4313,6786,0,2473,1.159,0.005,0,0,58.084,0.069,1.273,2.755
2019/2/2 0:00,4041,6483,0,2442,1.158,0.005,0,0,57.709,0.054,1.332,2.686
2019/2/2 1:00,3760,6356,0,2596,1.158,0.005,0,0,57.38,0.05,1.348,2.538
2019/2/2 2:00,3591,6122,0,2531,1.158,0.005,0,0,57.086,0.043,1.351,2.462
2019/2/2 3:00,3646,6182,0,2536,1.158,0.005,0,0,56.825,0.036,1.517,2.535
2019/2/2 4:00,4032,6457,0,2425,1.157,0.005,0,0,56.605,0.039,1.63,2.402
2019/2/2 5:00,4583,6859,0,2276,1.157,0.005,0,0,56.391,0.036,1.743,2.34
2019/2/2 6:00,5206,7546,21,2319,1.157,0.005,6.433,49.035,56.186,0.026,1.745,2.227
2019/2/2 7:00,5594,8015,46,2375,1.158,0.005,45.509,238.416,55.969,0.023,1.952,2.187
2019/2/2 8:00,6102,8362,83,2177,1.158,0.005,104.051,405.251,55.697,0.02,2.356,2.197
2019/2/2 9:00,6081,8515,140,2294,1.157,0.005,182.983,523.813,55.242,0.018,2.795,2.26
2019/2/2 10:00,5923,8530,211,2396,1.155,0.005,246.949,585.976,54.554,0.012,3.529,2.389
2019/2/2 11:00,5563,8184,241,2380,1.151,0.005,291.323,587.588,53.787,0.013,4.511,2.367
2019/2/2 12:00,5476,7931,234,2221,1.149,0.006,270.333,528.415,53.143,0.012,5.119,2.164
2019/2/2 13:00,5516,7759,198,2045,1.148,0.006,180.183,412.657,52.675,0.01,4.861,1.579
2019/2/2 14:00,5716,7788,136,1936,1.15,0.005,81.888,248.113,52.43,0.008,3.527,1.167
2019/2/2 15:00,6036,7906,64,1806,1.152,0.005,14.761,57.191,52.36,0.008,2.272,1.116
2019/2/2 16:00,7006,8351,19,1326,1.155,0.005,0.004,0.026,52.352,0.021,1.899,1.007
2019/2/2 17:00,7212,8304,8,1084,1.157,0.005,0,0,52.385,0.048,1.852,0.868
2019/2/2 18:00,7120,7812,0,692,1.159,0.005,0,0,52.448,0.055,1.747,0.811
2019/2/2 19:00,6901,7367,0,466,1.161,0.005,0,0,52.555,0.115,1.761,0.833
2019/2/2 20:00,6447,6921,0,474,1.162,0.005,0,0,52.736,0.17,1.753,0.794
2019/2/2 21:00,6513,7006,0,493,1.163,0.005,0,0,52.987,0.244,1.498,0.869
2019/2/2 22:00,5897,6610,0,713,1.165,0.005,0,0,53.307,0.362,1.204,1.043
2019/2/2 23:00,5220,6269,0,1049,1.165,0.005,0,0,53.692,0.477,1.065,1.146
2019/2/3 0:00,4965,6041,0,1076,1.165,0.005,0,0,54.18,0.602,1.027,1.21
2019/2/3 1:00,4808,5888,0,1080,1.166,0.005,0,0,54.721,0.599,0.964,1.244
2019/2/3 2:00,4311,5760,0,1449,1.167,0.004,0,0,55.239,0.544,0.82,1.296
2019/2/3 3:00,4186,5698,0,1512,1.169,0.004,0,0,55.756,0.62,0.636,1.473
2019/2/3 4:00,4173,5931,0,1758,1.171,0.004,0,0,56.366,0.679,0.428,1.561
2019/2/3 5:00,4236,6084,0,1848,1.172,0.004,0,0,56.945,0.559,0.246,1.508
2019/2/3 6:00,5286,6623,14,1323,1.174,0.004,4.165,52.773,57.349,0.357,0.238,1.443
2019/2/3 7:00,5798,7046,24,1224,1.174,0.004,39.912,244.181,57.572,0.207,0.605,1.349
2019/2/3 8:00,6526,7470,44,900,1.174,0.004,112.733,411.222,57.661,0.149,1.392,1.352
2019/2/3 9:00,7117,7788,74,597,1.172,0.005,197.919,529.947,57.634,0.121,2.276,1.339
2019/2/3 10:00,7354,7981,108,519,1.171,0.005,256.539,592.181,57.529,0.103,3.068,1.24
2019/2/3 11:00,6925,7804,122,757,1.17,0.005,237.374,593.718,57.419,0.096,3.314,1.422
2019/2/3 12:00,6253,7614,114,1247,1.172,0.004,170.563,534.567,57.369,0.105,2.907,1.829
2019/2/3 13:00,5545,7512,96,1871,1.177,0.004,109.714,418.649,57.383,0.107,2.119,2.226
2019/2/3 14:00,5372,7482,71,2039,1.181,0.004,61.142,253.905,57.439,0.101,1.068,2.539
2019/2/3 15:00,5289,7613,38,2286,1.187,0.004,11.139,61.218,57.519,0.099,-0.188,2.622
2019/2/3 16:00,5437,8025,14,2574,1.192,0.003,0.003,0.046,57.607,0.095,-1.027,2.795
2019/2/3 17:00,5505,8184,8,2671,1.196,0.003,0,0,57.698,0.097,-1.5,3.017
2019/2/3 18:00,5190,7845,0,2655,1.2,0.003,0,0,57.784,0.086,-1.823,3.298
2019/2/3 19:00,4793,7500,0,2707,1.203,0.003,0,0,57.871,0.097,-2.091,3.491
2019/2/3 20:00,4395,7172,0,2777,1.205,0.003,0,0,57.968,0.106,-2.376,3.431
2019/2/3 21:00,4546,7311,0,2765,1.207,0.003,0,0,58.07,0.107,-2.607,3.335
2019/2/3 22:00,4142,6894,0,2752,1.21,0.003,0,0,58.168,0.098,-2.797,3.114
2019/2/3 23:00,3869,6574,0,2705,1.211,0.003,0,0,58.259,0.091,-2.902,2.966
2019/2/4 0:00,3706,6383,0,2677,1.213,0.003,0,0,58.338,0.075,-3.011,2.842
2019/2/4 1:00,3648,6293,0,2645,1.215,0.003,0,0,58.398,0.052,-3.197,2.742
2019/2/4 2:00,3700,6216,0,2516,1.217,0.003,0,0,58.438,0.032,-3.483,2.675
2019/2/4 3:00,3930,6406,0,2476,1.219,0.003,0,0,58.465,0.022,-3.865,2.536
2019/2/4 4:00,4734,7145,0,2411,1.221,0.003,0,0,58.486,0.02,-4.268,2.356
2019/2/4 5:00,6055,8330,0,2275,1.223,0.003,0,0,58.507,0.019,-4.622,2.189
2019/2/4 6:00,6967,9356,22,2367,1.225,0.003,20.883,56.712,58.53,0.021,-4.718,2.05
2019/2/4 7:00,7360,9647,52,2235,1.225,0.003,122.25,250.011,58.552,0.023,-3.61,2.282
2019/2/4 8:00,7629,9747,101,2017,1.223,0.003,237.526,417.271,58.558,0.012,-2.106,2.674
2019/2/4 9:00,7470,9807,160,2177,1.22,0.003,335.419,536.087,58.53,0.009,-0.888,2.796
2019/2/4 10:00,7694,9793,238,1861,1.217,0.003,380.757,598.453,58.467,0.008,-0.134,2.657
2019/2/4 11:00,7866,9548,272,1410,1.214,0.003,383.102,600.052,58.38,0.005,0.33,2.495
2019/2/4 12:00,8152,9484,261,1071,1.213,0.003,344.301,540.792,58.284,0.003,0.513,2.311
2019/2/4 13:00,8377,9338,220,741,1.212,0.003,263.264,424.693,58.204,0.002,0.414,2.067
2019/2/4 14:00,8690,9325,152,483,1.213,0.003,142.136,259.776,58.17,0.001,-0.211,1.457
2019/2/4 15:00,8944,9408,80,384,1.214,0.003,28.957,65.442,58.167,0.001,-2.451,0.907
2019/2/4 16:00,9464,9912,25,423,1.216,0.003,0.019,0.076,58.169,0.001,-4.273,1.083
2019/2/4 17:00,9669,9930,8,253,1.218,0.002,0,0,58.172,0,-5.281,1.158
2019/2/4 18:00,9271,9389,0,118,1.22,0.002,0,0,58.174,0,-5.959,1.169
2019/2/4 19:00,8697,8783,0,86,1.221,0.002,0,0,58.177,0,-6.433,1.144
2019/2/4 20:00,8180,8219,0,39,1.223,0.002,0,0,58.18,0,-6.742,1.103
2019/2/4 21:00,7976,8016,0,40,1.224,0.002,0,0,58.183,0,-6.944,1.062
2019/2/4 22:00,7461,7548,0,87,1.226,0.002,0,0,58.186,0,-7.199,1.042
2019/2/4 23:00,7169,7193,0,24,1.227,0.002,0,0,58.189,0,-7.381,1.03
2019/2/5 0:00,6988,7012,0,24,1.227,0.002,0,0,58.191,0,-7.485,0.997
2019/2/5 1:00,6908,6932,0,24,1.228,0.002,0,0,58.194,0,-7.472,0.934
2019/2/5 2:00,6783,6807,0,24,1.228,0.002,0,0,58.196,0,-7.343,0.851
2019/2/5 3:00,6896,6920,0,24,1.228,0.002,0,0,58.198,0,-7.11,0.782
2019/2/5 4:00,7555,7595,0,40,1.228,0.002,0,0,58.199,0,-6.855,0.826
2019/2/5 5:00,8494,8612,0,118,1.229,0.002,0,0,58.201,0,-6.772,0.926
2019/2/5 6:00,9526,9663,21,116,1.229,0.002,26.489,60.848,58.202,0.001,-6.6,1.088
2019/2/5 7:00,9765,9917,53,99,1.227,0.002,149.46,255.913,58.203,0,-5.205,1.23
2019/2/5 8:00,9710,9890,128,52,1.223,0.002,285.707,423.378,58.199,0,-3.007,1.022
2019/2/5 9:00,9575,9834,215,44,1.218,0.003,389.091,542.401,58.167,0,-0.884,0.821
2019/2/5 10:00,9251,9720,345,124,1.214,0.003,452.463,604.763,58.078,0,0.391,0.939
2019/2/5 11:00,8831,9421,399,191,1.21,0.003,457.501,606.358,57.962,0,1.147,1.106
2019/2/5 12:00,8799,9281,389,93,1.208,0.003,405.223,547.051,57.84,0,1.497,1.238
2019/2/5 13:00,8801,9178,322,55,1.207,0.003,304.535,430.868,57.752,0,1.392,1.302
2019/2/5 14:00,8949,9227,211,67,1.208,0.003,168.664,265.726,57.717,0,0.432,0.908
2019/2/5 15:00,9178,9334,104,52,1.21,0.003,33.775,69.858,57.714,0,-2.104,0.868
2019/2/5 16:00,9745,9882,30,107,1.213,0.003,0.032,0.118,57.716,0.001,-3.798,1.026
2019/2/5 17:00,9883,10007,8,116,1.216,0.003,0,0,57.719,0.001,-4.67,1.084
2019/2/5 18:00,9292,9468,0,176,1.219,0.002,0,0,57.722,0.001,-5.038,1.163
2019/2/5 19:00,8577,8866,0,289,1.223,0.002,0,0,57.725,0.001,-5.269,1.317
2019/2/5 20:00,7836,8305,0,469,1.225,0.002,0,0,57.728,0.001,-5.538,1.476
2019/2/5 21:00,7483,8072,0,589,1.227,0.002,0,0,57.731,0.001,-5.863,1.581
2019/2/5 22:00,6836,7543,0,707,1.228,0.002,0,0,57.733,0.001,-6.089,1.711
2019/2/5 23:00,6370,7208,0,838,1.228,0.002,0,0,57.734,0.001,-6.212,1.783
2019/2/6 0:00,6097,7013,0,916,1.228,0.002,0,0,57.736,0,-6.375,1.819
2019/2/6 1:00,5942,6899,0,957,1.228,0.002,0,0,57.737,0,-6.57,1.851
2019/2/6 2:00,5806,6775,0,969,1.229,0.002,0,0,57.738,0,-6.733,1.853
2019/2/6 3:00,5989,6951,0,962,1.229,0.002,0,0,57.738,0,-6.837,1.848
2019/2/6 4:00,6724,7630,0,906,1.229,0.002,0,0,57.739,0.001,-6.856,1.865
2019/2/6 5:00,7756,8731,0,975,1.229,0.002,0,0,57.74,0.001,-6.741,1.872
2019/2/6 6:00,8804,9705,28,873,1.228,0.002,30.994,65.185,57.742,0.001,-6.25,1.912
2019/2/6 7:00,9119,10035,70,846,1.226,0.002,156.459,261.927,57.742,0.001,-4.529,1.952
2019/2/6 8:00,9233,10080,150,697,1.221,0.002,286.522,429.591,57.739,0.001,-2.281,1.803
2019/2/6 9:00,9215,10066,248,603,1.215,0.003,392.278,548.715,57.713,0,-0.08,1.6
2019/2/6 10:00,8897,9928,384,647,1.211,0.003,460.319,611.2,57.642,0,1.111,1.518
2019/2/6 11:00,8538,9631,439,654,1.207,0.003,468.337,612.802,57.533,0,1.675,1.462
2019/2/6 12:00,8545,9526,419,562,1.205,0.003,416.491,553.372,57.416,0,1.948,1.395
2019/2/6 13:00,8493,9442,344,605,1.203,0.003,315.302,437.062,57.315,0,1.808,1.259
2019/2/6 14:00,8731,9439,225,483,1.204,0.004,176.693,271.761,57.271,0,0.892,0.766
2019/2/6 15:00,9041,9511,108,362,1.205,0.003,37.766,74.464,57.265,0,-1.225,0.725
2019/2/6 16:00,9693,9989,30,266,1.207,0.003,0.055,0.175,57.266,0,-2.795,0.931
2019/2/6 17:00,9944,10115,8,163,1.209,0.003,0,0,57.268,0,-3.678,0.962
2019/2/6 18:00,9498,9575,0,77,1.211,0.002,0,0,57.271,0.001,-4.251,0.897
2019/2/6 19:00,8976,8999,0,23,1.212,0.002,0,0,57.275,0.002,-4.743,0.826
2019/2/6 20:00,8362,8374,0,12,1.212,0.002,0,0,57.279,0.001,-5.265,0.856
2019/2/6 21:00,8204,8211,0,7,1.213,0.002,0,0,57.281,0.001,-5.772,0.894
2019/2/6 22:00,7655,7667,0,12,1.213,0.002,0,0,57.283,0,-6.268,0.917
2019/2/6 23:00,7291,7317,0,26,1.213,0.002,0,0,57.284,0,-6.446,0.952
2019/2/7 0:00,7007,7113,0,106,1.214,0.002,0,0,57.283,0,-6.606,1.013
2019/2/7 1:00,6575,7002,0,427,1.215,0.002,0,0,57.28,0,-6.778,1.086
2019/2/7 2:00,6153,6954,0,801,1.215,0.002,0,0,57.276,0,-6.968,1.17
2019/2/7 3:00,6112,7111,0,999,1.216,0.002,0,0,57.275,0.002,-7.05,1.291
2019/2/7 4:00,6313,7708,0,1395,1.218,0.002,0,0,57.274,0.002,-7.174,1.435
2019/2/7 5:00,7102,8859,0,1757,1.218,0.002,0,0,57.274,0.001,-7.243,1.634
2019/2/7 6:00,8182,9915,28,1705,1.219,0.002,32.072,69.731,57.274,0.002,-6.777,2.017
2019/2/7 7:00,8564,10223,66,1593,1.216,0.002,153.202,268.006,57.273,0,-5.071,2.293
2019/2/7 8:00,8593,10254,145,1516,1.21,0.003,300.643,435.846,57.266,0,-2.506,2.386
2019/2/7 9:00,8558,10200,240,1402,1.201,0.003,400.653,555.134,57.243,0,0.15,2.469
2019/2/7 10:00,8316,10046,381,1349,1.194,0.003,450.33,617.688,57.165,0,1.758,2.436
2019/2/7 11:00,7867,9784,434,1483,1.188,0.003,443.61,619.321,57.059,0.001,2.748,2.319
2019/2/7 12:00,7683,9658,408,1567,1.184,0.003,379.865,559.838,56.962,0.003,3.243,2.152
2019/2/7 13:00,7610,9536,325,1601,1.183,0.004,274.207,443.389,56.867,0.006,3.133,1.849
2019/2/7 14:00,7830,9586,210,1546,1.184,0.004,143.685,277.861,56.813,0.008,2.015,1.41
2019/2/7 15:00,7967,9651,104,1580,1.186,0.003,27.647,79.266,56.813,0.009,0.127,1.389
2019/2/7 16:00,8525,10145,30,1590,1.189,0.003,0.01,0.249,56.832,0.01,-0.701,1.596
2019/2/7 17:00,8501,10152,8,1643,1.191,0.003,0,0,56.851,0.01,-1.045,1.639
2019/2/7 18:00,8008,9565,0,1557,1.193,0.003,0,0,56.857,0.013,-1.171,1.6
2019/2/7 19:00,7677,8946,0,1269,1.194,0.003,0,0,56.859,0.014,-1.047,1.524
2019/2/7 20:00,7257,8288,0,1031,1.195,0.003,0,0,56.868,0.024,-0.896,1.391
2019/2/7 21:00,7314,8103,0,789,1.196,0.003,0,0,56.89,0.038,-0.77,1.213
2019/2/7 22:00,7170,7661,0,491,1.196,0.004,0,0,56.932,0.06,-0.638,1.1
2019/2/7 23:00,6926,7311,0,385,1.195,0.004,0,0,56.994,0.073,-0.514,1.075
2019/2/8 0:00,6770,7020,0,250,1.195,0.004,0,0,57.073,0.086,-0.497,1.061
2019/2/8 1:00,6671,6821,0,150,1.196,0.004,0,0,57.156,0.085,-0.569,1.031
2019/2/8 2:00,6632,6717,0,85,1.197,0.004,0,0,57.232,0.075,-0.704,1.059
2019/2/8 3:00,6758,6833,0,75,1.199,0.004,0,0,57.295,0.056,-0.872,1.121
2019/2/8 4:00,7347,7462,0,115,1.2,0.004,0,0,57.333,0.03,-1.068,1.196
2019/2/8 5:00,8404,8556,0,152,1.201,0.004,0,0,57.353,0.015,-1.342,1.216
2019/2/8 6:00,9329,9622,35,258,1.202,0.004,13.303,74.487,57.363,0.007,-1.465,1.242
2019/2/8 7:00,9634,9965,82,249,1.202,0.004,85.224,274.142,57.365,0.003,-0.824,1.382
2019/2/8 8:00,9688,10021,166,167,1.2,0.004,194.932,442.204,57.33,0.002,0.446,1.506
2019/2/8 9:00,9519,9887,277,91,1.196,0.004,329.601,561.623,57.163,0.001,1.927,1.604
2019/2/8 10:00,9141,9620,423,56,1.192,0.004,422.649,624.283,56.86,0.001,3.053,1.589
2019/2/8 11:00,8733,9239,478,28,1.188,0.004,449.778,625.873,56.474,0.001,3.813,1.454
2019/2/8 12:00,8500,8973,452,21,1.185,0.004,403.15,566.35,56.062,0,4.162,1.273
2019/2/8 13:00,8437,8830,376,17,1.184,0.004,308.819,449.744,55.715,0,4.037,0.964
2019/2/8 14:00,8574,8844,250,20,1.184,0.004,177.677,284.042,55.536,0,3.102,0.537
2019/2/8 15:00,8801,8987,123,63,1.184,0.004,41.349,84.266,55.506,0,1.38,0.709
2019/2/8 16:00,9303,9563,34,226,1.186,0.003,0.092,0.343,55.507,0,-0.776,1.044
2019/2/8 17:00,9369,9690,8,313,1.188,0.003,0,0,55.509,0,-2.3,1.156
2019/2/8 18:00,8684,9172,0,488,1.19,0.003,0,0,55.513,0,-3.03,1.197
2019/2/8 19:00,7981,8562,0,581,1.192,0.003,0,0,55.518,0,-3.131,1.216
2019/2/8 20:00,7322,7942,0,620,1.193,0.003,0,0,55.522,0,-2.829,1.251
2019/2/8 21:00,7053,7798,0,745,1.194,0.003,0,0,55.521,0.001,-2.517,1.278
2019/2/8 22:00,6445,7332,0,887,1.195,0.003,0,0,55.518,0.001,-2.343,1.337
2019/2/8 23:00,5853,7012,0,1159,1.196,0.003,0,0,55.514,0.001,-2.252,1.451
2019/2/9 0:00,5338,6758,0,1420,1.196,0.003,0,0,55.509,0.001,-2.118,1.593
2019/2/9 1:00,4944,6607,0,1663,1.196,0.003,0,0,55.505,0.001,-1.989,1.665
2019/2/9 2:00,4555,6399,0,1844,1.195,0.003,0,0,55.501,0.001,-1.948,1.705
2019/2/9 3:00,4610,6403,0,1793,1.195,0.003,0,0,55.499,0,-2.102,1.735
2019/2/9 4:00,4722,6673,0,1951,1.196,0.003,0,0,55.499,0,-2.461,1.722
2019/2/9 5:00,5062,7039,0,1977,1.196,0.003,0,0,55.501,0.002,-2.75,1.735
2019/2/9 6:00,5866,7700,33,1801,1.196,0.003,26.937,79.454,55.508,0.003,-2.623,1.845
2019/2/9 7:00,6316,8224,73,1835,1.193,0.003,145.8,280.363,55.514,0.004,-0.986,1.976
2019/2/9 8:00,6774,8513,148,1591,1.188,0.004,283.659,448.612,55.498,0.004,1.434,2.003
2019/2/9 9:00,7110,8516,247,1159,1.182,0.004,379.929,568.148,55.409,0.001,3.36,2.064
2019/2/9 10:00,7272,8410,384,754,1.177,0.004,428.709,630.857,55.117,0,4.613,1.881
2019/2/9 11:00,7175,8079,454,450,1.173,0.004,425.619,632.505,54.577,0,5.347,1.694
2019/2/9 12:00,7017,7800,445,338,1.171,0.004,367.627,572.884,53.987,0,5.533,1.607
2019/2/9 13:00,7017,7666,386,263,1.171,0.004,276.685,456.173,53.52,0,5.267,1.356
2019/2/9 14:00,7043,7703,269,391,1.173,0.004,145.999,290.277,53.247,0,3.901,1.072
2019/2/9 15:00,7287,7836,132,417,1.175,0.004,30.971,89.451,53.163,0,2.071,1.12
2019/2/9 16:00,7728,8378,36,614,1.177,0.004,0.092,0.46,53.151,0,0.996,1.214
2019/2/9 17:00,7836,8463,8,619,1.179,0.004,0,0,53.148,0,0.593,1.205
2019/2/9 18:00,7310,7953,0,643,1.181,0.004,0,0,53.147,0,0.435,1.239
2019/2/9 19:00,6909,7490,0,581,1.182,0.004,0,0,53.148,0,0.172,1.303
2019/2/9 20:00,6520,7048,0,528,1.182,0.004,0,0,53.149,0,-0.157,1.373
2019/2/9 21:00,6471,7038,0,567,1.182,0.003,0,0,53.151,0,-0.411,1.378
2019/2/9 22:00,6091,6605,0,514,1.181,0.003,0,0,53.152,0,-0.178,1.328
2019/2/9 23:00,5758,6283,0,525,1.179,0.003,0,0,53.153,0,0.074,1.259
2019/2/10 0:00,5505,6015,0,510,1.179,0.003,0,0,53.154,0,0.116,1.231
2019/2/10 1:00,5404,5929,0,525,1.178,0.003,0,0,53.155,0,-0.007,1.18
2019/2/10 2:00,5159,5865,0,706,1.179,0.003,0,0,53.157,0,-0.276,1.114
2019/2/10 3:00,5175,5802,0,627,1.18,0.003,0,0,53.158,0,-0.665,1.054
2019/2/10 4:00,5381,5958,0,577,1.182,0.003,0,0,53.16,0.001,-0.898,1.056
2019/2/10 5:00,5574,6152,0,578,1.184,0.003,0,0.001,53.159,0.001,-0.861,1.141
2019/2/10 6:00,6122,6706,28,556,1.186,0.004,22.888,84.633,53.152,0.001,-0.536,1.334
2019/2/10 7:00,6506,7190,60,624,1.188,0.004,90.893,286.66,53.14,0.002,0.603,1.778
2019/2/10 8:00,6533,7548,114,901,1.186,0.004,164.174,455.09,53.109,0.003,1.393,2.159
2019/2/10 9:00,6383,7762,200,1179,1.182,0.004,260.51,574.811,53.014,0.004,2.183,2.504
2019/2/10 10:00,6208,7820,309,1303,1.176,0.004,388.072,637.559,52.673,0.005,3.417,2.975
2019/2/10 11:00,5613,7550,342,1595,1.169,0.005,413.434,639.227,52.006,0.005,4.423,3.284
2019/2/10 12:00,5155,7338,313,1870,1.163,0.005,353.505,579.536,51.295,0.005,4.907,3.366
2019/2/10 13:00,4781,7136,250,2105,1.16,0.005,254.078,462.667,50.685,0.004,4.866,3.226
2019/2/10 14:00,4991,7131,170,1970,1.16,0.005,132.471,296.616,50.218,0.005,4.08,2.951
2019/2/10 15:00,5245,7238,85,1908,1.16,0.005,23.357,94.835,49.905,0.009,2.805,2.655
2019/2/10 16:00,5654,7769,24,2091,1.161,0.005,0.063,0.606,49.686,0.019,2.443,2.587
2019/2/10 17:00,5851,8067,8,2208,1.161,0.005,0,0,49.532,0.051,2.435,2.476
2019/2/10 18:00,5696,7733,0,2037,1.161,0.005,0,0,49.481,0.081,2.273,2.284
2019/2/10 19:00,5582,7352,0,1770,1.162,0.005,0,0,49.5,0.116,2.229,2.388
2019/2/10 20:00,5789,7029,0,1240,1.164,0.005,0,0,49.577,0.184,2.1,2.353
2019/2/10 21:00,6092,7146,0,1054,1.166,0.005,0,0,49.65,0.169,1.862,2.52
2019/2/10 22:00,4652,6917,0,2265,1.168,0.004,0,0,49.706,0.152,1.512,2.615
2019/2/10 23:00,4600,6539,0,1939,1.169,0.004,0,0,49.79,0.183,1.218,2.568
2019/2/11 0:00,4126,6364,0,2238,1.171,0.004,0,0,49.881,0.179,0.778,2.468
2019/2/11 1:00,4105,6249,0,2144,1.173,0.004,0,0,49.896,0.097,0.436,2.512
2019/2/11 2:00,4025,6185,0,2160,1.174,0.004,0,0,49.886,0.076,0.3,2.445
2019/2/11 3:00,4198,6357,0,2159,1.176,0.004,0,0,49.921,0.089,0.114,2.386
2019/2/11 4:00,4887,7127,0,2240,1.178,0.004,0,0,49.994,0.094,-0.265,2.508
2019/2/11 5:00,6002,8301,0,2299,1.18,0.004,0,0.009,50.095,0.119,-0.451,2.758
2019/2/11 6:00,6994,9414,19,2401,1.182,0.004,19.385,90.026,50.228,0.159,-0.318,3.025
2019/2/11 7:00,7466,9862,38,2358,1.183,0.004,96.497,293.011,50.389,0.197,0.416,3.244
2019/2/11 8:00,7472,10019,69,2478,1.182,0.004,185.465,461.645,50.551,0.205,1.338,3.68
2019/2/11 9:00,7439,10158,124,2595,1.181,0.004,254.913,581.474,50.669,0.178,2.041,4.249
2019/2/11 10:00,7314,10132,197,2621,1.181,0.004,269.833,644.302,50.737,0.153,2.23,4.554
2019/2/11 11:00,7033,9936,229,2674,1.183,0.004,248.632,645.957,50.772,0.139,2.005,4.625
2019/2/11 12:00,6940,9876,218,2718,1.184,0.004,216.512,586.235,50.8,0.134,1.864,4.535
2019/2/11 13:00,6835,9737,186,2716,1.185,0.004,167.468,469.254,50.84,0.123,1.785,4.4
2019/2/11 14:00,6912,9725,132,2681,1.186,0.004,94.256,302.999,50.892,0.099,1.381,4.214
2019/2/11 15:00,6883,9675,68,2724,1.189,0.004,25.661,100.402,50.955,0.085,0.611,4.068
2019/2/11 16:00,7299,10023,22,2702,1.192,0.004,0.111,0.791,51.036,0.093,-0.033,3.972
2019/2/11 17:00,7307,10050,8,2735,1.194,0.004,0,0,51.132,0.102,-0.247,4.002
2019/2/11 18:00,6601,9430,0,2829,1.196,0.004,0,0,51.234,0.104,-0.354,4.007
2019/2/11 19:00,6116,8844,0,2728,1.197,0.004,0,0,51.349,0.126,-0.407,4.031
2019/2/11 20:00,5590,8253,0,2663,1.198,0.004,0,0,51.473,0.125,-0.529,3.896
2019/2/11 21:00,5443,8026,0,2583,1.2,0.003,0,0,51.587,0.108,-0.748,3.697
2019/2/11 22:00,4842,7519,0,2677,1.202,0.003,0,0,51.682,0.093,-1.002,3.56
2019/2/11 23:00,4383,7166,0,2783,1.203,0.003,0,0,51.762,0.078,-1.249,3.487
2019/2/12 0:00,4163,6961,0,2798,1.205,0.003,0,0,51.827,0.062,-1.536,3.379
2019/2/12 1:00,4008,6812,0,2804,1.206,0.003,0,0,51.875,0.045,-1.787,3.462
2019/2/12 2:00,3933,6723,0,2790,1.208,0.003,0,0,51.911,0.037,-2.103,3.4
2019/2/12 3:00,4099,6893,0,2794,1.211,0.003,0,0,51.945,0.04,-2.398,3.515
2019/2/12 4:00,4748,7547,0,2799,1.213,0.003,0,0,51.983,0.045,-2.592,3.677
2019/2/12 5:00,6000,8644,0,2644,1.215,0.003,0.008,0.041,52.022,0.045,-2.618,3.776
2019/2/12 6:00,6897,9598,26,2675,1.215,0.003,27.05,95.618,52.061,0.046,-2.274,3.938
2019/2/12 7:00,7117,9892,53,2722,1.214,0.003,100.804,299.439,52.1,0.053,-1.425,4.23
2019/2/12 8:00,7114,9939,85,2740,1.212,0.003,191.201,468.25,52.131,0.052,-0.532,4.544
2019/2/12 9:00,7095,9996,120,2781,1.21,0.003,266.813,588.191,52.144,0.054,0.131,4.857
2019/2/12 10:00,7094,10057,166,2797,1.209,0.003,313.86,651.076,52.144,0.059,0.576,4.978
2019/2/12 11:00,6928,9895,188,2779,1.208,0.003,321.556,652.732,52.127,0.063,0.855,4.896
2019/2/12 12:00,6941,9836,175,2720,1.207,0.003,282.594,592.98,52.083,0.063,0.904,4.749
2019/2/12 13:00,6941,9768,145,2682,1.208,0.003,217.023,475.864,52.06,0.059,0.749,4.46
2019/2/12 14:00,7031,9754,103,2620,1.209,0.003,129.646,309.423,52.066,0.054,0.317,3.948
2019/2/12 15:00,7123,9706,58,2525,1.212,0.003,35.397,106.142,52.1,0.05,-0.609,3.284
2019/2/12 16:00,7428,9885,20,2437,1.215,0.003,0.215,1.026,52.142,0.044,-1.62,2.896
2019/2/12 17:00,7536,10022,8,2478,1.217,0.003,0,0,52.185,0.043,-2.09,2.723
2019/2/12 18:00,6953,9530,0,2577,1.219,0.003,0,0,52.22,0.031,-2.325,2.677
2019/2/12 19:00,6419,8861,0,2442,1.22,0.003,0,0,52.248,0.028,-2.503,2.632
2019/2/12 20:00,5972,8249,0,2277,1.222,0.003,0,0,52.271,0.02,-2.718,2.537
2019/2/12 21:00,5966,7967,0,2001,1.223,0.003,0,0,52.289,0.018,-3.018,2.335
2019/2/12 22:00,5606,7441,0,1835,1.224,0.003,0,0,52.306,0.015,-3.303,2.169
2019/2/12 23:00,5347,7148,0,1801,1.224,0.003,0,0,52.322,0.015,-3.437,2.156
2019/2/13 0:00,5268,6876,0,1608,1.225,0.003,0,0,52.336,0.013,-3.614,2.078
2019/2/13 1:00,5315,6754,0,1439,1.225,0.003,0,0,52.35,0.012,-3.571,2.161
2019/2/13 2:00,5216,6695,0,1479,1.225,0.003,0,0,52.362,0.011,-3.338,2.283
2019/2/13 3:00,5356,6804,0,1448,1.225,0.003,0,0,52.374,0.012,-3.228,2.265
2019/2/13 4:00,6110,7448,0,1338,1.226,0.003,0,0,52.387,0.012,-3.319,2.219
2019/2/13 5:00,7321,8535,0,1214,1.226,0.003,0.018,0.127,52.398,0.01,-3.575,2.084
2019/2/13 6:00,8390,9524,28,1106,1.227,0.003,38.339,101.376,52.406,0.007,-3.366,2.134
2019/2/13 7:00,8534,9871,61,1276,1.225,0.003,157.482,305.905,52.407,0.003,-1.875,2.517
2019/2/13 8:00,8256,9898,118,1524,1.22,0.003,286.608,474.883,52.388,0.002,0.15,2.99
2019/2/13 9:00,8307,9834,188,1339,1.215,0.004,383.529,594.953,52.329,0.002,1.79,3.241
2019/2/13 10:00,8003,9676,279,1394,1.21,0.004,443.047,657.956,52.229,0.002,2.85,3.148
2019/2/13 11:00,7397,9335,329,1609,1.207,0.004,459.64,659.557,52.042,0,3.581,2.966
2019/2/13 12:00,7247,9276,324,1705,1.204,0.004,423.178,599.759,51.788,0,3.966,2.786
2019/2/13 13:00,7242,9207,280,1685,1.203,0.004,323.861,482.53,51.561,0,3.928,2.583
2019/2/13 14:00,7504,9179,196,1479,1.204,0.004,194.492,315.93,51.425,0,3.316,2.111
2019/2/13 15:00,7459,9122,98,1565,1.205,0.004,55.634,112.056,51.393,0,1.697,1.683
2019/2/13 16:00,7946,9588,27,1615,1.208,0.003,0.439,1.318,51.392,0,-0.05,1.692
2019/2/13 17:00,8204,9846,8,1634,1.21,0.003,0,0,51.393,0,-0.946,1.892
2019/2/13 18:00,7695,9335,0,1640,1.212,0.003,0,0,51.395,0,-1.604,1.91
2019/2/13 19:00,7023,8700,0,1677,1.212,0.003,0,0,51.396,0,-2.022,1.896
2019/2/13 20:00,6572,8082,0,1510,1.213,0.003,0,0,51.398,0,-2.141,1.892
2019/2/13 21:00,6689,7892,0,1203,1.214,0.003,0,0,51.399,0,-2.032,1.939
2019/2/13 22:00,6338,7360,0,1022,1.214,0.003,0,0,51.4,0,-1.822,1.972
2019/2/13 23:00,5889,7016,0,1127,1.213,0.003,0,0,51.401,0,-1.539,1.97
2019/2/14 0:00,5602,6763,0,1161,1.212,0.003,0,0,51.401,0,-1.3,1.961
2019/2/14 1:00,5604,6622,0,1018,1.212,0.003,0,0,51.402,0,-1.139,1.985
2019/2/14 2:00,5424,6536,0,1112,1.211,0.003,0,0,51.402,0,-1.1,1.972
2019/2/14 3:00,5390,6700,0,1310,1.212,0.003,0,0,51.402,0,-1.079,1.954
2019/2/14 4:00,5855,7350,0,1495,1.212,0.003,0,0,51.403,0,-1.2,1.897
2019/2/14 5:00,6975,8404,0,1429,1.213,0.003,0.04,0.29,51.403,0,-1.361,1.867
2019/2/14 6:00,8128,9368,35,1205,1.214,0.003,31.702,107.285,51.404,0,-1.053,1.955
2019/2/14 7:00,8351,9676,75,1250,1.213,0.003,117.696,312.413,51.402,0,0.268,2.046
2019/2/14 8:00,8376,9615,136,1103,1.211,0.003,209.241,481.585,51.386,0,1.9,1.986
2019/2/14 9:00,8293,9530,214,1023,1.206,0.004,294.59,601.783,51.337,0,3.517,2.046
2019/2/14 10:00,8257,9444,314,873,1.201,0.004,366.25,664.833,51.199,0,4.726,2.19
2019/2/14 11:00,7918,9166,384,864,1.197,0.004,394.27,666.499,50.851,0,5.555,2.169
2019/2/14 12:00,7821,9130,399,910,1.194,0.004,380.699,606.564,50.405,0,5.985,2.109
2019/2/14 13:00,7839,9023,365,819,1.193,0.004,299.877,489.251,50.009,0,5.978,1.974
2019/2/14 14:00,7796,8957,265,896,1.192,0.004,185.855,322.494,49.757,0,5.418,1.458
2019/2/14 15:00,8114,8975,136,725,1.193,0.004,56.276,118.122,49.688,0,3.48,1.028
2019/2/14 16:00,8714,9418,38,666,1.195,0.004,0.501,1.68,49.686,0,1.876,1.148
2019/2/14 17:00,8982,9685,8,695,1.197,0.003,0,0,49.686,0,1.139,1.276
2019/2/14 18:00,8532,9192,0,660,1.199,0.003,0,0,49.687,0,0.531,1.382
2019/2/14 19:00,7992,8612,0,620,1.202,0.003,0,0,49.687,0,-0.123,1.474
2019/2/14 20:00,7296,8038,0,742,1.204,0.003,0,0,49.688,0,-0.672,1.547
2019/2/14 21:00,6981,7855,0,874,1.205,0.003,0,0,49.689,0,-1.177,1.598
2019/2/14 22:00,6462,7334,0,872,1.206,0.003,0,0,49.689,0,-1.586,1.632
2019/2/14 23:00,6245,6983,0,738,1.208,0.003,0,0,49.691,0,-1.883,1.654
2019/2/15 0:00,5890,6759,0,869,1.209,0.003,0,0,49.692,0,-2.142,1.65
2019/2/15 1:00,5688,6620,0,932,1.209,0.003,0,0,49.693,0,-2.315,1.656
2019/2/15 2:00,5475,6539,0,1064,1.21,0.003,0,0,49.695,0,-2.422,1.692
2019/2/15 3:00,5494,6654,0,1160,1.21,0.003,0,0,49.695,0,-2.537,1.76
2019/2/15 4:00,6171,7309,0,1138,1.211,0.003,0,0,49.696,0,-2.672,1.814
2019/2/15 5:00,7317,8406,0,1089,1.212,0.003,0.132,0.545,49.697,0,-2.825,1.79
2019/2/15 6:00,8271,9352,52,1029,1.213,0.003,53.258,113.325,49.698,0,-2.178,1.874
2019/2/15 7:00,8524,9590,120,946,1.211,0.003,199.905,319.01,49.697,0,0.062,2.016
2019/2/15 8:00,8521,9490,223,746,1.205,0.003,345.59,488.333,49.672,0,2.678,1.834
2019/2/15 9:00,8646,9350,351,353,1.198,0.004,453.588,608.652,49.595,0,4.862,1.876
2019/2/15 10:00,8443,9151,522,186,1.194,0.004,508.814,671.761,49.352,0,5.963,1.772
2019/2/15 11:00,8133,8865,587,145,1.191,0.004,508.959,673.437,48.865,0,6.611,1.611
2019/2/15 12:00,7904,8614,561,149,1.189,0.004,458.43,613.465,48.231,0,6.89,1.479
2019/2/15 13:00,7891,8476,468,117,1.188,0.004,356.075,496.013,47.692,0,6.765,1.324
2019/2/15 14:00,8060,8482,320,102,1.188,0.004,216.649,329.114,47.37,0,6.005,0.923
2019/2/15 15:00,8344,8571,161,66,1.189,0.004,66.541,124.331,47.294,0,4.314,0.759
2019/2/15 16:00,9005,9075,44,26,1.19,0.003,0.816,2.129,47.291,0,3.065,0.918
2019/2/15 17:00,9356,9379,8,15,1.191,0.003,0,0,47.291,0,2.07,1.013
2019/2/15 18:00,8908,8921,0,13,1.192,0.003,0,0,47.291,0,1.044,1.106
2019/2/15 19:00,8307,8352,0,45,1.193,0.003,0,0,47.291,0,0.126,1.219
2019/2/15 20:00,7730,7795,0,65,1.194,0.003,0,0,47.291,0,-0.553,1.287
2019/2/15 21:00,7504,7568,0,64,1.194,0.003,0,0,47.291,0,-0.99,1.324
2019/2/15 22:00,7016,7081,0,65,1.195,0.003,0,0,47.291,0,-1.231,1.34
2019/2/15 23:00,6682,6742,0,60,1.195,0.002,0,0,47.292,0,-1.309,1.331
2019/2/16 0:00,6429,6490,0,61,1.195,0.002,0,0,47.292,0,-1.272,1.289
2019/2/16 1:00,6326,6392,0,66,1.194,0.002,0,0,47.291,0,-1.091,1.27
2019/2/16 2:00,6155,6222,0,67,1.194,0.002,0,0,47.291,0,-0.844,1.241
2019/2/16 3:00,6189,6242,0,53,1.194,0.002,0,0,47.29,0,-0.71,1.199
2019/2/16 4:00,6480,6516,0,36,1.195,0.002,0,0,47.289,0,-0.725,1.179
2019/2/16 5:00,6914,6936,0,22,1.196,0.002,0.197,0.905,47.288,0,-0.718,1.169
2019/2/16 6:00,7441,7508,47,20,1.197,0.002,49.185,119.492,47.288,0,-0.317,1.101
2019/2/16 7:00,7811,7924,105,8,1.197,0.003,179.339,325.651,47.286,0,1.272,1.006
2019/2/16 8:00,7942,8090,144,4,1.195,0.003,315.852,495.134,47.27,0,3.507,0.857
2019/2/16 9:00,7794,8048,250,4,1.19,0.003,424.043,615.593,47.218,0,5.291,0.631
2019/2/16 10:00,7576,7964,384,4,1.185,0.003,484.148,678.732,47.017,0,6.696,0.649
2019/2/16 11:00,7193,7642,445,4,1.18,0.004,492.976,680.401,46.528,0,7.734,0.819
2019/2/16 12:00,6914,7332,414,4,1.177,0.004,445.309,620.408,45.847,0,8.296,0.852
2019/2/16 13:00,6783,7145,358,4,1.175,0.004,343.245,502.836,45.261,0,8.351,0.788
2019/2/16 14:00,6899,7179,271,9,1.175,0.004,206.209,335.76,44.905,0,7.653,0.67
2019/2/16 15:00,7151,7307,144,12,1.176,0.003,65.233,130.673,44.821,0,6.397,0.795
2019/2/16 16:00,7830,7885,39,16,1.177,0.003,1.017,2.68,44.819,0,5.372,0.894
2019/2/16 17:00,8182,8203,8,13,1.178,0.003,0,0,44.818,0,4.644,0.963
2019/2/16 18:00,7766,7788,0,22,1.179,0.003,0,0,44.818,0,3.977,1.036
2019/2/16 19:00,7311,7356,0,45,1.179,0.003,0,0,44.818,0,3.481,1.117
2019/2/16 20:00,6816,6895,0,79,1.179,0.002,0,0,44.818,0,3.143,1.179
2019/2/16 21:00,6813,6928,0,115,1.179,0.002,0,0,44.818,0,2.849,1.237
2019/2/16 22:00,6350,6493,0,143,1.179,0.002,0,0,44.818,0,2.499,1.281
2019/2/16 23:00,6037,6162,0,125,1.179,0.002,0,0,44.818,0,2.183,1.301
2019/2/17 0:00,5790,5900,0,110,1.18,0.002,0,0,44.819,0,1.822,1.307
2019/2/17 1:00,5670,5788,0,118,1.181,0.002,0,0,44.82,0,1.324,1.325
2019/2/17 2:00,5514,5642,0,128,1.182,0.002,0,0,44.822,0,0.88,1.351
2019/2/17 3:00,5521,5653,0,132,1.184,0.002,0,0,44.823,0,0.453,1.352
2019/2/17 4:00,5675,5835,0,160,1.187,0.002,0,0,44.823,0,0.043,1.349
2019/2/17 5:00,5870,6037,0,167,1.189,0.002,0.385,1.381,44.822,0,-0.322,1.334
2019/2/17 6:00,6426,6621,58,137,1.19,0.002,70.081,125.761,44.822,0,0.11,1.236
2019/2/17 7:00,6753,6964,129,82,1.191,0.003,227.749,332.354,44.819,0,2.148,1.245
2019/2/17 8:00,6970,7177,176,31,1.188,0.003,373.915,501.96,44.792,0,4.474,1.08
2019/2/17 9:00,6921,7223,296,6,1.183,0.003,482.516,622.558,44.687,0,6.353,0.756
2019/2/17 10:00,6804,7253,443,6,1.178,0.003,539.301,685.73,44.451,0,7.766,0.684
2019/2/17 11:00,6440,6953,509,4,1.173,0.003,540.435,687.42,44.011,0,8.809,0.669
2019/2/17 12:00,6202,6680,474,4,1.17,0.004,486.133,627.287,43.357,0,9.25,0.699
2019/2/17 13:00,6095,6507,408,4,1.168,0.004,381.244,509.711,42.761,0,9.248,0.709
2019/2/17 14:00,6137,6453,312,4,1.168,0.004,237.366,342.468,42.401,0,8.492,0.625
2019/2/17 15:00,6483,6655,167,5,1.168,0.004,79.101,137.119,42.314,0,6.959,0.827
2019/2/17 16:00,7246,7296,44,6,1.17,0.003,1.335,3.35,42.311,0,5.484,1.01
2019/2/17 17:00,7859,7871,8,4,1.172,0.003,0,0,42.31,0,4.478,1.093
2019/2/17 18:00,7554,7561,0,7,1.174,0.003,0,0,42.31,0,3.698,1.143
2019/2/17 19:00,7177,7188,0,11,1.175,0.003,0,0,42.31,0,3.183,1.17
2019/2/17 20:00,6768,6800,0,32,1.175,0.003,0,0,42.31,0,2.875,1.169
2019/2/17 21:00,6887,6928,0,41,1.176,0.003,0,0,42.31,0,2.645,1.135
2019/2/17 22:00,6519,6572,0,53,1.178,0.003,0,0,42.31,0,2.414,1.086
2019/2/17 23:00,6280,6362,0,82,1.179,0.003,0,0,42.31,0,2.11,1.042
2019/2/18 0:00,6093,6189,0,96,1.18,0.003,0,0,42.31,0,1.752,1.017
2019/2/18 1:00,6068,6162,0,94,1.182,0.003,0,0,42.31,0,1.35,1.025
2019/2/18 2:00,5948,6060,0,112,1.184,0.003,0,0,42.311,0,1.038,1.026
2019/2/18 3:00,6173,6267,0,94,1.185,0.002,0,0,42.311,0.001,0.803,1.023
2019/2/18 4:00,7048,7084,0,36,1.187,0.002,0,0,42.311,0.001,0.568,1
2019/2/18 5:00,8311,8335,0,24,1.189,0.002,0.467,1.988,42.311,0.002,0.447,1.039
2019/2/18 6:00,9174,9268,51,43,1.19,0.002,61.665,132.129,42.31,0.001,0.636,0.991
2019/2/18 7:00,9290,9451,111,50,1.19,0.003,206.387,339.074,42.309,0.001,1.9,0.829
2019/2/18 8:00,9175,9347,141,31,1.188,0.003,354.682,508.882,42.281,0.001,3.813,0.584
2019/2/18 9:00,9013,9269,242,14,1.182,0.004,472.792,629.547,42.166,0,5.734,0.797
2019/2/18 10:00,8764,9167,364,39,1.176,0.004,536.308,692.837,41.963,0,7.083,1.096
2019/2/18 11:00,8330,8849,429,90,1.171,0.004,544.533,694.426,41.622,0,8.105,1.298
2019/2/18 12:00,8221,8755,414,120,1.167,0.004,489.698,634.282,41.057,0,8.606,1.412
2019/2/18 13:00,8189,8710,369,152,1.165,0.004,385.149,516.573,40.513,0,8.515,1.416
2019/2/18 14:00,8212,8707,284,211,1.165,0.005,241.313,349.221,40.181,0,7.461,1.062
2019/2/18 15:00,8343,8782,150,289,1.167,0.004,82.743,143.665,40.094,0,4.776,0.989
2019/2/18 16:00,8842,9291,41,408,1.169,0.004,1.592,4.161,40.091,0,2.629,1.223
2019/2/18 17:00,9046,9675,8,621,1.172,0.004,0,0,40.091,0,1.688,1.356
2019/2/18 18:00,8298,9172,0,874,1.174,0.004,0,0,40.092,0,0.961,1.417
2019/2/18 19:00,7547,8568,0,1021,1.177,0.003,0,0,40.093,0,0.376,1.45
2019/2/18 20:00,6813,7992,0,1179,1.178,0.003,0,0,40.094,0,-0.131,1.448
2019/2/18 21:00,6571,7752,0,1181,1.179,0.003,0,0,40.095,0,-0.472,1.407
2019/2/18 22:00,6108,7231,0,1123,1.18,0.003,0,0,40.095,0,-0.744,1.362
2019/2/18 23:00,5761,6921,0,1160,1.18,0.003,0,0,40.096,0,-1.035,1.332
2019/2/19 0:00,5638,6672,0,1034,1.181,0.003,0,0,40.097,0,-1.238,1.283
2019/2/19 1:00,5804,6594,0,790,1.182,0.003,0,0,40.098,0,-1.366,1.224
2019/2/19 2:00,5984,6457,0,473,1.183,0.003,0,0,40.099,0,-1.332,1.168
2019/2/19 3:00,6377,6579,0,202,1.185,0.003,0,0,40.1,0,-1.47,1.195
2019/2/19 4:00,7031,7180,0,149,1.188,0.003,0,0,40.101,0.001,-1.888,1.316
2019/2/19 5:00,8130,8268,0,138,1.19,0.003,0.74,2.74,40.102,0.001,-2.229,1.421
2019/2/19 6:00,8963,9193,48,182,1.192,0.003,71.965,138.599,40.103,0,-1.257,1.613
2019/2/19 7:00,9074,9376,110,192,1.191,0.003,226.237,345.825,40.099,0,1.098,1.928
2019/2/19 8:00,8966,9307,154,187,1.186,0.004,373.821,515.804,40.053,0,3.487,1.944
2019/2/19 9:00,8709,9184,268,207,1.178,0.004,480.541,636.519,39.961,0,5.801,2.095
2019/2/19 10:00,8503,9087,414,170,1.172,0.004,536.354,699.863,39.762,0,7.343,2.107
2019/2/19 11:00,8022,8744,483,239,1.167,0.004,535.417,701.5,39.3,0,8.255,2.079
2019/2/19 12:00,7865,8690,453,372,1.165,0.004,479.799,641.378,38.73,0,8.634,2.063
2019/2/19 13:00,7801,8615,390,424,1.164,0.005,375.32,523.483,38.245,0,8.45,1.937
2019/2/19 14:00,7840,8590,296,454,1.165,0.005,232.68,355.992,37.933,0,7.462,1.369
2019/2/19 15:00,8093,8692,160,439,1.167,0.005,78.556,150.271,37.833,0,4.976,1.046
2019/2/19 16:00,8508,9147,44,595,1.169,0.004,1.52,5.137,37.826,0,3.076,1.163
2019/2/19 17:00,8313,9446,8,1125,1.171,0.004,0,0,37.823,0,2.535,1.295
2019/2/19 18:00,7796,8993,0,1197,1.173,0.004,0,0,37.82,0,2.138,1.403
2019/2/19 19:00,7454,8383,0,929,1.175,0.004,0,0,37.819,0,1.806,1.455
2019/2/19 20:00,6942,7747,0,805,1.176,0.004,0,0,37.814,0,1.602,1.463
2019/2/19 21:00,6756,7459,0,703,1.178,0.004,0,0,37.794,0,1.524,1.478
2019/2/19 22:00,6342,6964,0,622,1.181,0.004,0,0,37.775,0,1.248,1.437
2019/2/19 23:00,5805,6646,0,841,1.184,0.004,0,0,37.764,0,0.947,1.444
2019/2/20 0:00,5131,6446,0,1315,1.187,0.004,0,0,37.763,0.001,0.717,1.454
2019/2/20 1:00,4748,6338,0,1590,1.189,0.004,0,0,37.765,0.004,0.508,1.534
2019/2/20 2:00,4714,6222,0,1508,1.192,0.004,0,0,37.768,0.003,0.221,1.518
2019/2/20 3:00,5138,6420,0,1282,1.194,0.004,0,0,37.771,0.005,0.17,1.596
2019/2/20 4:00,5963,7080,0,1117,1.195,0.004,0,0,37.777,0.006,0.124,1.667
2019/2/20 5:00,7034,8200,0,1166,1.196,0.004,0.604,3.648,37.782,0.005,0.051,1.678
2019/2/20 6:00,8147,9199,41,1011,1.196,0.004,40.424,145.131,37.783,0.003,0.632,1.703
2019/2/20 7:00,8617,9484,90,777,1.194,0.004,155.287,352.642,37.761,0.001,2.294,1.716
2019/2/20 8:00,8776,9457,124,557,1.189,0.005,267.581,522.697,37.684,0,4.145,1.755
2019/2/20 9:00,8754,9430,211,465,1.183,0.004,353.859,643.555,37.489,0.001,5.738,1.888
2019/2/20 10:00,8687,9393,310,396,1.18,0.004,404.622,706.939,37.168,0.001,6.64,1.933
2019/2/20 11:00,8189,9141,355,597,1.178,0.004,410.796,708.634,36.773,0.001,7.122,1.976
2019/2/20 12:00,7864,9050,336,850,1.177,0.004,371.574,648.414,36.373,0.001,7.295,1.984
2019/2/20 13:00,7922,9005,303,780,1.176,0.004,280.717,530.463,36.027,0.001,7.118,1.851
2019/2/20 14:00,7972,8995,233,790,1.177,0.005,160.427,362.83,35.791,0.001,6.415,1.335
2019/2/20 15:00,8269,9027,126,632,1.178,0.005,54.539,156.941,35.695,0,4.683,0.864
2019/2/20 16:00,8892,9452,38,522,1.18,0.004,1.512,6.301,35.683,0,3.307,0.928
2019/2/20 17:00,9258,9741,10,473,1.182,0.004,0,0,35.683,0,2.878,0.95
2019/2/20 18:00,8819,9181,0,362,1.184,0.004,0,0,35.682,0,2.604,0.972
2019/2/20 19:00,8254,8512,0,258,1.186,0.004,0,0,35.681,0,2.17,0.994
2019/2/20 20:00,7622,7857,0,235,1.188,0.004,0,0,35.682,0,1.752,1.042
2019/2/20 21:00,7325,7599,0,274,1.189,0.004,0,0,35.683,0,1.414,1.093
2019/2/20 22:00,6868,7130,0,262,1.19,0.004,0,0,35.684,0,1.058,1.119
2019/2/20 23:00,6456,6768,0,312,1.191,0.004,0,0,35.686,0,0.816,1.125
2019/2/21 0:00,6145,6540,0,395,1.192,0.004,0,0,35.688,0,0.683,1.135
2019/2/21 1:00,6057,6446,0,389,1.192,0.004,0,0,35.69,0.001,0.53,1.137
2019/2/21 2:00,5942,6366,0,424,1.192,0.004,0,0,35.692,0.001,0.363,1.13
2019/2/21 3:00,6158,6518,0,360,1.193,0.004,0,0,35.694,0.001,0.127,1.126
2019/2/21 4:00,6905,7166,0,261,1.195,0.004,0,0,35.695,0.001,-0.063,1.147
2019/2/21 5:00,8062,8251,0,189,1.196,0.004,1.139,4.722,35.697,0.001,-0.139,1.148
2019/2/21 6:00,9008,9208,38,162,1.197,0.004,52.237,151.733,35.699,0.001,0.823,1.278
2019/2/21 7:00,9265,9509,83,161,1.196,0.004,151.078,359.474,35.695,0,2.663,1.621
2019/2/21 8:00,9173,9376,118,85,1.191,0.005,266.877,529.663,35.607,0,4.486,1.674
2019/2/21 9:00,8998,9268,202,68,1.185,0.005,357.129,650.647,35.358,0,6.043,1.827
2019/2/21 10:00,8739,9225,313,173,1.18,0.005,435.738,714.076,34.902,0,7.215,2.031
2019/2/21 11:00,8093,8956,374,489,1.176,0.005,456.354,715.683,34.315,0,8.001,2.231
2019/2/21 12:00,7832,8889,368,689,1.174,0.005,405.725,655.469,33.757,0,8.372,2.351
2019/2/21 13:00,7795,8876,324,757,1.172,0.005,300.427,537.411,33.333,0,8.281,2.314
2019/2/21 14:00,7857,8879,241,781,1.173,0.005,168.262,369.659,33.076,0,7.545,1.959
2019/2/21 15:00,7749,8887,118,1020,1.174,0.005,52.702,163.634,32.978,0,5.936,1.554
2019/2/21 16:00,8031,9255,38,1186,1.177,0.005,1.791,7.656,32.96,0,4.694,1.585
2019/2/21 17:00,8171,9527,12,1344,1.179,0.005,0,0,32.949,0,4.255,1.539
2019/2/21 18:00,7907,9050,0,1143,1.18,0.005,0,0,32.926,0,3.792,1.314
2019/2/21 19:00,7773,8408,0,635,1.181,0.005,0,0,32.886,0.001,3.602,1.316
2019/2/21 20:00,6865,7789,0,924,1.181,0.005,0,0,32.834,0.003,3.538,1.513
2019/2/21 21:00,6028,7592,0,1564,1.182,0.005,0,0,32.765,0.005,3.123,1.577
2019/2/21 22:00,5156,7074,0,1918,1.184,0.005,0,0,32.693,0.007,2.604,1.602
2019/2/21 23:00,4587,6697,0,2110,1.186,0.005,0,0,32.623,0.01,2.444,1.914
2019/2/22 0:00,4450,6362,0,1912,1.187,0.005,0,0,32.556,0.013,2.48,2.17
2019/2/22 1:00,4477,6271,0,1794,1.188,0.005,0,0,32.497,0.015,2.365,2.297
2019/2/22 2:00,4335,6179,0,1844,1.189,0.005,0,0,32.436,0.018,2.448,2.52
2019/2/22 3:00,4415,6385,0,1970,1.189,0.005,0,0,32.356,0.05,2.571,2.644
2019/2/22 4:00,4885,7089,0,2204,1.19,0.005,0,0,32.371,0.24,2.485,2.914
2019/2/22 5:00,6039,8134,0,2095,1.191,0.005,0.403,5.967,32.549,0.328,2.499,3.052
2019/2/22 6:00,6946,9153,28,2179,1.19,0.005,24.495,158.393,32.748,0.313,2.867,2.961
2019/2/22 7:00,7131,9573,50,2392,1.189,0.005,92.937,366.342,32.907,0.267,3.893,3.083
2019/2/22 8:00,7117,9641,66,2458,1.187,0.005,179.21,536.725,32.977,0.185,4.87,3.405
2019/2/22 9:00,7002,9701,100,2599,1.187,0.005,247.958,657.707,32.927,0.104,5.407,3.872
2019/2/22 10:00,6836,9708,133,2739,1.188,0.005,310.444,721.268,32.796,0.077,5.535,4.24
2019/2/22 11:00,6411,9373,159,2803,1.191,0.004,352.152,722.857,32.593,0.052,5.359,4.416
2019/2/22 12:00,6183,9151,176,2792,1.193,0.004,339.972,662.588,32.363,0.051,4.997,4.334
2019/2/22 13:00,6063,8994,176,2755,1.195,0.004,289.942,544.396,32.168,0.047,4.509,4.166
2019/2/22 14:00,6097,8944,142,2705,1.199,0.004,196.26,376.558,32.034,0.044,3.705,3.936
2019/2/22 15:00,6296,8919,81,2542,1.203,0.004,75.594,170.37,31.974,0.035,2.357,3.305
2019/2/22 16:00,6742,9166,29,2395,1.209,0.003,2.093,9.205,31.974,0.03,0.468,2.768
2019/2/22 17:00,7038,9392,10,2344,1.217,0.003,0,0,31.99,0.021,-0.782,2.691
2019/2/22 18:00,6464,8839,0,2375,1.223,0.003,0,0,31.992,0.016,-1.792,2.636
2019/2/22 19:00,5854,8315,0,2461,1.229,0.003,0,0,31.987,0.011,-2.761,2.463
2019/2/22 20:00,5156,7729,0,2573,1.234,0.003,0,0,31.986,0.006,-3.742,2.201
2019/2/22 21:00,5117,7626,0,2509,1.238,0.002,0,0,31.988,0.004,-4.532,2.079
2019/2/22 22:00,4778,7180,0,2402,1.241,0.002,0,0,31.99,0.002,-5.081,2.066
2019/2/22 23:00,4579,6846,0,2267,1.243,0.002,0,0,31.991,0.001,-5.511,2.078
2019/2/23 0:00,4619,6577,0,1958,1.245,0.002,0,0,31.992,0,-5.858,2.048
2019/2/23 1:00,4626,6453,0,1827,1.247,0.002,0,0,31.993,0,-6.239,2.01
2019/2/23 2:00,4466,6284,0,1818,1.248,0.002,0,0,31.994,0,-6.575,1.982
2019/2/23 3:00,4716,6339,0,1623,1.251,0.002,0,0,31.995,0,-6.919,1.982
2019/2/23 4:00,5145,6582,0,1437,1.252,0.002,0,0,31.996,0,-7.229,1.915
2019/2/23 5:00,5635,6964,0,1329,1.253,0.002,2.812,7.391,31.997,0,-7.411,1.852
2019/2/23 6:00,6052,7523,26,1445,1.253,0.002,100.549,165.111,31.997,0,-6.632,2.323
2019/2/23 7:00,6371,7888,73,1444,1.251,0.002,268.459,373.255,31.996,0,-5.078,2.702
2019/2/23 8:00,6500,8060,120,1440,1.247,0.002,417.477,543.73,31.988,0,-3.295,2.7
2019/2/23 9:00,6885,8086,193,1008,1.242,0.002,523.991,664.853,31.948,0,-1.808,2.634
2019/2/23 10:00,6954,7995,298,743,1.238,0.002,580.357,728.351,31.874,0,-0.832,2.599
2019/2/23 11:00,6693,7736,340,703,1.234,0.002,580.135,730.039,31.75,0,-0.171,2.565
2019/2/23 12:00,6424,7521,320,777,1.231,0.002,522.554,669.668,31.618,0,0.165,2.474
2019/2/23 13:00,6537,7434,282,615,1.229,0.002,409.562,551.492,31.503,0,0.131,2.356
2019/2/23 14:00,6616,7429,199,614,1.229,0.002,256.285,383.471,31.423,0,-0.357,2.182
2019/2/23 15:00,6712,7519,94,713,1.23,0.002,97.327,177.153,31.396,0,-1.635,1.426
2019/2/23 16:00,7245,8015,28,742,1.233,0.002,4.193,10.95,31.395,0,-3.939,1.104
2019/2/23 17:00,7565,8371,9,797,1.236,0.002,0,0,31.395,0,-4.696,1.244
2019/2/23 18:00,7267,7930,0,663,1.238,0.002,0,0,31.396,0,-5.081,1.303
2019/2/23 19:00,7068,7544,0,476,1.24,0.002,0,0,31.396,0,-5.33,1.283
2019/2/23 20:00,6608,7122,0,514,1.242,0.002,0,0,31.397,0,-5.49,1.231
2019/2/23 21:00,6654,7087,0,433,1.242,0.002,0,0,31.397,0,-5.657,1.252
2019/2/23 22:00,6213,6638,0,425,1.242,0.002,0,0,31.397,0,-5.77,1.247
2019/2/23 23:00,5975,6322,0,347,1.242,0.002,0,0,31.397,0,-5.827,1.176
2019/2/24 0:00,5817,6075,0,258,1.241,0.002,0,0,31.397,0,-5.854,1.105
2019/2/24 1:00,5763,5990,0,227,1.241,0.002,0,0,31.397,0,-5.793,1.124
2019/2/24 2:00,5665,5860,0,195,1.24,0.002,0,0,31.397,0,-5.66,1.154
2019/2/24 3:00,5717,5861,0,144,1.24,0.002,0,0,31.396,0,-5.576,1.136
2019/2/24 4:00,5861,6015,0,154,1.24,0.002,0,0,31.396,0,-5.467,1.202
2019/2/24 5:00,6027,6180,0,153,1.239,0.002,1.936,8.996,31.396,0,-5.227,1.253
2019/2/24 6:00,6527,6721,29,165,1.238,0.002,58.455,171.869,31.396,0,-4.347,1.354
2019/2/24 7:00,6847,7060,80,133,1.234,0.002,171.394,380.159,31.394,0,-2.816,1.419
2019/2/24 8:00,7231,7428,125,72,1.229,0.002,307.965,550.747,31.387,0,-0.811,1.303
2019/2/24 9:00,7338,7618,210,70,1.224,0.002,416.526,671.958,31.352,0,1.026,1.21
2019/2/24 10:00,7339,7776,325,112,1.219,0.002,448.536,735.523,31.234,0,2.102,1.289
2019/2/24 11:00,7067,7573,372,134,1.215,0.002,440.694,737.152,31.039,0,2.842,1.398
2019/2/24 12:00,6886,7398,342,170,1.213,0.002,402.406,676.813,30.748,0,3.16,1.544
2019/2/24 13:00,6692,7254,298,264,1.212,0.003,322.588,558.525,30.419,0,3.083,1.642
2019/2/24 14:00,6662,7155,216,277,1.212,0.003,216.355,390.422,30.173,0.001,2.535,1.484
2019/2/24 15:00,6759,7221,102,360,1.214,0.003,86.48,183.961,30.086,0.002,1.16,0.857
2019/2/24 16:00,7115,7634,34,485,1.215,0.003,4.608,12.896,30.082,0.001,-0.298,0.914
2019/2/24 17:00,7356,7967,12,599,1.215,0.003,0,0,30.082,0.001,-0.866,1.03
2019/2/24 18:00,6828,7613,0,785,1.215,0.003,0,0,30.085,0.004,-1.195,1.084
2019/2/24 19:00,6164,7255,0,1091,1.215,0.003,0,0,30.087,0.001,-1.358,1.163
2019/2/24 20:00,5840,6879,0,1039,1.215,0.003,0,0,30.087,0.001,-1.456,1.284
2019/2/24 21:00,5724,6969,0,1245,1.216,0.003,0,0,30.088,0,-1.508,1.403
2019/2/24 22:00,5303,6634,0,1331,1.216,0.003,0,0,30.088,0,-1.549,1.511
2019/2/24 23:00,5172,6367,0,1195,1.215,0.003,0,0,30.088,0,-1.622,1.59
2019/2/25 0:00,4929,6136,0,1207,1.215,0.003,0,0,30.089,0,-1.632,1.656
2019/2/25 1:00,4994,6082,0,1088,1.214,0.003,0,0,30.09,0.001,-1.571,1.681
2019/2/25 2:00,4894,6030,0,1136,1.214,0.003,0,0,30.092,0.002,-1.495,1.66
2019/2/25 3:00,5102,6220,0,1118,1.213,0.003,0,0,30.095,0.002,-1.434,1.628
2019/2/25 4:00,5721,7014,0,1293,1.214,0.003,0,0,30.097,0.001,-1.453,1.568
2019/2/25 5:00,6837,8229,5,1387,1.214,0.003,3.554,10.79,30.099,0,-1.45,1.545
2019/2/25 6:00,7869,9270,57,1344,1.214,0.003,90.622,178.667,30.099,0,-0.172,1.803
2019/2/25 7:00,8347,9598,122,1129,1.21,0.003,234.07,387.117,30.092,0,1.969,2.018
2019/2/25 8:00,8473,9534,172,889,1.203,0.004,379.859,557.792,30.044,0,4.319,1.951
2019/2/25 9:00,8499,9506,276,731,1.196,0.004,488.028,679.09,29.842,0,6.365,2.032
2019/2/25 10:00,8346,9382,415,621,1.19,0.004,543.433,742.706,29.465,0,7.671,2.065
2019/2/25 11:00,7998,9091,492,601,1.185,0.005,521.978,744.343,28.882,0,8.37,1.979
2019/2/25 12:00,7984,8981,477,520,1.182,0.005,462.783,683.919,28.261,0,8.654,1.902
2019/2/25 13:00,7973,8813,420,420,1.181,0.005,389.56,565.565,27.722,0,8.57,1.708
2019/2/25 14:00,8123,8782,326,333,1.181,0.005,251.153,397.368,27.344,0,7.284,1.059
2019/2/25 15:00,8192,8808,180,436,1.182,0.005,96.028,190.79,27.194,0,4.615,1.042
2019/2/25 16:00,8195,9143,66,882,1.184,0.004,5.12,15.042,27.182,0,2.474,1.256
2019/2/25 17:00,8284,9594,18,1292,1.188,0.004,0,0,27.181,0,2.068,1.52
2019/2/25 18:00,7669,9100,0,1431,1.191,0.004,0,0,27.18,0,1.937,1.757
2019/2/25 19:00,6818,8453,0,1635,1.194,0.004,0,0,27.179,0,1.556,1.835
2019/2/25 20:00,6424,7885,0,1461,1.195,0.004,0,0,27.179,0,1.304,1.904
2019/2/25 21:00,5941,7602,0,1661,1.196,0.004,0,0,27.178,0,1.221,1.955
2019/2/25 22:00,5323,7101,0,1778,1.196,0.004,0,0,27.177,0,1.215,2.038
2019/2/25 23:00,5046,6736,0,1690,1.196,0.004,0,0,27.176,0,1.081,2.102
2019/2/26 0:00,4735,6482,0,1747,1.196,0.004,0,0,27.176,0,0.871,2.13
2019/2/26 1:00,4547,6380,0,1833,1.195,0.004,0,0,27.177,0,0.872,2.19
2019/2/26 2:00,4286,6300,0,2014,1.195,0.004,0,0,27.178,0,0.99,2.222
2019/2/26 3:00,4424,6493,0,2069,1.196,0.004,0,0,27.178,0,0.919,2.264
2019/2/26 4:00,5100,7202,0,2102,1.197,0.004,0,0,27.177,0,0.692,2.408
2019/2/26 5:00,6109,8327,6,2212,1.198,0.004,3.644,12.777,27.177,0,0.516,2.458
2019/2/26 6:00,6897,9288,65,2326,1.198,0.004,85.075,185.508,27.176,0,1.377,2.634
2019/2/26 7:00,7111,9393,132,2150,1.195,0.004,240.956,394.083,27.152,0,3.489,2.896
2019/2/26 8:00,6857,9302,184,2261,1.188,0.004,391.044,564.889,27.039,0,5.887,3.017
2019/2/26 9:00,6609,9241,240,2392,1.18,0.004,495.569,686.166,26.776,0,8.049,3.419
2019/2/26 10:00,6382,9170,314,2474,1.174,0.004,563.732,749.899,26.303,0,9.492,3.704
2019/2/26 11:00,6121,8968,324,2523,1.17,0.004,564.269,751.528,25.646,0,10.248,3.794
2019/2/26 12:00,6114,8930,287,2529,1.167,0.004,505.083,691.054,24.981,0,10.484,3.783
2019/2/26 13:00,6188,8962,242,2532,1.167,0.005,391.827,572.674,24.409,0,10.185,3.601
2019/2/26 14:00,6227,8920,194,2499,1.168,0.005,248.961,404.34,24.014,0,9.27,3.104
2019/2/26 15:00,6270,8841,118,2453,1.171,0.005,102.385,197.655,23.851,0,7.455,2.53
2019/2/26 16:00,6705,9139,56,2378,1.174,0.004,6.491,17.392,23.833,0,5.352,2.319
2019/2/26 17:00,7131,9467,20,2316,1.178,0.004,0,0,23.831,0,4.406,2.259
2019/2/26 18:00,6655,9038,0,2383,1.181,0.004,0,0,23.831,0,3.747,2.192
2019/2/26 19:00,6033,8417,0,2384,1.184,0.004,0,0,23.828,0,3.064,2.014
2019/2/26 20:00,5479,7762,0,2283,1.186,0.004,0,0,23.825,0,2.425,1.914
2019/2/26 21:00,5355,7481,0,2126,1.188,0.004,0,0,23.825,0,1.992,1.97
2019/2/26 22:00,5205,6994,0,1789,1.19,0.004,0,0,23.825,0,1.57,2.002
2019/2/26 23:00,5029,6647,0,1618,1.191,0.004,0,0,23.825,0,1.2,1.998
2019/2/27 0:00,4689,6389,0,1700,1.193,0.004,0,0,23.826,0,0.812,2.002
2019/2/27 1:00,4531,6251,0,1720,1.194,0.004,0,0,23.826,0,0.488,1.978
2019/2/27 2:00,4560,6193,0,1633,1.196,0.004,0,0,23.827,0,0.188,1.958
2019/2/27 3:00,4707,6368,0,1661,1.197,0.004,0,0,23.827,0,-0.137,1.892
2019/2/27 4:00,5481,7102,0,1621,1.199,0.003,0,0,23.828,0,-0.458,1.815
2019/2/27 5:00,6845,8252,6,1401,1.2,0.003,5.312,14.962,23.828,0.001,-0.629,1.825
2019/2/27 6:00,7828,9103,52,1223,1.2,0.004,104.859,192.375,23.829,0,0.84,1.974
2019/2/27 7:00,8276,9248,134,838,1.196,0.004,277.039,401.091,23.814,0,3.286,2.069
2019/2/27 8:00,8137,9052,205,710,1.188,0.004,422.993,571.948,23.73,0,5.911,2.198
2019/2/27 9:00,7989,9012,332,691,1.181,0.004,529.163,693.355,23.534,0,7.882,2.357
2019/2/27 10:00,7689,8954,486,779,1.176,0.004,585.762,757.024,23.127,0,9.094,2.317
2019/2/27 11:00,7369,8654,567,718,1.172,0.004,586.82,758.733,22.561,0,9.924,2.216
2019/2/27 12:00,7379,8561,536,646,1.169,0.004,532.096,698.248,21.985,0,10.39,2.075
2019/2/27 13:00,7431,8502,468,603,1.166,0.004,427.512,579.731,21.499,0,10.411,1.859
2019/2/27 14:00,7720,8489,357,412,1.166,0.004,283.489,411.343,21.159,0,9.772,1.378
2019/2/27 15:00,8096,8552,182,274,1.166,0.005,120.347,204.544,21.021,0,7.638,0.746
2019/2/27 16:00,8637,8883,65,181,1.166,0.004,8.188,19.947,21.008,0,5.568,0.971
2019/2/27 17:00,9341,9483,20,122,1.167,0.004,0,0,21.007,0,4.646,1.052
2019/2/27 18:00,8950,9030,0,80,1.168,0.003,0,0,21.007,0,3.779,1.188
2019/2/27 19:00,8311,8417,0,106,1.169,0.003,0,0,21.006,0,3.053,1.354
2019/2/27 20:00,7552,7792,0,240,1.169,0.003,0,0,21.006,0,2.563,1.515
2019/2/27 21:00,7233,7530,0,297,1.17,0.003,0,0,21.006,0,2.195,1.622
2019/2/27 22:00,6595,6981,0,386,1.17,0.003,0,0,21.006,0,1.878,1.688
2019/2/27 23:00,6262,6740,0,478,1.169,0.003,0,0,21.006,0,1.563,1.717
2019/2/28 0:00,5908,6476,0,568,1.169,0.003,0,0,21.006,0,1.259,1.712
2019/2/28 1:00,5626,6390,0,764,1.169,0.003,0,0,21.006,0,0.988,1.706
2019/2/28 2:00,5541,6328,0,787,1.169,0.003,0,0,21.007,0,0.795,1.719
2019/2/28 3:00,5592,6439,0,847,1.169,0.003,0,0,21.007,0,0.678,1.741
2019/2/28 4:00,6285,7152,0,867,1.168,0.003,0,0,21.007,0,0.673,1.784
2019/2/28 5:00,7229,8214,6,979,1.168,0.003,6.948,17.347,21.008,0,0.801,1.844
2019/2/28 6:00,7931,8998,64,1003,1.166,0.004,120.064,199.268,21.006,0,3.064,2.119
2019/2/28 7:00,8011,9161,154,996,1.163,0.004,286.65,408.085,20.988,0,6.362,2.561
2019/2/28 8:00,7626,9021,236,1159,1.156,0.005,433.204,579.045,20.924,0,8.988,2.892
2019/2/28 9:00,7062,8958,382,1514,1.149,0.005,539.538,700.511,20.699,0,10.937,3.588
2019/2/28 10:00,6493,8932,556,1883,1.144,0.005,594.916,764.195,20.251,0,12.071,3.946
2019/2/28 11:00,5557,8641,652,2432,1.141,0.005,594.284,765.92,19.681,0,12.613,4.174
2019/2/28 12:00,5364,8588,615,2609,1.139,0.005,534.98,705.339,19.101,0,12.741,4.251
2019/2/28 13:00,5312,8503,530,2661,1.139,0.005,431.298,586.82,18.612,0,12.456,4.142
2019/2/28 14:00,5382,8511,407,2722,1.14,0.006,284.627,418.366,18.267,0,11.592,3.702
2019/2/28 15:00,5622,8520,217,2681,1.142,0.006,118.504,211.449,18.101,0,9.924,3.019
2019/2/28 16:00,6063,8758,86,2609,1.145,0.005,8.469,22.708,18.059,0,7.87,2.602
2019/2/28 17:00,6620,9145,26,2499,1.148,0.005,0,0,18.041,0,7.135,2.662
2019/2/28 18:00,6413,8692,0,2279,1.15,0.005,0,0,18.01,0.001,6.644,2.642
2019/2/28 19:00,6013,8115,0,2102,1.153,0.005,0,0,17.974,0.001,6.369,2.561
2019/2/28 20:00,5361,7530,0,2169,1.155,0.005,0,0,17.927,0.003,6.119,2.472
2019/2/28 21:00,5033,7237,0,2204,1.157,0.005,0,0,17.842,0.005,5.941,2.549
2019/2/28 22:00,4477,6755,0,2278,1.16,0.005,0,0,17.74,0.007,5.606,2.584
2019/2/28 23:00,4147,6421,0,2274,1.162,0.005,0,0,17.666,0.01,5.266,2.609
2019/3/1 0:00,3896,6196,0,2300,1.163,0.005,0,0,17.616,0.011,5.042,2.564
2019/3/1 1:00,3985,6024,0,2039,1.164,0.005,0,0,17.581,0.013,4.89,2.495
2019/3/1 2:00,3983,5874,0,1891,1.165,0.005,0,0,17.558,0.013,4.537,2.25
2019/3/1 3:00,4455,6008,0,1553,1.167,0.005,0,0,17.541,0.012,4.139,2.147
2019/3/1 4:00,4705,6713,0,2008,1.168,0.005,0,0,17.529,0.011,3.764,2.084
2019/3/1 5:00,5708,7867,10,2149,1.169,0.005,5.077,19.936,17.518,0.009,3.609,2.142
2019/3/1 6:00,6739,8664,54,1871,1.17,0.005,74.299,206.21,17.503,0.009,4.557,2.376
2019/3/1 7:00,6898,9022,102,2022,1.168,0.005,170.236,415.101,17.472,0.009,5.919,2.78
2019/3/1 8:00,6745,9129,136,2248,1.164,0.005,261.335,586.122,17.405,0.018,7.073,3.379
2019/3/1 9:00,6602,9232,162,2468,1.162,0.005,326.483,707.673,17.301,0.032,7.801,3.558
2019/3/1 10:00,6590,9273,190,2493,1.16,0.005,347.433,771.389,17.197,0.042,8.201,3.587
2019/3/1 11:00,6412,9032,200,2420,1.159,0.005,321.945,773.03,17.1,0.046,8.286,3.539
2019/3/1 12:00,6257,8886,187,2442,1.158,0.005,268.538,712.535,17.011,0.044,8.18,3.382
2019/3/1 13:00,6130,8720,160,2430,1.158,0.005,230.922,593.94,16.926,0.047,8.005,3.218
2019/3/1 14:00,6322,8654,123,2209,1.159,0.005,155.932,425.379,16.867,0.053,7.523,2.872
2019/3/1 15:00,6226,8610,78,2306,1.161,0.005,71.413,218.392,16.861,0.05,6.562,2.299
2019/3/1 16:00,6655,8911,38,2218,1.164,0.005,5.123,25.675,16.882,0.041,5.03,2.021
2019/3/1 17:00,7160,9193,13,2020,1.168,0.005,0,0,16.9,0.045,4.305,2.212
2019/3/1 18:00,6307,8646,0,2339,1.171,0.005,0,0,16.917,0.053,3.751,2.291
2019/3/1 19:00,5784,7982,0,2198,1.173,0.005,0,0,16.944,0.054,3.298,2.303
2019/3/1 20:00,5317,7370,0,2053,1.175,0.005,0,0,16.969,0.047,3.081,2.393
2019/3/1 21:00,5029,7176,0,2147,1.176,0.005,0,0,16.98,0.04,2.962,2.381
2019/3/1 22:00,4849,6681,0,1832,1.176,0.005,0,0,16.985,0.037,2.958,2.408
2019/3/1 23:00,4757,6330,0,1573,1.177,0.005,0,0,16.989,0.037,2.887,2.284
2019/3/2 0:00,4554,6034,0,1480,1.178,0.005,0,0,16.997,0.039,2.697,2.115
2019/3/2 1:00,5022,5877,0,855,1.179,0.005,0,0,17.005,0.04,2.433,1.978
2019/3/2 2:00,5307,5716,0,409,1.181,0.005,0,0,17.011,0.04,2.132,1.833
2019/3/2 3:00,5437,5729,0,292,1.183,0.005,0,0,17.02,0.047,1.921,1.717
2019/3/2 4:00,5464,6018,0,554,1.184,0.004,0,0,17.033,0.057,1.729,1.544
2019/3/2 5:00,5720,6445,3,722,1.185,0.004,3.832,22.727,17.059,0.072,1.649,1.324
2019/3/2 6:00,6299,7155,24,832,1.186,0.004,47.11,213.13,17.084,0.058,2.231,1.447
2019/3/2 7:00,7133,7696,45,518,1.185,0.005,124.395,422.134,17.082,0.033,3.131,1.651
2019/3/2 8:00,7655,8062,75,332,1.182,0.005,207.466,593.231,17.041,0.016,4.14,1.812
2019/3/2 9:00,7942,8235,113,180,1.18,0.005,297.857,714.773,16.937,0.012,4.955,2.018
2019/3/2 10:00,8060,8338,158,120,1.178,0.005,370.833,778.586,16.774,0.009,5.635,2.229
2019/3/2 11:00,7742,8072,182,148,1.176,0.005,391.394,780.213,16.594,0.007,6.168,2.412
2019/3/2 12:00,7445,7798,187,166,1.173,0.005,368.382,719.691,16.412,0.006,6.453,2.524
2019/3/2 13:00,7349,7655,173,133,1.172,0.005,294.632,600.992,16.256,0.006,6.424,2.436
2019/3/2 14:00,7311,7596,132,153,1.173,0.005,192.05,432.396,16.154,0.004,6.017,2.066
2019/3/2 15:00,7341,7577,78,158,1.174,0.005,87.302,225.334,16.111,0.003,5.026,1.171
2019/3/2 16:00,7715,7852,33,104,1.176,0.005,7.878,28.85,16.105,0.002,3.081,0.822
2019/3/2 17:00,7970,8063,10,83,1.179,0.004,0,0,16.106,0.002,2.166,0.889
2019/3/2 18:00,7560,7629,0,69,1.181,0.004,0,0,16.108,0.001,1.624,0.951
2019/3/2 19:00,7111,7180,0,69,1.183,0.004,0,0,16.11,0.001,1.237,0.986
2019/3/2 20:00,6640,6697,0,57,1.184,0.004,0,0,16.113,0.001,0.934,1.033
2019/3/2 21:00,6545,6607,0,62,1.185,0.004,0,0,16.117,0.002,0.812,1.123
2019/3/2 22:00,6130,6202,0,72,1.185,0.004,0,0,16.119,0.001,0.757,1.215
2019/3/2 23:00,5789,5907,0,118,1.184,0.004,0,0,16.121,0.001,0.689,1.252
2019/3/3 0:00,5486,5650,0,164,1.184,0.004,0,0,16.12,0.001,0.602,1.27
2019/3/3 1:00,5324,5538,0,214,1.184,0.004,0,0,16.121,0.001,0.632,1.398
2019/3/3 2:00,5015,5392,0,377,1.183,0.004,0,0,16.123,0.001,0.695,1.538
2019/3/3 3:00,4836,5384,0,548,1.183,0.004,0,0,16.125,0.001,0.808,1.625
2019/3/3 4:00,4922,5566,0,644,1.183,0.004,0,0,16.126,0.001,0.724,1.654
2019/3/3 5:00,5080,5748,7,661,1.183,0.004,7.554,25.728,16.127,0.001,0.765,1.701
2019/3/3 6:00,5411,6280,50,819,1.182,0.004,97.441,220.09,16.123,0,2.351,1.924
2019/3/3 7:00,5696,6688,108,884,1.178,0.005,226.493,429.141,16.102,0,4.516,2.288
2019/3/3 8:00,5859,6944,178,907,1.171,0.005,337.422,600.306,16.047,0,6.619,2.545
2019/3/3 9:00,5645,7104,264,1195,1.166,0.005,448.678,721.951,15.912,0,8.183,2.916
2019/3/3 10:00,5510,7177,380,1287,1.162,0.005,509.148,785.745,15.65,0,9.191,3.049
2019/3/3 11:00,5232,6762,437,1093,1.159,0.005,494.435,787.394,15.334,0,9.798,3.04
2019/3/3 12:00,4922,6481,430,1129,1.156,0.005,460.244,726.799,15.024,0,10.215,2.958
2019/3/3 13:00,5055,6334,390,889,1.153,0.005,379.523,608.126,14.731,0,10.34,2.721
2019/3/3 14:00,5497,6347,290,560,1.153,0.005,247.045,439.465,14.512,0,9.901,2.222
2019/3/3 15:00,5874,6476,168,434,1.153,0.006,103.361,232.298,14.415,0,8.22,1.268
2019/3/3 16:00,6270,6886,75,541,1.153,0.005,9.302,32.232,14.404,0,5.941,1.12
2019/3/3 17:00,7007,7531,20,504,1.154,0.005,0,0,14.402,0,4.988,1.181
2019/3/3 18:00,6889,7284,0,395,1.155,0.005,0,0,14.402,0,4.543,1.25
2019/3/3 19:00,6602,6927,0,325,1.155,0.005,0,0,14.402,0,4.304,1.281
2019/3/3 20:00,6410,6624,0,214,1.155,0.005,0,0,14.401,0,4.053,1.282
2019/3/3 21:00,6475,6679,0,204,1.154,0.004,0,0,14.401,0,3.716,1.277
2019/3/3 22:00,6074,6263,0,189,1.153,0.004,0,0,14.401,0,3.377,1.301
2019/3/3 23:00,5892,6048,0,156,1.153,0.004,0,0,14.401,0,3.127,1.331
2019/3/4 0:00,5637,5807,0,170,1.154,0.004,0,0,14.401,0,2.852,1.36
2019/3/4 1:00,5496,5761,0,265,1.154,0.004,0,0,14.402,0,2.775,1.383
2019/3/4 2:00,5347,5703,0,356,1.154,0.004,0,0,14.402,0,2.661,1.359
2019/3/4 3:00,5599,5936,0,337,1.154,0.004,0,0,14.403,0,2.472,1.307
2019/3/4 4:00,6341,6744,0,403,1.154,0.004,0,0,14.402,0,2.155,1.306
2019/3/4 5:00,7673,7946,18,255,1.154,0.004,10.433,28.937,14.4,0,1.879,1.333
2019/3/4 6:00,8507,8780,82,191,1.154,0.004,118.834,227.056,14.395,0,4.112,1.512
2019/3/4 7:00,8398,8992,175,419,1.152,0.005,265.431,436.191,14.374,0,7.113,2.081
2019/3/4 8:00,8212,8947,266,469,1.147,0.005,391.435,607.411,14.289,0,9.059,2.514
2019/3/4 9:00,7951,8956,350,655,1.14,0.005,474.654,729.024,14.09,0,10.641,2.875
2019/3/4 10:00,7503,8956,455,998,1.134,0.005,535.324,792.83,13.777,0.001,11.923,3.25
2019/3/4 11:00,6738,8746,483,1525,1.13,0.005,540.562,794.552,13.428,0.002,12.663,3.612
2019/3/4 12:00,6247,8730,447,2036,1.128,0.005,459.318,733.902,13.099,0.019,12.577,3.875
2019/3/4 13:00,6073,8706,380,2253,1.13,0.006,317.923,615.2,12.853,0.032,11.72,3.774
2019/3/4 14:00,6126,8786,272,2388,1.135,0.006,171.337,446.469,12.722,0.042,10.265,3.56
2019/3/4 15:00,6494,8814,152,2168,1.141,0.006,78.741,239.278,12.707,0.066,8.599,3.941
2019/3/4 16:00,6633,9116,65,2418,1.149,0.005,8.116,35.825,12.781,0.112,6.564,3.635
2019/3/4 17:00,6608,9388,18,2762,1.155,0.005,0,0,12.904,0.137,5.162,3.245
2019/3/4 18:00,6099,8895,0,2796,1.159,0.005,0,0,13.071,0.183,4.496,2.949
2019/3/4 19:00,5779,8321,0,2542,1.16,0.005,0,0,13.262,0.192,4.205,2.856
2019/3/4 20:00,5567,7708,0,2141,1.162,0.005,0,0,13.432,0.152,4.001,2.884
2019/3/4 21:00,5490,7447,0,1957,1.163,0.005,0,0,13.504,0.024,3.759,3.112
2019/3/4 22:00,4774,6923,0,2149,1.166,0.005,0,0,13.501,0.01,3.469,3.355
2019/3/4 23:00,3987,6584,0,2597,1.168,0.004,0,0,13.497,0.008,3.056,3.495
2019/3/5 0:00,3722,6342,0,2620,1.17,0.004,0,0,13.499,0.012,2.476,3.491
2019/3/5 1:00,3780,6208,0,2428,1.173,0.004,0,0,13.513,0.019,1.827,3.245
2019/3/5 2:00,4147,6101,0,1954,1.175,0.004,0,0,13.526,0.017,1.333,3
2019/3/5 3:00,4575,6293,0,1718,1.176,0.004,0,0,13.537,0.011,1.054,2.798
2019/3/5 4:00,5076,6894,0,1818,1.176,0.004,0,0,13.546,0.009,0.977,2.77
2019/3/5 5:00,5762,8135,17,2356,1.176,0.004,11.63,32.354,13.554,0.009,0.978,2.76
2019/3/5 6:00,6840,8884,75,1969,1.176,0.004,112.607,234.032,13.563,0.009,2.278,2.956
2019/3/5 7:00,7233,9139,157,1749,1.173,0.004,246.106,443.2,13.555,0.008,4.048,3.28
2019/3/5 8:00,7041,9197,231,1925,1.169,0.004,377.125,614.469,13.5,0.006,5.683,3.61
2019/3/5 9:00,6575,9138,297,2266,1.166,0.004,442.925,736.15,13.391,0.004,6.665,3.801
2019/3/5 10:00,6233,9048,377,2438,1.163,0.004,473.368,800.007,13.241,0.003,7.294,3.849
2019/3/5 11:00,5964,8744,410,2370,1.162,0.004,437.825,801.62,13.055,0.001,7.596,3.863
2019/3/5 12:00,6178,8574,400,1996,1.161,0.004,364.507,740.996,12.887,0.001,7.65,3.707
2019/3/5 13:00,6205,8438,355,1878,1.16,0.004,277.392,622.299,12.764,0.001,7.528,3.338
2019/3/5 14:00,6658,8453,266,1529,1.16,0.004,205.732,453.531,12.682,0.001,7.275,2.879
2019/3/5 15:00,6916,8489,158,1415,1.161,0.005,96.703,246.258,12.646,0.001,6.163,2.075
2019/3/5 16:00,7583,8767,74,1110,1.163,0.004,9.34,39.626,12.641,0.001,3.987,1.624
2019/3/5 17:00,8025,9210,21,1164,1.165,0.004,0,0,12.641,0.001,3.244,1.675
2019/3/5 18:00,7468,8789,0,1321,1.168,0.004,0,0,12.642,0.001,2.982,1.709
2019/3/5 19:00,6970,8228,0,1258,1.171,0.004,0,0,12.653,0.012,2.745,1.721
2019/3/5 20:00,5889,7610,0,1721,1.174,0.004,0,0,12.696,0.067,2.439,1.904
2019/3/5 21:00,5371,7396,0,2025,1.178,0.004,0,0,12.783,0.098,2.12,1.836
2019/3/5 22:00,5218,6862,0,1644,1.18,0.004,0,0,12.869,0.072,1.845,1.678
2019/3/5 23:00,4755,6554,0,1799,1.182,0.004,0,0,12.925,0.039,1.539,1.598
2019/3/6 0:00,4469,6288,0,1819,1.183,0.004,0,0,12.956,0.018,1.107,1.527
2019/3/6 1:00,4595,6198,0,1603,1.184,0.004,0,0,12.971,0.009,0.707,1.423
2019/3/6 2:00,4789,6111,0,1322,1.185,0.004,0,0,12.977,0.002,0.309,1.255
2019/3/6 3:00,5401,6276,0,875,1.186,0.004,0,0,12.978,0.001,-0.125,1.074
2019/3/6 4:00,6554,6965,0,411,1.187,0.004,0,0,12.979,0.002,-0.585,0.913
2019/3/6 5:00,7957,8110,15,138,1.188,0.004,11.477,35.979,12.98,0.002,-0.78,0.808
2019/3/6 6:00,8835,8944,78,31,1.188,0.004,104.767,241.019,12.979,0.002,1.153,0.942
2019/3/6 7:00,8862,9061,174,25,1.184,0.004,254.394,450.264,12.952,0,3.432,1.178
2019/3/6 8:00,8698,8987,262,27,1.176,0.004,413.692,621.505,12.877,0,5.803,1.401
2019/3/6 9:00,8392,8840,345,103,1.168,0.005,536.037,743.228,12.733,0,7.754,2.054
2019/3/6 10:00,7775,8811,455,581,1.162,0.005,602.396,807.079,12.528,0,9.075,2.577
2019/3/6 11:00,6838,8615,494,1283,1.158,0.005,588.109,808.767,12.312,0,9.807,2.997
2019/3/6 12:00,6334,8617,473,1810,1.155,0.005,516.089,748.11,12.116,0,10.092,3.248
2019/3/6 13:00,6065,8650,414,2171,1.153,0.005,394.209,629.35,11.946,0,9.959,3.291
2019/3/6 14:00,5984,8710,304,2422,1.152,0.005,244.598,460.538,11.817,0.001,9.363,3.081
2019/3/6 15:00,6235,8732,180,2317,1.152,0.005,104.464,253.252,11.736,0.001,8.175,2.528
2019/3/6 16:00,6727,9006,82,2197,1.154,0.005,13.602,43.635,11.686,0.001,6.504,2.349
2019/3/6 17:00,6858,9356,22,2476,1.157,0.005,0,0,11.657,0.001,5.66,2.465
2019/3/6 18:00,6262,8912,0,2650,1.159,0.005,0,0,11.645,0.003,5.118,2.439
2019/3/6 19:00,5645,8348,0,2703,1.161,0.005,0,0,11.638,0.002,4.59,2.371
2019/3/6 20:00,4997,7690,0,2693,1.162,0.005,0,0,11.631,0.002,4.007,2.255
2019/3/6 21:00,4820,7463,0,2643,1.163,0.005,0,0,11.623,0.002,3.514,2.21
2019/3/6 22:00,4344,6906,0,2562,1.164,0.005,0,0,11.61,0.002,3.148,2.131
2019/3/6 23:00,4211,6549,0,2338,1.164,0.005,0,0,11.59,0.002,3.013,2.038
2019/3/7 0:00,4214,6266,0,2052,1.164,0.005,0,0,11.57,0.002,3.038,1.972
2019/3/7 1:00,4286,6115,0,1829,1.162,0.005,0,0,11.551,0.003,3.186,1.893
2019/3/7 2:00,4691,6020,0,1329,1.161,0.005,0,0,11.533,0.003,3.43,1.829
2019/3/7 3:00,4984,6208,0,1224,1.159,0.005,0,0,11.511,0.002,3.684,1.823
2019/3/7 4:00,5906,6901,0,995,1.157,0.005,0,0,11.487,0.003,3.62,1.749
2019/3/7 5:00,6999,8079,16,1064,1.156,0.005,10.731,39.811,11.461,0.003,3.762,1.762
2019/3/7 6:00,7574,8908,69,1265,1.154,0.005,98.782,247.996,11.421,0.005,5.381,2.037
2019/3/7 7:00,7466,9201,135,1600,1.15,0.006,223.52,457.263,11.353,0.007,7.62,2.531
2019/3/7 8:00,7367,9198,188,1643,1.143,0.006,335.663,628.603,11.226,0.011,9.719,2.791
2019/3/7 9:00,7466,9143,233,1444,1.136,0.006,456.394,750.34,11.028,0.01,11.664,3.319
2019/3/7 10:00,7142,9075,284,1649,1.131,0.006,539.929,814.196,10.799,0.009,13.069,3.753
2019/3/7 11:00,6621,8871,320,1930,1.129,0.006,558.303,815.821,10.571,0.008,13.786,3.958
2019/3/7 12:00,6239,8943,321,2383,1.129,0.006,499.142,755.163,10.362,0.017,13.69,4.038
2019/3/7 13:00,6019,8954,293,2642,1.131,0.006,381.474,636.371,10.202,0.028,12.924,4.027
2019/3/7 14:00,6190,9067,220,2657,1.135,0.006,242.771,467.567,10.105,0.031,11.767,3.751
2019/3/7 15:00,6279,9043,131,2633,1.14,0.006,107.829,260.249,10.069,0.023,10.194,3.063
2019/3/7 16:00,6590,9224,60,2574,1.146,0.006,12.236,47.853,10.081,0.013,8.091,2.176
2019/3/7 17:00,7140,9375,16,2219,1.152,0.006,0,0,10.105,0.009,6.749,1.779
2019/3/7 18:00,6857,8902,0,2045,1.156,0.006,0,0,10.123,0.004,5.95,1.521
2019/3/7 19:00,6732,8330,0,1598,1.158,0.006,0,0,10.136,0.002,5.402,1.351
2019/3/7 20:00,6606,7745,0,1139,1.16,0.005,0,0,10.147,0.002,5.091,1.313
2019/3/7 21:00,6609,7425,0,816,1.161,0.005,0,0,10.157,0.002,4.851,1.25
2019/3/7 22:00,6403,6836,0,433,1.161,0.005,0,0,10.168,0.003,4.731,1.196
2019/3/7 23:00,6168,6407,0,239,1.162,0.005,0,0,10.18,0.003,4.64,1.147
2019/3/8 0:00,5952,6171,0,219,1.162,0.005,0,0,10.195,0.007,4.507,1.124
2019/3/8 1:00,5789,6119,0,330,1.163,0.005,0,0,10.213,0.012,4.356,1.098
2019/3/8 2:00,5556,6029,0,473,1.163,0.005,0,0,10.233,0.013,4.305,1.102
2019/3/8 3:00,5892,6220,0,328,1.164,0.005,0,0,10.255,0.016,4.206,1.107
2019/3/8 4:00,6531,6868,0,337,1.165,0.005,0,0,10.277,0.014,4.087,1.104
2019/3/8 5:00,7690,8059,14,355,1.166,0.005,9.031,43.852,10.298,0.013,4.001,1.128
2019/3/8 6:00,8455,8955,58,442,1.167,0.005,80.273,255.016,10.311,0.012,5.13,1.34
2019/3/8 7:00,8650,9342,111,581,1.166,0.005,184.848,464.288,10.308,0.011,6.669,1.827
2019/3/8 8:00,8496,9330,162,672,1.164,0.006,287.565,635.629,10.284,0.008,7.932,2.365
2019/3/8 9:00,8503,9400,225,672,1.161,0.005,375.804,757.36,10.223,0.006,8.868,2.846
2019/3/8 10:00,8456,9345,309,580,1.16,0.005,438.318,821.231,10.107,0.004,9.591,3.058
2019/3/8 11:00,8004,9037,354,679,1.158,0.005,462.232,822.845,9.962,0.004,10.052,3.089
2019/3/8 12:00,7668,8817,350,799,1.157,0.005,430.424,762.218,9.82,0.005,10.185,3.013
2019/3/8 13:00,7504,8742,318,920,1.157,0.005,348.368,643.401,9.704,0.007,9.968,2.854
2019/3/8 14:00,7525,8672,242,905,1.159,0.005,224.61,474.59,9.63,0.008,9.326,2.517
2019/3/8 15:00,7502,8648,147,999,1.161,0.005,98.856,267.236,9.606,0.008,8.117,1.81
2019/3/8 16:00,7719,8806,68,1019,1.165,0.005,13.83,52.28,9.608,0.007,6.127,1.299
2019/3/8 17:00,7807,9153,20,1326,1.169,0.005,0,0.001,9.613,0.006,4.999,1.251
2019/3/8 18:00,7326,8737,0,1411,1.173,0.005,0,0,9.621,0.011,4.328,1.292
2019/3/8 19:00,6659,8069,0,1410,1.176,0.005,0,0,9.633,0.013,3.73,1.309
2019/3/8 20:00,6158,7441,0,1283,1.178,0.005,0,0,9.647,0.016,3.261,1.263
2019/3/8 21:00,6016,7233,0,1217,1.18,0.005,0,0,9.663,0.014,2.747,1.2
2019/3/8 22:00,5862,6772,0,910,1.181,0.005,0,0,9.676,0.012,2.289,1.158
2019/3/8 23:00,5658,6382,0,724,1.183,0.005,0,0,9.688,0.011,2.009,1.119
2019/3/9 0:00,5532,6080,0,548,1.183,0.004,0,0,9.697,0.009,1.795,1.106
2019/3/9 1:00,5516,5932,0,416,1.184,0.004,0,0,9.707,0.009,1.67,1.103
2019/3/9 2:00,5444,5760,0,316,1.184,0.004,0,0,9.715,0.007,1.742,1.163
2019/3/9 3:00,5486,5826,0,340,1.183,0.004,0,0,9.721,0.004,1.815,1.217
2019/3/9 4:00,5759,6099,0,340,1.182,0.004,0,0,9.724,0.003,1.88,1.311
2019/3/9 5:00,5951,6515,16,548,1.181,0.004,10.991,48.098,9.729,0.005,2.043,1.478
2019/3/9 6:00,6214,7202,72,916,1.18,0.005,98.747,262.02,9.736,0.007,3.735,2.067
2019/3/9 7:00,6562,7700,146,992,1.176,0.005,210.656,471.321,9.743,0.01,5.551,2.571
2019/3/9 8:00,6535,7951,203,1213,1.17,0.005,290.817,642.646,9.718,0.009,7.222,3.146
2019/3/9 9:00,6215,8080,252,1613,1.167,0.005,351.776,764.383,9.649,0.003,8.228,3.585
2019/3/9 10:00,5833,7990,322,1835,1.164,0.005,364.17,828.223,9.539,0.001,8.817,3.71
2019/3/9 11:00,5458,7673,322,1893,1.162,0.005,377.863,829.958,9.36,0.001,9.384,3.734
2019/3/9 12:00,5322,7389,272,1795,1.159,0.005,386.645,769.27,9.128,0.001,9.919,3.703
2019/3/9 13:00,5167,7243,218,1858,1.157,0.005,344.467,650.451,8.93,0.001,10.089,3.614
2019/3/9 14:00,5203,7174,166,1805,1.156,0.006,236.013,481.594,8.798,0.001,9.815,3.243
2019/3/9 15:00,5374,7247,111,1762,1.156,0.006,108.199,274.241,8.736,0.001,8.813,2.491
2019/3/9 16:00,6309,7586,58,1219,1.158,0.006,14.899,56.909,8.726,0.005,7.083,2.119
2019/3/9 17:00,7118,7921,19,784,1.159,0.006,0,0.005,8.736,0.008,6.45,2.231
2019/3/9 18:00,5934,7534,0,1600,1.161,0.006,0,0,8.737,0.003,6.362,2.495
2019/3/9 19:00,5285,7090,0,1805,1.161,0.006,0,0,8.728,0.002,6.148,2.811
2019/3/9 20:00,4871,6663,0,1792,1.162,0.006,0,0,8.719,0.001,5.93,3.092
2019/3/9 21:00,4327,6604,0,2277,1.163,0.006,0,0,8.712,0,5.92,3.414
2019/3/9 22:00,3874,6232,0,2358,1.164,0.006,0,0,8.703,0,6.032,3.714
2019/3/9 23:00,3080,5790,0,2710,1.164,0.006,0,0,8.693,0,5.96,3.684
2019/3/10 0:00,2862,5498,0,2636,1.165,0.005,0,0,8.689,0.002,5.805,3.403
2019/3/10 1:00,2760,5415,0,2655,1.166,0.005,0,0,8.691,0.003,5.659,3.07
2019/3/10 2:00,2869,5260,0,2391,1.167,0.005,0,0,8.695,0.002,5.501,2.633
2019/3/10 3:00,3817,5232,0,1415,1.168,0.005,0,0,8.702,0.004,4.984,1.918
2019/3/10 4:00,4818,5376,0,558,1.169,0.005,0,0,8.708,0.004,4.244,1.231
2019/3/10 5:00,5377,5525,10,138,1.168,0.005,11.592,52.549,8.712,0.002,4.116,1.008
2019/3/10 6:00,5915,6065,37,113,1.167,0.006,76.159,269.006,8.711,0.001,5.642,1.117
2019/3/10 7:00,6201,6603,65,337,1.164,0.006,118.963,478.292,8.684,0,6.718,1.569
2019/3/10 8:00,6483,6980,93,404,1.161,0.006,176.056,649.639,8.609,0,7.481,2.077
2019/3/10 9:00,6764,7274,126,384,1.157,0.006,253.866,771.426,8.469,0.002,8.392,2.902
2019/3/10 10:00,6769,7366,164,433,1.153,0.006,262.917,835.249,8.304,0.001,9.104,3.547
2019/3/10 11:00,6507,7097,187,403,1.15,0.006,233.904,836.918,8.12,0,9.48,3.75
2019/3/10 12:00,6218,6858,188,452,1.147,0.006,201.084,776.283,7.917,0,9.636,3.973
2019/3/10 13:00,5767,6643,173,703,1.144,0.007,229.827,657.438,7.717,0,10.138,4.261
2019/3/10 14:00,5103,6502,148,1251,1.141,0.007,223.746,488.586,7.551,0,10.532,4.439
2019/3/10 15:00,4649,6545,111,1785,1.14,0.007,127.856,281.236,7.45,0,10.245,4.115
2019/3/10 16:00,4786,6823,66,1971,1.141,0.006,20.594,61.744,7.407,0.001,9.266,3.94
2019/3/10 17:00,5180,7433,21,2232,1.144,0.006,0.002,0.014,7.389,0.004,8.668,4.208
2019/3/10 18:00,4630,7236,0,2606,1.147,0.006,0,0,7.379,0.007,8.178,4.459
2019/3/10 19:00,4237,6904,0,2667,1.152,0.006,0,0,7.375,0.009,7.517,4.786
2019/3/10 20:00,3836,6542,0,2706,1.156,0.005,0,0,7.373,0.012,6.786,4.921
2019/3/10 21:00,3954,6575,0,2621,1.16,0.005,0,0,7.374,0.016,6.059,5.017
2019/3/10 22:00,3602,6270,0,2668,1.165,0.005,0,0,7.376,0.027,5.199,5.023
2019/3/10 23:00,3405,6076,0,2671,1.17,0.004,0,0,7.385,0.027,4.19,4.9
2019/3/11 0:00,3114,5887,0,2773,1.175,0.004,0,0,7.395,0.018,3.241,4.792
2019/3/11 1:00,3082,5838,0,2756,1.18,0.004,0,0,7.401,0.01,2.401,4.661
2019/3/11 2:00,3186,5759,0,2573,1.185,0.004,0,0,7.405,0.01,1.425,4.137
2019/3/11 3:00,3410,6018,0,2608,1.187,0.003,0,0,7.409,0.009,0.613,3.583
2019/3/11 4:00,4235,6803,0,2568,1.189,0.003,0,0,7.413,0.006,0.105,3.115
2019/3/11 5:00,5408,7926,24,2494,1.19,0.003,23.584,57.212,7.417,0.005,0.063,2.746
2019/3/11 6:00,6479,8717,98,2140,1.188,0.004,146.618,275.989,7.423,0.01,1.627,2.766
2019/3/11 7:00,7117,8958,202,1639,1.183,0.004,287.672,485.282,7.438,0.025,3.56,3.129
2019/3/11 8:00,6929,8940,281,1730,1.178,0.004,376.621,656.621,7.473,0.061,4.968,3.575
2019/3/11 9:00,7178,9180,339,1663,1.175,0.004,390.277,778.4,7.539,0.1,5.477,3.94
2019/3/11 10:00,7004,9375,413,1958,1.175,0.004,386.12,842.218,7.638,0.123,5.457,4.13
2019/3/11 11:00,6686,9328,420,2222,1.176,0.003,390.866,843.897,7.737,0.114,5.287,4.271
2019/3/11 12:00,6284,9308,384,2640,1.18,0.003,307.005,783.24,7.808,0.07,4.45,4.356
2019/3/11 13:00,6418,9238,324,2496,1.184,0.003,242.289,664.453,7.848,0.041,3.326,4.399
2019/3/11 14:00,6530,9196,246,2420,1.187,0.003,167.97,495.561,7.878,0.049,2.461,4.109
2019/3/11 15:00,6739,9084,154,2191,1.189,0.003,81.757,288.209,7.925,0.064,1.719,3.525
2019/3/11 16:00,7459,9262,75,1728,1.192,0.003,13.109,66.774,7.982,0.066,0.784,2.994
2019/3/11 17:00,8063,9542,22,1457,1.195,0.003,0.003,0.032,8.038,0.061,0.128,2.771
2019/3/11 18:00,7517,9123,0,1606,1.197,0.003,0,0,8.098,0.07,-0.219,2.604
2019/3/11 19:00,6736,8436,0,1700,1.199,0.003,0,0,8.159,0.07,-0.467,2.493
2019/3/11 20:00,6000,7790,0,1790,1.2,0.003,0,0,8.211,0.059,-0.712,2.447
2019/3/11 21:00,5726,7526,0,1800,1.201,0.003,0,0,8.257,0.062,-0.906,2.477
2019/3/11 22:00,5321,7020,0,1699,1.201,0.003,0,0,8.338,0.124,-0.957,2.72
2019/3/11 23:00,5042,6722,0,1680,1.201,0.003,0,0,8.5,0.194,-0.943,2.851
2019/3/12 0:00,4917,6483,0,1566,1.2,0.003,0,0,8.7,0.222,-0.947,2.887
2019/3/12 1:00,4778,6397,0,1619,1.201,0.003,0,0,8.905,0.209,-0.938,2.907
2019/3/12 2:00,4332,6345,0,2013,1.201,0.003,0,0,9.092,0.183,-0.95,2.768
2019/3/12 3:00,4559,6473,0,1914,1.203,0.003,0,0,9.248,0.15,-1.197,2.387
2019/3/12 4:00,5328,7160,0,1832,1.205,0.003,0,0,9.374,0.123,-1.484,2.223
2019/3/12 5:00,6247,8126,15,1864,1.206,0.003,21.262,62.077,9.469,0.092,-1.432,2.205
2019/3/12 6:00,7074,9047,72,1901,1.206,0.004,130.656,282.968,9.535,0.063,-0.068,2.594
2019/3/12 7:00,7143,9333,146,2044,1.203,0.003,275.739,492.253,9.568,0.042,1.38,3.164
2019/3/12 8:00,6923,9331,216,2192,1.199,0.003,418.722,663.586,9.552,0.023,2.587,3.285
2019/3/12 9:00,6932,9296,278,2086,1.196,0.003,522.456,785.29,9.482,0.007,3.552,3.227
2019/3/12 10:00,7017,9249,358,1874,1.193,0.003,574.954,849.149,9.365,0.003,4.304,3.092
2019/3/12 11:00,6953,9011,392,1666,1.19,0.003,594.662,850.829,9.203,0.001,4.962,2.89
2019/3/12 12:00,7007,8941,385,1549,1.187,0.003,558.698,790.173,9.025,0,5.434,2.624
2019/3/12 13:00,7202,8824,348,1274,1.185,0.003,467.425,671.384,8.858,0,5.636,2.318
2019/3/12 14:00,7554,8724,268,902,1.183,0.003,343.436,502.534,8.739,0,5.489,1.943
2019/3/12 15:00,7766,8690,172,752,1.182,0.003,184.321,295.198,8.68,0,4.729,1.318
2019/3/12 16:00,8467,8942,82,393,1.183,0.004,34.233,72.001,8.668,0,1.956,0.773
2019/3/12 17:00,9260,9491,22,209,1.184,0.003,0.012,0.062,8.667,0,0.074,0.875
2019/3/12 18:00,9075,9165,0,90,1.186,0.003,0,0,8.667,0,-0.624,0.987
2019/3/12 19:00,8586,8643,0,57,1.187,0.003,0,0,8.665,0,-0.873,1.217
2019/3/12 20:00,7386,7937,0,551,1.189,0.003,0,0,8.663,0,-0.732,1.583
2019/3/12 21:00,6056,7686,0,1630,1.19,0.003,0,0,8.66,0.001,-0.641,2.127
2019/3/12 22:00,5004,7184,0,2180,1.191,0.003,0,0,8.656,0.001,-0.755,2.363
2019/3/12 23:00,4362,6808,0,2446,1.19,0.003,0,0,8.651,0.001,-0.803,2.43
2019/3/13 0:00,4083,6604,0,2521,1.189,0.003,0,0,8.647,0.002,-0.743,2.427
2019/3/13 1:00,4079,6467,0,2388,1.189,0.003,0,0,8.652,0.014,-0.658,2.414
2019/3/13 2:00,4092,6358,0,2266,1.189,0.003,0,0,8.67,0.02,-0.558,2.438
2019/3/13 3:00,4258,6432,0,2174,1.189,0.003,0,0,8.691,0.021,-0.427,2.2
2019/3/13 4:00,5214,7062,0,1848,1.188,0.004,0,0,8.712,0.022,-0.133,1.92
2019/3/13 5:00,6715,8221,12,1494,1.186,0.004,10.034,67.148,8.729,0.021,0.279,1.743
2019/3/13 6:00,8238,9198,55,905,1.184,0.004,67.44,289.951,8.734,0.015,1.482,1.786
2019/3/13 7:00,8899,9494,112,483,1.181,0.004,155.653,499.182,8.718,0.014,2.926,1.972
2019/3/13 8:00,8762,9529,156,611,1.177,0.004,256.016,670.516,8.675,0.011,4.254,2.225
2019/3/13 9:00,8596,9576,191,789,1.175,0.004,317.507,792.218,8.602,0.01,5.094,2.419
2019/3/13 10:00,8609,9619,232,778,1.173,0.004,361.79,856.064,8.514,0.01,5.598,2.44
2019/3/13 11:00,8307,9366,262,797,1.172,0.004,373.208,857.693,8.422,0.011,5.93,2.299
2019/3/13 12:00,8214,9348,272,862,1.171,0.004,349.045,797.071,8.345,0.013,6.082,2.166
2019/3/13 13:00,7935,9252,257,1060,1.17,0.004,278.724,678.238,8.294,0.014,5.903,2.043
2019/3/13 14:00,7906,9198,217,1075,1.171,0.004,181.861,509.475,8.275,0.02,5.357,1.857
2019/3/13 15:00,7789,9154,144,1221,1.172,0.004,84.368,302.159,8.285,0.029,4.351,1.317
2019/3/13 16:00,8308,9265,68,889,1.175,0.004,16.229,77.411,8.308,0.026,2.736,1.101
2019/3/13 17:00,8917,9594,20,657,1.177,0.004,0.014,0.106,8.327,0.018,1.761,1.219
2019/3/13 18:00,8201,9156,0,955,1.18,0.004,0,0,8.344,0.018,1.294,1.41
2019/3/13 19:00,7592,8624,0,1032,1.181,0.004,0,0,8.358,0.013,0.845,1.517
2019/3/13 20:00,7073,7962,0,889,1.182,0.004,0,0,8.375,0.02,0.41,1.567
2019/3/13 21:00,6946,7707,0,761,1.183,0.004,0,0,8.402,0.032,0.044,1.647
2019/3/13 22:00,6396,7195,0,799,1.183,0.004,0,0,8.44,0.044,-0.17,1.716
2019/3/13 23:00,6084,6812,0,728,1.183,0.004,0,0,8.493,0.061,-0.388,1.737
2019/3/14 0:00,5824,6580,0,756,1.183,0.004,0,0,8.571,0.093,-0.541,1.767
2019/3/14 1:00,5543,6467,0,924,1.183,0.004,0,0,8.686,0.14,-0.641,1.831
2019/3/14 2:00,5379,6396,0,1017,1.184,0.004,0,0,8.82,0.124,-0.548,1.935
2019/3/14 3:00,5425,6581,0,1156,1.185,0.004,0,0,8.91,0.072,-0.354,1.944
2019/3/14 4:00,6086,7176,0,1090,1.186,0.004,0,0,8.964,0.052,-0.439,1.838
2019/3/14 5:00,6857,8286,19,1410,1.187,0.004,22.388,72.418,9.005,0.041,-0.153,2.038
2019/3/14 6:00,7517,9145,80,1548,1.186,0.004,127.411,296.917,9.032,0.029,1.389,2.616
2019/3/14 7:00,7548,9358,158,1652,1.182,0.004,269.095,506.116,9.037,0.02,3.083,3.338
2019/3/14 8:00,6932,9328,230,2166,1.177,0.004,433.01,677.419,9.003,0.015,4.691,3.68
2019/3/14 9:00,6736,9319,302,2281,1.173,0.004,497.305,799.102,8.926,0.011,5.652,3.711
2019/3/14 10:00,6702,9303,398,2203,1.17,0.004,489.823,862.972,8.832,0.01,6.175,3.607
2019/3/14 11:00,6527,9131,423,2181,1.168,0.004,466.078,864.595,8.749,0.014,6.503,3.501
2019/3/14 12:00,6973,9080,395,1712,1.166,0.004,381.805,803.937,8.696,0.025,6.486,3.405
2019/3/14 13:00,7272,9149,340,1537,1.165,0.004,262.565,685.188,8.685,0.036,6.091,3.296
2019/3/14 14:00,7522,9202,242,1438,1.165,0.004,131.65,516.396,8.707,0.05,5.31,3.041
2019/3/14 15:00,7747,9193,140,1306,1.166,0.004,46.383,309.119,8.76,0.071,4.216,2.386
2019/3/14 16:00,8265,9372,60,1047,1.167,0.004,9.364,83.011,8.845,0.099,3.103,1.904
2019/3/14 17:00,8236,9610,16,1358,1.167,0.004,0.014,0.17,8.963,0.136,2.545,1.843
2019/3/14 18:00,7763,9140,0,1377,1.168,0.004,0,0,9.236,0.385,2.398,2.108
2019/3/14 19:00,6712,8651,0,1939,1.168,0.004,0,0,9.647,0.427,2.354,2.445
2019/3/14 20:00,6242,7975,0,1733,1.17,0.004,0,0,9.992,0.321,2.225,2.626
2019/3/14 21:00,6236,7716,0,1480,1.17,0.004,0,0,10.258,0.293,2.056,2.576
2019/3/14 22:00,5590,7103,0,1513,1.171,0.004,0,0,10.51,0.294,1.916,2.644
2019/3/14 23:00,5568,6749,0,1181,1.171,0.004,0,0,10.711,0.2,1.792,2.697
2019/3/15 0:00,5039,6473,0,1434,1.171,0.004,0,0,10.826,0.126,1.739,2.82
2019/3/15 1:00,4551,6365,0,1814,1.171,0.004,0,0,10.881,0.085,1.742,2.979
2019/3/15 2:00,4112,6273,0,2161,1.172,0.004,0,0,10.912,0.068,1.662,3.13
2019/3/15 3:00,4162,6423,0,2261,1.173,0.004,0,0,10.939,0.057,1.514,3.094
2019/3/15 4:00,4719,7130,0,2411,1.174,0.004,0,0,10.965,0.049,1.336,2.93
2019/3/15 5:00,5875,8200,22,2303,1.175,0.004,28.405,77.895,10.993,0.05,1.479,2.832
2019/3/15 6:00,6604,9046,94,2348,1.175,0.004,139.471,303.865,11.021,0.056,2.961,3.019
2019/3/15 7:00,6603,9331,184,2544,1.171,0.005,263.485,513.037,11.035,0.077,4.463,3.513
2019/3/15 8:00,6758,9400,250,2392,1.167,0.005,365.209,684.253,11.004,0.077,5.736,3.813
2019/3/15 9:00,6495,9458,298,2665,1.164,0.004,393.286,805.939,10.914,0.076,6.53,3.851
2019/3/15 10:00,6501,9482,354,2627,1.162,0.004,389.912,869.728,10.79,0.074,7.014,3.756
2019/3/15 11:00,6479,9297,326,2492,1.161,0.005,346.252,871.387,10.659,0.083,7.226,3.645
2019/3/15 12:00,6529,9164,251,2384,1.16,0.005,260.709,810.736,10.547,0.105,7.023,3.505
2019/3/15 13:00,6576,9065,180,2309,1.161,0.005,176.778,692.048,10.472,0.134,6.538,3.27
2019/3/15 14:00,7020,9023,122,1881,1.162,0.005,101.458,523.283,10.433,0.141,5.921,2.924
2019/3/15 15:00,7515,8956,74,1367,1.164,0.005,48.213,316.07,10.417,0.11,5.267,2.594
2019/3/15 16:00,7772,9060,32,1256,1.165,0.005,10.861,88.781,10.394,0.069,4.705,2.643
2019/3/15 17:00,7788,9258,10,1460,1.164,0.005,0.02,0.256,10.353,0.043,4.497,2.829
2019/3/15 18:00,7268,8760,0,1492,1.163,0.005,0,0,10.295,0.017,4.643,3.032
2019/3/15 19:00,6627,8125,0,1498,1.161,0.005,0,0,10.228,0.013,4.955,3.193
2019/3/15 20:00,6112,7518,0,1406,1.16,0.005,0,0,10.159,0.012,5.255,3.297
2019/3/15 21:00,5584,7275,0,1691,1.158,0.006,0,0,10.079,0.009,5.514,3.479
2019/3/15 22:00,4680,6815,0,2135,1.157,0.006,0,0,9.992,0.009,5.7,3.709
2019/3/15 23:00,3996,6436,0,2440,1.157,0.006,0,0,9.908,0.009,5.836,3.962
2019/3/16 0:00,3562,6202,0,2640,1.156,0.006,0,0,9.835,0.009,5.901,4.11
2019/3/16 1:00,3229,5960,0,2731,1.156,0.006,0,0,9.771,0.008,5.986,4.248
2019/3/16 2:00,3100,5802,0,2702,1.156,0.006,0,0,9.717,0.007,5.972,4.225
2019/3/16 3:00,3422,5826,0,2404,1.157,0.006,0,0,9.675,0.007,5.756,3.954
2019/3/16 4:00,4196,6111,0,1915,1.16,0.006,0,0,9.642,0.006,5.419,3.449
2019/3/16 5:00,4451,6473,12,2010,1.162,0.006,21.109,83.566,9.615,0.005,5.381,3.005
2019/3/16 6:00,5479,7104,46,1579,1.163,0.006,99.145,310.815,9.582,0.004,6.29,2.856
2019/3/16 7:00,5902,7580,83,1595,1.162,0.006,187.421,519.941,9.532,0.003,7.19,2.904
2019/3/16 8:00,6010,7985,114,1861,1.16,0.006,275.332,691.109,9.455,0.002,8.133,3.053
2019/3/16 9:00,6332,8100,143,1625,1.158,0.006,316.851,812.672,9.313,0,8.856,3.071
2019/3/16 10:00,6764,8111,172,1175,1.156,0.006,349.167,876.522,9.126,0,9.479,3.032
2019/3/16 11:00,6944,7806,207,655,1.153,0.006,359.939,878.122,8.92,0,10.025,2.939
2019/3/16 12:00,7073,7490,230,187,1.151,0.006,374.783,817.562,8.721,0,10.565,2.897
2019/3/16 13:00,6935,7262,229,98,1.148,0.006,329.646,698.846,8.545,0,10.87,2.797
2019/3/16 14:00,6887,7200,205,108,1.147,0.006,262.7,530.162,8.417,0,10.936,2.536
2019/3/16 15:00,6872,7169,145,152,1.146,0.007,155.231,323.003,8.348,0,10.411,1.934
2019/3/16 16:00,7132,7398,68,198,1.147,0.006,39.479,94.73,8.331,0,8.378,1.247
2019/3/16 17:00,7428,7812,17,367,1.148,0.006,0.115,0.366,8.33,0,6.605,1.167
2019/3/16 18:00,7048,7523,0,475,1.151,0.006,0,0,8.33,0,5.754,1.188
2019/3/16 19:00,6623,7149,0,526,1.153,0.006,0,0,8.329,0,4.981,1.232
2019/3/16 20:00,6157,6710,0,553,1.154,0.005,0,0,8.329,0,4.509,1.326
2019/3/16 21:00,6165,6620,0,455,1.155,0.005,0,0,8.329,0,4.155,1.388
2019/3/16 22:00,5691,6198,0,507,1.154,0.005,0,0,8.329,0,3.855,1.351
2019/3/16 23:00,5303,5872,0,569,1.153,0.005,0,0,8.329,0,3.657,1.324
2019/3/17 0:00,5145,5597,0,452,1.152,0.005,0,0,8.329,0,3.417,1.349
2019/3/17 1:00,5071,5523,0,452,1.151,0.005,0,0,8.329,0,3.156,1.353
2019/3/17 2:00,5090,5417,0,327,1.15,0.004,0,0,8.329,0,2.984,1.347
2019/3/17 3:00,5198,5414,0,216,1.151,0.004,0,0,8.329,0,2.782,1.335
2019/3/17 4:00,5375,5605,0,230,1.151,0.004,0,0.001,8.329,0,2.455,1.329
2019/3/17 5:00,5502,5768,30,236,1.152,0.004,42.001,89.44,8.329,0,2.898,1.294
2019/3/17 6:00,5866,6220,124,230,1.151,0.005,197.378,317.718,8.327,0,6.13,1.316
2019/3/17 7:00,6103,6542,258,181,1.148,0.005,373.638,526.757,8.318,0,9.399,1.596
2019/3/17 8:00,6183,6757,373,201,1.141,0.006,531.041,697.868,8.297,0,12.022,1.778
2019/3/17 9:00,6027,6778,468,283,1.131,0.006,639.791,819.485,8.259,0,14.593,2.074
2019/3/17 10:00,5764,6726,584,378,1.125,0.005,695.657,883.224,8.149,0,16.164,2.166
2019/3/17 11:00,5231,6400,630,539,1.121,0.005,694.04,884.837,7.964,0,16.939,2.204
2019/3/17 12:00,4694,6127,610,823,1.119,0.005,635.022,824.291,7.769,0,17.081,2.293
2019/3/17 13:00,4271,5941,534,1136,1.118,0.006,524.503,705.6,7.598,0,16.661,2.399
2019/3/17 14:00,4112,5963,415,1436,1.119,0.006,371.07,536.979,7.468,0,15.74,2.377
2019/3/17 15:00,4416,6060,253,1391,1.122,0.007,195.406,329.907,7.394,0,13.882,2.093
2019/3/17 16:00,4581,6516,105,1830,1.127,0.007,41.652,100.84,7.376,0.003,10.95,2.049
2019/3/17 17:00,5280,7233,24,1929,1.134,0.006,0.07,0.509,7.386,0.014,9.058,2.14
2019/3/17 18:00,5170,7130,0,1960,1.141,0.006,0,0,7.421,0.042,8.047,2.212
2019/3/17 19:00,5218,6823,0,1605,1.148,0.006,0,0,7.483,0.071,6.987,2.349
2019/3/17 20:00,5096,6480,0,1384,1.155,0.006,0,0,7.565,0.093,6.272,2.797
2019/3/17 21:00,4872,6614,0,1742,1.162,0.005,0,0,7.658,0.1,5.558,3.525
2019/3/17 22:00,3692,6314,0,2622,1.169,0.005,0,0,7.749,0.094,4.367,4.056
2019/3/17 23:00,3251,6053,0,2802,1.174,0.005,0,0,7.831,0.087,3.441,3.651
2019/3/18 0:00,3186,5780,0,2594,1.176,0.005,0,0,7.911,0.09,2.964,3.208
2019/3/18 1:00,3133,5672,0,2539,1.179,0.004,0,0,8.014,0.132,2.546,2.77
2019/3/18 2:00,3321,5648,0,2327,1.181,0.004,0,0,8.136,0.134,2.177,2.414
2019/3/18 3:00,3677,5911,0,2234,1.183,0.004,0,0,8.263,0.133,1.831,2.125
2019/3/18 4:00,4564,6710,0,2146,1.185,0.004,0.001,0.008,8.398,0.138,1.518,1.977
2019/3/18 5:00,5944,7824,9,1871,1.186,0.004,20.031,95.493,8.53,0.127,1.539,2.014
2019/3/18 6:00,7005,8805,36,1764,1.187,0.004,89.165,324.604,8.649,0.119,2.201,2.372
2019/3/18 7:00,7685,9252,68,1499,1.186,0.004,186.463,533.543,8.747,0.108,2.922,2.847
2019/3/18 8:00,7787,9394,100,1507,1.185,0.004,271.67,704.639,8.812,0.09,3.634,3.038
2019/3/18 9:00,7872,9484,140,1472,1.184,0.004,329.72,826.17,8.841,0.076,4.154,3.025
2019/3/18 10:00,8160,9581,186,1235,1.183,0.004,367.787,889.922,8.841,0.062,4.587,2.894
2019/3/18 11:00,8110,9368,219,1039,1.183,0.004,361.153,891.515,8.815,0.038,4.848,2.757
2019/3/18 12:00,8006,9238,228,1004,1.182,0.004,336.493,831,8.777,0.026,4.965,2.677
2019/3/18 13:00,7896,9213,213,1104,1.181,0.004,287.064,712.355,8.742,0.02,4.944,2.58
2019/3/18 14:00,7700,9134,184,1250,1.181,0.004,222.487,543.759,8.719,0.018,4.74,2.438
2019/3/18 15:00,7590,8985,124,1271,1.182,0.004,132.742,336.803,8.713,0.016,4.208,2.01
2019/3/18 16:00,7917,8970,57,996,1.184,0.004,34.455,107.108,8.724,0.016,2.753,1.147
2019/3/18 17:00,8475,9307,16,816,1.187,0.004,0.13,0.693,8.739,0.016,1.197,1.039
2019/3/18 18:00,7999,9004,0,1005,1.19,0.004,0,0,8.754,0.014,0.59,1.093
2019/3/18 19:00,7177,8410,0,1233,1.193,0.004,0,0,8.766,0.01,0.071,1.168
2019/3/18 20:00,6457,7775,0,1318,1.195,0.004,0,0,8.777,0.011,-0.397,1.254
2019/3/18 21:00,6128,7492,0,1364,1.198,0.004,0,0,8.789,0.012,-0.815,1.294
2019/3/18 22:00,5665,7025,0,1360,1.199,0.003,0,0,8.801,0.012,-1.143,1.31
2019/3/18 23:00,5294,6624,0,1330,1.201,0.003,0,0,8.813,0.012,-1.448,1.309
2019/3/19 0:00,5153,6371,0,1218,1.202,0.003,0,0,8.826,0.013,-1.698,1.313
2019/3/19 1:00,5138,6270,0,1132,1.203,0.003,0,0,8.839,0.013,-1.862,1.319
2019/3/19 2:00,5129,6185,0,1056,1.205,0.003,0,0,8.854,0.016,-1.923,1.312
2019/3/19 3:00,5225,6301,0,1076,1.206,0.003,0,0,8.875,0.025,-1.946,1.258
2019/3/19 4:00,5837,6957,0,1120,1.208,0.003,0.006,0.043,8.903,0.03,-1.899,1.229
2019/3/19 5:00,6880,7997,22,1095,1.209,0.003,24.852,101.723,8.932,0.03,-1.464,1.368
2019/3/19 6:00,8063,8924,97,764,1.208,0.004,108.973,331.52,8.959,0.027,-0.117,1.539
2019/3/19 7:00,8504,9187,208,475,1.203,0.004,229.688,540.397,8.974,0.021,1.736,1.581
2019/3/19 8:00,8452,9157,293,412,1.198,0.004,331.542,711.363,8.968,0.017,3.261,1.751
2019/3/19 9:00,8456,9052,356,240,1.195,0.004,411.845,832.825,8.932,0.009,4.183,1.872
2019/3/19 10:00,8491,9114,426,197,1.193,0.003,453.867,896.583,8.855,0.004,4.811,1.916
2019/3/19 11:00,8378,8985,408,199,1.191,0.003,484.403,898.174,8.744,0.004,5.34,1.947
2019/3/19 12:00,8351,8996,350,295,1.189,0.003,466.958,837.606,8.629,0.003,5.638,1.976
2019/3/19 13:00,8225,8922,282,415,1.188,0.003,388.831,719.029,8.536,0.004,5.626,1.987
2019/3/19 14:00,7947,8794,212,635,1.188,0.003,279.282,550.569,8.476,0.004,5.289,1.939
2019/3/19 15:00,8166,8776,132,478,1.189,0.004,154.545,343.649,8.45,0.004,4.595,1.629
2019/3/19 16:00,8471,8852,57,324,1.192,0.004,40.725,113.514,8.446,0.003,2.764,0.875
2019/3/19 17:00,8893,9245,14,338,1.195,0.004,0.224,0.929,8.45,0.004,0.915,0.931
2019/3/19 18:00,8597,9039,0,442,1.198,0.003,0,0,8.454,0.004,0.249,0.992
2019/3/19 19:00,7782,8405,0,623,1.201,0.003,0,0,8.46,0.005,-0.305,1.031
2019/3/19 20:00,6871,7736,0,865,1.204,0.003,0,0,8.466,0.005,-0.889,1.044
2019/3/19 21:00,6515,7409,0,894,1.207,0.003,0,0,8.471,0.004,-1.337,1.046
2019/3/19 22:00,6017,6891,0,874,1.208,0.003,0,0,8.475,0.004,-1.668,1.036
2019/3/19 23:00,5800,6581,0,781,1.21,0.003,0,0,8.478,0.003,-1.95,1.006
2019/3/20 0:00,5478,6360,0,882,1.212,0.003,0,0,8.481,0.003,-2.19,0.97
2019/3/20 1:00,5390,6285,0,895,1.213,0.003,0,0,8.484,0.003,-2.473,0.94
2019/3/20 2:00,5357,6195,0,838,1.214,0.003,0,0,8.487,0.002,-2.717,0.926
2019/3/20 3:00,5666,6360,0,694,1.216,0.003,0,0,8.489,0.002,-2.983,0.91
2019/3/20 4:00,6431,7015,0,584,1.218,0.003,0.029,0.139,8.49,0.001,-3.251,0.903
2019/3/20 5:00,7464,8030,27,539,1.22,0.003,53.129,108.07,8.491,0.001,-2.504,0.988
2019/3/20 6:00,8408,8870,114,348,1.218,0.003,214.886,338.338,8.491,0,0,1.5
2019/3/20 7:00,8541,8981,245,195,1.211,0.003,387.497,547.127,8.481,0,2.421,1.738
2019/3/20 8:00,8438,8919,345,136,1.206,0.003,520.063,718.024,8.452,0,4.002,1.945
2019/3/20 9:00,8387,8955,411,157,1.203,0.003,604.803,839.452,8.396,0,5.013,1.987
2019/3/20 10:00,8253,9039,482,304,1.201,0.003,670.454,903.109,8.313,0,5.871,1.938
2019/3/20 11:00,7788,8792,516,488,1.198,0.003,681.745,904.721,8.217,0,6.532,1.871
2019/3/20 12:00,7553,8705,513,639,1.195,0.003,635.1,844.237,8.131,0,6.908,1.84
2019/3/20 13:00,7407,8582,465,710,1.193,0.003,540.569,725.719,8.063,0,6.966,1.837
2019/3/20 14:00,7401,8514,380,733,1.193,0.003,396.961,557.298,8.018,0,6.604,1.823
2019/3/20 15:00,7705,8453,236,512,1.194,0.003,224.081,350.497,7.994,0,5.748,1.529
2019/3/20 16:00,8198,8662,99,365,1.196,0.004,59.672,120.048,7.988,0,3.299,0.77
2019/3/20 17:00,8826,9182,24,332,1.198,0.003,0.42,1.233,7.988,0,1.474,0.945
2019/3/20 18:00,8828,9055,0,227,1.201,0.003,0,0,7.988,0,0.903,0.963
2019/3/20 19:00,8336,8475,0,139,1.204,0.003,0,0,7.988,0,0.491,0.942
2019/3/20 20:00,7650,7810,0,160,1.206,0.003,0,0,7.988,0,0.076,0.919
2019/3/20 21:00,7387,7543,0,156,1.207,0.003,0,0,7.989,0.001,-0.433,0.962
2019/3/20 22:00,6872,7034,0,162,1.208,0.003,0,0,7.99,0.001,-1.041,0.994
2019/3/20 23:00,6558,6757,0,199,1.21,0.003,0,0,7.991,0,-1.572,0.993
2019/3/21 0:00,6289,6512,0,223,1.211,0.003,0,0,7.991,0,-1.907,0.998
2019/3/21 1:00,6169,6422,0,253,1.212,0.003,0,0,7.992,0,-2.179,0.991
2019/3/21 2:00,6097,6351,0,254,1.213,0.003,0,0,7.992,0,-2.398,0.975
2019/3/21 3:00,6311,6523,0,212,1.214,0.003,0,0,7.993,0,-2.676,0.956
2019/3/21 4:00,7023,7201,0,178,1.216,0.003,0.076,0.323,7.993,0,-2.999,0.94
2019/3/21 5:00,7943,8136,27,166,1.217,0.003,61.823,114.537,7.993,0,-2.22,0.838
2019/3/21 6:00,8675,8904,118,111,1.216,0.003,234.326,345.162,7.993,0,0.87,1.172
2019/3/21 7:00,8672,8963,258,33,1.208,0.003,411.552,553.86,7.985,0,3.613,1.088
2019/3/21 8:00,8386,8770,379,5,1.2,0.003,561.309,724.612,7.956,0,5.953,1.151
2019/3/21 9:00,8266,8742,472,4,1.195,0.003,667.243,846.006,7.897,0,7.596,1.195
2019/3/21 10:00,8121,8712,587,4,1.19,0.003,722.203,909.613,7.823,0,8.849,1.159
2019/3/21 11:00,7855,8483,624,4,1.185,0.003,719.343,911.22,7.735,0,9.758,1.086
2019/3/21 12:00,7762,8372,606,4,1.181,0.004,658.737,850.772,7.647,0,10.323,1.012
2019/3/21 13:00,7805,8352,543,4,1.178,0.004,541.045,732.335,7.565,0,10.456,0.978
2019/3/21 14:00,7872,8313,436,5,1.177,0.004,372.2,564.009,7.496,0,10.101,0.946
2019/3/21 15:00,8023,8296,266,7,1.177,0.004,203.055,357.309,7.458,0,9.049,0.822
2019/3/21 16:00,8403,8520,109,8,1.179,0.004,59.17,126.68,7.45,0,6.716,0.763
2019/3/21 17:00,9015,9049,26,8,1.181,0.004,0.563,1.619,7.449,0,4.868,0.957
2019/3/21 18:00,8916,8924,0,8,1.184,0.003,0,0,7.449,0,4.11,1.006
2019/3/21 19:00,8368,8372,0,4,1.186,0.003,0,0,7.449,0,3.445,1.052
2019/3/21 20:00,7672,7679,0,7,1.187,0.003,0,0,7.449,0,2.804,1.06
2019/3/21 21:00,7390,7409,0,19,1.188,0.003,0,0,7.449,0,2.296,1.094
2019/3/21 22:00,6877,6914,0,37,1.189,0.003,0,0,7.45,0,1.983,1.124
2019/3/21 23:00,6583,6616,0,33,1.189,0.003,0,0,7.45,0,1.871,1.114
2019/3/22 0:00,6372,6390,0,18,1.189,0.003,0,0,7.45,0,1.77,1.081
2019/3/22 1:00,6244,6261,0,17,1.19,0.003,0,0,7.45,0,1.673,1.06
2019/3/22 2:00,6162,6182,0,20,1.191,0.003,0,0,7.45,0,1.459,1.07
2019/3/22 3:00,6312,6327,0,15,1.192,0.003,0,0,7.45,0,1.151,1.092
2019/3/22 4:00,6982,6994,0,12,1.194,0.003,0.148,0.614,7.45,0,0.872,1.08
2019/3/22 5:00,7900,7953,34,19,1.195,0.003,63.381,121.073,7.45,0,1.394,0.954
2019/3/22 6:00,8492,8661,134,35,1.195,0.004,229.939,351.973,7.448,0,4.229,0.96
2019/3/22 7:00,8453,8749,278,18,1.19,0.004,400.392,560.479,7.44,0,6.933,0.857
2019/3/22 8:00,8207,8612,396,9,1.179,0.004,548.305,731.225,7.412,0,9.804,0.977
2019/3/22 9:00,8039,8537,490,8,1.172,0.004,657.057,852.482,7.358,0,11.637,1.128
2019/3/22 10:00,7864,8477,599,14,1.167,0.005,708.501,916.084,7.272,0,12.968,1.154
2019/3/22 11:00,7522,8179,641,16,1.163,0.005,698.34,917.663,7.113,0,13.869,1.311
2019/3/22 12:00,7332,7978,624,22,1.159,0.005,630.925,857.236,6.933,0,14.295,1.526
2019/3/22 13:00,7272,7870,556,42,1.158,0.005,519.852,738.878,6.776,0,14.283,1.648
2019/3/22 14:00,7321,7809,448,40,1.157,0.005,379.796,570.623,6.661,0,13.852,1.572
2019/3/22 15:00,7545,7849,278,26,1.158,0.006,220.492,364.075,6.597,0,12.792,1.151
2019/3/22 16:00,7967,8101,117,17,1.159,0.006,64.308,133.404,6.583,0,10.349,0.776
2019/3/22 17:00,8560,8636,28,48,1.161,0.005,0.65,2.101,6.583,0,8.819,0.816
2019/3/22 18:00,8316,8447,0,131,1.164,0.005,0,0,6.582,0,8.248,0.738
2019/3/22 19:00,7690,7838,0,148,1.166,0.005,0,0,6.582,0,7.62,0.763
2019/3/22 20:00,7034,7222,0,188,1.168,0.005,0,0,6.582,0,6.929,0.836
2019/3/22 21:00,6786,7027,0,241,1.17,0.005,0,0,6.582,0,6.016,0.966
2019/3/22 22:00,6309,6556,0,247,1.173,0.005,0,0,6.582,0,5.182,1.055
2019/3/22 23:00,5997,6215,0,218,1.175,0.005,0,0,6.582,0,4.68,1.038
2019/3/23 0:00,5810,5937,0,127,1.177,0.004,0,0,6.582,0,4.419,0.948
2019/3/23 1:00,5710,5832,0,122,1.178,0.004,0,0,6.582,0,4.173,0.889
2019/3/23 2:00,5554,5672,0,118,1.18,0.004,0,0,6.582,0,3.894,0.936
2019/3/23 3:00,5652,5729,0,77,1.181,0.004,0,0,6.582,0,3.647,0.938
2019/3/23 4:00,5954,6009,0,55,1.183,0.004,0.175,1.024,6.582,0,3.438,1.028
2019/3/23 5:00,6224,6302,37,41,1.184,0.004,55.391,127.673,6.583,0,3.838,1.007
2019/3/23 6:00,6645,6808,133,30,1.183,0.005,201.562,358.729,6.582,0,6.04,0.86
2019/3/23 7:00,6788,7064,265,11,1.178,0.005,368.554,567.113,6.577,0,8.709,0.649
2019/3/23 8:00,6784,7168,380,4,1.17,0.005,534.459,737.76,6.566,0,11.173,0.479
2019/3/23 9:00,6666,7154,484,4,1.162,0.005,657.699,858.938,6.544,0,13.18,0.581
2019/3/23 10:00,6544,7166,618,4,1.156,0.005,725.916,922.498,6.433,0,14.678,0.705
2019/3/23 11:00,6204,6879,671,4,1.151,0.005,727.183,924.098,6.266,0,15.715,0.775
2019/3/23 12:00,5970,6625,651,4,1.148,0.006,671.899,863.7,6.102,0,16.184,0.768
2019/3/23 13:00,5878,6462,580,4,1.146,0.006,566.59,745.368,5.958,0,16.233,0.758
2019/3/23 14:00,5963,6435,468,4,1.145,0.006,419.897,577.284,5.847,0,15.834,0.767
2019/3/23 15:00,6221,6518,291,6,1.146,0.006,246.8,370.837,5.782,0,14.899,0.678
2019/3/23 16:00,6700,6830,122,8,1.147,0.007,75.739,140.191,5.767,0,12.323,0.686
2019/3/23 17:00,7212,7255,28,15,1.15,0.006,0.943,2.693,5.766,0,10.561,0.937
2019/3/23 18:00,7175,7191,0,16,1.153,0.005,0,0,5.766,0,10.028,0.879
2019/3/23 19:00,6772,6783,0,11,1.156,0.005,0,0,5.766,0,9.399,0.873
2019/3/23 20:00,6332,6345,0,13,1.158,0.005,0,0,5.766,0,8.483,0.992
2019/3/23 21:00,6235,6266,0,31,1.159,0.005,0,0,5.766,0,7.592,1.084
2019/3/23 22:00,5768,5821,0,53,1.16,0.005,0,0,5.766,0,6.92,1.125
2019/3/23 23:00,5458,5534,0,76,1.161,0.005,0,0,5.766,0,6.294,1.145
2019/3/24 0:00,5190,5274,0,84,1.162,0.005,0,0,5.767,0,5.654,1.138
2019/3/24 1:00,5149,5218,0,69,1.164,0.005,0,0,5.767,0,5.121,1.13
2019/3/24 2:00,4974,5077,0,103,1.166,0.005,0,0,5.767,0,4.679,1.137
2019/3/24 3:00,5011,5127,0,116,1.169,0.005,0,0,5.767,0,4.297,1.168
2019/3/24 4:00,5143,5329,0,186,1.172,0.005,0.396,1.564,5.767,0,3.883,1.188
2019/3/24 5:00,5071,5466,40,355,1.175,0.005,64.817,134.321,5.767,0,4.557,1.234
2019/3/24 6:00,5095,5884,140,649,1.175,0.006,215.262,365.471,5.767,0,7.009,1.378
2019/3/24 7:00,5279,6074,272,523,1.169,0.006,379.33,573.707,5.766,0,9.616,1.245
2019/3/24 8:00,5630,6264,382,252,1.16,0.006,531.602,744.221,5.763,0,12.053,1.204
2019/3/24 9:00,5776,6350,472,102,1.154,0.006,637.933,865.348,5.723,0,13.745,1.062
2019/3/24 10:00,5808,6425,578,39,1.148,0.006,704.998,928.814,5.583,0,15.004,0.901
2019/3/24 11:00,5511,6138,618,9,1.144,0.006,714.827,930.48,5.411,0,15.891,0.819
2019/3/24 12:00,5293,5905,604,8,1.14,0.006,656.348,870.09,5.242,0,16.31,0.808
2019/3/24 13:00,5187,5732,538,7,1.138,0.006,547.913,751.841,5.092,0,16.275,0.873
2019/3/24 14:00,5234,5679,437,8,1.137,0.006,398.025,583.873,4.974,0,15.773,0.974
2019/3/24 15:00,5540,5828,277,11,1.138,0.007,225.401,377.553,4.903,0,14.639,0.906
2019/3/24 16:00,5984,6188,119,85,1.14,0.007,65.877,147.037,4.882,0,11.77,0.677
2019/3/24 17:00,6531,6815,28,256,1.144,0.006,0.949,3.424,4.881,0,9.471,0.911
2019/3/24 18:00,6395,6876,0,481,1.148,0.006,0,0,4.882,0,8.639,0.94
2019/3/24 19:00,5994,6613,0,619,1.152,0.006,0,0,4.884,0,7.677,0.976
2019/3/24 20:00,5410,6317,0,907,1.156,0.006,0,0,4.886,0,6.956,1.072
2019/3/24 21:00,5454,6340,0,886,1.16,0.006,0,0,4.888,0,6.459,1.153
2019/3/24 22:00,5352,5988,0,636,1.164,0.006,0,0,4.889,0,5.948,1.166
2019/3/24 23:00,5041,5816,0,775,1.166,0.006,0,0,4.891,0,5.448,1.164
2019/3/25 0:00,4779,5547,0,768,1.169,0.006,0,0,4.893,0,5.215,1.227
2019/3/25 1:00,4784,5458,0,674,1.17,0.006,0,0,4.896,0.001,5.027,1.359
2019/3/25 2:00,4513,5400,0,887,1.172,0.006,0,0,4.899,0.001,4.786,1.455
2019/3/25 3:00,4713,5632,0,919,1.174,0.006,0,0,4.902,0.002,4.523,1.49
2019/3/25 4:00,5700,6433,0,733,1.175,0.005,0.246,2.251,4.907,0.004,4.243,1.395
2019/3/25 5:00,6731,7548,26,791,1.176,0.005,29.942,141.009,4.911,0.005,4.453,1.447
2019/3/25 6:00,7942,8518,92,484,1.175,0.006,113.579,372.178,4.916,0.006,5.524,1.796
2019/3/25 7:00,8106,8896,170,620,1.171,0.005,263.898,580.3,4.914,0.007,6.737,2.216
2019/3/25 8:00,7618,9039,240,1181,1.168,0.005,413.498,750.64,4.908,0.007,7.999,2.635
2019/3/25 9:00,7512,9130,311,1307,1.165,0.005,490.363,871.644,4.893,0.008,8.791,3.034
2019/3/25 10:00,7116,9089,409,1564,1.163,0.005,506.634,935.146,4.861,0.009,9.171,3.372
2019/3/25 11:00,6568,8925,458,1899,1.163,0.004,460.35,936.76,4.826,0.01,9.023,3.612
2019/3/25 12:00,6352,8976,448,2176,1.164,0.004,392.688,876.39,4.81,0.011,8.445,3.806
2019/3/25 13:00,6704,8948,399,1845,1.167,0.004,304.532,758.246,4.803,0.013,7.524,3.911
2019/3/25 14:00,6097,8981,328,2556,1.171,0.004,197.259,590.379,4.805,0.025,6.405,3.818
2019/3/25 15:00,5938,8919,215,2766,1.174,0.004,107.766,384.212,4.827,0.051,5.28,3.55
2019/3/25 16:00,6119,8891,99,2673,1.178,0.004,33.105,153.871,4.863,0.047,4.115,3.093
2019/3/25 17:00,6693,9096,26,2377,1.183,0.004,0.72,4.325,4.893,0.03,2.964,2.717
2019/3/25 18:00,6757,8821,0,2064,1.187,0.004,0,0,4.921,0.042,2.178,2.519
2019/3/25 19:00,6889,8169,0,1280,1.19,0.004,0,0,4.982,0.095,1.646,2.163
2019/3/25 20:00,6725,7536,0,811,1.192,0.004,0,0,5.077,0.116,1.335,1.869
2019/3/25 21:00,6548,7204,0,656,1.193,0.004,0,0,5.188,0.126,1.201,1.76
2019/3/25 22:00,5834,6699,0,865,1.195,0.004,0,0,5.294,0.113,1.045,1.744
2019/3/25 23:00,5131,6419,0,1288,1.196,0.004,0,0,5.388,0.102,0.814,1.691
2019/3/26 0:00,4708,6185,0,1477,1.198,0.004,0,0,5.471,0.093,0.484,1.644
2019/3/26 1:00,4667,6126,0,1459,1.2,0.004,0,0,5.543,0.077,0.11,1.638
2019/3/26 2:00,4485,6049,0,1564,1.202,0.004,0,0,5.599,0.06,-0.249,1.707
2019/3/26 3:00,4592,6269,0,1677,1.204,0.004,0,0,5.641,0.042,-0.584,1.744
2019/3/26 4:00,5141,6962,0,1821,1.205,0.004,0.607,3.097,5.671,0.033,-0.811,1.73
2019/3/26 5:00,6086,7916,33,1797,1.206,0.004,51.053,147.705,5.693,0.023,-0.328,1.947
2019/3/26 6:00,6784,8716,109,1823,1.204,0.004,196.991,378.836,5.708,0.02,1.118,2.566
2019/3/26 7:00,6620,8836,200,2016,1.201,0.003,374.756,586.786,5.712,0.014,2.639,3.016
2019/3/26 8:00,6492,8785,271,2022,1.198,0.003,507.874,756.976,5.696,0.007,3.916,3.145
2019/3/26 9:00,6563,8892,323,2006,1.195,0.003,613.034,877.902,5.654,0.004,4.967,3.178
2019/3/26 10:00,6364,8929,384,2181,1.191,0.003,669.194,941.301,5.594,0.003,5.82,3.185
2019/3/26 11:00,6053,8739,391,2295,1.188,0.003,685.011,942.973,5.521,0.002,6.505,3.195
2019/3/26 12:00,5944,8664,364,2356,1.185,0.003,646.002,882.65,5.439,0.002,6.894,3.234
2019/3/26 13:00,5942,8607,311,2354,1.183,0.003,551.725,764.613,5.368,0.002,6.933,3.264
2019/3/26 14:00,5990,8561,240,2331,1.183,0.003,408.8,596.847,5.318,0.002,6.564,3.231
2019/3/26 15:00,6156,8537,151,2230,1.184,0.003,245.55,390.866,5.294,0.002,5.824,2.978
2019/3/26 16:00,6365,8630,68,2197,1.186,0.004,76.072,160.7,5.287,0.002,4.289,2.166
2019/3/26 17:00,6943,8977,18,2016,1.189,0.004,1.472,5.414,5.289,0.004,2.239,1.767
2019/3/26 18:00,6802,8822,0,2020,1.193,0.004,0,0,5.293,0.004,1.684,1.877
2019/3/26 19:00,6363,8283,0,1920,1.195,0.004,0,0,5.297,0.004,1.263,1.863
2019/3/26 20:00,5613,7588,0,1975,1.198,0.004,0,0,5.301,0.005,0.825,1.795
2019/3/26 21:00,5178,7308,0,2130,1.2,0.004,0,0,5.306,0.005,0.51,1.771
2019/3/26 22:00,4838,6800,0,1962,1.201,0.004,0,0,5.311,0.007,0.423,1.85
2019/3/26 23:00,4498,6498,0,2000,1.202,0.004,0,0,5.321,0.018,0.417,1.941
2019/3/27 0:00,4348,6241,0,1893,1.202,0.004,0,0,5.34,0.03,0.389,1.812
2019/3/27 1:00,4197,6161,0,1964,1.203,0.004,0,0,5.371,0.049,0.434,1.784
2019/3/27 2:00,4310,6082,0,1772,1.203,0.004,0,0,5.418,0.059,0.493,1.792
2019/3/27 3:00,4737,6270,0,1533,1.205,0.004,0,0,5.466,0.052,0.422,1.684
2019/3/27 4:00,5372,6903,0,1531,1.206,0.004,0.26,4.107,5.506,0.045,0.33,1.579
2019/3/27 5:00,6647,7896,20,1229,1.207,0.004,20.762,154.404,5.541,0.039,0.529,1.566
2019/3/27 6:00,7886,8833,76,871,1.206,0.004,83.205,385.446,5.569,0.033,1.352,1.683
2019/3/27 7:00,8319,9087,142,626,1.204,0.004,185.735,593.185,5.585,0.025,2.462,1.917
2019/3/27 8:00,8313,9051,191,547,1.201,0.004,334.838,763.292,5.579,0.02,3.72,2.075
2019/3/27 9:00,8393,9114,240,481,1.198,0.004,502.542,884.114,5.535,0.011,5.021,2.191
2019/3/27 10:00,8332,9166,304,530,1.194,0.004,602.502,947.475,5.46,0.007,6.128,2.2
2019/3/27 11:00,8072,9008,342,594,1.191,0.004,611.339,949.068,5.378,0.005,6.889,2.166
2019/3/27 12:00,7936,8964,350,678,1.188,0.004,584.675,888.825,5.304,0.004,7.386,2.135
2019/3/27 13:00,7841,8915,328,746,1.186,0.004,509.096,770.911,5.244,0.003,7.556,2.108
2019/3/27 14:00,7734,8852,280,838,1.185,0.004,388.529,603.283,5.201,0.003,7.358,2.068
2019/3/27 15:00,7637,8728,186,905,1.186,0.004,228.989,397.467,5.177,0.002,6.674,1.899
2019/3/27 16:00,7465,8679,87,1127,1.188,0.004,72.275,167.486,5.169,0.001,4.919,1.037
2019/3/27 17:00,7654,9015,22,1339,1.191,0.004,1.901,6.699,5.17,0.002,2.381,0.926
2019/3/27 18:00,7395,8807,0,1412,1.195,0.004,0,0,5.172,0.003,1.558,1.023
2019/3/27 19:00,6790,8222,0,1432,1.199,0.004,0,0,5.176,0.003,0.948,1.068
2019/3/27 20:00,6128,7541,0,1413,1.202,0.004,0,0,5.179,0.003,0.403,1.122
2019/3/27 21:00,5971,7317,0,1346,1.204,0.004,0,0,5.183,0.003,0.021,1.163
2019/3/27 22:00,5595,6728,0,1133,1.205,0.004,0,0,5.185,0.002,-0.262,1.172
2019/3/27 23:00,5508,6433,0,925,1.205,0.004,0,0,5.188,0.002,-0.505,1.166
2019/3/28 0:00,5423,6171,0,748,1.205,0.004,0,0,5.19,0.002,-0.676,1.155
2019/3/28 1:00,5444,6092,0,648,1.206,0.004,0,0,5.192,0.002,-0.792,1.15
2019/3/28 2:00,5524,6023,0,499,1.206,0.004,0,0,5.195,0.002,-0.862,1.143
2019/3/28 3:00,5746,6195,0,449,1.207,0.004,0,0,5.197,0.003,-0.925,1.118
2019/3/28 4:00,6355,6872,3,514,1.207,0.004,1.37,5.288,5.2,0.003,-0.994,1.091
2019/3/28 5:00,7237,7855,34,584,1.207,0.004,74.176,161.094,5.203,0.003,0.457,1.213
2019/3/28 6:00,8126,8762,116,520,1.204,0.004,226.633,392.048,5.201,0.001,3.138,1.666
2019/3/28 7:00,8337,8960,226,397,1.195,0.004,394.987,599.606,5.184,0,5.703,1.896
2019/3/28 8:00,8200,8822,294,328,1.19,0.004,538.733,769.585,5.15,0,7.468,1.942
2019/3/28 9:00,8080,8779,331,368,1.186,0.004,623.668,890.292,5.103,0,8.69,1.944
2019/3/28 10:00,8111,8830,364,355,1.182,0.004,653.254,953.606,5.047,0,9.578,1.922
2019/3/28 11:00,7823,8624,346,455,1.179,0.005,626.822,955.159,4.981,0,10.141,1.915
2019/3/28 12:00,7717,8599,296,586,1.177,0.005,571.893,894.986,4.895,0,10.413,1.967
2019/3/28 13:00,7562,8463,240,661,1.175,0.005,487.358,777.126,4.82,0,10.367,2.066
2019/3/28 14:00,7544,8445,187,714,1.175,0.005,341.495,609.676,4.764,0,9.868,2.098
2019/3/28 15:00,7674,8454,122,658,1.176,0.005,193.946,404.024,4.732,0,9.06,1.943
2019/3/28 16:00,8046,8644,57,541,1.178,0.005,69.056,174.247,4.722,0,7.443,1.268
2019/3/28 17:00,8374,8938,16,548,1.181,0.005,2.406,8.18,4.721,0,5.32,1.167
2019/3/28 18:00,8191,8758,0,567,1.184,0.005,0,0,4.721,0,4.622,1.246
2019/3/28 19:00,7548,8152,0,604,1.187,0.005,0,0,4.721,0.001,4.142,1.263
2019/3/28 20:00,6928,7492,0,564,1.19,0.005,0,0,4.722,0.001,3.579,1.213
2019/3/28 21:00,6676,7177,0,501,1.193,0.005,0,0,4.722,0.001,3.037,1.156
2019/3/28 22:00,6108,6662,0,554,1.194,0.005,0,0,4.723,0.001,2.561,1.06
2019/3/28 23:00,5835,6297,0,462,1.196,0.005,0,0,4.723,0.001,2.063,0.983
2019/3/29 0:00,5671,6089,0,418,1.197,0.005,0,0,4.723,0.001,1.583,0.966
2019/3/29 1:00,5592,5980,0,388,1.198,0.005,0,0,4.724,0,1.2,0.968
2019/3/29 2:00,5604,5925,0,321,1.2,0.005,0,0,4.724,0,0.944,0.952
2019/3/29 3:00,5850,6121,0,271,1.201,0.004,0,0,4.725,0,0.673,0.972
2019/3/29 4:00,6475,6782,6,301,1.203,0.004,1.507,6.643,4.725,0,0.458,1.021
2019/3/29 5:00,7385,7678,40,253,1.204,0.004,67.285,167.801,4.725,0,1.555,1.059
2019/3/29 6:00,8152,8430,126,152,1.202,0.005,211.872,398.582,4.724,0,3.757,1.251
2019/3/29 7:00,8263,8558,234,61,1.194,0.005,423.124,605.999,4.716,0,6.371,1.381
2019/3/29 8:00,8110,8471,322,39,1.185,0.005,590.049,775.733,4.7,0,8.841,1.463
2019/3/29 9:00,8015,8495,396,84,1.181,0.004,701.301,896.342,4.672,0,10.296,1.309
2019/3/29 10:00,7868,8481,482,131,1.176,0.004,759.709,959.589,4.598,0,11.36,1.172
2019/3/29 11:00,7417,8120,550,153,1.172,0.004,761.424,961.178,4.466,0,12.194,1.098
2019/3/29 12:00,7172,7895,573,150,1.169,0.005,705.162,901.018,4.314,0,12.712,1.074
2019/3/29 13:00,7090,7760,553,117,1.166,0.005,589.407,783.303,4.179,0,12.796,1.087
2019/3/29 14:00,7103,7708,474,131,1.165,0.005,427.158,615.996,4.067,0,12.367,1.09
2019/3/29 15:00,7331,7720,310,79,1.165,0.005,244.937,410.525,3.997,0,11.484,0.975
2019/3/29 16:00,7718,7902,142,42,1.167,0.006,83.197,180.983,3.977,0,9.386,0.663
2019/3/29 17:00,8271,8352,36,45,1.169,0.005,3.37,9.855,3.976,0,7.304,0.865
2019/3/29 18:00,8289,8349,0,60,1.172,0.004,0,0,3.976,0,6.591,0.884
2019/3/29 19:00,7670,7747,0,77,1.174,0.004,0,0,3.976,0,6.074,0.801
2019/3/29 20:00,7055,7112,0,57,1.175,0.004,0,0,3.977,0,5.642,0.67
2019/3/29 21:00,6882,6916,0,34,1.176,0.004,0,0,3.977,0,4.978,0.758
2019/3/29 22:00,6404,6430,0,26,1.177,0.004,0,0,3.977,0,4.436,0.827
2019/3/29 23:00,6060,6087,0,27,1.178,0.004,0,0,3.977,0,4.01,0.845
2019/3/30 0:00,5782,5822,0,40,1.179,0.004,0,0,3.977,0,3.553,0.842
2019/3/30 1:00,5692,5726,0,34,1.18,0.004,0,0,3.977,0,3.157,0.849
2019/3/30 2:00,5510,5549,0,39,1.182,0.004,0,0,3.978,0,2.856,0.844
2019/3/30 3:00,5576,5606,0,30,1.184,0.004,0,0,3.978,0,2.537,0.803
2019/3/30 4:00,5846,5868,6,16,1.186,0.004,2.643,8.172,3.978,0,2.191,0.767
2019/3/30 5:00,6104,6170,50,16,1.188,0.004,94.443,174.469,3.978,0,2.838,0.661
2019/3/30 6:00,6516,6684,161,7,1.187,0.004,270.399,405.081,3.977,0,5.502,0.663
2019/3/30 7:00,6598,6916,314,4,1.178,0.004,446.694,612.305,3.975,0,8.527,0.768
2019/3/30 8:00,6582,7028,442,4,1.169,0.004,595.989,781.847,3.963,0,11.065,0.965
2019/3/30 9:00,6497,7044,540,7,1.163,0.004,704.313,902.344,3.899,0,12.761,1.07
2019/3/30 10:00,6360,7040,660,20,1.157,0.004,758.932,965.585,3.766,0,14.049,1.163
2019/3/30 11:00,6036,6756,698,22,1.153,0.004,756.365,967.142,3.612,0,14.974,1.234
2019/3/30 12:00,5812,6512,678,22,1.149,0.004,693.707,907.077,3.453,0,15.457,1.271
2019/3/30 13:00,5708,6352,608,36,1.146,0.005,571.738,789.424,3.311,0,15.469,1.255
2019/3/30 14:00,5799,6341,495,47,1.146,0.005,414.947,622.23,3.2,0,15.041,1.21
2019/3/30 15:00,6041,6411,322,48,1.146,0.005,247.139,417.03,3.136,0,14.081,0.998
2019/3/30 16:00,6459,6688,148,81,1.147,0.006,92.895,187.678,3.119,0,11.42,0.727
2019/3/30 17:00,6854,7063,38,171,1.15,0.005,4.122,11.722,3.118,0,8.815,1.019
2019/3/30 18:00,6808,7109,2,299,1.153,0.005,0,0,3.118,0,8,1.047
2019/3/30 19:00,6361,6718,0,357,1.155,0.004,0,0,3.118,0,7.435,0.985
2019/3/30 20:00,5966,6277,0,311,1.157,0.004,0,0,3.118,0,6.889,0.977
2019/3/30 21:00,5897,6164,0,267,1.159,0.004,0,0,3.119,0,6.357,0.99
2019/3/30 22:00,5597,5769,0,172,1.161,0.004,0,0,3.119,0,5.828,0.993
2019/3/30 23:00,5312,5452,0,140,1.162,0.004,0,0,3.119,0,5.404,0.994
2019/3/31 0:00,5174,5235,0,61,1.164,0.004,0,0,3.119,0,4.977,1.007
2019/3/31 1:00,5135,5182,0,47,1.166,0.004,0,0,3.119,0,4.485,1.034
2019/3/31 2:00,5105,5174,1,68,1.168,0.004,0,0,3.119,0,3.881,1.069
2019/3/31 3:00,5178,5273,3,92,1.171,0.004,0,0,3.119,0,3.151,1.118
2019/3/31 4:00,5262,5400,10,128,1.173,0.004,3.236,9.878,3.119,0,2.51,1.187
2019/3/31 5:00,5529,5763,64,170,1.175,0.004,98.133,181.126,3.119,0,3.729,1.306
2019/3/31 6:00,5632,6003,182,189,1.174,0.005,274.591,411.545,3.119,0,6.741,1.548
2019/3/31 7:00,5682,6183,342,159,1.165,0.005,450.806,618.546,3.117,0,9.728,1.462
2019/3/31 8:00,5677,6320,470,173,1.156,0.005,600.787,787.936,3.088,0,12.415,1.492
2019/3/31 9:00,5609,6346,568,169,1.15,0.005,706.52,908.297,3.027,0,14.146,1.522
2019/3/31 10:00,5280,6093,682,131,1.146,0.005,760.982,971.398,2.908,0,15.276,1.482
2019/3/31 11:00,4969,5860,714,177,1.142,0.005,760.576,973.014,2.766,0,15.998,1.457
2019/3/31 12:00,4715,5636,688,233,1.14,0.005,704.369,912.949,2.63,0,16.337,1.469
2019/3/31 13:00,4589,5506,610,307,1.138,0.005,597.721,795.495,2.516,0,16.265,1.506
2019/3/31 14:00,4704,5540,487,349,1.137,0.005,450.517,628.466,2.431,0,15.816,1.51
2019/3/31 15:00,5152,5809,311,346,1.138,0.006,276.758,423.447,2.379,0,14.844,1.276
2019/3/31 16:00,5725,6201,139,337,1.139,0.007,101.784,194.336,2.361,0,12.193,0.808
2019/3/31 17:00,5805,6552,32,715,1.142,0.006,4.706,13.778,2.36,0,9.378,1.155
2019/3/31 18:00,5600,6671,1,1070,1.146,0.006,0,0,2.36,0,8.447,1.412
2019/3/31 19:00,4813,6340,0,1527,1.151,0.006,0,0,2.36,0,7.773,1.627
2019/3/31 20:00,4820,6332,0,1512,1.157,0.006,0,0,2.36,0,7.151,1.818
2019/3/31 21:00,4400,5956,0,1556,1.161,0.006,0,0,2.36,0,6.585,1.877
2019/3/31 22:00,4049,5593,0,1544,1.164,0.006,0,0,2.36,0,5.994,1.788
2019/3/31 23:00,3875,5386,0,1511,1.167,0.005,0,0,2.36,0,5.624,1.787
2019/4/1 0:00,3821,5313,0,1492,1.17,0.005,0,0,2.36,0,5.152,1.779
2019/4/1 1:00,3803,5242,0,1439,1.173,0.005,0,0,2.36,0,4.662,1.765
2019/4/1 2:00,4195,5454,0,1259,1.175,0.005,0,0,2.36,0,4.184,1.764
2019/4/1 3:00,4863,6146,0,1283,1.178,0.005,0,0,2.36,0,3.593,1.745
2019/4/1 4:00,5920,7213,10,1283,1.181,0.005,3.132,11.76,2.36,0,3.007,1.769
2019/4/1 5:00,6830,8072,65,1177,1.183,0.005,84.385,187.767,2.361,0,3.755,2.104
2019/4/1 6:00,7340,8422,176,906,1.18,0.005,243.702,417.945,2.36,0,5.823,2.242
2019/4/1 7:00,7399,8438,327,712,1.173,0.005,418.985,624.738,2.357,0,8.183,2.401
2019/4/1 8:00,7412,8430,438,580,1.166,0.005,572.226,793.928,2.335,0,10.299,2.458
2019/4/1 9:00,7348,8398,525,525,1.161,0.005,687.796,914.199,2.261,0,11.907,2.493
2019/4/1 10:00,7022,8158,626,510,1.156,0.005,742.385,977.26,2.161,0,13.044,2.532
2019/4/1 11:00,6977,8104,625,502,1.152,0.005,743.851,978.822,2.045,0,13.771,2.53
2019/4/1 12:00,6868,8006,567,571,1.15,0.005,681.193,918.845,1.933,0,14.06,2.489
2019/4/1 13:00,6869,7954,478,607,1.148,0.005,577.493,801.465,1.835,0,13.944,2.43
2019/4/1 14:00,6973,7922,380,569,1.148,0.005,434.998,634.641,1.759,0,13.388,2.333
2019/4/1 15:00,7214,8010,255,541,1.149,0.005,266.285,429.832,1.712,0,12.39,2.152
2019/4/1 16:00,7412,8139,119,608,1.152,0.006,102.162,200.962,1.698,0,10.23,1.528
2019/4/1 17:00,7221,8097,28,848,1.157,0.005,5.243,16.02,1.698,0,7.126,1.421
2019/4/1 18:00,6827,7792,2,963,1.163,0.005,0,0,1.698,0,5.837,1.559
2019/4/1 19:00,6416,7222,0,806,1.168,0.005,0,0,1.698,0,4.826,1.491
2019/4/1 20:00,6332,6910,0,578,1.172,0.004,0,0,1.698,0,3.975,1.321
2019/4/1 21:00,5933,6389,0,456,1.174,0.004,0,0,1.698,0,3.354,1.141
2019/4/1 22:00,5634,6036,0,402,1.175,0.004,0,0,1.699,0,2.909,1.021
2019/4/1 23:00,5487,5770,0,283,1.176,0.004,0,0,1.699,0,2.469,0.986
2019/4/2 0:00,5509,5741,0,232,1.177,0.004,0,0,1.699,0,2.086,1.016
2019/4/2 1:00,5407,5653,0,246,1.177,0.004,0,0,1.699,0,1.712,1.032
2019/4/2 2:00,5266,5818,0,552,1.178,0.004,0,0,1.699,0,1.382,1.011
2019/4/2 3:00,5378,6460,0,1082,1.179,0.004,0,0,1.7,0,1.181,0.981
2019/4/2 4:00,6332,7534,11,1191,1.179,0.004,4.418,13.818,1.7,0,1.084,0.973
2019/4/2 5:00,7084,8297,66,1147,1.179,0.004,97.725,194.355,1.7,0,2.879,1.174
2019/4/2 6:00,7314,8506,179,1013,1.175,0.004,261.204,424.303,1.701,0,5.828,1.768
2019/4/2 7:00,7023,8452,333,1096,1.166,0.004,420.109,630.832,1.698,0,8.597,2.24
2019/4/2 8:00,6602,8432,453,1377,1.155,0.005,549.701,799.89,1.663,0,11.246,2.491
2019/4/2 9:00,6376,8417,548,1493,1.147,0.005,643.406,919.999,1.597,0,13.262,2.606
2019/4/2 10:00,6009,8174,657,1508,1.141,0.005,691.389,982.97,1.506,0,14.674,2.616
2019/4/2 11:00,5900,8095,684,1511,1.137,0.005,678.621,984.558,1.408,0,15.55,2.598
2019/4/2 12:00,5621,8004,649,1734,1.134,0.006,605.024,924.615,1.323,0,15.877,2.597
2019/4/2 13:00,5467,7938,572,1899,1.132,0.006,483.841,807.381,1.254,0,15.69,2.618
2019/4/2 14:00,5428,7926,455,2043,1.131,0.006,337.436,640.762,1.207,0,15.134,2.551
2019/4/2 15:00,5788,8000,298,1914,1.132,0.006,195.902,436.155,1.181,0,14.095,2.231
2019/4/2 16:00,6144,8152,143,1865,1.135,0.007,73.453,207.541,1.173,0,11.953,1.661
2019/4/2 17:00,6155,8065,40,1870,1.138,0.006,4.087,18.445,1.173,0,9.46,1.483
2019/4/2 18:00,6035,7808,4,1769,1.142,0.006,0,0,1.174,0.001,8.496,1.504
2019/4/2 19:00,5415,7258,0,1843,1.146,0.006,0,0,1.175,0.001,7.859,1.482
2019/4/2 20:00,4931,6949,0,2018,1.148,0.006,0,0,1.176,0.001,7.35,1.425
2019/4/2 21:00,4417,6422,0,2005,1.15,0.006,0,0,1.179,0.001,6.94,1.386
2019/4/2 22:00,4197,5967,0,1770,1.151,0.006,0,0,1.182,0.002,6.598,1.373
2019/4/2 23:00,4153,5713,0,1560,1.152,0.006,0,0,1.185,0.002,6.339,1.364
2019/4/3 0:00,4167,5613,0,1446,1.152,0.005,0,0,1.188,0.002,6.068,1.359
2019/4/3 1:00,4218,5601,0,1383,1.153,0.005,0,0,1.19,0.002,5.817,1.421
2019/4/3 2:00,4376,5764,0,1388,1.154,0.005,0,0,1.193,0.002,5.565,1.465
2019/4/3 3:00,4804,6355,0,1551,1.155,0.005,0,0,1.194,0.002,5.297,1.503
2019/4/3 4:00,5734,7384,14,1636,1.156,0.005,3.073,16.055,1.195,0.001,5.042,1.511
2019/4/3 5:00,6467,8160,70,1623,1.157,0.006,56.521,200.93,1.196,0.001,5.803,1.619
2019/4/3 6:00,6634,8359,182,1543,1.156,0.006,156.917,430.628,1.197,0.001,7.513,1.876
2019/4/3 7:00,6362,8305,332,1611,1.15,0.006,277.398,636.883,1.19,0.001,9.437,2.178
2019/4/3 8:00,6087,8284,446,1751,1.143,0.006,405.015,805.778,1.157,0.001,11.368,2.571
2019/4/3 9:00,5881,8253,532,1840,1.138,0.006,510.064,925.747,1.107,0,12.79,2.831
2019/4/3 10:00,5391,7997,630,1976,1.134,0.006,617.91,988.66,1.047,0,13.995,3.042
2019/4/3 11:00,5087,7940,641,2212,1.13,0.006,634.583,990.221,0.986,0.001,14.822,3.163
2019/4/3 12:00,4951,7836,598,2287,1.126,0.006,587.603,930.407,0.929,0.001,15.218,3.238
2019/4/3 13:00,4925,7769,518,2326,1.125,0.006,505.603,813.209,0.877,0.001,15.192,3.269
2019/4/3 14:00,4918,7743,402,2423,1.124,0.006,393.815,646.783,0.836,0.001,14.737,3.227
2019/4/3 15:00,5178,7868,262,2428,1.125,0.006,246.252,442.438,0.808,0.002,13.722,2.949
2019/4/3 16:00,5537,8045,134,2374,1.129,0.006,97.252,214.094,0.797,0.002,11.92,2.392
2019/4/3 17:00,5491,7962,45,2426,1.134,0.006,6.24,21.051,0.797,0.004,9.614,2.008
2019/4/3 18:00,5264,7714,8,2442,1.139,0.006,0,0,0.801,0.008,8.365,1.819
2019/4/3 19:00,4662,7138,0,2476,1.143,0.006,0,0,0.808,0.009,7.463,1.655
2019/4/3 20:00,4382,6848,0,2466,1.146,0.006,0,0,0.816,0.009,6.729,1.543
2019/4/3 21:00,3884,6341,0,2457,1.148,0.006,0,0,0.824,0.01,6.048,1.497
2019/4/3 22:00,3434,5978,0,2544,1.151,0.006,0,0,0.833,0.01,5.441,1.535
2019/4/3 23:00,3173,5746,0,2573,1.153,0.006,0,0,0.842,0.01,4.899,1.605
2019/4/4 0:00,3076,5657,0,2581,1.155,0.006,0,0,0.851,0.011,4.427,1.662
2019/4/4 1:00,3192,5655,0,2463,1.156,0.005,0,0,0.86,0.01,4.078,1.721
2019/4/4 2:00,3445,5798,0,2353,1.157,0.005,0,0,0.869,0.01,3.869,1.809
2019/4/4 3:00,4005,6378,0,2373,1.157,0.005,0,0,0.878,0.01,3.732,1.846
2019/4/4 4:00,4963,7397,14,2420,1.157,0.005,4.735,18.471,0.887,0.011,3.808,1.938
2019/4/4 5:00,5787,8191,69,2335,1.155,0.006,90.915,207.457,0.896,0.011,5.272,2.297
2019/4/4 6:00,6099,8406,172,2135,1.15,0.006,248.907,436.891,0.903,0.012,7.488,2.682
2019/4/4 7:00,5859,8333,308,2166,1.14,0.006,397.883,642.957,0.889,0.013,10.013,3.31
2019/4/4 8:00,5496,8318,402,2420,1.133,0.006,522.723,811.599,0.854,0.016,11.955,3.753
2019/4/4 9:00,5285,8307,468,2554,1.129,0.006,613.216,931.404,0.817,0.037,13.158,4.006
2019/4/4 10:00,4872,8044,542,2630,1.127,0.006,638.107,994.208,0.787,0.037,13.799,4.116
2019/4/4 11:00,4731,7957,555,2671,1.125,0.006,622.134,995.765,0.784,0.064,14.155,4.144
2019/4/4 12:00,4745,7874,520,2609,1.124,0.006,580.317,936.011,0.811,0.075,14.295,4.079
2019/4/4 13:00,4785,7815,454,2576,1.123,0.006,501.863,819.022,0.859,0.084,14.164,3.905
2019/4/4 14:00,4949,7803,358,2496,1.124,0.006,374.841,652.768,0.923,0.088,13.655,3.652
2019/4/4 15:00,5252,7898,242,2404,1.125,0.006,218.61,448.66,0.994,0.079,12.764,3.223
2019/4/4 16:00,5657,8076,132,2287,1.127,0.006,84.533,220.577,1.071,0.088,11.312,2.518
2019/4/4 17:00,5802,8018,48,2168,1.131,0.006,5.322,23.838,1.169,0.109,9.369,1.971
2019/4/4 18:00,5585,7734,8,2141,1.135,0.006,0,0,1.3,0.146,8.335,1.766
2019/4/4 19:00,4992,7144,0,2152,1.138,0.006,0,0,1.428,0.112,7.624,1.633
2019/4/4 20:00,4643,6833,0,2190,1.142,0.006,0,0,1.523,0.082,6.881,1.491
2019/4/4 21:00,4227,6361,0,2134,1.145,0.006,0,0,1.605,0.085,6.285,1.332
2019/4/4 22:00,4327,6097,0,1770,1.148,0.006,0,0,1.692,0.093,5.633,1.182
2019/4/4 23:00,4403,5841,0,1438,1.151,0.006,0,0,1.775,0.079,5.117,1.065
2019/4/5 0:00,4855,5807,0,952,1.152,0.006,0,0,1.841,0.057,4.793,0.964
2019/4/5 1:00,4771,5718,0,947,1.153,0.006,0,0,1.887,0.039,4.465,0.874
2019/4/5 2:00,4834,5851,0,1017,1.155,0.006,0,0,1.919,0.027,4.201,0.856
2019/4/5 3:00,5405,6446,0,1041,1.157,0.006,0,0,1.943,0.022,3.971,0.854
2019/4/5 4:00,6335,7478,10,1133,1.159,0.005,4.622,21.064,1.961,0.017,3.86,0.943
2019/4/5 5:00,7054,8184,54,1076,1.16,0.006,57.111,213.942,1.976,0.014,4.906,1.335
2019/4/5 6:00,7373,8435,133,929,1.158,0.006,165.163,443.072,1.982,0.01,6.243,1.688
2019/4/5 7:00,7342,8434,224,868,1.153,0.006,276.04,648.856,1.964,0.005,7.897,1.963
2019/4/5 8:00,7355,8420,292,773,1.147,0.006,364.784,817.338,1.891,0.002,9.494,2.352
2019/4/5 9:00,7177,8374,346,851,1.143,0.006,413.384,936.991,1.742,0.002,10.522,2.676
2019/4/5 10:00,6473,8100,412,1215,1.14,0.006,415.151,999.72,1.564,0.002,11.032,2.858
2019/4/5 11:00,6179,7912,382,1351,1.139,0.006,401.268,1001.263,1.387,0.002,11.345,2.891
2019/4/5 12:00,6025,7779,306,1448,1.138,0.006,354.293,941.613,1.228,0.001,11.417,2.817
2019/4/5 13:00,5964,7696,255,1477,1.138,0.006,278.983,824.737,1.103,0.001,11.129,2.63
2019/4/5 14:00,6426,7644,195,1023,1.14,0.006,189.078,658.691,1.018,0.001,10.441,2.257
2019/4/5 15:00,7078,7748,124,546,1.143,0.006,113.454,454.843,0.966,0.001,9.519,1.759
2019/4/5 16:00,7554,7859,65,240,1.146,0.007,48.082,227.039,0.943,0.002,8.432,1.194
2019/4/5 17:00,7541,7790,24,225,1.15,0.006,5.114,26.8,0.939,0.002,7.172,0.732
2019/4/5 18:00,7341,7533,4,188,1.152,0.006,0,0,0.941,0.004,6.508,0.692
2019/4/5 19:00,6832,6989,0,157,1.154,0.006,0,0,0.945,0.004,6.076,0.764
2019/4/5 20:00,6563,6730,0,167,1.155,0.006,0,0,0.947,0.003,5.707,0.796
2019/4/5 21:00,5975,6275,0,300,1.156,0.006,0,0,0.949,0.001,5.609,0.908
2019/4/5 22:00,5684,5894,0,210,1.156,0.006,0,0,0.949,0.001,5.429,0.969
2019/4/5 23:00,5469,5611,0,142,1.157,0.006,0,0,0.949,0.001,5.236,1.032
2019/4/6 0:00,5265,5495,0,230,1.158,0.006,0,0,0.949,0,5.009,1.059
2019/4/6 1:00,5119,5338,0,219,1.159,0.006,0,0,0.949,0,4.804,1.028
2019/4/6 2:00,5164,5356,0,192,1.161,0.006,0,0,0.949,0,4.694,1.047
2019/4/6 3:00,5367,5605,0,238,1.162,0.006,0,0,0.949,0,4.508,1.075
2019/4/6 4:00,5761,5979,10,208,1.164,0.005,3.927,23.833,0.949,0,4.3,1.153
2019/4/6 5:00,6168,6390,54,168,1.165,0.005,58.701,220.391,0.949,0,4.626,1.325
2019/4/6 6:00,6477,6740,146,117,1.164,0.006,173.076,449.215,0.943,0,5.656,1.534
2019/4/6 7:00,6506,6897,274,117,1.159,0.005,389.79,654.752,0.918,0,7.556,1.715
2019/4/6 8:00,6373,6886,364,149,1.152,0.005,584.753,823.023,0.877,0,9.684,1.809
2019/4/6 9:00,6195,6869,432,242,1.147,0.005,695.44,942.476,0.825,0,11.241,1.862
2019/4/6 10:00,5845,6585,502,238,1.143,0.005,760.97,1005.154,0.761,0,12.352,1.913
2019/4/6 11:00,5681,6418,524,213,1.14,0.005,767.536,1006.691,0.701,0,13.14,1.967
2019/4/6 12:00,5506,6255,499,250,1.137,0.005,711.211,947.09,0.651,0,13.543,1.979
2019/4/6 13:00,5431,6179,442,306,1.135,0.005,608.207,830.393,0.612,0,13.574,1.948
2019/4/6 14:00,5531,6219,346,342,1.135,0.005,466.871,664.574,0.583,0,13.194,1.912
2019/4/6 15:00,5851,6447,236,360,1.135,0.005,299.678,460.948,0.564,0,12.353,1.864
2019/4/6 16:00,6101,6593,137,355,1.138,0.006,126.286,233.442,0.557,0,10.677,1.481
2019/4/6 17:00,6203,6623,62,358,1.143,0.006,11.149,29.936,0.555,0,7.558,1.147
2019/4/6 18:00,6117,6538,14,407,1.149,0.005,0,0,0.555,0,6.158,1.215
2019/4/6 19:00,5654,6135,0,481,1.153,0.005,0,0,0.555,0,5.337,1.169
2019/4/6 20:00,5397,6007,0,610,1.155,0.005,0,0,0.556,0.001,4.673,1.074
2019/4/6 21:00,4892,5610,0,718,1.157,0.005,0,0,0.556,0.001,4.138,1
2019/4/6 22:00,4586,5320,0,734,1.158,0.005,0,0,0.557,0.001,3.757,0.967
2019/4/6 23:00,4323,5049,0,726,1.16,0.005,0,0,0.558,0.001,3.453,0.956
2019/4/7 0:00,4315,5016,0,701,1.161,0.005,0,0,0.558,0.001,3.113,0.947
2019/4/7 1:00,4139,4832,0,693,1.162,0.005,0,0,0.559,0,2.801,0.962
2019/4/7 2:00,4052,4829,0,777,1.163,0.005,0,0,0.559,0,2.547,0.972
2019/4/7 3:00,4014,4990,0,976,1.165,0.005,0,0,0.559,0,2.335,0.984
2019/4/7 4:00,3921,5164,16,1227,1.167,0.005,7.609,26.773,0.559,0,2.344,1.051
2019/4/7 5:00,4117,5522,74,1331,1.167,0.005,81.302,226.784,0.559,0,3.775,1.43
2019/4/7 6:00,4553,5859,183,1123,1.163,0.005,200.558,455.321,0.559,0,5.652,1.602
2019/4/7 7:00,4821,6079,330,928,1.155,0.005,325.446,660.565,0.556,0,8.026,1.868
2019/4/7 8:00,4935,6182,448,799,1.147,0.005,432.624,828.605,0.551,0,10.097,2.111
2019/4/7 9:00,5040,6314,537,737,1.142,0.005,529.31,947.94,0.542,0,11.664,2.175
2019/4/7 10:00,4538,6049,642,869,1.137,0.006,625.604,1010.478,0.528,0,13.039,2.147
2019/4/7 11:00,4216,5800,677,907,1.133,0.006,661.217,1012.078,0.507,0,14.138,2.066
2019/4/7 12:00,4215,5636,655,766,1.129,0.006,648.844,952.542,0.486,0,14.849,2.006
2019/4/7 13:00,4365,5606,580,661,1.127,0.006,558.582,835.964,0.467,0,14.981,2.029
2019/4/7 14:00,4704,5689,426,559,1.127,0.006,412.508,670.327,0.453,0,14.529,2.033
2019/4/7 15:00,5228,5965,275,462,1.128,0.006,235.027,467.001,0.444,0.001,13.555,1.822
2019/4/7 16:00,5641,6216,161,414,1.131,0.007,90.933,239.808,0.442,0.001,11.771,1.121
2019/4/7 17:00,5837,6354,80,437,1.135,0.007,7.755,33.241,0.446,0.007,9.125,0.896
2019/4/7 18:00,5871,6423,20,532,1.139,0.006,0,0,0.457,0.011,8.129,0.935
2019/4/7 19:00,5528,6125,0,597,1.143,0.006,0,0,0.467,0.01,7.618,0.907
2019/4/7 20:00,5557,6098,0,541,1.145,0.006,0,0,0.476,0.008,7.172,0.844
2019/4/7 21:00,5314,5741,0,427,1.147,0.006,0,0,0.484,0.008,6.738,0.802
2019/4/7 22:00,5145,5508,0,363,1.148,0.006,0,0,0.493,0.009,6.362,0.795
2019/4/7 23:00,5062,5306,0,244,1.149,0.006,0,0,0.504,0.011,5.975,0.832
2019/4/8 0:00,5088,5227,0,139,1.151,0.006,0,0,0.514,0.01,5.635,0.843
2019/4/8 1:00,4979,5152,0,173,1.152,0.006,0,0,0.522,0.006,5.369,0.833
2019/4/8 2:00,5163,5350,0,187,1.153,0.006,0,0,0.527,0.004,5.25,0.805
2019/4/8 3:00,5912,6089,0,177,1.155,0.006,0,0,0.532,0.007,5.232,0.751
2019/4/8 4:00,7036,7267,10,221,1.156,0.006,6.98,29.883,0.54,0.01,5.253,0.682
2019/4/8 5:00,7758,8056,50,248,1.157,0.006,70.992,233.135,0.55,0.014,6.376,0.868
2019/4/8 6:00,8062,8340,121,157,1.156,0.006,176.713,461.339,0.563,0.018,7.818,1.198
2019/4/8 7:00,8079,8345,206,60,1.15,0.006,290.431,666.337,0.573,0.018,9.657,1.336
2019/4/8 8:00,7986,8361,265,110,1.144,0.006,388.765,834.099,0.575,0.015,11.267,1.577
2019/4/8 9:00,7826,8360,310,224,1.141,0.007,435.33,953.346,0.566,0.01,12.167,1.673
2019/4/8 10:00,7443,8100,363,294,1.139,0.007,461.387,1015.811,0.545,0.006,12.846,1.702
2019/4/8 11:00,7302,8042,394,346,1.137,0.007,452.539,1017.332,0.52,0.005,13.33,1.697
2019/4/8 12:00,7107,7925,394,424,1.135,0.007,408.662,957.838,0.498,0.004,13.557,1.689
2019/4/8 13:00,6808,7846,364,674,1.134,0.007,343.42,841.444,0.48,0.003,13.543,1.681
2019/4/8 14:00,6611,7801,292,898,1.134,0.007,254.561,676.051,0.466,0.003,13.236,1.657
2019/4/8 15:00,6591,7900,204,1105,1.134,0.007,153.032,473.019,0.458,0.004,12.591,1.456
2019/4/8 16:00,6644,7984,126,1214,1.136,0.007,60.521,246.113,0.459,0.007,11.298,1.027
2019/4/8 17:00,6600,7950,64,1286,1.139,0.007,6.067,36.707,0.466,0.012,9.515,1.002
2019/4/8 18:00,6259,7698,17,1422,1.143,0.007,0,0,0.476,0.011,8.746,1.152
2019/4/8 19:00,5654,7150,0,1496,1.146,0.007,0,0,0.487,0.012,8.268,1.259
2019/4/8 20:00,5306,6806,0,1500,1.148,0.006,0,0,0.497,0.011,7.851,1.368
2019/4/8 21:00,4778,6321,0,1543,1.15,0.006,0,0,0.507,0.01,7.424,1.403
2019/4/8 22:00,4449,6029,0,1580,1.152,0.006,0,0,0.514,0.007,6.973,1.401
2019/4/8 23:00,4199,5764,0,1565,1.154,0.006,0,0,0.519,0.004,6.563,1.416
2019/4/9 0:00,4121,5654,0,1533,1.155,0.006,0,0,0.521,0.002,6.174,1.425
2019/4/9 1:00,4077,5584,0,1507,1.157,0.006,0,0,0.523,0.002,5.803,1.417
2019/4/9 2:00,4125,5750,0,1625,1.158,0.006,0,0,0.524,0.002,5.515,1.475
2019/4/9 3:00,4820,6399,0,1579,1.159,0.006,0,0,0.526,0.002,5.272,1.506
2019/4/9 4:00,5892,7440,16,1532,1.16,0.006,8.24,33.161,0.528,0.002,5.228,1.534
2019/4/9 5:00,6679,8187,75,1433,1.159,0.006,80.893,239.418,0.529,0.002,6.45,1.81
2019/4/9 6:00,6982,8396,184,1230,1.156,0.006,199.011,467.318,0.529,0.002,8.261,1.941
2019/4/9 7:00,7000,8316,322,994,1.148,0.006,330.428,672.019,0.52,0.002,10.593,2.038
2019/4/9 8:00,7100,8302,420,782,1.141,0.006,439.635,839.576,0.503,0.002,12.392,2.184
2019/4/9 9:00,7118,8331,498,715,1.137,0.006,493.658,958.589,0.475,0.002,13.5,2.166
2019/4/9 10:00,6787,8070,592,691,1.134,0.006,591.91,1021.018,0.448,0.001,14.46,2.096
2019/4/9 11:00,6750,7977,594,633,1.131,0.006,629.019,1022.521,0.424,0.001,15.153,2.025
2019/4/9 12:00,6834,7899,538,527,1.129,0.006,584.996,963.189,0.405,0.001,15.422,1.96
2019/4/9 13:00,6938,7857,458,461,1.128,0.006,495.32,846.887,0.391,0.002,15.331,1.902
2019/4/9 14:00,7009,7827,339,479,1.128,0.006,359.919,681.724,0.384,0.003,14.824,1.819
2019/4/9 15:00,7153,7920,220,547,1.129,0.006,206.606,478.952,0.381,0.004,13.906,1.607
2019/4/9 16:00,7253,8062,130,679,1.131,0.007,80.368,252.372,0.383,0.005,12.226,1.025
2019/4/9 17:00,6830,8005,66,1109,1.134,0.007,7.975,40.339,0.39,0.01,10.003,1.057
2019/4/9 18:00,6336,7750,18,1396,1.139,0.006,0,0,0.405,0.022,9.134,1.383
2019/4/9 19:00,5887,7184,0,1297,1.143,0.006,0,0,0.427,0.024,8.47,1.556
2019/4/9 20:00,5700,6887,0,1187,1.147,0.006,0,0,0.448,0.021,7.761,1.577
2019/4/9 21:00,5230,6376,0,1146,1.15,0.006,0,0,0.466,0.016,7.164,1.586
2019/4/9 22:00,4816,5929,0,1113,1.153,0.006,0,0,0.479,0.011,6.601,1.602
2019/4/9 23:00,4688,5683,0,995,1.156,0.006,0,0,0.489,0.009,6.071,1.561
2019/4/10 0:00,4522,5585,0,1063,1.158,0.006,0,0,0.497,0.009,5.693,1.533
2019/4/10 1:00,4480,5575,0,1095,1.16,0.006,0,0,0.507,0.011,5.409,1.432
2019/4/10 2:00,4642,5682,0,1040,1.161,0.006,0,0,0.52,0.014,5.215,1.38
2019/4/10 3:00,5367,6288,0,921,1.163,0.005,0,0,0.534,0.014,4.982,1.466
2019/4/10 4:00,6408,7308,14,886,1.165,0.005,4.914,36.596,0.547,0.012,4.728,1.606
2019/4/10 5:00,7168,8081,60,853,1.167,0.005,43.472,245.669,0.558,0.01,5.036,1.769
2019/4/10 6:00,7556,8341,133,652,1.166,0.006,105.045,473.231,0.563,0.007,5.748,1.904
2019/4/10 7:00,7529,8358,222,607,1.163,0.006,175.114,677.631,0.559,0.005,6.663,1.963
2019/4/10 8:00,7499,8389,269,621,1.16,0.006,243.181,844.988,0.541,0.004,7.566,2.008
2019/4/10 9:00,7540,8407,293,574,1.158,0.006,301.466,963.831,0.512,0.002,8.374,2.059
2019/4/10 10:00,7395,8190,323,472,1.155,0.006,357.193,1026.104,0.472,0.001,9.102,2.13
2019/4/10 11:00,7309,8153,305,539,1.153,0.006,392.335,1027.668,0.432,0.001,9.756,2.188
2019/4/10 12:00,7175,8056,258,623,1.151,0.006,364.861,968.354,0.4,0.002,10.109,2.196
2019/4/10 13:00,6965,7984,210,809,1.15,0.006,296.787,852.247,0.377,0.004,10.099,2.162
2019/4/10 14:00,6886,7913,152,875,1.15,0.006,204.901,687.323,0.363,0.005,9.73,2.116
2019/4/10 15:00,7004,7964,97,863,1.151,0.006,119.307,484.822,0.356,0.007,9.087,2.045
2019/4/10 16:00,6976,8024,56,992,1.154,0.006,48.621,258.567,0.363,0.02,8.198,1.867
2019/4/10 17:00,6730,7913,26,1157,1.157,0.006,5.838,44.132,0.385,0.028,7.084,1.777
2019/4/10 18:00,6038,7653,8,1607,1.161,0.006,0,0,0.41,0.023,6.346,1.975
2019/4/10 19:00,5203,7101,0,1898,1.164,0.006,0,0,0.434,0.025,5.808,2.121
2019/4/10 20:00,4827,6804,0,1977,1.166,0.006,0,0,0.455,0.021,5.347,2.144
2019/4/10 21:00,4265,6315,0,2050,1.168,0.006,0,0,0.472,0.017,5.012,2.116
2019/4/10 22:00,3770,5826,0,2056,1.169,0.005,0,0,0.487,0.015,4.81,2.152
2019/4/10 23:00,3448,5573,0,2125,1.17,0.005,0,0,0.502,0.021,4.598,2.245
2019/4/11 0:00,3443,5540,0,2097,1.172,0.005,0,0,0.517,0.015,4.35,2.358
2019/4/11 1:00,3398,5463,0,2065,1.173,0.005,0,0,0.529,0.012,4.036,2.477
2019/4/11 2:00,3381,5565,0,2184,1.175,0.005,0,0,0.539,0.012,3.64,2.546
2019/4/11 3:00,3975,6196,0,2221,1.177,0.005,0,0,0.552,0.022,3.231,2.537
2019/4/11 4:00,5022,7260,4,2234,1.18,0.005,5.541,40.194,0.582,0.048,2.885,2.533
2019/4/11 5:00,5895,8069,29,2145,1.182,0.005,47.676,251.844,0.645,0.091,2.922,2.737
2019/4/11 6:00,6285,8339,72,1982,1.182,0.004,118.901,479.098,0.737,0.119,3.348,2.931
2019/4/11 7:00,6316,8361,124,1921,1.18,0.004,206.659,683.22,0.818,0.096,4.176,3.08
2019/4/11 8:00,6204,8389,161,2024,1.176,0.005,291.462,850.265,0.856,0.059,5.288,3.155
2019/4/11 9:00,6162,8403,192,2049,1.173,0.005,346.97,968.911,0.849,0.034,6.296,3.194
2019/4/11 10:00,5797,8177,227,2153,1.17,0.005,383.491,1031.134,0.814,0.016,7.128,3.216
2019/4/11 11:00,5615,8124,238,2271,1.168,0.005,379.772,1032.636,0.766,0.011,7.669,3.228
2019/4/11 12:00,5463,8037,220,2354,1.167,0.005,351.392,973.45,0.72,0.009,7.888,3.225
2019/4/11 13:00,5347,7981,188,2446,1.166,0.005,291.384,857.533,0.683,0.008,7.758,3.197
2019/4/11 14:00,5359,7931,141,2431,1.167,0.005,218.646,692.838,0.656,0.007,7.324,3.124
2019/4/11 15:00,5387,7985,90,2508,1.169,0.005,137.473,490.654,0.641,0.006,6.677,2.934
2019/4/11 16:00,5468,8043,52,2523,1.171,0.005,62.987,264.718,0.636,0.005,5.797,2.536
2019/4/11 17:00,5353,7922,26,2543,1.175,0.005,8.552,48.078,0.637,0.004,4.581,2.242
2019/4/11 18:00,5105,7612,7,2500,1.178,0.005,0,0,0.638,0.003,3.756,2.27
2019/4/11 19:00,4467,7012,0,2545,1.182,0.004,0,0,0.642,0.008,3.248,2.318
2019/4/11 20:00,4133,6716,0,2583,1.184,0.004,0,0,0.649,0.009,2.768,2.375
2019/4/11 21:00,3680,6218,0,2538,1.186,0.004,0,0,0.655,0.007,2.328,2.348
2019/4/11 22:00,3603,6086,0,2483,1.188,0.004,0,0,0.66,0.006,1.921,2.287
2019/4/11 23:00,3328,5832,0,2504,1.19,0.004,0,0,0.665,0.006,1.47,2.24
2019/4/12 0:00,3192,5721,0,2529,1.192,0.004,0,0,0.67,0.006,1.054,2.235
2019/4/12 1:00,3153,5625,0,2472,1.194,0.004,0,0,0.675,0.006,0.683,2.229
2019/4/12 2:00,3414,5768,0,2354,1.196,0.004,0,0,0.68,0.007,0.325,2.243
2019/4/12 3:00,4072,6406,0,2334,1.197,0.004,0,0,0.687,0.007,0.008,2.234
2019/4/12 4:00,5174,7463,9,2280,1.198,0.004,10.01,43.946,0.692,0.006,-0.173,2.242
2019/4/12 5:00,5912,8259,46,2301,1.198,0.004,94.293,257.973,0.696,0.004,0.629,2.516
2019/4/12 6:00,6027,8516,108,2381,1.194,0.004,238.377,484.875,0.695,0.003,1.989,2.854
2019/4/12 7:00,5917,8490,175,2398,1.189,0.004,387.397,688.701,0.685,0.003,3.658,3.015
2019/4/12 8:00,6005,8491,224,2262,1.184,0.004,511.722,855.488,0.651,0.001,5.188,3.028
2019/4/12 9:00,6022,8450,262,2166,1.18,0.004,588.111,974.02,0.592,0,6.343,3.006
2019/4/12 10:00,5778,8188,306,2104,1.176,0.004,621.512,1036.084,0.53,0,7.208,2.971
2019/4/12 11:00,5580,8022,324,2118,1.173,0.004,623.567,1037.578,0.473,0,7.851,2.94
2019/4/12 12:00,5384,7888,306,2198,1.171,0.004,580.335,978.515,0.427,0.001,8.178,2.907
2019/4/12 13:00,5343,7805,270,2192,1.17,0.004,486.459,862.742,0.394,0.001,8.099,2.861
2019/4/12 14:00,5324,7755,202,2229,1.17,0.004,367.363,698.273,0.373,0.001,7.638,2.809
2019/4/12 15:00,5463,7870,132,2275,1.172,0.004,232.905,496.403,0.361,0.001,6.828,2.712
2019/4/12 16:00,5692,7964,78,2194,1.175,0.004,107.122,270.806,0.358,0.002,5.665,2.447
2019/4/12 17:00,5676,7841,38,2127,1.179,0.004,15.538,52.174,0.359,0.002,3.894,2.015
2019/4/12 18:00,5406,7535,11,2118,1.184,0.004,0,0.001,0.361,0.003,2.701,2.051
2019/4/12 19:00,4802,6959,0,2157,1.188,0.004,0,0,0.364,0.003,2.058,2.107
2019/4/12 20:00,4453,6698,0,2245,1.191,0.004,0,0,0.367,0.005,1.457,2.055
2019/4/12 21:00,3876,6205,0,2329,1.193,0.004,0,0,0.374,0.012,1.026,1.934
2019/4/12 22:00,3522,5839,0,2317,1.194,0.004,0,0,0.387,0.02,0.715,1.87
2019/4/12 23:00,3383,5539,0,2156,1.194,0.004,0,0,0.403,0.017,0.409,1.846
2019/4/13 0:00,3437,5401,0,1964,1.195,0.004,0,0,0.417,0.016,0.192,1.832
2019/4/13 1:00,3324,5242,0,1918,1.195,0.004,0,0,0.429,0.013,0.023,1.78
2019/4/13 2:00,3396,5258,0,1862,1.196,0.004,0,0,0.44,0.011,-0.133,1.724
2019/4/13 3:00,3697,5508,0,1811,1.196,0.004,0,0,0.449,0.009,-0.274,1.738
2019/4/13 4:00,4159,5875,10,1706,1.197,0.004,10.823,47.848,0.456,0.008,-0.381,1.749
2019/4/13 5:00,4780,6422,50,1592,1.197,0.004,93.689,264.066,0.462,0.007,0.689,2.026
2019/4/13 6:00,5189,6819,118,1512,1.194,0.004,227.039,490.651,0.465,0.004,2.118,2.378
2019/4/13 7:00,5356,7018,201,1461,1.19,0.004,363.91,694.069,0.462,0.003,3.673,2.502
2019/4/13 8:00,5286,7059,260,1513,1.185,0.004,479.365,860.682,0.45,0.001,5.098,2.499
2019/4/13 9:00,5177,7069,306,1586,1.182,0.004,553.206,978.971,0.424,0.001,6.138,2.431
2019/4/13 10:00,4698,6813,356,1759,1.179,0.004,592.382,1040.992,0.392,0,6.923,2.362
2019/4/13 11:00,4562,6613,366,1685,1.176,0.004,583.942,1042.443,0.362,0,7.461,2.309
2019/4/13 12:00,4528,6499,340,1631,1.174,0.004,530.363,983.476,0.337,0,7.673,2.268
2019/4/13 13:00,4650,6449,287,1512,1.173,0.004,450.655,867.89,0.319,0.001,7.585,2.235
2019/4/13 14:00,4921,6470,210,1339,1.173,0.004,342.095,703.688,0.308,0.002,7.152,2.206
2019/4/13 15:00,5290,6654,135,1229,1.174,0.004,218.069,502.106,0.305,0.007,6.407,2.167
2019/4/13 16:00,5572,6788,74,1142,1.176,0.004,95.111,276.842,0.317,0.02,5.291,1.954
2019/4/13 17:00,5665,6718,36,1017,1.18,0.004,12.659,56.413,0.346,0.039,3.481,1.412
2019/4/13 18:00,5526,6574,10,1038,1.185,0.004,0,0.003,0.392,0.054,2.332,1.351
2019/4/13 19:00,5037,6178,0,1141,1.188,0.004,0,0,0.449,0.063,1.808,1.411
2019/4/13 20:00,4921,6072,0,1151,1.191,0.004,0,0,0.511,0.07,1.326,1.398
2019/4/13 21:00,4676,5666,0,990,1.193,0.004,0,0,0.576,0.073,0.978,1.371
2019/4/13 22:00,4524,5375,0,851,1.194,0.004,0,0,0.642,0.07,0.755,1.379
2019/4/13 23:00,4393,5105,0,712,1.194,0.004,0,0,0.706,0.066,0.62,1.396
2019/4/14 0:00,4321,5007,0,686,1.194,0.004,0,0,0.766,0.064,0.57,1.453
2019/4/14 1:00,4128,4859,0,731,1.194,0.004,0,0,0.826,0.063,0.473,1.447
2019/4/14 2:00,4122,4850,0,728,1.194,0.004,0,0,0.887,0.064,0.38,1.444
2019/4/14 3:00,4333,4998,0,665,1.194,0.004,0,0,0.951,0.07,0.291,1.412
2019/4/14 4:00,4527,5163,4,632,1.195,0.004,8.414,51.896,1.016,0.069,0.323,1.414
2019/4/14 5:00,4968,5572,26,578,1.194,0.004,62.12,270.084,1.077,0.064,1.071,1.618
2019/4/14 6:00,5318,5932,61,553,1.192,0.004,138.192,496.259,1.125,0.054,2.07,1.747
2019/4/14 7:00,5589,6214,102,523,1.188,0.004,211.168,699.468,1.149,0.037,3.19,1.811
2019/4/14 8:00,5797,6364,127,440,1.184,0.004,275.745,865.736,1.129,0.023,4.26,1.814
2019/4/14 9:00,5947,6485,146,392,1.181,0.005,334.236,983.822,1.075,0.016,5.18,1.816
2019/4/14 10:00,5769,6290,159,362,1.178,0.005,398.431,1045.785,1.002,0.013,6.078,1.845
2019/4/14 11:00,5548,6045,174,323,1.175,0.005,419.855,1047.307,0.925,0.013,6.832,1.876
2019/4/14 12:00,5333,5856,184,339,1.172,0.005,419.139,988.335,0.859,0.014,7.396,1.877
2019/4/14 13:00,5178,5775,179,418,1.17,0.005,355.978,872.908,0.81,0.015,7.583,1.831
2019/4/14 14:00,5194,5824,147,483,1.169,0.005,269.298,708.974,0.781,0.014,7.444,1.749
2019/4/14 15:00,5484,6080,102,494,1.17,0.005,176.368,507.714,0.768,0.014,7.067,1.613
2019/4/14 16:00,5651,6361,64,646,1.171,0.005,75.317,282.807,0.769,0.014,6.178,1.22
2019/4/14 17:00,5608,6444,33,803,1.174,0.005,10.198,60.792,0.78,0.015,4.836,0.94
2019/4/14 18:00,5502,6469,10,957,1.177,0.005,0.001,0.01,0.795,0.016,4.246,1.034
2019/4/14 19:00,5143,6183,0,1040,1.179,0.005,0,0,0.812,0.02,4.084,1.227
2019/4/14 20:00,5116,6195,0,1079,1.181,0.005,0,0,0.833,0.023,3.845,1.275
2019/4/14 21:00,4862,5811,0,949,1.182,0.005,0,0,0.853,0.021,3.58,1.182
2019/4/14 22:00,4696,5588,0,892,1.183,0.005,0,0,0.871,0.017,3.316,1.116
2019/4/14 23:00,4404,5368,0,964,1.184,0.005,0,0,0.886,0.015,3.007,1.013
2019/4/15 0:00,4756,5294,0,538,1.184,0.005,0,0,0.899,0.013,2.679,0.909
2019/4/15 1:00,4805,5227,0,422,1.185,0.005,0,0,0.91,0.011,2.341,0.882
2019/4/15 2:00,5037,5418,0,381,1.187,0.004,0,0,0.918,0.008,1.915,0.877
2019/4/15 3:00,5627,6126,0,499,1.19,0.004,0,0,0.925,0.007,1.291,0.875
2019/4/15 4:00,6640,7259,20,599,1.193,0.004,16.81,56.09,0.93,0.006,1.181,1.04
2019/4/15 5:00,7460,8076,82,534,1.194,0.005,118.618,276.014,0.931,0.002,2.586,1.575
2019/4/15 6:00,7816,8380,192,372,1.189,0.005,290.657,501.898,0.918,0.001,4.489,1.671
2019/4/15 7:00,7736,8389,338,315,1.18,0.005,478.334,704.733,0.873,0,7.024,1.772
2019/4/15 8:00,7615,8387,449,323,1.173,0.004,633.553,870.735,0.783,0,9.149,1.946
2019/4/15 9:00,7453,8351,530,368,1.169,0.004,741.854,988.687,0.68,0,10.574,2.063
2019/4/15 10:00,7018,8092,623,451,1.165,0.004,798.225,1050.463,0.584,0,11.642,2.115
2019/4/15 11:00,6904,7983,658,421,1.161,0.004,801.143,1051.956,0.494,0,12.4,2.135
2019/4/15 12:00,6848,7863,644,371,1.158,0.004,746.636,993.151,0.421,0,12.802,2.136
2019/4/15 13:00,6727,7782,583,472,1.156,0.004,645.314,877.939,0.365,0,12.823,2.118
2019/4/15 14:00,6551,7705,435,719,1.156,0.004,505.045,714.232,0.327,0,12.45,2.061
2019/4/15 15:00,6578,7797,290,929,1.156,0.004,337.2,513.252,0.303,0,11.686,1.941
2019/4/15 16:00,6709,7941,188,1044,1.158,0.005,163.977,288.716,0.291,0,10.038,1.307
2019/4/15 17:00,6665,7897,106,1126,1.161,0.005,26.893,65.301,0.288,0,6.53,1.065
2019/4/15 18:00,6555,7714,30,1129,1.165,0.004,0.005,0.024,0.288,0,4.827,1.252
2019/4/15 19:00,6106,7170,0,1064,1.169,0.004,0,0,0.288,0,4.016,1.265
2019/4/15 20:00,6114,6844,0,730,1.173,0.004,0,0,0.288,0,3.201,1.192
2019/4/15 21:00,5835,6338,0,503,1.175,0.004,0,0,0.288,0,2.44,1.162
2019/4/15 22:00,5560,5995,0,435,1.177,0.004,0,0,0.288,0,1.796,1.13
2019/4/15 23:00,5390,5745,0,355,1.179,0.004,0,0,0.289,0,1.327,1.087
2019/4/16 0:00,5379,5642,0,263,1.181,0.004,0,0,0.289,0,1.062,1.025
2019/4/16 1:00,5395,5561,0,166,1.183,0.004,0,0,0.289,0,0.973,0.933
2019/4/16 2:00,5593,5717,0,124,1.184,0.003,0,0,0.29,0,0.899,0.815
2019/4/16 3:00,6275,6355,0,80,1.186,0.003,0,0,0.29,0,0.709,0.703
2019/4/16 4:00,7292,7390,26,72,1.187,0.003,25.98,60.413,0.29,0,0.747,0.651
2019/4/16 5:00,7950,8143,104,89,1.187,0.004,168.796,281.914,0.29,0,2.939,0.668
2019/4/16 6:00,7998,8356,232,126,1.181,0.004,351.573,507.427,0.287,0,5.775,0.785
2019/4/16 7:00,7690,8284,402,192,1.171,0.004,525.972,709.88,0.276,0,8.842,1.209
2019/4/16 8:00,7498,8256,532,226,1.163,0.004,667.742,875.678,0.258,0,11.118,1.373
2019/4/16 9:00,7421,8264,632,211,1.158,0.004,761.787,993.424,0.23,0,12.557,1.511
2019/4/16 10:00,7118,8036,741,177,1.154,0.004,800.952,1055.073,0.2,0,13.514,1.595
2019/4/16 11:00,7045,7956,763,148,1.151,0.004,792.513,1056.671,0.171,0,14.155,1.631
2019/4/16 12:00,7017,7865,734,114,1.149,0.004,728.795,997.869,0.146,0,14.444,1.626
2019/4/16 13:00,7089,7810,658,63,1.148,0.004,622.518,882.782,0.126,0,14.388,1.588
2019/4/16 14:00,7246,7765,482,37,1.147,0.005,477.636,719.434,0.111,0,13.947,1.546
2019/4/16 15:00,7474,7817,318,25,1.148,0.005,315.858,518.733,0.102,0,13.235,1.397
2019/4/16 16:00,7702,7928,202,24,1.149,0.006,152.774,294.563,0.099,0,11.656,0.869
2019/4/16 17:00,7686,7867,112,69,1.152,0.005,24.925,69.936,0.098,0.001,8.465,0.85
2019/4/16 18:00,7521,7696,32,143,1.156,0.005,0.003,0.045,0.099,0.002,7.092,1.009
2019/4/16 19:00,6851,7146,0,295,1.159,0.005,0,0,0.101,0.002,6.615,0.995
2019/4/16 20:00,6350,6838,0,488,1.163,0.004,0,0,0.103,0.002,6.15,0.973
2019/4/16 21:00,5652,6306,0,654,1.166,0.004,0,0,0.105,0.002,5.478,0.988
2019/4/16 22:00,5232,5943,0,711,1.17,0.004,0,0,0.107,0.002,4.655,1.053
2019/4/16 23:00,4882,5706,0,824,1.173,0.004,0,0,0.108,0.002,3.775,1.087
2019/4/17 0:00,4834,5615,0,781,1.176,0.004,0,0,0.11,0.002,3.018,1.098
2019/4/17 1:00,4788,5610,0,822,1.18,0.004,0,0,0.112,0.002,2.328,1.105
2019/4/17 2:00,4804,5706,0,902,1.183,0.004,0,0,0.115,0.002,1.732,1.157
2019/4/17 3:00,5045,6280,0,1235,1.186,0.004,0,0,0.117,0.002,1.192,1.237
2019/4/17 4:00,5789,7271,28,1454,1.189,0.004,28.233,64.878,0.119,0.002,1.196,1.401
2019/4/17 5:00,6472,7987,108,1407,1.189,0.004,164.103,287.763,0.12,0.001,3.551,1.676
2019/4/17 6:00,6878,8205,234,1093,1.182,0.004,331.61,512.837,0.12,0,6.348,1.885
2019/4/17 7:00,6868,8137,404,865,1.174,0.004,498.9,715.034,0.113,0,8.814,2.233
2019/4/17 8:00,6995,8110,521,594,1.168,0.004,649.806,880.509,0.099,0,10.627,2.377
2019/4/17 9:00,7040,8089,602,447,1.164,0.004,756.004,998.026,0.082,0,12.058,2.367
2019/4/17 10:00,6818,7818,682,318,1.159,0.005,795.091,1059.703,0.065,0,13.157,2.277
2019/4/17 11:00,6816,7722,654,252,1.156,0.005,783.469,1061.221,0.051,0,13.915,2.18
2019/4/17 12:00,6818,7607,584,205,1.153,0.005,715.188,1002.444,0.04,0,14.289,2.09
2019/4/17 13:00,6864,7572,497,211,1.151,0.005,627.01,887.637,0.032,0,14.35,2.033
2019/4/17 14:00,6945,7535,360,230,1.151,0.005,493.95,724.474,0.026,0,14.034,1.993
2019/4/17 15:00,7183,7636,236,217,1.151,0.005,326.005,524.179,0.023,0,13.355,1.902
2019/4/17 16:00,7382,7779,146,251,1.153,0.006,150.636,300.358,0.021,0,11.967,1.338
2019/4/17 17:00,7204,7715,82,429,1.156,0.006,28.351,74.687,0.02,0,8.971,0.889
2019/4/17 18:00,6816,7581,24,741,1.16,0.006,0.015,0.078,0.02,0,7.245,1.054
2019/4/17 19:00,6219,7038,0,819,1.163,0.005,0,0,0.02,0,6.591,1.142
2019/4/17 20:00,5962,6752,0,790,1.167,0.005,0,0,0.02,0,5.948,1.156
2019/4/17 21:00,5479,6264,0,785,1.169,0.005,0,0,0.021,0,5.303,1.127
2019/4/17 22:00,5279,5811,0,532,1.172,0.005,0,0,0.021,0,4.803,1.081
2019/4/17 23:00,5212,5555,0,343,1.173,0.005,0,0,0.021,0,4.436,1.035
2019/4/18 0:00,5305,5463,0,158,1.175,0.005,0,0,0.021,0,4.096,1.01
2019/4/18 1:00,5373,5471,0,98,1.176,0.005,0,0,0.021,0,3.742,1.005
2019/4/18 2:00,5482,5576,0,94,1.177,0.005,0,0,0.022,0,3.439,0.989
2019/4/18 3:00,6079,6194,0,115,1.179,0.005,0,0,0.022,0,3.335,0.955
2019/4/18 4:00,7051,7202,32,119,1.181,0.005,27.606,69.464,0.022,0,3.416,0.866
2019/4/18 5:00,7693,7921,120,108,1.182,0.005,166.447,293.526,0.022,0,5.807,0.964
2019/4/18 6:00,7817,8113,259,37,1.177,0.005,346.531,518.261,0.022,0,8.544,1.234
2019/4/18 7:00,7565,8022,440,17,1.168,0.005,524.754,720.067,0.02,0,11.182,1.668
2019/4/18 8:00,7362,7957,552,43,1.163,0.005,671.008,885.274,0.017,0,12.959,1.938
2019/4/18 9:00,7252,7950,626,72,1.159,0.005,771.715,1002.661,0.014,0,14.175,2.055
2019/4/18 10:00,6913,7687,695,79,1.155,0.005,819.923,1064.016,0.011,0,15.09,2.082
2019/4/18 11:00,6835,7578,662,81,1.153,0.005,813.03,1065.661,0.008,0,15.707,2.106
2019/4/18 12:00,6810,7483,586,87,1.15,0.005,753.43,1007.041,0.006,0,15.994,2.107
2019/4/18 13:00,6810,7416,496,110,1.149,0.005,646.81,892.366,0.005,0,15.92,2.072
2019/4/18 14:00,6911,7381,375,95,1.149,0.006,506.598,729.485,0.004,0,15.499,1.994
2019/4/18 15:00,7119,7443,258,66,1.149,0.006,343.728,529.54,0.003,0,14.787,1.839
2019/4/18 16:00,7357,7590,173,60,1.151,0.006,174.159,306.103,0.003,0,13.418,1.293
2019/4/18 17:00,7363,7533,101,69,1.154,0.006,32.993,79.549,0.003,0,10.548,1.001
2019/4/18 18:00,7339,7426,30,57,1.158,0.006,0.025,0.125,0.003,0,9.108,1.055
2019/4/18 19:00,6885,6919,0,34,1.161,0.005,0,0,0.003,0,8.601,0.949
2019/4/18 20:00,6593,6605,0,12,1.163,0.005,0,0,0.003,0,8.042,0.849
2019/4/18 21:00,6142,6151,0,9,1.165,0.005,0,0,0.003,0,7.51,0.799
2019/4/18 22:00,5900,5924,0,24,1.166,0.005,0,0,0.003,0,6.992,0.769
2019/4/18 23:00,5633,5667,0,34,1.168,0.005,0,0,0.003,0,6.519,0.782
2019/4/19 0:00,5527,5567,0,40,1.17,0.005,0,0,0.003,0,6.006,0.81
2019/4/19 1:00,5397,5453,0,56,1.171,0.005,0,0,0.003,0,5.483,0.84
2019/4/19 2:00,5519,5584,0,65,1.173,0.005,0,0,0.003,0,5.073,0.859
2019/4/19 3:00,6081,6148,0,67,1.175,0.005,0,0,0.003,0,4.632,0.886
2019/4/19 4:00,6902,7027,34,91,1.178,0.005,34.222,74.182,0.003,0,4.417,0.88
2019/4/19 5:00,7559,7775,130,86,1.179,0.005,185.995,299.224,0.004,0,7.133,0.984
2019/4/19 6:00,7718,8030,276,36,1.175,0.005,370.925,523.548,0.003,0,10.004,1.198
2019/4/19 7:00,7530,8004,458,16,1.165,0.005,548.047,725.055,0.003,0,13.012,1.006
2019/4/19 8:00,7356,7962,597,9,1.158,0.005,695.258,889.978,0.003,0,15.147,1.143
2019/4/19 9:00,7197,7925,702,26,1.153,0.005,800.956,1007.125,0.002,0,16.539,1.28
2019/4/19 10:00,6726,7655,816,113,1.149,0.005,856.276,1068.45,0.002,0,17.576,1.373
2019/4/19 11:00,6444,7463,846,173,1.146,0.005,856.722,1070.025,0.001,0,18.293,1.485
2019/4/19 12:00,6281,7295,819,195,1.143,0.005,803.442,1011.517,0.001,0,18.661,1.602
2019/4/19 13:00,6241,7181,736,204,1.141,0.005,699.504,897.038,0.001,0,18.664,1.699
2019/4/19 14:00,6335,7206,542,329,1.14,0.005,554.465,734.41,0,0,18.283,1.774
2019/4/19 15:00,6349,7291,358,584,1.141,0.005,381.164,534.794,0,0,17.471,1.738
2019/4/19 16:00,6372,7369,232,765,1.142,0.006,196.099,311.742,0,0,15.695,1.184
2019/4/19 17:00,6243,7279,130,906,1.145,0.006,40.045,84.513,0,0,12.081,1.073
2019/4/19 18:00,5985,7145,37,1123,1.149,0.006,0.041,0.189,0,0,10.153,1.282
2019/4/19 19:00,5434,6669,0,1235,1.153,0.005,0,0,0,0,9.404,1.331
2019/4/19 20:00,5117,6430,0,1313,1.157,0.005,0,0,0,0,8.566,1.292
2019/4/19 21:00,4839,5953,0,1114,1.16,0.005,0,0,0,0,7.724,1.252
2019/4/19 22:00,5015,5568,0,553,1.163,0.005,0,0,0,0,6.925,1.218
2019/4/19 23:00,5074,5262,0,188,1.165,0.005,0,0,0,0,6.357,1.196
2019/4/20 0:00,5016,5111,0,95,1.167,0.005,0,0,0,0,6.031,1.14
2019/4/20 1:00,4906,4960,0,54,1.17,0.005,0,0,0,0,5.72,1.054
2019/4/20 2:00,4952,4964,0,12,1.171,0.005,0,0,0,0,5.352,0.973
2019/4/20 3:00,5204,5211,0,7,1.173,0.004,0,0,0,0,4.988,0.914
2019/4/20 4:00,5496,5541,37,8,1.175,0.004,38.933,79.016,0,0,5.066,0.813
2019/4/20 5:00,5879,6024,133,12,1.176,0.005,197.947,304.859,0,0,7.554,0.649
2019/4/20 6:00,6061,6342,276,5,1.172,0.005,386.213,528.814,0,0,10.581,0.703
2019/4/20 7:00,6017,6487,466,4,1.162,0.004,563.368,729.967,0,0,13.502,0.653
2019/4/20 8:00,5895,6512,613,4,1.156,0.004,711.212,894.569,0,0,15.575,0.921
2019/4/20 9:00,5803,6529,721,5,1.151,0.004,817.237,1011.489,0,0,16.899,1.131
2019/4/20 10:00,5443,6298,838,17,1.148,0.004,871.755,1072.816,0,0,17.815,1.237
2019/4/20 11:00,5167,6063,870,26,1.145,0.004,871.398,1074.201,0,0,18.431,1.263
2019/4/20 12:00,5023,5897,844,30,1.142,0.004,816.173,1015.865,0,0,18.74,1.241
2019/4/20 13:00,5076,5859,758,25,1.14,0.005,711.338,901.587,0,0,18.704,1.193
2019/4/20 14:00,5309,5898,556,33,1.139,0.005,565.149,739.28,0,0,18.298,1.137
2019/4/20 15:00,5634,6045,369,42,1.139,0.005,390.209,540.016,0,0,17.551,1.035
2019/4/20 16:00,5880,6155,238,37,1.14,0.006,204.594,317.358,0,0,15.939,0.729
2019/4/20 17:00,5955,6119,135,29,1.143,0.006,44.248,89.576,0,0,12.811,0.75
2019/4/20 18:00,6082,6136,38,16,1.145,0.005,0.074,0.271,0,0,11.097,0.931
2019/4/20 19:00,5809,5824,0,15,1.148,0.005,0,0,0,0,10.385,0.985
2019/4/20 20:00,5577,5706,0,129,1.151,0.005,0,0,0,0,9.554,1.036
2019/4/20 21:00,5052,5298,0,246,1.153,0.005,0,0,0,0,8.678,1.094
2019/4/20 22:00,4859,5065,0,206,1.154,0.005,0,0,0,0,8.038,1.12
2019/4/20 23:00,4622,4794,0,172,1.156,0.004,0,0,0,0,7.707,1.105
2019/4/21 0:00,4492,4699,0,207,1.157,0.004,0,0,0,0,7.479,1.086
2019/4/21 1:00,4375,4555,0,180,1.158,0.004,0,0,0,0,7.011,1.076
2019/4/21 2:00,4316,4559,0,243,1.16,0.004,0,0,0,0,6.515,1.083
2019/4/21 3:00,4404,4711,1,306,1.163,0.004,0,0.001,0,0,5.778,1.076
2019/4/21 4:00,4512,4861,40,309,1.166,0.004,39.81,83.966,0,0,5.513,1.014
2019/4/21 5:00,4866,5250,134,250,1.168,0.005,196.726,310.452,0,0,7.87,0.991
2019/4/21 6:00,5121,5534,278,135,1.164,0.005,382.485,533.998,0,0,10.735,1.008
2019/4/21 7:00,5208,5726,470,48,1.153,0.005,558.362,734.808,0,0,13.885,1.156
2019/4/21 8:00,5154,5830,616,60,1.146,0.005,705.806,899.071,0,0,15.963,1.266
2019/4/21 9:00,5068,5868,724,76,1.141,0.005,811.852,1015.811,0,0,17.352,1.346
2019/4/21 10:00,4656,5603,840,107,1.137,0.005,867.155,1076.937,0,0,18.314,1.419
2019/4/21 11:00,4314,5345,872,159,1.134,0.005,867.568,1078.538,0,0,18.89,1.476
2019/4/21 12:00,4166,5185,845,174,1.132,0.005,814.078,1020.206,0,0,19.138,1.476
2019/4/21 13:00,4225,5138,759,154,1.13,0.005,710.001,906.118,0,0,19.058,1.436
2019/4/21 14:00,4552,5223,558,113,1.129,0.005,563.905,744.03,0,0,18.638,1.378
2019/4/21 15:00,5055,5493,369,69,1.129,0.005,389.758,545.09,0,0,17.869,1.283
2019/4/21 16:00,5543,5832,238,51,1.131,0.006,205.889,322.863,0,0,16.15,0.922
2019/4/21 17:00,5760,5954,136,58,1.133,0.007,45.947,94.719,0,0,12.368,0.834
2019/4/21 18:00,5921,6054,38,95,1.137,0.006,0.095,0.377,0,0,10.215,1.058
2019/4/21 19:00,5700,5825,0,125,1.14,0.006,0,0,0,0,9.565,1.093
2019/4/21 20:00,5724,5832,0,108,1.143,0.005,0,0,0,0,9.085,1.065
2019/4/21 21:00,5431,5491,0,60,1.145,0.005,0,0,0,0,8.595,1.009
2019/4/21 22:00,4964,5018,0,54,1.147,0.005,0,0,0,0,8.167,0.962
2019/4/21 23:00,4721,4763,0,42,1.148,0.005,0,0,0,0,7.666,0.904
2019/4/22 0:00,4632,4671,0,39,1.149,0.005,0,0,0,0,7.056,0.828
2019/4/22 1:00,4488,4543,0,55,1.151,0.005,0,0,0,0,6.404,0.779
2019/4/22 2:00,4514,4576,0,62,1.153,0.005,0,0,0,0,5.734,0.789
2019/4/22 3:00,4642,4740,6,92,1.155,0.005,0.002,0.01,0,0,5.031,0.843
2019/4/22 4:00,4641,4934,46,247,1.158,0.005,41.611,89.009,0,0,4.981,0.801
2019/4/22 5:00,4904,5337,142,291,1.16,0.005,196.662,315.962,0,0,7.752,1.005
2019/4/22 6:00,5156,5632,284,192,1.155,0.005,381.22,539.095,0,0,10.365,1.152
2019/4/22 7:00,5236,5817,477,104,1.143,0.005,556.382,739.536,0,0,13.591,1.516
2019/4/22 8:00,5166,5933,622,145,1.135,0.005,701.695,903.537,0,0,15.896,1.746
2019/4/22 9:00,5051,6000,726,223,1.129,0.005,806.664,1020.033,0,0,17.429,1.843
2019/4/22 10:00,4649,5756,838,269,1.125,0.005,859.355,1081.153,0,0,18.493,1.904
2019/4/22 11:00,4410,5504,850,244,1.121,0.005,857.743,1082.562,0,0,19.145,1.974
2019/4/22 12:00,4167,5349,809,373,1.119,0.005,801.592,1024.37,0,0,19.401,2.08
2019/4/22 13:00,3246,5313,711,1356,1.117,0.006,692.716,910.528,0,0,19.221,2.228
2019/4/22 14:00,3067,5385,508,1810,1.117,0.006,544.01,748.816,0,0,18.65,2.415
2019/4/22 15:00,3576,5642,315,1751,1.118,0.006,372.862,550.207,0,0,17.674,2.614
2019/4/22 16:00,3655,5920,189,2076,1.122,0.006,189.074,328.301,0,0,15.985,2.7
2019/4/22 17:00,3726,6046,103,2217,1.128,0.007,43.334,99.936,0,0,13.079,2.816
2019/4/22 18:00,3884,6122,29,2209,1.135,0.006,0.124,0.513,0,0,10.762,2.829
2019/4/22 19:00,3864,5896,0,2032,1.141,0.006,0,0,0,0,9.589,2.635
2019/4/22 20:00,4105,5925,0,1820,1.146,0.006,0,0,0,0,8.765,2.418
2019/4/22 21:00,3848,5575,0,1727,1.149,0.006,0,0,0,0,8.249,2.096
2019/4/22 22:00,4170,5670,0,1500,1.151,0.006,0,0,0,0,7.666,1.841
2019/4/22 23:00,3922,5431,0,1509,1.153,0.006,0,0,0,0,7.169,1.759
2019/4/23 0:00,3530,5329,0,1799,1.154,0.006,0,0,0,0,6.845,1.815
2019/4/23 1:00,3371,5239,0,1868,1.155,0.006,0,0,0,0.001,6.609,1.912
2019/4/23 2:00,3412,5408,0,1996,1.155,0.006,0,0,0,0,6.421,1.958
2019/4/23 3:00,3966,6061,6,2089,1.157,0.006,0.007,0.04,0,0,6.177,1.996
2019/4/23 4:00,4890,7106,44,2172,1.158,0.006,28.604,94.138,0,0.001,6.254,2.189
2019/4/23 5:00,5544,7864,122,2198,1.157,0.006,120.933,321.38,0.001,0.002,7.298,2.647
2019/4/23 6:00,5706,8152,230,2216,1.153,0.006,228.09,544.127,0.001,0.002,8.737,2.973
2019/4/23 7:00,5407,8097,376,2314,1.147,0.006,348.559,744.188,0.002,0.001,10.464,3.173
2019/4/23 8:00,5412,8086,442,2232,1.141,0.007,436.78,907.92,0.002,0,11.982,3.377
2019/4/23 9:00,5571,8124,450,2103,1.139,0.007,456.767,1024.275,0.002,0,12.613,3.52
2019/4/23 10:00,5262,7897,460,2175,1.14,0.007,375.116,1085.175,0.002,0,12.33,3.529
2019/4/23 11:00,5240,7844,416,2188,1.141,0.007,290.581,1086.62,0.002,0,11.874,3.402
2019/4/23 12:00,5129,7721,346,2246,1.141,0.007,269.002,1028.536,0.001,0,11.827,3.269
2019/4/23 13:00,5242,7631,282,2107,1.14,0.007,263.534,914.857,0.001,0,12.099,3.153
2019/4/23 14:00,5287,7566,228,2051,1.139,0.007,206.93,753.396,0.001,0,12.021,3.047
2019/4/23 15:00,5284,7620,174,2162,1.139,0.007,150.601,555.187,0.001,0,11.669,2.922
2019/4/23 16:00,5383,7723,109,2231,1.14,0.007,82.157,333.702,0.001,0,10.979,2.641
2019/4/23 17:00,5298,7696,50,2348,1.143,0.007,20.213,105.216,0.001,0,9.959,2.395
2019/4/23 18:00,5333,7539,12,2194,1.146,0.007,0.129,0.687,0.001,0.001,9.237,2.411
2019/4/23 19:00,5066,7028,0,1962,1.148,0.007,0,0,0.002,0.002,8.953,2.474
2019/4/23 20:00,4767,6718,0,1951,1.149,0.007,0,0,0.002,0.001,8.647,2.449
2019/4/23 21:00,4096,6186,0,2090,1.15,0.007,0,0,0.003,0.001,8.372,2.275
2019/4/23 22:00,3670,5696,0,2026,1.15,0.007,0,0,0.003,0.001,8.259,2.165
2019/4/23 23:00,3492,5446,0,1954,1.15,0.007,0,0,0.004,0.001,8.134,2.026
2019/4/24 0:00,3513,5332,0,1819,1.15,0.007,0,0,0.004,0.001,8.011,1.887
2019/4/24 1:00,3329,5232,0,1903,1.151,0.007,0,0,0.005,0.001,7.887,1.823
2019/4/24 2:00,3374,5384,0,2010,1.151,0.007,0,0,0.005,0.001,7.785,1.815
2019/4/24 3:00,4094,5979,7,1878,1.152,0.007,0.013,0.114,0.005,0,7.662,1.868
2019/4/24 4:00,5032,6970,38,1900,1.153,0.007,23.721,99.323,0.005,0,7.798,2.014
2019/4/24 5:00,5604,7697,111,1982,1.151,0.007,117.711,326.739,0.005,0,9.052,2.261
2019/4/24 6:00,5594,7889,226,2069,1.145,0.007,257.977,549.088,0.005,0,10.998,2.671
2019/4/24 7:00,5348,7788,385,2055,1.137,0.008,423.622,748.788,0.005,0,13.34,3.09
2019/4/24 8:00,5136,7762,510,2116,1.13,0.008,588.319,912.212,0.004,0,15.542,3.409
2019/4/24 9:00,4803,7761,604,2354,1.124,0.008,716.956,1028.315,0.004,0,17.383,3.534
2019/4/24 10:00,4323,7567,713,2531,1.119,0.008,789.93,1089.154,0.003,0,18.74,3.538
2019/4/24 11:00,4136,7505,743,2626,1.116,0.008,785.307,1090.534,0.002,0,19.531,3.507
2019/4/24 12:00,4013,7427,706,2708,1.114,0.008,731.471,1032.597,0.002,0,19.871,3.491
2019/4/24 13:00,3998,7375,628,2749,1.113,0.008,622.27,919.106,0.002,0,19.749,3.478
2019/4/24 14:00,4098,7326,485,2743,1.113,0.008,486.483,757.974,0.002,0,19.221,3.428
2019/4/24 15:00,4318,7393,340,2735,1.115,0.008,320.618,560.094,0.001,0,18.263,3.309
2019/4/24 16:00,4570,7472,218,2684,1.118,0.008,158.548,338.995,0.001,0.001,16.832,2.941
2019/4/24 17:00,4780,7375,113,2482,1.123,0.008,36.23,110.537,0.002,0.001,14.955,2.452
2019/4/24 18:00,4803,7293,30,2460,1.128,0.008,0.202,0.907,0.002,0,13.472,2.284
2019/4/24 19:00,4279,6819,0,2540,1.132,0.008,0,0,0.002,0,12.643,2.143
2019/4/24 20:00,3969,6520,0,2551,1.136,0.008,0,0,0.002,0,11.907,2.003
2019/4/24 21:00,3422,6014,0,2592,1.138,0.008,0,0,0.002,0,11.255,1.873
2019/4/24 22:00,3001,5531,0,2530,1.14,0.008,0,0,0.003,0,10.63,1.714
2019/4/24 23:00,2905,5292,0,2387,1.141,0.007,0,0,0.003,0,9.997,1.568
2019/4/25 0:00,2983,5178,0,2195,1.143,0.007,0,0,0.003,0,9.39,1.449
2019/4/25 1:00,2992,5068,0,2076,1.144,0.007,0,0,0.003,0,8.848,1.321
2019/4/25 2:00,3347,5196,0,1849,1.145,0.007,0,0,0.003,0,8.424,1.198
2019/4/25 3:00,4254,5860,13,1593,1.147,0.007,0.049,0.246,0.003,0,8.046,1.027
2019/4/25 4:00,5833,6892,55,1004,1.149,0.007,44.903,104.545,0.003,0,8.428,1.013
2019/4/25 5:00,7005,7638,150,483,1.148,0.007,192.066,332.033,0.003,0,10.907,1.339
2019/4/25 6:00,7261,7809,292,256,1.141,0.007,374.944,553.954,0.003,0,13.55,1.445
2019/4/25 7:00,6982,7714,490,242,1.132,0.007,552.589,753.294,0.003,0,16.435,1.339
2019/4/25 8:00,6823,7701,638,240,1.125,0.007,697.736,916.442,0.003,0,18.623,1.344
2019/4/25 9:00,6696,7706,746,264,1.12,0.007,805.498,1032.323,0.002,0,20.114,1.624
2019/4/25 10:00,6216,7478,866,396,1.116,0.007,859.543,1093.052,0.002,0,21.181,1.809
2019/4/25 11:00,5924,7450,901,625,1.112,0.007,860.934,1094.472,0.002,0,21.915,1.957
2019/4/25 12:00,5630,7366,871,865,1.11,0.007,809.179,1036.628,0.001,0,22.29,2.087
2019/4/25 13:00,5336,7338,776,1226,1.108,0.007,702.933,923.287,0.001,0,22.298,2.185
2019/4/25 14:00,4960,7340,578,1802,1.107,0.007,555.173,762.446,0.001,0,21.874,2.243
2019/4/25 15:00,4804,7428,391,2233,1.108,0.008,384.128,564.93,0.001,0,20.949,2.171
2019/4/25 16:00,4831,7501,242,2428,1.11,0.008,203.528,344.232,0.001,0,19.123,1.806
2019/4/25 17:00,4859,7392,124,2409,1.115,0.008,49.515,115.895,0.001,0,16.271,1.546
2019/4/25 18:00,4816,7279,32,2431,1.122,0.008,0.279,1.181,0.001,0.001,14.152,1.615
2019/4/25 19:00,4474,6834,0,2360,1.128,0.008,0,0,0.002,0,13.153,1.63
2019/4/25 20:00,4145,6469,0,2324,1.132,0.008,0,0,0.002,0,12.356,1.59
2019/4/25 21:00,3831,5962,0,2131,1.134,0.008,0,0,0.003,0,11.796,1.456
2019/4/25 22:00,3797,5782,0,1985,1.135,0.007,0,0,0.003,0,11.294,1.275
2019/4/25 23:00,3709,5541,0,1832,1.135,0.007,0,0,0.003,0,10.947,1.212
2019/4/26 0:00,3748,5504,0,1756,1.136,0.007,0,0,0.003,0,10.733,1.179
2019/4/26 1:00,3820,5393,0,1573,1.136,0.007,0,0,0.003,0.001,10.423,1.124
2019/4/26 2:00,4184,5520,0,1336,1.136,0.007,0,0,0.004,0.001,10.104,1.095
2019/4/26 3:00,4796,6063,12,1255,1.137,0.007,0.093,0.444,0.005,0.001,9.774,1.09
2019/4/26 4:00,5685,7066,50,1331,1.139,0.007,39.314,109.784,0.006,0.002,10.174,1.085
2019/4/26 5:00,6390,7817,124,1303,1.138,0.007,158.898,337.229,0.008,0.002,12.404,1.386
2019/4/26 6:00,6451,8063,239,1373,1.134,0.008,289.536,558.742,0.009,0.002,14.393,1.568
2019/4/26 7:00,6169,8048,395,1484,1.126,0.008,406.836,757.688,0.01,0.001,16.567,2.037
2019/4/26 8:00,5918,8049,506,1625,1.121,0.008,505.901,920.541,0.01,0.002,18.21,2.259
2019/4/26 9:00,5531,8070,582,1957,1.118,0.008,582.405,1036.189,0.013,0.009,19.215,2.46
2019/4/26 10:00,4904,7807,661,2242,1.116,0.008,642.611,1096.77,0.022,0.017,19.793,2.677
2019/4/26 11:00,4595,7627,650,2382,1.115,0.008,643.899,1098.21,0.039,0.026,19.946,2.823
2019/4/26 12:00,4592,7509,578,2339,1.116,0.008,590.601,1040.416,0.059,0.027,19.686,2.844
2019/4/26 13:00,4770,7457,492,2195,1.117,0.008,501.645,927.424,0.079,0.031,19.073,2.748
2019/4/26 14:00,5135,7454,353,1966,1.12,0.008,360.996,766.846,0.116,0.051,18.032,2.621
2019/4/26 15:00,5756,7520,209,1555,1.124,0.008,199.451,569.711,0.161,0.052,16.579,2.444
2019/4/26 16:00,6203,7534,107,1224,1.129,0.008,84.174,349.398,0.206,0.046,14.796,1.866
2019/4/26 17:00,5760,7367,52,1555,1.135,0.008,18.227,121.269,0.248,0.042,12.74,1.474
2019/4/26 18:00,5239,7205,14,1952,1.142,0.007,0.159,1.518,0.283,0.03,11.34,1.627
2019/4/26 19:00,4646,6745,0,2099,1.149,0.007,0,0,0.304,0.017,10.18,2.126
2019/4/26 20:00,4134,6453,0,2319,1.157,0.007,0,0,0.318,0.014,8.831,2.539
2019/4/26 21:00,3371,5964,0,2593,1.162,0.006,0,0,0.329,0.011,7.642,2.499
2019/4/26 22:00,3217,5787,0,2570,1.164,0.006,0,0,0.341,0.013,7.008,2.341
2019/4/26 23:00,3107,5506,0,2399,1.166,0.006,0,0,0.355,0.016,6.635,2.253
2019/4/27 0:00,3036,5354,0,2318,1.167,0.006,0,0,0.371,0.017,6.327,2.217
2019/4/27 1:00,2959,5197,0,2238,1.169,0.005,0,0,0.387,0.017,5.952,2.218
2019/4/27 2:00,3232,5187,0,1955,1.17,0.005,0,0,0.402,0.014,5.583,2.113
2019/4/27 3:00,3509,5411,12,1890,1.171,0.005,0.119,0.72,0.414,0.012,5.185,1.95
2019/4/27 4:00,3900,5742,41,1801,1.172,0.005,35.628,115.03,0.425,0.012,5.279,1.999
2019/4/27 5:00,4300,6205,106,1799,1.171,0.005,146.563,342.369,0.432,0.009,6.395,2.49
2019/4/27 6:00,4478,6589,195,1916,1.167,0.005,288.419,563.46,0.432,0.009,7.771,2.776
2019/4/27 7:00,4379,6776,304,2093,1.163,0.005,436.726,762.074,0.418,0.008,9.319,2.636
2019/4/27 8:00,4502,6840,372,1966,1.16,0.005,504.725,924.545,0.379,0.003,10.529,2.452
2019/4/27 9:00,4588,6871,426,1857,1.156,0.005,590.212,1039.972,0.324,0,11.588,2.359
2019/4/27 10:00,4547,6658,491,1620,1.152,0.005,669.555,1100.508,0.269,0,12.564,2.339
2019/4/27 11:00,4593,6443,546,1304,1.149,0.005,681.215,1101.973,0.222,0,13.244,2.33
2019/4/27 12:00,4602,6373,554,1217,1.147,0.005,614.462,1044.206,0.186,0.001,13.496,2.316
2019/4/27 13:00,4549,6322,510,1263,1.146,0.005,496.349,931.414,0.158,0.001,13.353,2.281
2019/4/27 14:00,4267,6333,416,1650,1.146,0.005,381.594,771.141,0.138,0.001,12.996,2.242
2019/4/27 15:00,4530,6405,312,1563,1.146,0.005,252.787,574.339,0.125,0.002,12.377,2.198
2019/4/27 16:00,4726,6457,193,1538,1.148,0.005,129.893,354.482,0.12,0.005,11.488,1.941
2019/4/27 17:00,5006,6423,86,1331,1.15,0.006,39.358,126.647,0.129,0.019,9.922,1.333
2019/4/27 18:00,5171,6376,22,1183,1.154,0.006,0.257,1.922,0.154,0.03,8.145,1.072
2019/4/27 19:00,4989,6062,0,1073,1.158,0.006,0,0,0.194,0.046,7.308,1.12
2019/4/27 20:00,4819,5945,0,1126,1.162,0.005,0,0,0.24,0.042,6.646,1.239
2019/4/27 21:00,4384,5565,0,1181,1.165,0.005,0,0,0.285,0.051,6.205,1.407
2019/4/27 22:00,3989,5306,0,1317,1.167,0.005,0,0,0.338,0.058,5.92,1.656
2019/4/27 23:00,3541,5054,0,1513,1.169,0.005,0,0,0.397,0.066,5.591,1.823
2019/4/28 0:00,3204,4979,0,1775,1.171,0.005,0,0,0.468,0.079,5.22,1.841
2019/4/28 1:00,2610,4819,0,2209,1.173,0.005,0,0,0.545,0.077,4.796,1.896
2019/4/28 2:00,2312,4799,0,2487,1.176,0.005,0,0,0.614,0.061,4.373,1.969
2019/4/28 3:00,2172,4913,13,2728,1.178,0.005,0.238,1.082,0.67,0.053,3.933,2.065
2019/4/28 4:00,2282,5057,46,2729,1.18,0.005,39.938,120.255,0.716,0.043,3.885,2.17
2019/4/28 5:00,3005,5434,104,2325,1.18,0.005,147.229,347.427,0.755,0.04,4.75,2.712
2019/4/28 6:00,2960,5742,180,2602,1.177,0.005,274.858,568.149,0.783,0.037,5.838,3.116
2019/4/28 7:00,2906,5962,283,2773,1.174,0.004,392.442,766.348,0.795,0.029,6.981,3.167
2019/4/28 8:00,3104,6174,364,2706,1.171,0.004,496.22,928.523,0.786,0.026,8.076,3.091
2019/4/28 9:00,3338,6383,424,2621,1.169,0.004,577.57,1043.776,0.769,0.028,8.977,2.991
2019/4/28 10:00,3122,6144,490,2532,1.167,0.004,601.419,1104.138,0.751,0.025,9.587,2.847
2019/4/28 11:00,3052,5926,502,2372,1.164,0.004,595.237,1105.502,0.734,0.025,9.993,2.718
2019/4/28 12:00,3105,5794,476,2213,1.162,0.004,597.679,1048.032,0.721,0.027,10.355,2.604
2019/4/28 13:00,3310,5737,421,2006,1.16,0.004,554.321,935.346,0.717,0.029,10.56,2.476
2019/4/28 14:00,3521,5844,338,1985,1.159,0.004,444.577,775.365,0.726,0.033,10.417,2.345
2019/4/28 15:00,3834,6063,258,1971,1.159,0.004,311.693,578.974,0.749,0.04,9.979,2.236
2019/4/28 16:00,4174,6279,163,1942,1.16,0.004,163.303,359.501,0.786,0.048,9.18,2.035
2019/4/28 17:00,4507,6312,71,1734,1.162,0.005,43.147,132.025,0.837,0.06,7.55,1.311
2019/4/28 18:00,4693,6333,16,1624,1.165,0.005,0.305,2.405,0.906,0.073,5.626,1
2019/4/28 19:00,4428,6075,0,1647,1.168,0.005,0,0,0.978,0.071,4.984,1.004
2019/4/28 20:00,4470,6104,0,1634,1.171,0.005,0,0,1.04,0.057,4.544,1.002
2019/4/28 21:00,4332,5835,0,1503,1.173,0.005,0,0,1.095,0.052,4.173,0.994
2019/4/28 22:00,4229,5593,0,1364,1.175,0.005,0,0,1.145,0.049,3.842,1.066
2019/4/28 23:00,4163,5370,0,1207,1.176,0.005,0,0,1.193,0.046,3.621,1.199
2019/4/29 0:00,4390,5292,0,902,1.178,0.005,0,0,1.236,0.042,3.444,1.293
2019/4/29 1:00,4481,5223,0,742,1.178,0.005,0,0,1.278,0.042,3.297,1.35
2019/4/29 2:00,4529,5388,0,859,1.179,0.005,0,0,1.319,0.04,3.182,1.403
2019/4/29 3:00,4948,6081,10,1123,1.18,0.005,0.156,1.537,1.356,0.035,3.069,1.464
2019/4/29 4:00,5625,7131,31,1475,1.18,0.005,27.389,125.46,1.388,0.032,3.398,1.613
2019/4/29 5:00,5995,7921,81,1845,1.179,0.005,96.594,352.423,1.417,0.032,4.468,2.03
2019/4/29 6:00,5963,8190,144,2083,1.176,0.005,176.37,572.697,1.434,0.033,5.49,2.519
2019/4/29 7:00,5882,8176,223,2071,1.172,0.005,256.866,770.491,1.434,0.036,6.518,2.784
2019/4/29 8:00,5617,8195,257,2321,1.169,0.005,333.051,932.446,1.409,0.032,7.472,2.945
2019/4/29 9:00,5531,8211,269,2411,1.166,0.005,416.985,1047.386,1.362,0.026,8.316,3.062
2019/4/29 10:00,5332,7980,270,2378,1.164,0.005,474.501,1107.65,1.299,0.022,9.025,3.123
2019/4/29 11:00,5461,7930,254,2215,1.162,0.005,468.953,1108.994,1.235,0.02,9.43,3.143
2019/4/29 12:00,5522,7846,229,2095,1.16,0.005,425.514,1051.607,1.18,0.018,9.497,3.135
2019/4/29 13:00,5590,7797,195,2012,1.16,0.005,364.408,939.208,1.136,0.018,9.301,3.088
2019/4/29 14:00,5678,7753,150,1925,1.161,0.005,278.646,779.511,1.104,0.017,8.847,2.967
2019/4/29 15:00,5864,7802,105,1833,1.162,0.005,184.681,583.462,1.083,0.016,8.266,2.763
2019/4/29 16:00,6088,7867,62,1717,1.164,0.005,94.773,364.424,1.078,0.017,7.499,2.442
2019/4/29 17:00,5877,7773,24,1872,1.167,0.005,26.832,137.361,1.09,0.022,6.497,1.989
2019/4/29 18:00,5563,7564,6,1995,1.17,0.005,0.364,2.985,1.114,0.026,5.524,1.816
2019/4/29 19:00,5158,7106,0,1948,1.172,0.005,0,0,1.139,0.028,5,1.839
2019/4/29 20:00,4776,6798,0,2022,1.174,0.005,0,0,1.166,0.029,4.655,1.952
2019/4/29 21:00,4204,6316,0,2112,1.174,0.005,0,0,1.193,0.028,4.407,2.013
2019/4/29 22:00,3914,6064,0,2150,1.175,0.005,0,0,1.217,0.025,4.21,2.101
2019/4/29 23:00,3645,5803,0,2158,1.175,0.005,0,0,1.241,0.027,4.009,2.238
2019/4/30 0:00,3540,5710,0,2170,1.176,0.005,0,0,1.273,0.041,3.799,2.241
2019/4/30 1:00,3499,5632,0,2133,1.176,0.005,0,0,1.321,0.056,3.577,2.229
2019/4/30 2:00,3609,5781,0,2172,1.176,0.005,0,0,1.392,0.09,3.448,2.183
2019/4/30 3:00,4240,6385,4,2141,1.175,0.005,0.114,2.088,1.525,0.176,3.465,2.13
2019/4/30 4:00,5364,7316,13,1939,1.174,0.005,16.788,130.627,1.719,0.228,3.879,2.08
2019/4/30 5:00,6196,8014,40,1778,1.172,0.005,62.444,357.335,1.961,0.292,4.792,2.116
2019/4/30 6:00,6588,8313,83,1642,1.17,0.005,121.595,577.176,2.189,0.257,5.673,2.17
2019/4/30 7:00,6686,8300,135,1479,1.166,0.006,183.49,774.63,2.298,0.146,6.664,2.282
2019/4/30 8:00,6997,8332,182,1153,1.162,0.006,261.401,936.232,2.278,0.11,7.712,2.387
2019/4/30 9:00,7221,8367,232,914,1.16,0.006,302.979,1050.938,2.153,0.075,8.469,2.5
2019/4/30 10:00,7052,8167,294,821,1.158,0.006,306.494,1111.086,1.956,0.047,8.984,2.571
2019/4/30 11:00,7116,8112,326,670,1.155,0.006,304.589,1112.458,1.749,0.02,9.465,2.605
2019/4/30 12:00,7165,8010,322,523,1.153,0.006,306.031,1055.147,1.543,0.008,10.003,2.672
2019/4/30 13:00,7096,7946,287,563,1.15,0.006,293.232,942.974,1.364,0.006,10.487,2.687
2019/4/30 14:00,6836,7888,238,814,1.149,0.006,245.829,783.61,1.218,0.006,10.684,2.602
2019/4/30 15:00,6733,7900,192,975,1.149,0.007,177.036,587.914,1.112,0.006,10.564,2.385
2019/4/30 16:00,6713,7875,132,1030,1.15,0.007,103.892,369.266,1.048,0.008,10.01,2.15
2019/4/30 17:00,6497,7731,62,1172,1.152,0.007,32.126,142.638,1.017,0.007,8.967,1.951
2019/4/30 18:00,6049,7548,16,1483,1.155,0.006,0.66,3.681,1.004,0.012,7.905,2
2019/4/30 19:00,5283,7070,0,1787,1.158,0.006,0,0,0.998,0.01,7.442,2.06
2019/4/30 20:00,4864,6781,0,1917,1.16,0.006,0,0,0.991,0.009,6.944,2.017
2019/4/30 21:00,4095,6313,0,2218,1.162,0.006,0,0,0.986,0.008,6.539,2.001
2019/4/30 22:00,3409,5905,0,2496,1.163,0.006,0,0,0.981,0.008,6.207,2.019
2019/4/30 23:00,3035,5573,0,2538,1.164,0.006,0,0,0.977,0.007,5.885,2.098
2019/5/1 0:00,2908,5493,0,2585,1.165,0.006,0,0,0.974,0.006,5.503,2.154
2019/5/1 1:00,2874,5341,0,2467,1.167,0.005,0,0,0.971,0.004,4.984,2.192
2019/5/1 2:00,2936,5336,0,2400,1.168,0.005,0,0,0.966,0.002,4.409,2.21
2019/5/1 3:00,3036,5428,19,2373,1.171,0.005,0.636,2.738,0.962,0.002,3.779,2.147
2019/5/1 4:00,3288,5551,58,2205,1.173,0.005,57.734,135.764,0.956,0.001,3.976,2.21
2019/5/1 5:00,3707,5920,146,2067,1.171,0.005,205.128,362.17,0.94,0.001,5.729,2.391
2019/5/1 6:00,3875,6123,267,1981,1.164,0.005,397.197,581.589,0.891,0,8.246,2.679
2019/5/1 7:00,3891,6273,442,1940,1.155,0.005,582.227,778.653,0.79,0,10.674,2.93
2019/5/1 8:00,3443,6347,572,2332,1.15,0.005,732.921,939.948,0.647,0,12.45,2.963
2019/5/1 9:00,3329,6413,667,2417,1.146,0.005,836.825,1054.455,0.499,0,13.758,2.887
2019/5/1 10:00,3216,6194,767,2211,1.142,0.005,890.023,1114.513,0.37,0,14.826,2.802
2019/5/1 11:00,3036,5975,744,2195,1.138,0.005,887.626,1115.884,0.268,0,15.624,2.74
2019/5/1 12:00,3148,5810,678,1984,1.135,0.005,824.466,1058.612,0.195,0,16.078,2.705
2019/5/1 13:00,3019,5813,605,2189,1.134,0.005,702.348,946.653,0.146,0,16.081,2.72
2019/5/1 14:00,2904,5877,472,2501,1.133,0.005,537.318,787.575,0.114,0,15.601,2.732
2019/5/1 15:00,3258,6056,349,2449,1.134,0.006,350.979,592.278,0.095,0,14.75,2.615
2019/5/1 16:00,3784,6286,213,2289,1.136,0.006,190.893,374.058,0.084,0,13.677,2.204
2019/5/1 17:00,4195,6273,89,1989,1.139,0.006,63.777,147.852,0.08,0,11.64,1.452
2019/5/1 18:00,4569,6417,22,1826,1.142,0.006,1.377,4.5,0.079,0,9.583,1.176
2019/5/1 19:00,4423,6198,1,1774,1.145,0.006,0,0,0.079,0,8.872,1.19
2019/5/1 20:00,4648,6165,0,1517,1.148,0.006,0,0,0.079,0,8.268,1.234
2019/5/1 21:00,4381,5774,0,1393,1.149,0.006,0,0,0.078,0,7.748,1.316
2019/5/1 22:00,4220,5516,0,1296,1.15,0.006,0,0,0.078,0,7.228,1.371
2019/5/1 23:00,3929,5223,0,1294,1.151,0.006,0,0,0.078,0,6.748,1.453
2019/5/2 0:00,3905,5172,0,1267,1.151,0.005,0,0,0.078,0,6.378,1.515
2019/5/2 1:00,3900,5102,0,1202,1.152,0.005,0,0,0.078,0,5.996,1.51
2019/5/2 2:00,4248,5271,0,1023,1.152,0.005,0,0,0.078,0,5.611,1.468
2019/5/2 3:00,4884,6022,22,1116,1.153,0.005,0.875,3.492,0.078,0,5.226,1.421
2019/5/2 4:00,6084,7197,70,1043,1.154,0.005,63.861,140.855,0.078,0,6.055,1.504
2019/5/2 5:00,7126,7968,167,675,1.152,0.006,221.991,366.946,0.076,0,8.905,1.601
2019/5/2 6:00,7469,8129,302,358,1.145,0.006,404.504,585.92,0.07,0,11.895,1.714
2019/5/2 7:00,7135,7984,493,356,1.137,0.006,575.653,782.619,0.06,0,14.425,2.047
2019/5/2 8:00,6958,7937,616,363,1.132,0.006,717.948,943.545,0.047,0,15.91,2.177
2019/5/2 9:00,6796,7947,690,461,1.128,0.006,817.013,1057.891,0.035,0,17.039,2.247
2019/5/2 10:00,6367,7706,763,576,1.125,0.006,864.656,1117.762,0.026,0,17.934,2.286
2019/5/2 11:00,6110,7684,768,806,1.122,0.006,852.386,1119.2,0.018,0,18.506,2.317
2019/5/2 12:00,5843,7572,736,993,1.119,0.006,791.174,1062.047,0.014,0,18.746,2.318
2019/5/2 13:00,5857,7528,654,1017,1.118,0.006,678.281,950.289,0.011,0,18.614,2.268
2019/5/2 14:00,6055,7467,520,892,1.117,0.006,530.765,791.489,0.009,0,18.106,2.158
2019/5/2 15:00,6526,7592,400,666,1.118,0.006,364.946,596.541,0.009,0.001,17.281,1.981
2019/5/2 16:00,7027,7685,254,404,1.12,0.007,199.073,378.749,0.009,0.001,15.936,1.444
2019/5/2 17:00,7169,7580,108,303,1.123,0.007,56.292,152.969,0.01,0.003,13.224,0.924
2019/5/2 18:00,7308,7578,26,244,1.126,0.006,0.645,5.443,0.017,0.011,11.334,0.974
2019/5/2 19:00,7035,7116,2,79,1.13,0.006,0,0,0.032,0.022,10.699,0.961
2019/5/2 20:00,6728,6782,0,54,1.133,0.006,0,0,0.056,0.026,10.028,0.967
2019/5/2 21:00,6164,6239,0,75,1.136,0.006,0,0,0.081,0.027,9.391,1.024
2019/5/2 22:00,5762,5874,0,112,1.139,0.006,0,0,0.107,0.026,8.838,1.114
2019/5/2 23:00,5406,5549,0,143,1.142,0.006,0,0,0.13,0.022,8.523,1.309
2019/5/3 0:00,5178,5455,0,277,1.145,0.006,0,0,0.151,0.021,8.28,1.596
2019/5/3 1:00,4494,5376,0,882,1.147,0.007,0,0,0.169,0.017,7.965,1.725
2019/5/3 2:00,3415,5544,0,2129,1.149,0.007,0,0,0.183,0.014,7.668,1.717
2019/5/3 3:00,3916,6161,11,2234,1.151,0.007,0.426,4.35,0.194,0.011,7.319,1.698
2019/5/3 4:00,4917,7209,35,2257,1.153,0.007,29.476,145.867,0.203,0.008,7.342,1.759
2019/5/3 5:00,5828,8139,78,2233,1.154,0.006,100.663,371.597,0.208,0.005,7.899,2.039
2019/5/3 6:00,6400,8500,136,1964,1.153,0.006,188.474,590.194,0.207,0.005,8.596,2.279
2019/5/3 7:00,7074,8554,204,1276,1.151,0.006,279.088,786.449,0.197,0.003,9.491,2.342
2019/5/3 8:00,7525,8612,249,838,1.149,0.006,357.02,947.085,0.178,0.001,10.365,2.295
2019/5/3 9:00,7526,8563,280,757,1.147,0.006,423.355,1061.188,0.154,0.001,11.128,2.226
2019/5/3 10:00,7199,8260,310,751,1.145,0.006,442.459,1120.953,0.128,0.001,11.653,2.161
2019/5/3 11:00,6954,8104,346,804,1.143,0.006,521.315,1122.34,0.104,0,12.338,2.097
2019/5/3 12:00,6523,7925,376,1026,1.141,0.006,511.469,1065.392,0.086,0,12.751,1.964
2019/5/3 13:00,6271,7734,380,1083,1.14,0.006,431.558,953.765,0.073,0,12.708,1.85
2019/5/3 14:00,6561,7672,326,785,1.14,0.006,336.584,795.286,0.065,0,12.366,1.736
2019/5/3 15:00,7084,7789,253,452,1.141,0.006,220.225,600.741,0.06,0.001,11.746,1.544
2019/5/3 16:00,7287,7825,165,373,1.143,0.006,110.782,383.373,0.062,0.01,10.873,1.174
2019/5/3 17:00,7348,7603,75,180,1.146,0.007,35.943,158.023,0.082,0.032,9.525,0.572
2019/5/3 18:00,7209,7422,20,193,1.149,0.007,0.823,6.504,0.111,0.032,8.074,0.518
2019/5/3 19:00,6765,6914,2,147,1.152,0.006,0,0,0.142,0.039,7.467,0.525
2019/5/3 20:00,6601,6727,0,126,1.155,0.006,0,0,0.174,0.037,6.893,0.535
2019/5/3 21:00,6011,6168,0,157,1.157,0.006,0,0,0.199,0.029,6.413,0.559
2019/5/3 22:00,5672,5766,0,94,1.158,0.006,0,0,0.228,0.035,6.141,0.607
2019/5/3 23:00,5406,5427,0,21,1.159,0.006,0,0,0.249,0.017,5.843,0.661
2019/5/4 0:00,5234,5246,0,12,1.16,0.006,0,0,0.256,0.004,5.458,0.707
2019/5/4 1:00,5104,5116,0,12,1.161,0.006,0,0,0.259,0.002,5.056,0.723
2019/5/4 2:00,5118,5124,0,6,1.161,0.006,0,0,0.26,0.002,4.748,0.72
2019/5/4 3:00,5334,5352,13,5,1.161,0.005,0.847,5.31,0.262,0.003,4.582,0.697
2019/5/4 4:00,5630,5672,38,4,1.162,0.006,38.797,150.819,0.266,0.006,5.133,0.58
2019/5/4 5:00,6181,6267,82,4,1.161,0.006,116.512,376.17,0.27,0.006,6.483,0.683
2019/5/4 6:00,6536,6673,133,4,1.157,0.006,201.263,594.314,0.266,0.003,7.868,0.679
2019/5/4 7:00,6668,6873,201,4,1.153,0.006,285.589,790.242,0.246,0.001,8.865,0.844
2019/5/4 8:00,6700,6948,235,13,1.15,0.006,357.972,950.56,0.216,0.001,9.71,1.055
2019/5/4 9:00,6757,7080,255,68,1.148,0.006,437.799,1064.401,0.181,0.001,10.341,1.247
2019/5/4 10:00,6513,6950,283,154,1.145,0.006,489.176,1124.062,0.148,0.001,10.967,1.364
2019/5/4 11:00,6241,6763,291,231,1.143,0.006,497.028,1125.528,0.12,0.001,11.36,1.433
2019/5/4 12:00,6121,6669,282,266,1.141,0.006,443.049,1068.539,0.099,0.001,11.396,1.44
2019/5/4 13:00,6183,6639,260,196,1.141,0.006,369.971,957.226,0.085,0.003,11.158,1.372
2019/5/4 14:00,6306,6657,221,130,1.141,0.006,263.753,799.027,0.08,0.009,10.614,1.286
2019/5/4 15:00,6571,6809,178,60,1.143,0.006,181.287,604.864,0.09,0.025,9.884,1.236
2019/5/4 16:00,6677,6814,124,13,1.145,0.006,95.568,387.896,0.134,0.071,8.926,1.16
2019/5/4 17:00,6481,6572,59,32,1.149,0.006,26.167,162.992,0.224,0.11,7.709,0.834
2019/5/4 18:00,6334,6544,16,194,1.153,0.006,0.501,7.678,0.365,0.171,6.596,0.77
2019/5/4 19:00,5560,6229,1,668,1.157,0.006,0,0,0.541,0.185,5.838,0.893
2019/5/4 20:00,4984,6133,0,1149,1.161,0.006,0,0,0.728,0.196,5.073,1.28
2019/5/4 21:00,4484,5753,0,1269,1.165,0.005,0,0,0.95,0.25,4.427,1.748
2019/5/4 22:00,3960,5484,0,1524,1.169,0.005,0,0,1.205,0.262,3.714,2.148
2019/5/4 23:00,3144,5209,0,2065,1.174,0.005,0,0,1.463,0.266,2.835,2.449
2019/5/5 0:00,2579,5134,0,2555,1.177,0.004,0,0,1.779,0.362,2.043,2.604
2019/5/5 1:00,2373,5001,0,2628,1.18,0.004,0,0,2.157,0.407,1.469,2.695
2019/5/5 2:00,2392,4982,0,2590,1.183,0.004,0,0,2.548,0.401,1.026,2.78
2019/5/5 3:00,2582,5129,4,2543,1.185,0.004,0.438,6.368,2.937,0.404,0.659,2.852
2019/5/5 4:00,2687,5243,13,2543,1.186,0.004,20.766,155.719,3.315,0.386,0.503,2.935
2019/5/5 5:00,3114,5762,41,2607,1.187,0.004,73.678,380.689,3.635,0.316,0.75,3.081
2019/5/5 6:00,3438,6147,79,2630,1.186,0.004,155.362,598.379,3.86,0.246,1.334,3.289
2019/5/5 7:00,3694,6477,126,2657,1.183,0.004,253.984,793.966,3.983,0.194,2.18,3.496
2019/5/5 8:00,3992,6761,162,2607,1.18,0.004,345.639,953.989,4.017,0.161,3.125,3.605
2019/5/5 9:00,4201,6996,192,2603,1.178,0.004,402.246,1067.667,3.987,0.138,3.924,3.654
2019/5/5 10:00,3950,6789,224,2615,1.176,0.004,422.542,1127.111,3.899,0.095,4.537,3.651
2019/5/5 11:00,3647,6534,233,2654,1.174,0.004,404.062,1128.554,3.786,0.089,4.899,3.62
2019/5/5 12:00,3524,6366,220,2622,1.173,0.004,367.126,1071.738,3.666,0.076,4.995,3.566
2019/5/5 13:00,3454,6283,188,2641,1.173,0.004,312.887,960.618,3.555,0.072,4.877,3.472
2019/5/5 14:00,3507,6292,147,2638,1.174,0.004,245.614,802.674,3.472,0.07,4.563,3.336
2019/5/5 15:00,3757,6458,106,2595,1.175,0.004,174.339,608.891,3.429,0.071,4.124,3.094
2019/5/5 16:00,4004,6630,66,2560,1.177,0.004,96.699,392.364,3.437,0.087,3.535,2.759
2019/5/5 17:00,3921,6549,29,2599,1.18,0.004,31.016,167.873,3.501,0.104,2.775,2.52
2019/5/5 18:00,3992,6554,8,2554,1.182,0.004,1.002,8.961,3.585,0.092,2.014,2.533
2019/5/5 19:00,3721,6273,0,2552,1.184,0.004,0,0,3.671,0.097,1.662,2.596
2019/5/5 20:00,3695,6324,0,2629,1.185,0.004,0,0,3.765,0.105,1.428,2.606
2019/5/5 21:00,3269,5987,0,2718,1.186,0.004,0,0,3.864,0.107,1.264,2.591
2019/5/5 22:00,3052,5773,0,2721,1.187,0.004,0,0,3.964,0.105,1.108,2.563
2019/5/5 23:00,2857,5590,0,2733,1.187,0.004,0,0,4.065,0.108,0.922,2.522
2019/5/6 0:00,2807,5562,0,2755,1.188,0.004,0,0,4.17,0.11,0.673,2.493
2019/5/6 1:00,2742,5465,0,2723,1.188,0.004,0,0,4.273,0.105,0.511,2.456
2019/5/6 2:00,2862,5626,0,2764,1.189,0.004,0,0,4.372,0.103,0.404,2.414
2019/5/6 3:00,3541,6336,10,2785,1.19,0.004,0.693,7.521,4.465,0.095,0.269,2.389
2019/5/6 4:00,4638,7436,28,2770,1.191,0.004,32.235,160.532,4.541,0.076,0.438,2.498
2019/5/6 5:00,5613,8402,76,2713,1.19,0.004,116.896,385.103,4.581,0.054,1.254,2.717
2019/5/6 6:00,5860,8663,147,2656,1.187,0.004,250.855,602.397,4.551,0.035,2.4,2.918
2019/5/6 7:00,5791,8595,242,2562,1.183,0.004,380.324,797.541,4.441,0.033,3.689,3.177
2019/5/6 8:00,5855,8607,306,2446,1.18,0.004,485.243,957.288,4.244,0.031,4.862,3.359
2019/5/6 9:00,5807,8708,349,2552,1.176,0.004,552.705,1070.774,3.96,0.026,5.776,3.421
2019/5/6 10:00,5514,8524,392,2618,1.174,0.004,557.275,1130.098,3.621,0.018,6.408,3.337
2019/5/6 11:00,5445,8429,398,2586,1.172,0.004,553.773,1131.525,3.269,0.013,6.913,3.263
2019/5/6 12:00,5427,8302,376,2499,1.17,0.004,532.808,1074.805,2.927,0.009,7.33,3.179
2019/5/6 13:00,5487,8225,327,2411,1.168,0.004,477.231,963.878,2.624,0.007,7.586,3.082
2019/5/6 14:00,5508,8176,261,2407,1.167,0.004,382.024,806.304,2.384,0.005,7.581,2.961
2019/5/6 15:00,5607,8204,196,2401,1.167,0.004,269.484,612.836,2.221,0.005,7.281,2.793
2019/5/6 16:00,5741,8240,126,2373,1.168,0.004,150.738,396.707,2.129,0.005,6.64,2.516
2019/5/6 17:00,5530,8039,59,2450,1.171,0.004,53.925,172.659,2.095,0.005,5.572,2.069
2019/5/6 18:00,5372,7863,20,2471,1.175,0.004,2.367,10.345,2.091,0.004,4.049,1.811
2019/5/6 19:00,5078,7412,2,2332,1.178,0.004,0,0,2.092,0.007,3.247,1.696
2019/5/6 20:00,4816,7098,0,2282,1.182,0.004,0,0,2.097,0.007,2.597,1.631
2019/5/6 21:00,4287,6571,0,2284,1.184,0.004,0,0,2.102,0.006,2.013,1.619
2019/5/6 22:00,4005,6223,0,2218,1.186,0.004,0,0,2.106,0.005,1.455,1.585
2019/5/6 23:00,3730,5947,0,2217,1.188,0.004,0,0,2.11,0.003,0.926,1.526
2019/5/7 0:00,3768,5825,0,2057,1.19,0.004,0,0,2.113,0.002,0.435,1.487
2019/5/7 1:00,3836,5750,0,1914,1.191,0.004,0,0,2.115,0.002,0,1.443
2019/5/7 2:00,4130,5909,0,1779,1.193,0.004,0,0,2.116,0.001,-0.366,1.389
2019/5/7 3:00,4931,6544,23,1590,1.195,0.004,2.563,8.765,2.118,0.001,-0.793,1.362
2019/5/7 4:00,6089,7568,68,1411,1.195,0.004,81.571,165.279,2.118,0,0.251,1.588
2019/5/7 5:00,7127,8330,153,1050,1.191,0.004,249.363,389.456,2.106,0,2.728,1.799
2019/5/7 6:00,7298,8406,272,836,1.182,0.004,429.546,606.323,2.033,0,5.445,2.04
2019/5/7 7:00,6842,8291,437,1012,1.176,0.004,588.63,801.071,1.878,0,7.315,2.188
2019/5/7 8:00,6624,8298,512,1162,1.172,0.004,716.912,960.498,1.656,0,8.736,2.139
2019/5/7 9:00,6927,8372,534,911,1.168,0.004,821.455,1073.72,1.357,0,9.982,1.98
2019/5/7 10:00,6862,8104,564,678,1.164,0.004,864.678,1133,1.053,0,11.029,1.785
2019/5/7 11:00,6799,7934,569,566,1.16,0.004,846.212,1134.439,0.804,0,11.804,1.6
2019/5/7 12:00,6758,7753,550,445,1.158,0.004,776.332,1077.804,0.625,0,12.259,1.434
2019/5/7 13:00,6820,7633,494,319,1.156,0.004,651.408,967.089,0.501,0,12.306,1.32
2019/5/7 14:00,6948,7597,410,239,1.155,0.004,490.147,809.766,0.417,0,11.955,1.229
2019/5/7 15:00,7234,7754,336,184,1.155,0.004,320.142,616.728,0.364,0,11.331,1.11
2019/5/7 16:00,7485,7812,230,97,1.156,0.004,160.243,401.013,0.331,0,10.396,0.888
2019/5/7 17:00,7576,7726,113,37,1.158,0.005,58.715,177.382,0.318,0,8.752,0.534
2019/5/7 18:00,7590,7662,36,36,1.16,0.005,3.077,11.827,0.317,0,6.954,0.713
2019/5/7 19:00,7273,7305,6,26,1.163,0.004,0,0,0.316,0,5.928,0.81
2019/5/7 20:00,7003,7018,0,15,1.165,0.004,0,0,0.316,0,4.917,0.868
2019/5/7 21:00,6440,6468,0,28,1.167,0.004,0,0,0.316,0,3.974,0.873
2019/5/7 22:00,5982,6090,0,108,1.169,0.004,0,0,0.316,0,3.125,0.891
2019/5/7 23:00,5719,5853,0,134,1.171,0.004,0,0,0.317,0,2.55,0.9
2019/5/8 0:00,5556,5744,0,188,1.173,0.004,0,0,0.317,0.001,2.144,0.9
2019/5/8 1:00,5457,5654,0,197,1.174,0.004,0,0,0.318,0.001,1.812,0.883
2019/5/8 2:00,5602,5849,0,247,1.176,0.004,0,0,0.319,0.001,1.512,0.857
2019/5/8 3:00,5964,6448,24,460,1.177,0.004,3.092,10.1,0.32,0.001,1.351,0.839
2019/5/8 4:00,6736,7470,74,660,1.178,0.004,72.89,169.95,0.32,0.001,2.844,1.067
2019/5/8 5:00,7236,8193,169,788,1.175,0.005,190.988,393.711,0.316,0.001,4.984,1.536
2019/5/8 6:00,7272,8312,293,747,1.166,0.005,313.493,610.16,0.304,0.001,7.365,2.067
2019/5/8 7:00,6475,8182,482,1225,1.158,0.005,435.365,804.535,0.28,0.001,9.465,2.355
2019/5/8 8:00,5527,8136,618,1991,1.151,0.005,553.389,963.637,0.248,0.001,11.418,2.443
2019/5/8 9:00,5193,8151,708,2250,1.145,0.005,653.594,1076.693,0.21,0.001,13.02,2.501
2019/5/8 10:00,4857,7894,799,2238,1.139,0.005,687.355,1135.877,0.172,0.001,14.161,2.608
2019/5/8 11:00,4746,7800,809,2245,1.135,0.006,689.968,1137.152,0.138,0.001,14.951,2.737
2019/5/8 12:00,4588,7771,777,2406,1.131,0.006,689.784,1080.701,0.112,0,15.514,2.871
2019/5/8 13:00,4558,7775,688,2529,1.129,0.006,596.314,970.154,0.095,0,15.615,2.947
2019/5/8 14:00,4669,7798,522,2607,1.127,0.006,439.818,813.198,0.084,0,15.189,2.96
2019/5/8 15:00,5014,7888,374,2500,1.127,0.006,269.738,620.495,0.077,0,14.35,2.853
2019/5/8 16:00,5383,7952,236,2333,1.129,0.006,140.374,405.21,0.073,0.001,13.091,2.571
2019/5/8 17:00,5248,7749,110,2391,1.133,0.006,37.16,181.999,0.072,0.003,11.486,2.323
2019/5/8 18:00,5041,7616,34,2541,1.137,0.006,1.462,13.399,0.076,0.007,10.089,2.284
2019/5/8 19:00,4501,7180,5,2674,1.142,0.006,0,0,0.082,0.008,9.124,2.163
2019/5/8 20:00,4226,6922,0,2696,1.145,0.006,0,0,0.09,0.011,8.312,2.026
2019/5/8 21:00,3784,6436,0,2652,1.147,0.006,0,0,0.102,0.014,7.742,1.953
2019/5/8 22:00,3553,6049,0,2496,1.148,0.006,0,0,0.119,0.02,7.362,1.985
2019/5/8 23:00,3466,5721,0,2255,1.149,0.006,0,0,0.141,0.023,7.063,1.884
2019/5/9 0:00,3698,5609,0,1911,1.15,0.006,0,0,0.165,0.026,6.86,1.663
2019/5/9 1:00,3919,5521,0,1602,1.15,0.006,0,0,0.19,0.024,6.579,1.464
2019/5/9 2:00,4535,5643,0,1108,1.15,0.006,0,0,0.213,0.023,6.334,1.31
2019/5/9 3:00,5578,6348,8,762,1.151,0.006,1.173,11.52,0.236,0.026,6.147,1.221
2019/5/9 4:00,6960,7435,22,453,1.151,0.006,33.18,174.546,0.253,0.011,6.492,1.285
2019/5/9 5:00,8114,8437,58,265,1.151,0.006,108.317,397.885,0.259,0.008,7.482,1.492
2019/5/9 6:00,8428,8784,112,244,1.149,0.006,204.231,613.91,0.256,0.003,8.494,1.642
2019/5/9 7:00,8056,8802,176,570,1.145,0.006,307.375,807.959,0.242,0.001,9.626,1.773
2019/5/9 8:00,7739,8839,226,874,1.142,0.006,399.221,966.713,0.219,0,10.653,1.714
2019/5/9 9:00,7845,8820,274,701,1.141,0.006,438.108,1079.475,0.189,0,11.312,1.618
2019/5/9 10:00,7732,8468,339,397,1.14,0.006,435.549,1138.498,0.157,0,11.653,1.62
2019/5/9 11:00,7634,8304,387,283,1.139,0.006,402.273,1139.927,0.127,0,11.811,1.625
2019/5/9 12:00,7589,8159,409,161,1.138,0.006,398.297,1083.545,0.101,0,12.058,1.55
2019/5/9 13:00,7550,8075,400,125,1.136,0.006,379.051,973.209,0.081,0,12.265,1.425
2019/5/9 14:00,7559,7987,350,78,1.136,0.006,322.829,816.564,0.067,0,12.272,1.295
2019/5/9 15:00,7618,7948,288,42,1.135,0.006,241.036,624.191,0.059,0,12.086,1.116
2019/5/9 16:00,7799,8022,206,17,1.135,0.006,150.703,409.296,0.054,0,11.593,0.821
2019/5/9 17:00,7766,7914,104,44,1.137,0.007,59.24,186.527,0.052,0,10.115,0.633
2019/5/9 18:00,7615,7790,36,139,1.14,0.006,3.402,15.055,0.051,0,8.212,0.891
2019/5/9 19:00,7063,7347,6,278,1.142,0.006,0,0,0.051,0,7.377,1.018
2019/5/9 20:00,6738,7063,0,325,1.145,0.006,0,0,0.051,0,7.019,1.172
2019/5/9 21:00,6163,6515,0,352,1.147,0.006,0,0,0.051,0,6.808,1.289
2019/5/9 22:00,5768,6120,0,352,1.148,0.006,0,0,0.052,0.001,6.687,1.382
2019/5/9 23:00,5187,5773,0,586,1.148,0.006,0,0,0.053,0.002,6.702,1.496
2019/5/10 0:00,4827,5705,0,878,1.149,0.006,0,0,0.055,0.002,6.642,1.531
2019/5/10 1:00,4559,5621,0,1062,1.15,0.006,0,0,0.057,0.002,6.311,1.406
2019/5/10 2:00,4510,5766,0,1256,1.151,0.006,0,0,0.059,0.002,6.038,1.386
2019/5/10 3:00,4964,6323,27,1332,1.153,0.006,3.655,13.018,0.063,0.006,5.794,1.385
2019/5/10 4:00,5742,7292,76,1474,1.154,0.006,74.563,179.046,0.07,0.009,6.963,1.632
2019/5/10 5:00,6705,8146,165,1276,1.153,0.007,196.863,401.954,0.077,0.007,8.814,1.985
2019/5/10 6:00,6630,8364,285,1449,1.148,0.007,332.782,617.607,0.077,0.002,10.537,2.55
2019/5/10 7:00,6139,8330,462,1729,1.144,0.007,484.971,811.221,0.072,0.001,12.014,2.681
2019/5/10 8:00,5981,8298,585,1732,1.141,0.006,588.688,969.706,0.064,0,13.182,2.708
2019/5/10 9:00,6011,8296,671,1614,1.139,0.006,637.921,1082.256,0.054,0,14.05,2.711
2019/5/10 10:00,5995,8066,748,1323,1.137,0.006,660.041,1141.255,0.043,0,14.644,2.71
2019/5/10 11:00,5905,7885,752,1228,1.136,0.006,647.956,1142.577,0.034,0,14.984,2.69
2019/5/10 12:00,5855,7703,724,1124,1.135,0.006,607.407,1086.266,0.026,0,15.134,2.631
2019/5/10 13:00,6005,7584,645,934,1.135,0.006,534.456,976.173,0.02,0,15.074,2.494
2019/5/10 14:00,6054,7507,512,941,1.135,0.006,445.725,819.806,0.016,0,14.844,2.281
2019/5/10 15:00,6072,7537,388,1077,1.135,0.006,329.654,627.812,0.014,0,14.419,2.008
2019/5/10 16:00,6167,7544,254,1123,1.137,0.007,193.694,413.332,0.012,0,13.673,1.559
2019/5/10 17:00,6374,7380,122,884,1.139,0.007,72.711,190.979,0.011,0,12.049,0.804
2019/5/10 18:00,6305,7266,40,921,1.142,0.007,4.597,16.793,0.011,0,10.029,0.793
2019/5/10 19:00,6059,6981,6,916,1.145,0.006,0,0,0.011,0,9.175,0.871
2019/5/10 20:00,5748,6766,0,1018,1.147,0.006,0,0,0.011,0,8.453,0.971
2019/5/10 21:00,5135,6192,0,1057,1.149,0.006,0,0,0.011,0,7.85,1.025
2019/5/10 22:00,4853,5755,0,902,1.149,0.006,0,0,0.011,0,7.433,1.023
2019/5/10 23:00,4682,5419,0,737,1.15,0.006,0,0,0.011,0,7.206,1.009
2019/5/11 0:00,4836,5268,0,432,1.15,0.006,0,0,0.011,0,7.094,0.97
2019/5/11 1:00,4809,5104,0,295,1.15,0.006,0,0,0.011,0,7.054,0.907
2019/5/11 2:00,4971,5091,0,120,1.149,0.006,0,0,0.011,0,6.79,0.849
2019/5/11 3:00,5284,5329,20,25,1.151,0.006,3.374,14.595,0.011,0,6.62,0.769
2019/5/11 4:00,5612,5675,58,5,1.152,0.006,71.783,183.46,0.011,0,7.713,0.587
2019/5/11 5:00,6069,6209,132,8,1.152,0.007,195.503,405.961,0.011,0,9.888,0.829
2019/5/11 6:00,6256,6548,242,50,1.146,0.007,336.785,621.168,0.01,0,11.954,1.378
2019/5/11 7:00,6186,6706,398,122,1.138,0.007,474.493,814.393,0.009,0,14.007,1.813
2019/5/11 8:00,6022,6828,509,297,1.133,0.007,577.087,972.582,0.008,0,15.612,2.094
2019/5/11 9:00,5849,6902,596,457,1.129,0.007,591.332,1084.916,0.006,0,16.559,2.178
2019/5/11 10:00,5450,6682,688,544,1.127,0.008,526.181,1143.807,0.006,0,16.835,2.034
2019/5/11 11:00,5570,6501,676,255,1.126,0.008,480.05,1145.113,0.005,0.002,16.88,1.797
2019/5/11 12:00,5692,6385,620,73,1.126,0.008,397.139,1088.991,0.008,0.008,16.598,1.513
2019/5/11 13:00,5840,6420,525,55,1.127,0.008,292.05,979.085,0.018,0.014,15.928,1.262
2019/5/11 14:00,6057,6552,374,121,1.13,0.008,221.001,822.968,0.031,0.02,15.136,1.207
2019/5/11 15:00,6370,6806,236,200,1.133,0.008,143.178,631.34,0.084,0.089,14.107,1.146
2019/5/11 16:00,6268,6844,132,444,1.136,0.008,75.466,417.279,0.181,0.113,12.857,0.997
2019/5/11 17:00,6143,6605,58,404,1.14,0.008,26.774,195.338,0.277,0.097,11.425,0.926
2019/5/11 18:00,6043,6519,20,456,1.144,0.008,1.614,18.602,0.376,0.107,10.233,0.887
2019/5/11 19:00,4415,6238,2,1821,1.149,0.007,0,0,0.453,0.059,9.476,0.996
2019/5/11 20:00,3897,6123,0,2226,1.155,0.007,0,0,0.498,0.038,8.555,1.397
2019/5/11 21:00,3464,5652,0,2188,1.16,0.007,0,0,0.53,0.031,7.747,1.867
2019/5/11 22:00,3652,5303,0,1651,1.163,0.007,0,0,0.564,0.038,7.216,1.995
2019/5/11 23:00,3613,4989,0,1376,1.164,0.006,0,0,0.604,0.043,6.86,1.899
2019/5/12 0:00,3700,4876,0,1176,1.166,0.006,0,0,0.651,0.052,6.6,1.765
2019/5/12 1:00,3916,4752,0,836,1.167,0.006,0,0,0.735,0.11,6.373,1.668
2019/5/12 2:00,3771,4724,0,953,1.168,0.006,0,0,0.853,0.128,6.143,1.619
2019/5/12 3:00,3779,4841,10,1052,1.17,0.006,2.424,16.245,0.99,0.148,5.93,1.602
2019/5/12 4:00,4057,5008,26,925,1.171,0.006,35.408,187.795,1.133,0.145,6.125,1.771
2019/5/12 5:00,4627,5550,56,867,1.171,0.006,86.127,409.87,1.261,0.12,6.577,1.926
2019/5/12 6:00,5024,5932,98,810,1.171,0.006,121.151,624.678,1.357,0.106,7.002,2.095
2019/5/12 7:00,5241,6239,150,848,1.17,0.006,153.349,817.577,1.436,0.107,7.309,2.378
2019/5/12 8:00,5492,6555,178,885,1.171,0.006,200.576,975.46,1.499,0.109,7.592,2.666
2019/5/12 9:00,5765,6751,198,788,1.172,0.006,236.613,1087.599,1.542,0.111,7.691,2.909
2019/5/12 10:00,5260,6609,221,1128,1.174,0.006,261.34,1146.284,1.561,0.081,7.637,3.078
2019/5/12 11:00,4341,6402,238,1823,1.175,0.006,264.147,1147.618,1.559,0.065,7.536,3.205
2019/5/12 12:00,4018,6301,240,2043,1.176,0.005,278.086,1091.535,1.539,0.067,7.595,3.306
2019/5/12 13:00,3889,6212,222,2101,1.175,0.005,270.218,981.861,1.497,0.048,7.711,3.373
2019/5/12 14:00,3764,6222,172,2286,1.175,0.005,227.853,826.032,1.451,0.036,7.651,3.427
2019/5/12 15:00,3769,6399,112,2518,1.176,0.005,164.786,634.798,1.418,0.032,7.382,3.385
2019/5/12 16:00,3998,6605,68,2539,1.178,0.005,94.75,421.124,1.409,0.031,6.857,3.198
2019/5/12 17:00,3980,6576,31,2565,1.18,0.005,34.669,199.601,1.426,0.038,6.151,2.889
2019/5/12 18:00,3932,6488,10,2546,1.183,0.005,2.589,20.478,1.46,0.039,5.447,2.677
2019/5/12 19:00,3627,6186,2,2557,1.186,0.005,0,0,1.501,0.05,5.02,2.694
2019/5/12 20:00,3687,6214,0,2527,1.188,0.005,0,0,1.551,0.059,4.697,2.747
2019/5/12 21:00,3291,5875,0,2584,1.189,0.005,0,0,1.594,0.041,4.456,2.735
2019/5/12 22:00,3046,5670,0,2624,1.189,0.005,0,0,1.628,0.036,4.317,2.77
2019/5/12 23:00,2787,5437,0,2650,1.189,0.005,0,0,1.657,0.031,4.197,2.8
2019/5/13 0:00,2724,5393,0,2669,1.189,0.005,0,0,1.683,0.028,4.093,2.854
2019/5/13 1:00,2695,5336,0,2641,1.19,0.005,0,0,1.71,0.03,4.006,2.888
2019/5/13 2:00,2877,5521,0,2644,1.19,0.005,0,0,1.739,0.032,3.945,2.937
2019/5/13 3:00,3601,6214,7,2606,1.191,0.005,1.764,17.961,1.767,0.029,3.874,2.978
2019/5/13 4:00,4730,7372,19,2623,1.192,0.005,30.075,192.023,1.79,0.024,4.08,3.013
2019/5/13 5:00,5674,8363,54,2635,1.191,0.005,91.773,413.672,1.798,0.017,4.675,3.135
2019/5/13 6:00,5859,8642,101,2682,1.189,0.005,190.394,628.049,1.78,0.012,5.493,3.384
2019/5/13 7:00,5750,8626,156,2720,1.186,0.004,334.047,820.616,1.724,0.01,6.593,3.752
2019/5/13 8:00,5808,8719,200,2711,1.183,0.004,449.308,978.16,1.627,0.009,7.672,3.955
2019/5/13 9:00,5827,8742,241,2674,1.181,0.004,540.597,1090.104,1.495,0.009,8.594,4.02
2019/5/13 10:00,5518,8475,286,2671,1.178,0.004,626.795,1148.736,1.336,0.009,9.518,4.037
2019/5/13 11:00,5475,8492,285,2732,1.174,0.004,685.757,1149.996,1.168,0.007,10.363,4.039
2019/5/13 12:00,5540,8485,253,2692,1.172,0.004,654.539,1094.048,1.011,0.006,10.824,3.988
2019/5/13 13:00,5611,8482,213,2658,1.171,0.004,569.877,984.568,0.882,0.006,10.862,3.912
2019/5/13 14:00,5503,8414,170,2741,1.171,0.004,452.912,829.088,0.791,0.006,10.464,3.835
2019/5/13 15:00,5579,8357,122,2656,1.173,0.004,303.075,638.163,0.736,0.006,9.655,3.647
2019/5/13 16:00,5595,8271,77,2599,1.176,0.004,172.185,424.89,0.711,0.005,8.556,3.272
2019/5/13 17:00,5584,7960,36,2340,1.18,0.004,68.216,203.779,0.704,0.003,7.146,2.562
2019/5/13 18:00,5625,7734,11,2098,1.184,0.004,6.251,22.415,0.704,0.002,5.509,2.056
2019/5/13 19:00,5273,7312,2,2037,1.186,0.004,0,0,0.705,0.001,4.583,1.87
2019/5/13 20:00,5147,7039,0,1892,1.188,0.004,0,0,0.707,0.001,4.002,1.806
2019/5/13 21:00,4652,6478,0,1826,1.189,0.004,0,0,0.708,0.001,3.58,1.801
2019/5/13 22:00,4151,6128,0,1977,1.191,0.004,0,0,0.709,0.001,3.179,1.843
2019/5/13 23:00,3818,5794,0,1976,1.192,0.004,0,0,0.709,0,2.711,1.947
2019/5/14 0:00,3745,5690,0,1945,1.194,0.004,0,0,0.71,0,2.275,2.02
2019/5/14 1:00,3695,5638,0,1943,1.196,0.004,0,0,0.71,0,1.762,2.056
2019/5/14 2:00,3772,5824,0,2052,1.197,0.004,0,0,0.71,0,1.323,2.095
2019/5/14 3:00,4323,6496,14,2159,1.199,0.004,6.21,19.738,0.71,0,0.963,2.091
2019/5/14 4:00,5265,7529,40,2224,1.199,0.004,97.285,196.181,0.711,0,1.869,2.212
2019/5/14 5:00,6175,8386,96,2115,1.195,0.004,243.773,417.407,0.708,0.001,3.795,2.396
2019/5/14 6:00,6367,8556,170,2019,1.188,0.003,404.855,631.374,0.698,0.002,5.785,3.115
2019/5/14 7:00,6137,8480,260,2083,1.184,0.003,549.705,823.576,0.679,0.004,7.038,3.541
2019/5/14 8:00,5872,8623,304,2447,1.181,0.003,636.531,980.833,0.655,0.006,7.808,3.662
2019/5/14 9:00,5775,8656,322,2559,1.18,0.003,681.432,1092.58,0.628,0.007,8.284,3.662
2019/5/14 10:00,5807,8478,343,2328,1.178,0.003,688.845,1151.007,0.6,0.008,8.513,3.597
2019/5/14 11:00,5823,8414,336,2255,1.177,0.004,628.037,1152.382,0.575,0.01,8.475,3.477
2019/5/14 12:00,5683,8313,302,2328,1.177,0.004,558.125,1096.465,0.557,0.011,8.279,3.365
2019/5/14 13:00,5620,8287,256,2411,1.177,0.004,457.846,987.225,0.545,0.012,7.836,3.276
2019/5/14 14:00,5630,8255,199,2426,1.179,0.004,328,831.958,0.539,0.012,7.086,3.126
2019/5/14 15:00,5781,8304,140,2383,1.18,0.004,216.479,641.415,0.539,0.012,6.265,2.882
2019/5/14 16:00,6041,8340,83,2216,1.182,0.004,118.786,428.571,0.549,0.02,5.421,2.522
2019/5/14 17:00,5770,8078,40,2268,1.185,0.005,45.619,207.846,0.572,0.029,4.517,2.144
2019/5/14 18:00,5667,7903,13,2223,1.187,0.005,3.993,24.407,0.603,0.035,3.537,2.042
2019/5/14 19:00,5231,7450,2,2217,1.188,0.005,0,0,0.645,0.049,3.039,2.18
2019/5/14 20:00,4941,7143,0,2202,1.189,0.005,0,0,0.697,0.064,2.809,2.34
2019/5/14 21:00,4464,6617,0,2153,1.189,0.005,0,0,0.759,0.077,2.709,2.436
2019/5/14 22:00,4177,6261,0,2084,1.189,0.005,0,0,0.827,0.086,2.601,2.387
2019/5/14 23:00,3901,5948,0,2047,1.189,0.005,0,0,0.892,0.076,2.466,2.278
2019/5/15 0:00,3829,5840,0,2011,1.189,0.005,0,0,0.948,0.068,2.346,2.269
2019/5/15 1:00,3645,5739,0,2094,1.189,0.005,0,0,0.995,0.063,2.232,2.229
2019/5/15 2:00,3789,5895,0,2106,1.189,0.004,0,0,1.039,0.058,2.129,2.239
2019/5/15 3:00,4404,6583,5,2174,1.189,0.004,2.021,21.573,1.082,0.057,2.031,2.327
2019/5/15 4:00,5395,7644,16,2233,1.189,0.004,30.234,200.237,1.123,0.055,2.27,2.511
2019/5/15 5:00,6306,8610,44,2260,1.188,0.005,84.502,421.05,1.159,0.052,2.77,2.684
2019/5/15 6:00,6765,8933,78,2090,1.186,0.005,152.98,634.612,1.186,0.052,3.441,2.808
2019/5/15 7:00,6745,8995,115,2135,1.183,0.005,211.374,826.435,1.193,0.036,4.217,2.855
2019/5/15 8:00,6815,9180,138,2227,1.18,0.005,266.101,983.399,1.16,0.018,5.029,2.905
2019/5/15 9:00,6810,9265,150,2305,1.178,0.005,318.59,1094.882,1.089,0.012,5.776,2.943
2019/5/15 10:00,6534,9083,165,2384,1.175,0.005,338.911,1153.33,0.993,0.007,6.334,2.954
2019/5/15 11:00,6401,9018,174,2443,1.173,0.005,339.953,1154.685,0.89,0.006,6.722,2.935
2019/5/15 12:00,6338,8927,170,2419,1.172,0.005,322.268,1098.879,0.793,0.006,6.946,2.932
2019/5/15 13:00,6219,8810,155,2436,1.171,0.005,286.047,989.784,0.709,0.005,7.004,2.881
2019/5/15 14:00,6227,8765,128,2410,1.171,0.005,233.06,834.852,0.646,0.004,6.846,2.765
2019/5/15 15:00,6326,8769,96,2347,1.172,0.005,169.901,644.635,0.604,0.004,6.509,2.634
2019/5/15 16:00,6289,8730,64,2377,1.173,0.005,104.345,432.158,0.583,0.003,5.97,2.495
2019/5/15 17:00,5944,8353,29,2380,1.176,0.005,42.374,211.845,0.582,0.014,5.213,2.28
2019/5/15 18:00,5680,8050,10,2360,1.178,0.005,4.184,26.449,0.598,0.039,4.288,2.097
2019/5/15 19:00,5298,7600,2,2300,1.181,0.005,0,0,0.614,0.028,3.773,2.088
2019/5/15 20:00,5092,7302,0,2210,1.182,0.005,0,0,0.626,0.019,3.512,2.065
2019/5/15 21:00,4625,6737,0,2112,1.182,0.005,0,0,0.635,0.021,3.329,1.953
2019/5/15 22:00,4272,6365,0,2093,1.182,0.005,0,0,0.651,0.041,3.191,1.814
2019/5/15 23:00,4002,6059,0,2057,1.182,0.005,0,0,0.676,0.047,3.028,1.699
2019/5/16 0:00,3942,5966,0,2024,1.182,0.005,0,0,0.699,0.029,2.863,1.636
2019/5/16 1:00,3940,5843,0,1903,1.182,0.005,0,0,0.716,0.018,2.678,1.577
2019/5/16 2:00,4288,6011,0,1723,1.182,0.005,0,0,0.728,0.013,2.555,1.544
2019/5/16 3:00,5027,6609,8,1574,1.182,0.005,2.596,23.457,0.737,0.011,2.475,1.499
2019/5/16 4:00,6302,7606,22,1282,1.182,0.005,41.984,204.192,0.743,0.008,2.95,1.514
2019/5/16 5:00,7530,8566,60,976,1.181,0.005,115.561,424.597,0.739,0.002,3.84,1.578
2019/5/16 6:00,7932,8775,118,725,1.177,0.005,208.399,637.797,0.717,0,5.035,1.563
2019/5/16 7:00,7934,8736,188,614,1.172,0.005,295.401,829.242,0.655,0,6.412,1.511
2019/5/16 8:00,8038,8756,256,462,1.167,0.005,374.914,985.907,0.557,0,7.79,1.427
2019/5/16 9:00,8083,8738,330,325,1.163,0.006,444.99,1097.212,0.457,0,8.99,1.285
2019/5/16 10:00,7907,8483,425,151,1.159,0.006,520.492,1155.431,0.365,0,10.062,1.073
2019/5/16 11:00,7841,8368,458,69,1.155,0.006,537.957,1156.801,0.286,0,10.872,0.878
2019/5/16 12:00,7825,8275,428,22,1.153,0.006,541.507,1101.119,0.224,0,11.436,0.809
2019/5/16 13:00,7820,8200,375,5,1.151,0.006,512.733,992.237,0.179,0,11.764,0.799
2019/5/16 14:00,7800,8112,308,4,1.149,0.006,422.812,837.583,0.149,0,11.721,0.794
2019/5/16 15:00,7855,8107,247,5,1.149,0.006,307.272,647.717,0.13,0,11.367,0.821
2019/5/16 16:00,7960,8139,174,5,1.15,0.006,178.233,435.633,0.119,0.001,10.682,0.829
2019/5/16 17:00,7820,7922,94,8,1.152,0.006,72.617,215.731,0.115,0.003,9.476,0.597
2019/5/16 18:00,7685,7735,38,12,1.155,0.006,6.805,28.533,0.118,0.005,7.469,0.544
2019/5/16 19:00,7330,7344,6,8,1.158,0.006,0,0,0.122,0.004,6.433,0.591
2019/5/16 20:00,7031,7051,0,20,1.16,0.006,0,0,0.124,0.002,5.802,0.628
2019/5/16 21:00,6489,6513,0,24,1.161,0.006,0,0,0.124,0.001,5.273,0.65
2019/5/16 22:00,6075,6107,0,32,1.162,0.006,0,0,0.124,0,4.851,0.667
2019/5/16 23:00,5779,5816,0,37,1.162,0.005,0,0,0.125,0,4.519,0.672
2019/5/17 0:00,5656,5681,0,25,1.163,0.005,0,0,0.125,0.001,4.311,0.671
2019/5/17 1:00,5557,5580,0,23,1.163,0.005,0,0,0.125,0.001,4.032,0.661
2019/5/17 2:00,5767,5792,0,25,1.164,0.005,0,0,0.126,0.001,3.781,0.64
2019/5/17 3:00,6273,6364,32,59,1.166,0.005,7.926,25.388,0.126,0.001,3.595,0.66
2019/5/17 4:00,7219,7419,86,114,1.167,0.005,93.945,208.064,0.126,0.001,4.772,0.662
2019/5/17 5:00,7964,8228,172,92,1.164,0.006,243.694,428.045,0.122,0.001,6.91,1.022
2019/5/17 6:00,7972,8332,290,70,1.156,0.006,443.05,640.86,0.111,0,9.43,1.492
2019/5/17 7:00,7571,8228,462,195,1.149,0.006,610.767,831.973,0.093,0,11.624,1.747
2019/5/17 8:00,7304,8203,573,326,1.143,0.006,749.227,988.355,0.073,0,13.405,2.012
2019/5/17 9:00,7067,8165,638,460,1.138,0.006,835.854,1099.412,0.055,0,14.678,2.218
2019/5/17 10:00,6547,7881,702,632,1.134,0.006,869.424,1157.638,0.041,0,15.518,2.369
2019/5/17 11:00,6126,7631,732,773,1.131,0.006,856.815,1158.941,0.031,0,16.091,2.488
2019/5/17 12:00,5811,7452,722,919,1.129,0.006,783.787,1103.345,0.024,0,16.306,2.565
2019/5/17 13:00,5711,7371,656,1004,1.128,0.007,675.453,994.646,0.02,0,16.19,2.581
2019/5/17 14:00,5558,7335,521,1256,1.128,0.007,533.808,840.275,0.017,0,15.773,2.544
2019/5/17 15:00,5629,7460,395,1436,1.129,0.007,384.625,650.742,0.015,0,15.135,2.458
2019/5/17 16:00,5838,7496,271,1387,1.13,0.007,233.17,439.038,0.014,0,14.198,2.246
2019/5/17 17:00,6003,7307,143,1161,1.134,0.007,98.276,219.518,0.013,0,12.49,1.615
2019/5/17 18:00,6112,7201,55,1034,1.139,0.007,8.971,30.658,0.013,0,9.849,1.125
2019/5/17 19:00,5789,6906,10,1107,1.144,0.007,0,0,0.013,0,8.497,1.165
2019/5/17 20:00,5417,6696,0,1279,1.148,0.007,0,0,0.013,0,7.576,1.117
2019/5/17 21:00,4865,6205,0,1340,1.151,0.007,0,0,0.013,0,6.893,1.053
2019/5/17 22:00,4529,5826,0,1297,1.153,0.006,0,0,0.013,0,6.461,1.03
2019/5/17 23:00,4113,5465,0,1352,1.154,0.006,0,0,0.013,0,6.155,1.05
2019/5/18 0:00,3972,5332,0,1360,1.156,0.006,0,0,0.014,0,5.992,1.105
2019/5/18 1:00,3844,5144,0,1300,1.157,0.006,0,0,0.014,0,5.796,1.116
2019/5/18 2:00,3874,5172,0,1298,1.159,0.006,0,0,0.014,0,5.631,1.146
2019/5/18 3:00,4160,5371,40,1171,1.16,0.006,6.684,27.357,0.014,0,5.524,1.175
2019/5/18 4:00,4519,5682,100,1063,1.16,0.006,73.181,211.836,0.015,0,6.477,1.333
2019/5/18 5:00,5148,6169,192,829,1.156,0.006,213.722,431.43,0.015,0,8.312,1.538
2019/5/18 6:00,5416,6460,318,726,1.147,0.007,402.277,643.86,0.014,0,10.853,1.753
2019/5/18 7:00,5144,6594,505,945,1.139,0.007,566.766,834.641,0.012,0,13.213,1.999
2019/5/18 8:00,5049,6663,614,1000,1.133,0.007,656.48,990.778,0.011,0,14.787,2.166
2019/5/18 9:00,5094,6771,672,1005,1.13,0.007,724.182,1101.627,0.01,0,15.817,2.265
2019/5/18 10:00,4965,6560,720,875,1.127,0.007,744.623,1159.699,0.009,0,16.487,2.235
2019/5/18 11:00,4904,6382,721,757,1.124,0.007,727.25,1160.919,0.008,0,16.952,2.133
2019/5/18 12:00,4893,6204,687,624,1.122,0.007,669.958,1105.502,0.007,0,17.204,2.034
2019/5/18 13:00,4960,6100,622,518,1.121,0.007,605.535,997.024,0.006,0,17.34,1.965
2019/5/18 14:00,5047,6064,508,509,1.12,0.007,525.209,842.899,0.005,0,17.263,1.925
2019/5/18 15:00,5480,6243,393,370,1.119,0.007,397.14,653.676,0.004,0,16.871,1.855
2019/5/18 16:00,5772,6318,269,277,1.12,0.008,245.686,442.351,0.004,0,16.19,1.629
2019/5/18 17:00,5842,6175,142,191,1.122,0.008,100.895,223.222,0.004,0,14.364,0.973
2019/5/18 18:00,5966,6195,52,177,1.125,0.008,9.739,32.813,0.004,0.001,11.618,0.869
2019/5/18 19:00,5796,6023,10,217,1.128,0.007,0,0,0.005,0,10.616,0.899
2019/5/18 20:00,5721,5934,0,213,1.131,0.007,0,0,0.005,0,10.1,0.849
2019/5/18 21:00,5247,5480,0,233,1.133,0.007,0,0,0.005,0,9.627,0.811
2019/5/18 22:00,4952,5170,0,218,1.135,0.007,0,0,0.005,0,9.142,0.791
2019/5/18 23:00,4728,4876,0,148,1.136,0.007,0,0,0.006,0.001,8.741,0.77
2019/5/19 0:00,4629,4756,0,127,1.137,0.007,0,0,0.007,0.001,8.542,0.739
2019/5/19 1:00,4400,4594,0,194,1.138,0.007,0,0,0.009,0.003,8.447,0.701
2019/5/19 2:00,4375,4635,0,260,1.139,0.007,0,0,0.011,0.002,8.393,0.661
2019/5/19 3:00,4370,4660,37,253,1.14,0.007,5.769,29.356,0.013,0.002,8.221,0.634
2019/5/19 4:00,4494,4839,95,250,1.141,0.007,72.952,215.501,0.015,0.002,9.161,0.583
2019/5/19 5:00,4882,5279,184,213,1.14,0.007,208.066,434.701,0.015,0.001,10.998,0.912
2019/5/19 6:00,5146,5532,313,73,1.133,0.008,370.495,646.741,0.015,0,13.215,1.188
2019/5/19 7:00,5241,5782,501,40,1.126,0.008,508.919,837.168,0.014,0,15.047,1.467
2019/5/19 8:00,5194,5945,630,121,1.122,0.008,630.538,993.024,0.012,0,16.357,1.655
2019/5/19 9:00,5212,6085,714,159,1.119,0.008,693.055,1103.654,0.01,0,17.265,1.765
2019/5/19 10:00,5016,5931,798,117,1.116,0.008,719.706,1161.676,0.008,0,17.847,1.864
2019/5/19 11:00,4835,5764,792,137,1.115,0.008,673.843,1162.916,0.007,0,18.045,1.973
2019/5/19 12:00,4599,5594,737,258,1.114,0.008,552.879,1107.501,0.006,0,17.823,2.038
2019/5/19 13:00,4510,5613,625,478,1.114,0.008,448.051,999.263,0.005,0,17.43,2.083
2019/5/19 14:00,4646,5694,480,568,1.115,0.008,310.653,845.395,0.005,0,16.833,2.014
2019/5/19 15:00,5040,5879,359,480,1.116,0.009,175.096,656.565,0.005,0,16.04,1.772
2019/5/19 16:00,5585,6135,246,304,1.118,0.009,83.49,445.565,0.004,0,14.998,1.246
2019/5/19 17:00,5730,6115,133,252,1.12,0.009,32.946,226.825,0.008,0.008,13.662,0.817
2019/5/19 18:00,5812,6176,50,314,1.123,0.009,3.841,34.988,0.017,0.011,12.402,0.774
2019/5/19 19:00,5752,5994,8,234,1.125,0.008,0,0,0.026,0.01,11.656,0.731
2019/5/19 20:00,5879,6004,0,125,1.127,0.008,0,0,0.032,0.003,10.928,0.696
2019/5/19 21:00,5578,5615,0,37,1.13,0.008,0,0,0.033,0.001,10.307,0.673
2019/5/19 22:00,5272,5385,0,113,1.132,0.008,0,0,0.034,0.001,9.926,0.648
2019/5/19 23:00,4967,5127,0,160,1.133,0.008,0,0,0.036,0.003,9.564,0.643
2019/5/20 0:00,4981,5089,0,108,1.135,0.008,0,0,0.041,0.007,9.241,0.618
2019/5/20 1:00,4759,5048,0,289,1.136,0.007,0,0,0.065,0.045,8.81,0.61
2019/5/20 2:00,4680,5256,0,576,1.137,0.007,0,0,0.126,0.06,8.574,0.619
2019/5/20 3:00,5177,5919,26,716,1.138,0.007,4.872,31.382,0.181,0.053,8.447,0.627
2019/5/20 4:00,6424,7071,62,585,1.139,0.008,45.665,219.071,0.231,0.051,9.124,0.748
2019/5/20 5:00,7615,8158,130,413,1.138,0.008,123.386,437.884,0.283,0.054,10.001,1.064
2019/5/20 6:00,7864,8569,224,481,1.135,0.008,219.027,649.577,0.333,0.063,11.22,1.315
2019/5/20 7:00,7675,8631,348,608,1.132,0.008,309.887,839.666,0.369,0.045,12.258,1.583
2019/5/20 8:00,7469,8662,423,770,1.129,0.008,392.319,995.195,0.378,0.026,13.198,1.849
2019/5/20 9:00,7156,8755,480,1119,1.127,0.008,433.751,1105.668,0.363,0.012,13.951,2.067
2019/5/20 10:00,6694,8506,530,1282,1.125,0.008,438.157,1163.597,0.333,0.006,14.505,2.235
2019/5/20 11:00,6691,8447,538,1218,1.123,0.008,432.643,1164.843,0.296,0.002,14.89,2.369
2019/5/20 12:00,6436,8343,512,1395,1.122,0.008,412.68,1109.624,0.263,0.003,15.098,2.471
2019/5/20 13:00,6427,8261,462,1372,1.121,0.008,377.285,1001.437,0.238,0.004,15.147,2.482
2019/5/20 14:00,6425,8092,374,1293,1.121,0.008,313.884,847.85,0.222,0.005,14.987,2.438
2019/5/20 15:00,6516,8092,286,1290,1.121,0.008,213.64,659.305,0.214,0.007,14.512,2.222
2019/5/20 16:00,6538,8018,201,1279,1.123,0.008,133.726,448.685,0.211,0.009,13.791,1.883
2019/5/20 17:00,6621,7738,110,1007,1.126,0.008,55.654,230.333,0.22,0.024,12.587,1.547
2019/5/20 18:00,6259,7462,43,1160,1.13,0.008,5.604,37.18,0.251,0.044,10.967,1.328
2019/5/20 19:00,5879,7139,8,1252,1.134,0.008,0,0,0.294,0.049,10.015,1.349
2019/5/20 20:00,5854,6855,0,1001,1.137,0.008,0,0,0.335,0.042,9.327,1.315
2019/5/20 21:00,5458,6286,0,828,1.14,0.007,0,0,0.374,0.04,8.745,1.245
2019/5/20 22:00,5401,5943,0,542,1.141,0.007,0,0,0.409,0.035,8.279,1.186
2019/5/20 23:00,5134,5638,0,504,1.143,0.007,0,0,0.439,0.032,7.879,1.141
2019/5/21 0:00,5139,5554,0,415,1.144,0.007,0,0,0.462,0.028,7.549,1.109
2019/5/21 1:00,5165,5480,0,315,1.145,0.007,0,0,0.482,0.027,7.248,1.087
2019/5/21 2:00,5362,5666,0,304,1.146,0.007,0,0,0.5,0.028,7.041,1.062
2019/5/21 3:00,6017,6229,24,188,1.147,0.007,8.104,33.429,0.519,0.03,7.005,1.043
2019/5/21 4:00,7203,7336,60,73,1.148,0.007,63.081,222.545,0.537,0.027,8.048,1.291
2019/5/21 5:00,8130,8246,106,10,1.146,0.007,153.727,440.982,0.545,0.021,9.205,1.471
2019/5/21 6:00,8333,8500,163,4,1.141,0.007,263.439,652.261,0.537,0.011,10.83,1.555
2019/5/21 7:00,8307,8553,230,16,1.137,0.007,362.874,842.044,0.506,0.003,12.147,1.608
2019/5/21 8:00,8390,8700,276,34,1.135,0.007,426.836,997.34,0.459,0.001,13.011,1.675
2019/5/21 9:00,8427,8848,313,108,1.134,0.007,439.273,1107.647,0.402,0,13.499,1.839
2019/5/21 10:00,7904,8629,354,371,1.133,0.007,415.898,1165.32,0.342,0,13.699,2.116
2019/5/21 11:00,7810,8607,377,420,1.133,0.007,376.779,1166.685,0.289,0,13.7,2.35
2019/5/21 12:00,7279,8472,370,823,1.134,0.008,336.19,1111.434,0.247,0.001,13.591,2.53
2019/5/21 13:00,6673,8364,340,1351,1.134,0.008,312.399,1003.522,0.216,0.002,13.494,2.681
2019/5/21 14:00,6519,8308,274,1515,1.135,0.008,288.45,850.216,0.194,0.003,13.38,2.797
2019/5/21 15:00,6376,8267,205,1686,1.135,0.008,218.445,661.988,0.181,0.004,13.102,2.723
2019/5/21 16:00,6400,8163,144,1619,1.136,0.008,150.701,451.718,0.172,0.003,12.657,2.515
2019/5/21 17:00,6187,7843,78,1578,1.138,0.008,67.958,233.735,0.167,0.001,11.777,2.141
2019/5/21 18:00,5981,7632,32,1619,1.141,0.007,6.501,39.388,0.164,0,10.426,1.923
2019/5/21 19:00,5597,7225,6,1622,1.144,0.007,0,0,0.162,0.002,9.711,1.96
2019/5/21 20:00,5248,6985,0,1737,1.147,0.007,0,0,0.162,0.003,9.294,1.905
2019/5/21 21:00,4598,6430,0,1832,1.148,0.007,0,0,0.162,0.003,9.139,1.96
2019/5/21 22:00,4372,6129,0,1757,1.148,0.007,0,0,0.162,0.002,9.111,2.018
2019/5/21 23:00,4011,5812,0,1801,1.148,0.007,0,0,0.162,0.001,9.078,2.059
2019/5/22 0:00,3920,5720,0,1800,1.148,0.007,0,0,0.162,0.001,8.941,2.029
2019/5/22 1:00,3632,5595,0,1963,1.148,0.007,0,0,0.162,0.001,8.892,2.159
2019/5/22 2:00,3725,5738,0,2013,1.149,0.007,0,0,0.163,0.003,8.849,2.274
2019/5/22 3:00,4291,6303,24,1988,1.15,0.007,5.147,35.49,0.166,0.004,8.74,2.237
2019/5/22 4:00,5152,7353,56,2145,1.15,0.007,44.89,225.91,0.168,0.004,9.234,2.32
2019/5/22 5:00,5833,8284,112,2339,1.15,0.007,105.829,443.997,0.166,0.001,9.937,2.454
2019/5/22 6:00,6191,8605,196,2218,1.147,0.008,181.913,654.946,0.159,0,10.899,2.604
2019/5/22 7:00,6003,8659,317,2339,1.144,0.008,277.494,844.339,0.146,0,12.053,2.902
2019/5/22 8:00,5900,8816,397,2519,1.14,0.008,390.401,999.398,0.13,0,13.279,3.186
2019/5/22 9:00,5874,8948,450,2624,1.138,0.008,458.033,1109.44,0.111,0,14.128,3.354
2019/5/22 10:00,5745,8731,501,2485,1.137,0.008,436.83,1167.152,0.091,0,14.471,3.362
2019/5/22 11:00,5669,8671,525,2477,1.136,0.008,451.774,1168.392,0.072,0,14.788,3.36
2019/5/22 12:00,5377,8540,523,2640,1.135,0.008,441.206,1113.284,0.055,0,14.994,3.316
2019/5/22 13:00,5259,8407,480,2668,1.135,0.008,396.99,1005.52,0.042,0,14.938,3.231
2019/5/22 14:00,5207,8278,382,2689,1.136,0.008,322.818,852.492,0.033,0,14.596,3.065
2019/5/22 15:00,5323,8275,282,2670,1.137,0.008,224.535,664.616,0.027,0,14.045,2.795
2019/5/22 16:00,5457,8218,192,2569,1.139,0.008,133.817,454.663,0.024,0,13.329,2.568
2019/5/22 17:00,5218,7885,105,2562,1.142,0.008,54.152,237.042,0.022,0,12.338,2.374
2019/5/22 18:00,5157,7622,42,2423,1.145,0.008,6.802,41.603,0.022,0,11.217,2.248
2019/5/22 19:00,5081,7234,8,2145,1.148,0.008,0,0,0.021,0,10.553,2.243
2019/5/22 20:00,4857,6941,0,2084,1.15,0.008,0,0,0.021,0,10.142,2.252
2019/5/22 21:00,4393,6443,0,2050,1.151,0.007,0,0,0.021,0,9.818,2.24
2019/5/22 22:00,4188,6080,0,1892,1.152,0.007,0,0,0.02,0,9.541,2.226
2019/5/22 23:00,3852,5769,0,1917,1.154,0.007,0,0,0.02,0,9.28,2.203
2019/5/23 0:00,3432,5671,0,2239,1.155,0.007,0,0,0.02,0,9.035,2.165
2019/5/23 1:00,3320,5556,0,2236,1.156,0.007,0,0,0.02,0,8.79,2.145
2019/5/23 2:00,3315,5704,0,2389,1.157,0.007,0,0,0.02,0,8.546,2.124
2019/5/23 3:00,3808,6267,32,2427,1.159,0.007,6.082,37.558,0.02,0,8.298,2.096
2019/5/23 4:00,4806,7340,79,2455,1.16,0.007,58.442,229.19,0.02,0,8.577,2.127
2019/5/23 5:00,5701,8233,157,2375,1.16,0.007,161.128,446.907,0.019,0,9.442,2.333
2019/5/23 6:00,5957,8483,272,2254,1.157,0.007,311.366,657.482,0.017,0,10.618,2.651
2019/5/23 7:00,5722,8484,427,2335,1.153,0.007,466.748,846.58,0.015,0,12.049,2.841
2019/5/23 8:00,5582,8448,532,2334,1.15,0.006,575.467,1001.376,0.011,0,13.36,2.879
2019/5/23 9:00,5480,8495,604,2411,1.147,0.006,626.115,1111.268,0.008,0,14.237,2.854
2019/5/23 10:00,5143,8264,687,2434,1.145,0.006,689.448,1168.812,0.005,0,14.946,2.811
2019/5/23 11:00,4948,8131,720,2463,1.142,0.006,715.946,1170.105,0.004,0,15.553,2.755
2019/5/23 12:00,4871,7992,707,2414,1.14,0.006,709.164,1115.075,0.002,0,16.025,2.672
2019/5/23 13:00,5115,7851,632,2104,1.138,0.006,650.906,1007.461,0.002,0,16.263,2.561
2019/5/23 14:00,5432,7745,507,1806,1.136,0.006,560.601,854.697,0.001,0,16.25,2.424
2019/5/23 15:00,5537,7756,388,1831,1.135,0.006,423.856,667.125,0.001,0,15.928,2.237
2019/5/23 16:00,5892,7779,272,1615,1.135,0.007,275.629,457.519,0.001,0,15.252,1.916
2019/5/23 17:00,6152,7634,153,1329,1.137,0.007,125.574,240.246,0.001,0,13.8,1.122
2019/5/23 18:00,6078,7462,62,1322,1.14,0.007,16.537,43.819,0.001,0,11.217,0.836
2019/5/23 19:00,5910,7191,12,1269,1.144,0.007,0,0,0.001,0,10.113,0.846
2019/5/23 20:00,5770,6898,0,1128,1.147,0.006,0,0,0.001,0,9.482,0.848
2019/5/23 21:00,5348,6336,0,988,1.149,0.006,0,0,0.001,0,8.893,0.874
2019/5/23 22:00,5113,5983,0,870,1.15,0.006,0,0,0.001,0,8.419,0.91
2019/5/23 23:00,5081,5721,0,640,1.151,0.006,0,0,0.001,0,7.908,0.967
2019/5/24 0:00,4893,5592,0,699,1.152,0.006,0,0,0.001,0,7.405,1.025
2019/5/24 1:00,4726,5507,0,781,1.153,0.006,0,0,0.001,0,6.948,1.075
2019/5/24 2:00,4877,5631,0,754,1.155,0.005,0,0,0.001,0,6.555,1.113
2019/5/24 3:00,5419,6191,46,726,1.156,0.005,15.413,39.627,0.001,0,6.352,1.146
2019/5/24 4:00,6326,7098,115,657,1.157,0.006,130.77,232.373,0.001,0,8.008,1.214
2019/5/24 5:00,7210,7827,214,403,1.154,0.006,299.96,449.711,0.001,0,10.731,1.265
2019/5/24 6:00,7355,8016,352,309,1.145,0.006,480.37,659.974,0,0,13.604,1.225
2019/5/24 7:00,6907,7904,568,429,1.139,0.006,644.886,848.764,0,0,15.494,1.428
2019/5/24 8:00,6620,7889,710,559,1.135,0.006,781.22,1003.301,0,0,16.822,1.548
2019/5/24 9:00,6426,7891,804,661,1.132,0.006,877.637,1113.027,0,0,17.826,1.589
2019/5/24 10:00,6094,7655,894,667,1.128,0.006,928.504,1170.383,0,0,18.669,1.589
2019/5/24 11:00,6056,7502,886,560,1.125,0.006,926.588,1171.712,0,0,19.282,1.577
2019/5/24 12:00,6034,7329,841,454,1.123,0.006,874.11,1116.756,0,0,19.628,1.568
2019/5/24 13:00,6087,7253,744,422,1.121,0.007,771.079,1009.363,0,0,19.661,1.561
2019/5/24 14:00,6220,7254,586,448,1.121,0.007,624.502,856.839,0,0,19.342,1.53
2019/5/24 15:00,6486,7364,444,434,1.121,0.007,452.41,669.502,0,0,18.763,1.446
2019/5/24 16:00,6737,7406,310,359,1.121,0.007,277.982,460.274,0,0,17.847,1.195
2019/5/24 17:00,6746,7165,172,247,1.123,0.008,120.508,243.343,0,0,16.093,0.672
2019/5/24 18:00,6688,7025,69,268,1.126,0.008,15.114,46.019,0,0,13.876,0.767
2019/5/24 19:00,6381,6747,12,354,1.129,0.007,0,0,0,0,13.26,0.761
2019/5/24 20:00,6183,6525,0,342,1.131,0.007,0,0,0,0,12.806,0.722
2019/5/24 21:00,5820,6047,0,227,1.133,0.007,0,0,0,0,12.162,0.746
2019/5/24 22:00,5568,5723,0,155,1.135,0.007,0,0,0,0,11.534,0.816
2019/5/24 23:00,5172,5361,0,189,1.136,0.007,0,0,0,0,10.965,0.877
2019/5/25 0:00,5039,5210,0,171,1.137,0.006,0,0,0,0,10.556,0.908
2019/5/25 1:00,4876,5021,0,145,1.138,0.006,0,0,0,0,10.246,0.927
2019/5/25 2:00,4773,5012,0,239,1.139,0.006,0,0,0,0,9.911,0.943
2019/5/25 3:00,4898,5160,43,219,1.141,0.006,13.208,41.691,0.001,0,9.635,0.925
2019/5/25 4:00,5225,5474,105,144,1.142,0.007,105.673,235.434,0.001,0.001,10.908,0.705
2019/5/25 5:00,5681,5984,194,109,1.141,0.007,249.582,452.434,0.002,0.001,13.239,0.82
2019/5/25 6:00,5911,6272,328,33,1.134,0.007,391.59,662.289,0.002,0,15.753,0.571
2019/5/25 7:00,5915,6451,522,14,1.129,0.007,508.792,850.818,0.002,0,17.359,0.525
2019/5/25 8:00,5877,6524,639,8,1.127,0.007,586.539,1005.107,0.002,0,18.17,0.567
2019/5/25 9:00,5878,6599,713,8,1.125,0.008,609.941,1114.632,0.001,0,18.746,0.592
2019/5/25 10:00,5642,6433,777,14,1.123,0.008,622.669,1172.024,0.001,0,19.208,0.643
2019/5/25 11:00,5440,6226,763,23,1.121,0.008,601.862,1173.247,0.001,0,19.482,0.74
2019/5/25 12:00,5375,6123,709,39,1.12,0.008,552.709,1118.481,0.001,0,19.528,0.811
2019/5/25 13:00,5492,6140,623,25,1.119,0.008,456.774,1011.146,0.001,0,19.261,0.835
2019/5/25 14:00,5676,6196,495,25,1.12,0.009,315.897,858.852,0.001,0,18.681,0.779
2019/5/25 15:00,5931,6340,375,34,1.121,0.009,188.545,671.838,0.001,0,18.046,0.647
2019/5/25 16:00,6063,6348,260,25,1.123,0.009,95.279,462.93,0.001,0,17.159,0.506
2019/5/25 17:00,5987,6144,146,11,1.125,0.01,41.85,246.341,0.003,0.005,15.988,0.355
2019/5/25 18:00,6055,6124,58,11,1.127,0.009,5.694,48.212,0.012,0.012,14.799,0.493
2019/5/25 19:00,5908,5933,10,15,1.13,0.009,0,0.001,0.026,0.017,14.031,0.568
2019/5/25 20:00,5797,5848,0,51,1.133,0.009,0,0,0.037,0.009,13.417,0.574
2019/5/25 21:00,5327,5397,0,70,1.135,0.009,0,0,0.043,0.003,12.812,0.634
2019/5/25 22:00,5055,5135,0,80,1.137,0.009,0,0,0.045,0.002,12.245,0.713
2019/5/25 23:00,4693,4828,0,135,1.139,0.009,0,0,0.046,0.001,11.715,0.775
2019/5/26 0:00,4608,4772,0,164,1.141,0.008,0,0,0.048,0.001,11.188,0.764
2019/5/26 1:00,4393,4593,0,200,1.142,0.008,0,0,0.049,0.001,10.725,0.727
2019/5/26 2:00,4297,4580,0,283,1.144,0.008,0,0,0.05,0,10.34,0.717
2019/5/26 3:00,4250,4644,30,364,1.146,0.008,10.407,43.751,0.05,0,10.175,0.726
2019/5/26 4:00,4347,4774,75,352,1.147,0.008,81.317,238.408,0.05,0,11.187,1.043
2019/5/26 5:00,4752,5160,144,264,1.146,0.009,195.691,455.069,0.049,0,12.386,1.304
2019/5/26 6:00,4957,5457,252,248,1.14,0.009,349.342,664.601,0.045,0,14.339,1.367
2019/5/26 7:00,5091,5683,406,186,1.134,0.009,518.379,852.819,0.041,0,16.433,1.329
2019/5/26 8:00,5223,5854,522,109,1.129,0.008,680.645,1006.849,0.035,0,18.135,1.184
2019/5/26 9:00,5304,5979,626,49,1.124,0.008,778.038,1116.245,0.028,0,19.408,1.063
2019/5/26 10:00,5046,5826,748,32,1.121,0.008,808.285,1173.519,0.021,0,20.258,0.986
2019/5/26 11:00,4902,5710,790,18,1.118,0.009,791.308,1174.731,0.015,0,20.731,0.963
2019/5/26 12:00,4794,5564,766,4,1.117,0.009,719.225,1120.043,0.011,0,20.846,0.938
2019/5/26 13:00,4806,5499,687,6,1.115,0.009,608.988,1012.93,0.009,0,20.711,0.933
2019/5/26 14:00,5028,5579,541,10,1.115,0.009,499.213,860.805,0.007,0,20.435,0.921
2019/5/26 15:00,5321,5753,402,30,1.115,0.009,350.675,674.132,0.006,0,19.948,0.799
2019/5/26 16:00,5654,5974,278,42,1.115,0.009,220.496,465.496,0.005,0,19.297,0.638
2019/5/26 17:00,5661,5873,156,56,1.117,0.01,96.007,249.243,0.005,0,17.998,0.448
2019/5/26 18:00,5807,5922,61,54,1.119,0.01,13.148,50.393,0.004,0,16.099,0.533
2019/5/26 19:00,5845,5904,12,47,1.122,0.009,0,0.003,0.004,0,15.178,0.677
2019/5/26 20:00,5921,5968,0,47,1.123,0.009,0,0,0.004,0,14.716,0.702
2019/5/26 21:00,5533,5604,0,71,1.125,0.009,0,0,0.004,0,14.393,0.678
2019/5/26 22:00,5322,5406,0,84,1.126,0.008,0,0,0.004,0,14.063,0.666
2019/5/26 23:00,5111,5162,0,51,1.127,0.008,0,0,0.004,0,13.586,0.669
2019/5/27 0:00,5027,5068,0,41,1.128,0.008,0,0,0.004,0,13.052,0.702
2019/5/27 1:00,4952,4966,0,14,1.129,0.008,0,0,0.004,0,12.693,0.694
2019/5/27 2:00,5108,5124,0,16,1.129,0.008,0,0,0.004,0,12.528,0.7
2019/5/27 3:00,5634,5741,37,70,1.13,0.008,9.727,45.789,0.004,0,12.568,0.657
2019/5/27 4:00,6783,6954,88,83,1.132,0.009,62.44,241.256,0.004,0,13.191,0.441
2019/5/27 5:00,7726,7931,154,51,1.131,0.009,158.486,457.597,0.004,0,14.668,0.493
2019/5/27 6:00,8001,8283,260,22,1.127,0.009,289.202,666.814,0.004,0,16.433,0.619
2019/5/27 7:00,7912,8348,416,20,1.122,0.009,407.941,854.749,0.003,0,17.818,0.905
2019/5/27 8:00,8004,8552,516,32,1.119,0.009,516.801,1008.551,0.003,0,18.584,1.155
2019/5/27 9:00,8025,8691,576,90,1.118,0.009,524.041,1117.739,0.002,0,18.821,1.529
2019/5/27 10:00,7741,8538,634,163,1.119,0.009,422.757,1174.86,0.002,0,18.423,1.793
2019/5/27 11:00,7569,8450,621,260,1.12,0.009,350.681,1176.165,0.001,0,17.844,1.865
2019/5/27 12:00,7432,8458,560,466,1.121,0.009,303.88,1121.517,0.001,0,17.398,1.793
2019/5/27 13:00,7196,8361,480,685,1.121,0.009,251.36,1014.536,0.001,0,16.962,1.711
2019/5/27 14:00,7134,8262,340,788,1.123,0.009,181.219,862.719,0.001,0,16.291,1.683
2019/5/27 15:00,7206,8251,195,850,1.125,0.01,116.373,676.234,0.001,0,15.444,1.611
2019/5/27 16:00,7468,8244,104,672,1.127,0.01,61.953,467.973,0.001,0,14.512,1.402
2019/5/27 17:00,7002,7820,51,767,1.129,0.01,26.098,252.022,0.001,0,13.644,1.23
2019/5/27 18:00,6769,7503,18,716,1.132,0.009,4.428,52.535,0.001,0,12.8,1.103
2019/5/27 19:00,6114,7060,2,944,1.134,0.009,0,0.005,0.001,0,12.205,1.149
2019/5/27 20:00,5645,6728,0,1083,1.135,0.009,0,0,0.001,0.001,11.741,1.108
2019/5/27 21:00,4983,6158,0,1175,1.136,0.009,0,0,0.001,0.002,11.253,0.984
2019/5/27 22:00,4686,5818,0,1132,1.137,0.009,0,0,0.003,0.002,10.823,0.898
2019/5/27 23:00,4591,5495,0,904,1.137,0.008,0,0,0.004,0.003,10.611,0.892
2019/5/28 0:00,4599,5388,0,789,1.137,0.008,0,0,0.005,0.002,10.49,0.945
2019/5/28 1:00,4667,5270,0,603,1.137,0.008,0,0,0.006,0.001,10.298,0.949
2019/5/28 2:00,4908,5391,0,483,1.137,0.008,0,0,0.007,0,10.11,0.781
2019/5/28 3:00,5527,5974,26,421,1.137,0.008,6.977,47.807,0.007,0.001,10.129,0.665
2019/5/28 4:00,6787,7177,60,330,1.137,0.009,41.148,244.024,0.008,0.001,10.781,0.771
2019/5/28 5:00,7865,8175,110,200,1.136,0.009,82.72,460.018,0.009,0,11.427,0.95
2019/5/28 6:00,8243,8542,176,123,1.133,0.009,126.007,668.925,0.008,0,12.09,0.975
2019/5/28 7:00,8265,8674,257,152,1.131,0.009,189.303,856.571,0.008,0.002,12.845,1.086
2019/5/28 8:00,8281,8803,315,207,1.128,0.009,256.164,1010.136,0.008,0.004,13.749,1.233
2019/5/28 9:00,8380,8914,367,167,1.126,0.009,300.583,1119.179,0.008,0.003,14.42,1.31
2019/5/28 10:00,7763,8661,426,472,1.124,0.009,340.177,1176.229,0.008,0.003,14.915,1.383
2019/5/28 11:00,7549,8524,433,542,1.123,0.009,344.258,1177.551,0.008,0.001,15.205,1.431
2019/5/28 12:00,7637,8381,399,345,1.123,0.009,314.454,1122.958,0.007,0.002,15.255,1.457
2019/5/28 13:00,7625,8257,339,293,1.124,0.009,257.2,1016.142,0.007,0.004,15.017,1.44
2019/5/28 14:00,7521,8196,258,417,1.125,0.009,192.467,864.484,0.009,0.005,14.558,1.394
2019/5/28 15:00,7562,8196,179,455,1.127,0.009,135.332,678.333,0.013,0.008,13.947,1.332
2019/5/28 16:00,7529,8127,114,484,1.13,0.009,77.753,470.352,0.02,0.012,13.164,1.213
2019/5/28 17:00,7229,7818,62,527,1.133,0.009,34.095,254.714,0.031,0.015,12.225,1.126
2019/5/28 18:00,6729,7538,27,782,1.137,0.009,5.401,54.654,0.046,0.019,11.255,1.169
2019/5/28 19:00,6327,7112,6,779,1.141,0.008,0,0.01,0.063,0.021,10.585,1.358
2019/5/28 20:00,5919,6788,0,869,1.144,0.008,0,0,0.083,0.028,10.026,1.575
2019/5/28 21:00,5140,6240,0,1100,1.146,0.008,0,0,0.108,0.032,9.528,1.636
2019/5/28 22:00,4525,5937,0,1412,1.148,0.007,0,0,0.137,0.035,9.116,1.675
2019/5/28 23:00,4042,5588,0,1546,1.15,0.007,0,0,0.17,0.038,8.776,1.732
2019/5/29 0:00,3846,5508,0,1662,1.152,0.007,0,0,0.204,0.038,8.554,1.717
2019/5/29 1:00,3792,5428,0,1636,1.153,0.007,0,0,0.237,0.037,8.408,1.71
2019/5/29 2:00,4075,5554,0,1479,1.154,0.007,0,0,0.271,0.038,8.304,1.707
2019/5/29 3:00,4662,6076,8,1406,1.155,0.007,5.434,49.799,0.304,0.037,8.223,1.755
2019/5/29 4:00,5930,7228,19,1279,1.156,0.007,36.074,246.671,0.336,0.036,8.423,1.954
2019/5/29 5:00,6951,8252,41,1260,1.155,0.007,83.78,462.34,0.365,0.035,8.815,2.178
2019/5/29 6:00,7367,8700,68,1265,1.155,0.007,138.535,671.012,0.384,0.03,9.302,2.392
2019/5/29 7:00,7374,8743,99,1270,1.154,0.007,183.208,858.328,0.388,0.022,9.815,2.55
2019/5/29 8:00,7407,8845,126,1312,1.153,0.007,226.891,1011.675,0.375,0.014,10.33,2.697
2019/5/29 9:00,7396,8931,159,1376,1.152,0.007,265.327,1120.57,0.348,0.008,10.771,2.828
2019/5/29 10:00,6879,8740,196,1665,1.152,0.007,282.65,1177.615,0.314,0.006,11.114,2.885
2019/5/29 11:00,6607,8654,212,1835,1.151,0.007,277.083,1178.875,0.277,0.005,11.335,2.881
2019/5/29 12:00,6369,8568,212,1987,1.151,0.007,263.908,1124.33,0.241,0.003,11.459,2.851
2019/5/29 13:00,6180,8484,197,2107,1.151,0.007,231.806,1017.638,0.211,0.002,11.429,2.796
2019/5/29 14:00,6032,8310,158,2120,1.152,0.007,190.724,866.219,0.189,0.001,11.224,2.664
2019/5/29 15:00,6044,8246,110,2092,1.153,0.007,132.4,680.334,0.173,0.002,10.847,2.46
2019/5/29 16:00,6135,8254,72,2047,1.155,0.007,77.65,472.622,0.164,0.003,10.313,2.27
2019/5/29 17:00,5823,7896,39,2034,1.157,0.007,34.091,257.304,0.161,0.004,9.672,2.11
2019/5/29 18:00,5426,7592,18,2148,1.16,0.007,5.496,56.739,0.16,0.002,8.996,2
2019/5/29 19:00,4834,7129,4,2291,1.162,0.007,0.002,0.015,0.161,0.003,8.514,2.004
2019/5/29 20:00,4417,6714,0,2297,1.165,0.007,0,0,0.163,0.004,8.181,2.045
2019/5/29 21:00,3808,6214,0,2406,1.167,0.006,0,0,0.165,0.004,7.886,2.068
2019/5/29 22:00,3375,5832,0,2457,1.168,0.006,0,0,0.168,0.004,7.638,2.095
2019/5/29 23:00,3035,5506,0,2471,1.169,0.006,0,0,0.171,0.005,7.4,2.071
2019/5/30 0:00,2950,5412,0,2462,1.17,0.006,0,0,0.175,0.005,7.159,2.058
2019/5/30 1:00,2765,5212,0,2447,1.171,0.006,0,0,0.178,0.004,6.966,2.071
2019/5/30 2:00,2742,5176,0,2434,1.172,0.006,0,0,0.181,0.004,6.81,2.055
2019/5/30 3:00,2738,5180,20,2422,1.173,0.006,5.846,51.755,0.184,0.005,6.675,2.055
2019/5/30 4:00,2825,5306,49,2432,1.174,0.006,46.377,249.239,0.187,0.005,6.981,2.164
2019/5/30 5:00,3304,5808,92,2412,1.173,0.006,124.8,464.591,0.187,0.004,7.66,2.223
2019/5/30 6:00,3709,6181,164,2308,1.17,0.006,250.591,672.91,0.176,0.002,8.834,2.368
2019/5/30 7:00,3932,6384,266,2186,1.166,0.006,386.553,860.048,0.154,0,10.199,2.567
2019/5/30 8:00,4110,6572,346,2116,1.162,0.006,509.731,1013.133,0.126,0,11.612,2.72
2019/5/30 9:00,4253,6777,414,2110,1.158,0.006,602.315,1121.835,0.098,0,12.805,2.773
2019/5/30 10:00,4151,6578,500,1927,1.155,0.006,652.043,1178.745,0.072,0,13.751,2.694
2019/5/30 11:00,4029,6353,522,1802,1.152,0.006,650.163,1180.015,0.052,0,14.405,2.55
2019/5/30 12:00,4113,6161,492,1556,1.151,0.006,592.718,1125.54,0.037,0,14.67,2.376
2019/5/30 13:00,4560,5999,440,999,1.15,0.006,502.727,1019.112,0.027,0,14.579,2.157
2019/5/30 14:00,5110,5963,349,504,1.151,0.006,391.18,867.86,0.021,0,14.15,1.851
2019/5/30 15:00,5555,6082,257,270,1.152,0.007,281.115,682.229,0.017,0,13.458,1.546
2019/5/30 16:00,5827,6284,180,277,1.154,0.007,175.84,474.811,0.014,0,12.584,1.223
2019/5/30 17:00,5785,6211,106,320,1.157,0.007,83.205,259.773,0.013,0,11.505,0.78
2019/5/30 18:00,5813,6238,48,377,1.159,0.007,15.802,58.768,0.013,0,10.023,0.594
2019/5/30 19:00,5645,6082,10,427,1.161,0.007,0.004,0.022,0.012,0,9.138,0.644
2019/5/30 20:00,5608,6033,0,425,1.163,0.007,0,0,0.012,0,8.623,0.669
2019/5/30 21:00,5220,5614,0,394,1.164,0.006,0,0,0.012,0,8.144,0.71
2019/5/30 22:00,4975,5343,0,368,1.164,0.006,0,0,0.012,0,7.716,0.755
2019/5/30 23:00,4685,5095,0,410,1.164,0.006,0,0,0.012,0,7.361,0.817
2019/5/31 0:00,4372,4995,0,623,1.165,0.006,0,0,0.012,0,7.062,0.886
2019/5/31 1:00,4108,4892,0,784,1.166,0.006,0,0,0.012,0,6.703,0.935
2019/5/31 2:00,4335,4996,0,661,1.167,0.006,0,0,0.012,0,6.378,0.953
2019/5/31 3:00,4852,5468,33,583,1.168,0.006,18.645,53.675,0.012,0,6.364,0.982
2019/5/31 4:00,5552,6224,79,593,1.169,0.006,122.519,251.675,0.012,0,8.194,1.288
2019/5/31 5:00,6385,7072,141,546,1.166,0.007,267.234,466.731,0.012,0,10.292,1.527
2019/5/31 6:00,6751,7400,240,409,1.158,0.006,415.656,674.806,0.01,0,12.741,1.592
2019/5/31 7:00,6731,7497,384,382,1.151,0.006,551.131,861.603,0.009,0,14.714,1.886
2019/5/31 8:00,6535,7486,482,469,1.146,0.006,676.741,1014.579,0.007,0,16.076,2.051
2019/5/31 9:00,6335,7536,551,650,1.143,0.007,779.508,1123.122,0.005,0,17.11,2.074
2019/5/31 10:00,6025,7324,624,675,1.141,0.007,835.312,1179.932,0.004,0,17.901,2.057
2019/5/31 11:00,5773,7096,651,672,1.138,0.007,840.587,1181.208,0.003,0,18.482,2.016
2019/5/31 12:00,5712,6924,633,579,1.136,0.007,771.584,1126.818,0.002,0,18.754,1.958
2019/5/31 13:00,5751,6815,578,486,1.134,0.007,680.721,1020.441,0.001,0,18.812,1.877
2019/5/31 14:00,5918,6784,469,397,1.134,0.007,570,869.433,0.001,0,18.678,1.757
2019/5/31 15:00,6114,6874,355,405,1.133,0.008,429.637,684.023,0.001,0,18.318,1.633
2019/5/31 16:00,6292,6937,254,391,1.133,0.008,274.21,476.905,0,0,17.579,1.334
2019/5/31 17:00,6238,6726,152,336,1.135,0.009,128.433,262.16,0,0,16.058,0.774
2019/5/31 18:00,6034,6585,64,487,1.137,0.009,20.799,60.766,0,0,13.405,0.735
2019/5/31 19:00,5538,6323,12,773,1.141,0.008,0.006,0.031,0,0,12.167,0.861
2019/5/31 20:00,5193,6113,0,920,1.144,0.008,0,0,0,0,11.611,0.942
2019/5/31 21:00,4698,5622,0,924,1.146,0.008,0,0,0,0,11.139,1.022
2019/5/31 22:00,4396,5274,0,878,1.148,0.008,0,0,0,0,10.762,1.061
2019/5/31 23:00,4186,4971,0,785,1.149,0.008,0,0,0,0,10.392,1.059
2019/6/1 0:00,4160,4841,0,681,1.15,0.008,0,0,0,0,10.036,1.054
2019/6/1 1:00,3962,4691,0,729,1.152,0.008,0,0,0,0,9.781,1.079
2019/6/1 2:00,3813,4720,0,907,1.152,0.008,0,0,0,0,9.586,1.064
2019/6/1 3:00,3957,4923,38,928,1.154,0.008,18.396,55.546,0,0,9.691,1.076
2019/6/1 4:00,4255,5288,100,933,1.154,0.008,123.325,253.996,0,0,11.485,1.439
2019/6/1 5:00,4914,5797,188,695,1.15,0.008,280.698,468.786,0,0,13.625,1.603
2019/6/1 6:00,5343,6089,302,444,1.142,0.009,452.249,676.579,0,0,16.184,1.656
2019/6/1 7:00,5477,6300,467,356,1.135,0.009,609.175,863.157,0,0,18.164,1.762
2019/6/1 8:00,5276,6403,575,552,1.131,0.009,735.77,1015.788,0,0,19.42,1.821
2019/6/1 9:00,5084,6498,640,774,1.127,0.009,815.943,1124.261,0,0,20.361,1.842
2019/6/1 10:00,4701,6316,701,914,1.124,0.009,844.335,1181.042,0,0,21.079,1.86
2019/6/1 11:00,4348,6119,724,1047,1.122,0.009,831.195,1182.384,0,0,21.556,1.898
2019/6/1 12:00,4338,6008,694,976,1.12,0.009,791.643,1127.942,0,0,21.831,1.929
2019/6/1 13:00,4328,5924,624,972,1.118,0.01,689.113,1021.735,0,0,21.832,1.934
2019/6/1 14:00,4579,5968,498,891,1.117,0.01,558.082,870.907,0,0,21.568,1.915
2019/6/1 15:00,4919,6076,375,782,1.117,0.01,392.665,685.73,0,0,21.051,1.779
2019/6/1 16:00,5000,6070,268,802,1.118,0.01,250.969,478.893,0,0,20.329,1.424
2019/6/1 17:00,4891,5889,154,844,1.119,0.011,123.728,264.426,0,0,19.027,0.902
2019/6/1 18:00,4866,5867,66,935,1.121,0.01,22.309,62.697,0,0,16.872,0.785
2019/6/1 19:00,4684,5763,14,1065,1.124,0.01,0.009,0.041,0,0,15.727,0.884
2019/6/1 20:00,4890,5670,0,780,1.126,0.009,0,0,0,0,15.043,0.938
2019/6/1 21:00,4679,5261,0,582,1.128,0.009,0,0,0,0,14.37,0.968
2019/6/1 22:00,4411,4981,0,570,1.13,0.009,0,0,0,0,13.813,0.995
2019/6/1 23:00,4151,4670,0,519,1.131,0.009,0,0,0,0,13.356,1.013
2019/6/2 0:00,4114,4588,0,474,1.133,0.009,0,0,0,0,12.989,1.022
2019/6/2 1:00,3915,4422,0,507,1.134,0.009,0,0,0,0,12.644,1.022
2019/6/2 2:00,3892,4365,0,473,1.135,0.009,0,0,0,0,12.341,1.024
2019/6/2 3:00,3934,4404,43,427,1.137,0.009,18.369,57.371,0,0,12.277,1.028
2019/6/2 4:00,4139,4554,114,301,1.138,0.009,118.26,256.234,0,0,13.848,1.087
2019/6/2 5:00,4538,4950,213,199,1.136,0.01,277.241,470.747,0,0,16.096,1.257
2019/6/2 6:00,4740,5191,346,105,1.128,0.01,447.562,678.222,0,0,18.563,1.15
2019/6/2 7:00,4811,5423,548,64,1.122,0.01,599.157,864.592,0,0,20.463,1.317
2019/6/2 8:00,4881,5598,678,39,1.118,0.01,715.656,1017.122,0,0,21.592,1.374
2019/6/2 9:00,4941,5727,747,39,1.116,0.01,788.513,1125.324,0,0,22.425,1.389
2019/6/2 10:00,4747,5596,806,43,1.113,0.01,798.634,1182.087,0,0,22.958,1.382
2019/6/2 11:00,4579,5437,824,34,1.111,0.01,796.683,1183.388,0,0,23.337,1.372
2019/6/2 12:00,4513,5342,794,35,1.11,0.01,759.383,1129.029,0,0,23.517,1.359
2019/6/2 13:00,4550,5309,716,43,1.109,0.01,689.706,1023.008,0,0,23.493,1.342
2019/6/2 14:00,4723,5343,574,46,1.108,0.01,589.242,872.305,0,0,23.262,1.31
2019/6/2 15:00,5104,5563,433,26,1.108,0.01,454.782,687.416,0,0,22.826,1.234
2019/6/2 16:00,5491,5838,310,37,1.108,0.01,297.558,480.799,0,0,22.068,1.027
2019/6/2 17:00,5553,5821,180,88,1.11,0.012,144.941,266.58,0,0,20.58,0.701
2019/6/2 18:00,5522,5908,76,310,1.112,0.011,26.124,64.581,0,0,18.324,0.74
2019/6/2 19:00,5674,5845,16,155,1.115,0.009,0.012,0.053,0,0,17.515,0.752
2019/6/2 20:00,5847,5887,0,40,1.117,0.009,0,0,0,0,17.13,0.585
2019/6/2 21:00,5418,5468,0,50,1.119,0.009,0,0,0,0,16.219,0.698
2019/6/2 22:00,5210,5230,0,20,1.121,0.009,0,0,0,0,15.344,0.811
2019/6/2 23:00,4952,4967,0,15,1.123,0.009,0,0,0,0,14.595,0.863
2019/6/3 0:00,4882,4904,0,22,1.125,0.009,0,0,0,0,14.031,0.883
2019/6/3 1:00,4745,4773,0,28,1.126,0.008,0,0,0,0,13.552,0.891
2019/6/3 2:00,4848,4892,0,44,1.128,0.008,0,0,0,0,13.072,0.896
2019/6/3 3:00,5400,5475,44,31,1.13,0.008,24.054,59.147,0,0,12.797,0.865
2019/6/3 4:00,6513,6662,115,34,1.132,0.009,148.007,258.365,0,0,14.475,0.804
2019/6/3 5:00,7378,7601,212,11,1.131,0.01,315.33,472.619,0,0,16.764,0.952
2019/6/3 6:00,7534,7880,342,4,1.123,0.009,490.34,679.86,0,0,19.386,0.773
2019/6/3 7:00,7341,7885,540,4,1.116,0.009,652.985,865.947,0,0,21.472,0.837
2019/6/3 8:00,7268,7946,674,4,1.112,0.009,786.922,1018.262,0,0,22.718,0.992
2019/6/3 9:00,7314,8071,753,4,1.109,0.009,883.28,1126.331,0,0,23.645,1.141
2019/6/3 10:00,7134,7965,827,4,1.106,0.009,929.851,1183.073,0,0,24.343,1.257
2019/6/3 11:00,7033,7911,865,13,1.104,0.009,931.847,1184.377,0,0,24.806,1.338
2019/6/3 12:00,6997,7859,836,26,1.102,0.009,882.142,1130.069,0,0,25.007,1.368
2019/6/3 13:00,7054,7830,755,21,1.101,0.009,785,1024.104,0,0,24.935,1.323
2019/6/3 14:00,7187,7802,603,12,1.1,0.01,646.392,873.705,0,0,24.591,1.209
2019/6/3 15:00,7322,7786,456,8,1.101,0.01,485.846,688.918,0,0,24.088,1.055
2019/6/3 16:00,7477,7815,330,8,1.101,0.01,313.607,482.59,0,0,23.464,0.846
2019/6/3 17:00,7378,7576,192,6,1.103,0.011,150.205,268.646,0,0,21.878,0.634
2019/6/3 18:00,7253,7337,80,4,1.106,0.01,26.457,66.389,0,0,19.518,0.747
2019/6/3 19:00,7061,7082,17,4,1.109,0.009,0.006,0.066,0,0,18.429,0.825
2019/6/3 20:00,6743,6749,0,6,1.111,0.009,0,0,0,0,17.786,0.774
2019/6/3 21:00,5998,6124,0,126,1.114,0.009,0,0,0,0,17.012,0.82
2019/6/3 22:00,5603,5712,0,109,1.116,0.009,0,0,0,0,16.217,0.869
2019/6/3 23:00,5284,5378,0,94,1.118,0.008,0,0,0,0,15.556,0.891
2019/6/4 0:00,5245,5278,0,33,1.12,0.008,0,0,0,0,14.834,0.883
2019/6/4 1:00,5109,5156,0,47,1.122,0.008,0,0,0,0,14.123,0.913
2019/6/4 2:00,5211,5257,0,46,1.125,0.008,0,0,0,0,13.361,0.949
2019/6/4 3:00,5661,5769,47,61,1.127,0.008,22.525,60.856,0,0,12.904,0.91
2019/6/4 4:00,6652,6842,121,69,1.129,0.009,133.757,260.383,0,0,14.656,0.799
2019/6/4 5:00,7468,7765,222,75,1.128,0.009,292.87,474.375,0,0,16.759,1.111
2019/6/4 6:00,7617,8029,355,57,1.121,0.01,466.36,681.38,0,0,19.249,0.908
2019/6/4 7:00,7432,8036,556,48,1.113,0.009,629.022,867.214,0,0,21.603,0.775
2019/6/4 8:00,7335,8044,694,15,1.108,0.009,764.587,1019.319,0,0,23.136,0.775
2019/6/4 9:00,7349,8128,774,5,1.104,0.009,855.49,1127.318,0,0,24.22,0.813
2019/6/4 10:00,7117,7970,849,4,1.101,0.009,897.929,1184.008,0,0,24.987,0.898
2019/6/4 11:00,7051,7932,876,5,1.098,0.01,886.714,1185.17,0,0,25.425,0.956
2019/6/4 12:00,7076,7919,839,4,1.096,0.01,822.819,1131.005,0,0,25.556,0.996
2019/6/4 13:00,7170,7930,756,4,1.095,0.01,719.036,1025.241,0,0,25.412,1.031
2019/6/4 14:00,7242,7868,600,26,1.095,0.01,596.287,874.946,0,0,25.065,1.043
2019/6/4 15:00,7376,7868,445,47,1.095,0.01,454.544,690.407,0,0,24.581,1.02
2019/6/4 16:00,7406,7844,321,117,1.096,0.011,293.586,484.304,0,0,24.089,0.902
2019/6/4 17:00,7149,7507,188,170,1.098,0.012,140.022,270.596,0,0,22.272,0.744
2019/6/4 18:00,6972,7220,80,168,1.101,0.012,25.58,68.141,0,0,19.203,0.769
2019/6/4 19:00,6896,7017,17,104,1.104,0.011,0.017,0.081,0,0,17.603,0.929
2019/6/4 20:00,6581,6725,0,144,1.107,0.01,0,0,0,0,16.825,0.933
2019/6/4 21:00,6001,6144,0,143,1.109,0.01,0,0,0,0,16.133,0.923
2019/6/4 22:00,5604,5783,0,179,1.111,0.01,0,0,0,0,15.526,0.901
2019/6/4 23:00,5239,5419,0,180,1.112,0.01,0,0,0,0,15.05,0.888
2019/6/5 0:00,5175,5306,0,131,1.114,0.01,0,0,0,0,14.77,0.903
2019/6/5 1:00,5020,5190,0,170,1.115,0.009,0,0,0,0,14.719,0.877
2019/6/5 2:00,5122,5267,0,145,1.116,0.009,0,0,0,0,14.684,0.758
2019/6/5 3:00,5600,5772,47,125,1.118,0.009,24.38,62.51,0,0,14.643,0.61
2019/6/5 4:00,6694,6879,123,62,1.12,0.01,143.051,262.287,0,0,15.998,0.53
2019/6/5 5:00,7558,7801,226,17,1.118,0.011,305.364,476.041,0,0,17.913,0.652
2019/6/5 6:00,7803,8172,363,6,1.11,0.011,478.555,682.755,0,0,20.536,1.035
2019/6/5 7:00,7593,8168,570,5,1.104,0.011,634.563,868.439,0,0,22.391,1.234
2019/6/5 8:00,7504,8222,710,8,1.1,0.011,757.086,1020.364,0,0,23.588,1.257
2019/6/5 9:00,7514,8321,790,17,1.098,0.011,834.722,1128.286,0,0,24.435,1.288
2019/6/5 10:00,7274,8166,863,29,1.095,0.011,862.056,1184.762,0,0,24.967,1.367
2019/6/5 11:00,7252,8163,880,31,1.094,0.011,837.303,1185.98,0,0,25.198,1.476
2019/6/5 12:00,7282,8149,822,45,1.093,0.011,768.172,1131.938,0,0,25.156,1.587
2019/6/5 13:00,7293,8110,726,91,1.092,0.011,658.181,1026.231,0,0,24.876,1.676
2019/6/5 14:00,7087,8017,565,365,1.092,0.011,538.421,876.142,0,0,24.445,1.735
2019/6/5 15:00,6989,8009,405,615,1.093,0.011,394.437,691.812,0,0,23.773,1.717
2019/6/5 16:00,6766,7955,278,911,1.094,0.012,255.079,485.888,0,0,22.883,1.57
2019/6/5 17:00,6415,7612,163,1034,1.096,0.012,121.882,272.435,0,0,21.311,1.222
2019/6/5 18:00,6291,7339,70,978,1.1,0.012,23.032,69.806,0,0,18.969,1.003
2019/6/5 19:00,6180,7074,14,880,1.104,0.012,0.018,0.098,0,0,17.548,1.12
2019/6/5 20:00,5867,6796,0,929,1.108,0.011,0,0,0,0,16.829,1.178
2019/6/5 21:00,5319,6204,0,885,1.111,0.011,0,0,0,0,16.156,1.165
2019/6/5 22:00,5011,5852,0,841,1.114,0.011,0,0,0,0,15.612,1.167
2019/6/5 23:00,4593,5529,0,936,1.116,0.011,0,0,0,0,15.122,1.188
2019/6/6 0:00,4466,5440,0,974,1.118,0.011,0,0,0,0,14.737,1.235
2019/6/6 1:00,4385,5312,0,927,1.12,0.011,0,0,0,0,14.484,1.311
2019/6/6 2:00,4324,5378,0,1054,1.121,0.011,0,0,0,0,14.271,1.393
2019/6/6 3:00,4766,5886,40,1080,1.123,0.011,19.312,64.086,0,0,14.206,1.582
2019/6/6 4:00,5944,6996,99,953,1.124,0.011,107.397,264.085,0,0,15.034,1.924
2019/6/6 5:00,6833,7957,181,943,1.123,0.011,230.265,477.595,0,0,16.195,2.272
2019/6/6 6:00,7039,8276,288,949,1.119,0.011,368.974,684.138,0,0,17.608,2.379
2019/6/6 7:00,7217,8351,442,692,1.115,0.011,466.854,869.621,0,0,18.961,2.28
2019/6/6 8:00,7154,8440,540,746,1.113,0.011,518.757,1021.33,0,0,19.895,2.048
2019/6/6 9:00,7075,8478,596,807,1.11,0.011,540.618,1129.168,0,0,20.545,1.768
2019/6/6 10:00,6962,8308,660,686,1.109,0.011,536.355,1185.588,0,0,20.993,1.488
2019/6/6 11:00,7025,8280,695,560,1.108,0.011,518.221,1186.834,0,0,21.265,1.231
2019/6/6 12:00,6933,8226,679,614,1.107,0.011,503.034,1132.783,0,0,21.473,1.065
2019/6/6 13:00,7060,8226,614,552,1.106,0.011,442.886,1027.185,0,0,21.509,0.97
2019/6/6 14:00,7259,8204,488,457,1.106,0.011,354.057,877.203,0,0,21.381,0.911
2019/6/6 15:00,7454,8200,362,384,1.106,0.011,253.552,693.11,0,0,21,0.792
2019/6/6 16:00,7643,8109,258,208,1.107,0.012,158.185,487.423,0,0,20.342,0.798
2019/6/6 17:00,7408,7773,149,216,1.11,0.012,69.342,274.155,0,0,19.057,0.797
2019/6/6 18:00,6943,7419,64,412,1.114,0.012,12.239,71.409,0,0,17.167,0.895
2019/6/6 19:00,6665,7192,14,513,1.119,0.011,0.011,0.116,0,0,15.886,1.117
2019/6/6 20:00,6458,6818,0,360,1.124,0.011,0,0,0,0,15.052,1.212
2019/6/6 21:00,5884,6218,0,334,1.127,0.011,0,0,0,0,14.259,1.163
2019/6/6 22:00,5321,5911,0,590,1.129,0.01,0,0,0,0,13.649,1.059
2019/6/6 23:00,5121,5546,0,425,1.131,0.01,0,0,0,0,13.185,0.978
2019/6/7 0:00,4754,5425,0,671,1.133,0.01,0,0,0,0,12.855,0.92
2019/6/7 1:00,4372,5346,0,974,1.135,0.009,0,0,0,0,12.394,1.028
2019/6/7 2:00,4193,5394,0,1201,1.137,0.009,0,0,0,0,11.994,1.171
2019/6/7 3:00,5001,5787,40,746,1.139,0.009,22.453,65.592,0,0,11.831,1.268
2019/6/7 4:00,6277,6936,104,555,1.139,0.009,131.656,265.782,0,0,13.033,1.464
2019/6/7 5:00,7227,7832,196,409,1.136,0.01,286.894,479.075,0,0,14.776,1.609
2019/6/7 6:00,7416,8073,312,345,1.129,0.01,462.426,685.391,0,0,16.858,1.536
2019/6/7 7:00,7435,8073,480,158,1.123,0.01,623.425,870.662,0,0,18.915,1.398
2019/6/7 8:00,7468,8092,596,28,1.117,0.01,761.376,1022.299,0,0,20.672,1.274
2019/6/7 9:00,7466,8136,666,4,1.112,0.01,863.746,1129.89,0,0,22.075,1.156
2019/6/7 10:00,7155,7906,734,17,1.108,0.01,919.076,1186.234,0,0,23.205,1.17
2019/6/7 11:00,6865,7729,796,68,1.104,0.01,920.109,1187.535,0,0,24.057,1.358
2019/6/7 12:00,6616,7596,810,170,1.101,0.01,870.587,1133.498,0,0,24.571,1.532
2019/6/7 13:00,6406,7510,760,344,1.099,0.01,782.502,1028.106,0,0,24.756,1.684
2019/6/7 14:00,6421,7523,622,480,1.098,0.01,648.837,878.239,0,0,24.617,1.781
2019/6/7 15:00,6610,7569,476,483,1.097,0.01,487.065,694.321,0,0,24.229,1.802
2019/6/7 16:00,6610,7517,355,552,1.098,0.011,324.425,488.818,0,0,23.481,1.705
2019/6/7 17:00,6308,7257,214,735,1.1,0.011,158.626,275.781,0,0,21.493,1.422
2019/6/7 18:00,5843,6949,92,1014,1.105,0.011,30.249,72.921,0,0,18.608,1.227
2019/6/7 19:00,5525,6742,20,1197,1.111,0.01,0.024,0.134,0,0,16.899,1.299
2019/6/7 20:00,5236,6504,0,1268,1.117,0.01,0,0,0,0,15.961,1.224
2019/6/7 21:00,4781,5973,0,1192,1.121,0.01,0,0,0,0,15.098,1.102
2019/6/7 22:00,4620,5624,0,1004,1.124,0.01,0,0,0,0,14.443,1.094
2019/6/7 23:00,4351,5240,0,889,1.127,0.01,0,0,0,0,14.094,1.287
2019/6/8 0:00,4374,5081,0,707,1.131,0.01,0,0,0,0,13.81,1.523
2019/6/8 1:00,4503,4946,0,443,1.134,0.009,0,0,0,0,13.428,1.739
2019/6/8 2:00,4505,4837,0,332,1.138,0.009,0,0.001,0,0,13.027,1.963
2019/6/8 3:00,3692,4984,42,1250,1.141,0.009,21.439,67.028,0,0,12.9,2.254
2019/6/8 4:00,3261,5372,108,2003,1.144,0.009,117.939,267.357,0,0,13.507,2.764
2019/6/8 5:00,3258,5957,196,2503,1.144,0.008,259.154,480.445,0,0,14.417,3.112
2019/6/8 6:00,3518,6405,312,2575,1.142,0.008,408.869,686.531,0,0,15.623,3.218
2019/6/8 7:00,3596,6635,484,2555,1.139,0.007,558.496,871.647,0,0,16.96,3.211
2019/6/8 8:00,3703,6737,604,2430,1.135,0.008,690.913,1023.119,0,0,18.288,3.12
2019/6/8 9:00,3776,6795,682,2337,1.132,0.008,801.277,1130.691,0,0,19.422,2.939
2019/6/8 10:00,3445,6539,758,2336,1.13,0.008,857.695,1187.012,0,0,20.305,2.721
2019/6/8 11:00,3384,6396,779,2233,1.127,0.008,867.57,1188.274,0,0,21.007,2.517
2019/6/8 12:00,3450,6256,734,2072,1.125,0.008,826.398,1134.274,0,0,21.469,2.326
2019/6/8 13:00,3606,6179,648,1925,1.123,0.008,744.117,1028.933,0,0,21.622,2.154
2019/6/8 14:00,3985,6124,517,1622,1.122,0.009,620.147,879.185,0,0,21.458,1.984
2019/6/8 15:00,4588,6211,394,1229,1.122,0.009,459.64,695.47,0,0,20.968,1.815
2019/6/8 16:00,5010,6205,292,903,1.123,0.009,294.793,490.143,0,0,20.138,1.582
2019/6/8 17:00,5286,5953,175,492,1.126,0.009,140.152,277.32,0,0,18.817,1.065
2019/6/8 18:00,5535,5875,76,264,1.129,0.009,26.879,74.35,0,0,16.476,0.717
2019/6/8 19:00,5526,5817,17,274,1.132,0.009,0.036,0.154,0,0,15.112,0.771
2019/6/8 20:00,5384,5732,0,348,1.135,0.009,0,0,0,0,14.538,0.776
2019/6/8 21:00,4943,5313,0,370,1.138,0.009,0,0,0,0,13.91,0.812
2019/6/8 22:00,4680,5014,0,334,1.14,0.008,0,0,0,0,13.273,0.84
2019/6/8 23:00,4435,4666,0,231,1.141,0.008,0,0,0,0,12.698,0.854
2019/6/9 0:00,4261,4549,0,288,1.143,0.008,0,0,0,0,12.251,0.869
2019/6/9 1:00,3991,4409,0,418,1.145,0.008,0,0,0,0,11.865,0.904
2019/6/9 2:00,3778,4319,0,541,1.147,0.008,0,0.001,0,0,11.515,0.95
2019/6/9 3:00,3607,4374,43,724,1.148,0.008,24.27,68.372,0,0,11.551,1.004
2019/6/9 4:00,3837,4536,112,587,1.149,0.008,135.395,268.842,0,0,13.424,1.304
2019/6/9 5:00,4450,4987,204,333,1.145,0.008,297.962,481.71,0,0,15.484,1.439
2019/6/9 6:00,4698,5239,333,208,1.137,0.008,476.217,687.574,0,0,17.891,1.626
2019/6/9 7:00,4791,5468,536,141,1.13,0.008,631.207,872.504,0,0,19.812,1.618
2019/6/9 8:00,4897,5655,682,76,1.125,0.008,754.45,1023.873,0,0,21.416,1.466
2019/6/9 9:00,4936,5745,772,37,1.12,0.009,844.827,1131.362,0,0,22.767,1.333
2019/6/9 10:00,4682,5570,863,25,1.115,0.009,893.176,1187.582,0,0,23.854,1.268
2019/6/9 11:00,4452,5384,910,22,1.111,0.009,899.254,1188.817,0,0,24.638,1.316
2019/6/9 12:00,4355,5259,882,22,1.108,0.01,852.144,1134.924,0,0,24.961,1.486
2019/6/9 13:00,4401,5246,803,42,1.107,0.01,712.893,1029.618,0,0,24.717,1.641
2019/6/9 14:00,4663,5349,631,55,1.106,0.01,537.231,880.091,0,0,24.182,1.728
2019/6/9 15:00,5000,5553,464,89,1.107,0.01,362.685,696.492,0,0,23.544,1.65
2019/6/9 16:00,5295,5737,342,100,1.107,0.011,205.546,491.367,0,0,22.509,1.332
2019/6/9 17:00,5325,5659,206,128,1.109,0.012,93.288,278.704,0,0,20.867,0.858
2019/6/9 18:00,5376,5661,90,195,1.112,0.011,18.586,75.695,0,0,18.779,0.781
2019/6/9 19:00,5353,5634,19,262,1.115,0.011,0.023,0.174,0,0,17.624,0.851
2019/6/9 20:00,5348,5624,0,276,1.117,0.01,0,0,0,0,17.059,0.869
2019/6/9 21:00,4875,5195,0,320,1.119,0.01,0,0,0,0,16.577,0.863
2019/6/9 22:00,4481,4916,0,435,1.12,0.01,0,0,0,0,16.249,0.838
2019/6/9 23:00,4036,4630,0,594,1.121,0.01,0,0,0,0,15.879,0.841
2019/6/10 0:00,3806,4523,0,717,1.122,0.01,0,0,0,0,15.529,0.825
2019/6/10 1:00,3623,4376,0,753,1.123,0.01,0,0,0,0,15.181,0.809
2019/6/10 2:00,3378,4410,0,1032,1.124,0.01,0,0.002,0,0,14.865,0.806
2019/6/10 3:00,3293,4432,48,1091,1.126,0.01,20.885,69.642,0,0,14.864,0.841
2019/6/10 4:00,3501,4670,120,1049,1.127,0.01,110.503,270.205,0,0,16.213,1.169
2019/6/10 5:00,4087,5210,214,909,1.124,0.011,249.438,482.883,0,0,17.864,1.432
2019/6/10 6:00,4498,5607,342,767,1.116,0.011,411.149,688.588,0,0,20.069,1.788
2019/6/10 7:00,4295,5875,536,1044,1.109,0.011,566.246,873.409,0,0,22.14,1.98
2019/6/10 8:00,3973,6055,670,1412,1.103,0.011,689.597,1024.611,0,0,23.889,2.116
2019/6/10 9:00,3772,6261,755,1734,1.098,0.011,779.364,1131.873,0,0,25.215,2.172
2019/6/10 10:00,3478,6076,838,1760,1.095,0.012,818.401,1188.133,0,0,26.121,2.173
2019/6/10 11:00,3298,5868,851,1719,1.092,0.012,788.099,1189.332,0,0,26.61,2.187
2019/6/10 12:00,3347,5763,786,1630,1.09,0.012,707.735,1135.602,0,0,26.758,2.204
2019/6/10 13:00,3485,5754,689,1580,1.089,0.012,596.748,1030.291,0,0,26.624,2.183
2019/6/10 14:00,3722,5814,536,1556,1.088,0.012,468.378,880.884,0,0,26.295,2.107
2019/6/10 15:00,4106,6025,384,1535,1.088,0.013,340.175,697.462,0,0,25.629,1.979
2019/6/10 16:00,4543,6213,278,1392,1.089,0.013,221.423,492.484,0,0,24.57,1.788
2019/6/10 17:00,4631,6118,170,1317,1.092,0.013,106.054,280.01,0,0,22.909,1.468
2019/6/10 18:00,4711,6093,75,1307,1.096,0.013,20.914,76.94,0,0,20.739,1.277
2019/6/10 19:00,4617,6057,16,1424,1.1,0.012,0.018,0.194,0,0,19.339,1.319
2019/6/10 20:00,4652,6046,0,1394,1.105,0.012,0,0,0,0,18.585,1.282
2019/6/10 21:00,4217,5635,0,1418,1.108,0.011,0,0,0,0,17.923,1.14
2019/6/10 22:00,4111,5347,0,1236,1.11,0.011,0,0,0,0,17.459,1.015
2019/6/10 23:00,3910,5074,0,1164,1.111,0.011,0,0,0,0,17.124,0.996
2019/6/11 0:00,3708,4973,0,1265,1.112,0.011,0,0,0,0,16.775,0.996
2019/6/11 1:00,3571,4852,0,1281,1.113,0.011,0,0,0,0,16.248,0.992
2019/6/11 2:00,3897,4992,0,1095,1.115,0.011,0.001,0.004,0,0,15.785,1.027
2019/6/11 3:00,4489,5518,48,981,1.117,0.011,23.492,70.82,0,0,15.744,1.138
2019/6/11 4:00,5624,6651,120,907,1.118,0.011,121.088,271.464,0,0,17.05,1.423
2019/6/11 5:00,6958,7697,210,529,1.116,0.012,252.934,483.942,0,0,18.639,1.454
2019/6/11 6:00,7367,8156,336,453,1.108,0.012,376.642,689.502,0,0,20.843,1.888
2019/6/11 7:00,7017,8248,532,699,1.103,0.012,485.215,874.159,0,0,22.419,2.046
2019/6/11 8:00,6543,8298,656,1099,1.099,0.012,567.885,1025.205,0,0,23.544,2.077
2019/6/11 9:00,6486,8526,720,1320,1.096,0.011,657.96,1132.534,0,0,24.571,2.199
2019/6/11 10:00,6259,8366,778,1329,1.092,0.012,696.763,1188.632,0,0,25.387,2.353
2019/6/11 11:00,6218,8370,768,1384,1.09,0.012,685.418,1189.865,0,0,25.902,2.475
2019/6/11 12:00,6246,8330,701,1383,1.088,0.012,629.749,1136.134,0,0,26.1,2.534
2019/6/11 13:00,6325,8285,607,1353,1.087,0.012,550.303,1030.911,0,0,26.036,2.512
2019/6/11 14:00,6441,8244,478,1325,1.087,0.012,453.972,881.619,0,0,25.731,2.402
2019/6/11 15:00,6759,8266,349,1158,1.088,0.012,333.592,698.276,0,0,25.086,2.192
2019/6/11 16:00,6904,8200,244,1052,1.09,0.012,215.189,493.524,0,0,24.082,1.894
2019/6/11 17:00,6581,7800,145,1074,1.093,0.013,105.164,281.185,0,0,22.511,1.424
2019/6/11 18:00,6113,7440,64,1263,1.096,0.012,21.873,78.097,0,0,20.409,1.2
2019/6/11 19:00,5708,7172,13,1451,1.101,0.011,0.023,0.215,0,0,19.111,1.218
2019/6/11 20:00,5264,6814,0,1550,1.105,0.011,0,0,0,0,18.456,1.208
2019/6/11 21:00,4569,6210,0,1641,1.108,0.011,0,0,0,0,17.858,1.119
2019/6/11 22:00,4251,5894,0,1643,1.109,0.011,0,0,0,0,17.386,0.98
2019/6/11 23:00,4063,5593,0,1530,1.111,0.011,0,0,0,0,16.911,0.92
2019/6/12 0:00,4012,5458,0,1446,1.112,0.011,0,0,0,0,16.43,0.99
2019/6/12 1:00,3994,5331,0,1337,1.113,0.011,0,0,0,0,16.051,1.1
2019/6/12 2:00,4287,5409,0,1122,1.115,0.011,0.001,0.006,0,0,15.727,1.128
2019/6/12 3:00,4694,5933,50,1189,1.116,0.011,23.822,71.898,0,0,15.774,1.191
2019/6/12 4:00,5738,7058,124,1196,1.117,0.011,126.38,272.608,0,0,17.085,1.43
2019/6/12 5:00,6806,8030,216,1008,1.114,0.011,274.203,484.938,0,0,18.826,1.709
2019/6/12 6:00,7148,8351,344,859,1.107,0.011,437.409,690.328,0,0,20.916,2.237
2019/6/12 7:00,6923,8469,542,1004,1.101,0.011,600.273,874.827,0,0,22.769,2.657
2019/6/12 8:00,6585,8541,688,1268,1.097,0.011,728.049,1025.738,0,0,24.194,2.885
2019/6/12 9:00,6205,8692,786,1701,1.093,0.011,826.727,1133.007,0,0,25.266,2.969
2019/6/12 10:00,5732,8505,887,1886,1.091,0.011,867.517,1189.05,0,0,26.011,2.969
2019/6/12 11:00,5859,8479,922,1698,1.089,0.011,873.208,1190.284,0,0,26.564,2.947
2019/6/12 12:00,6039,8392,875,1478,1.087,0.011,824.082,1136.61,0,0,26.851,2.887
2019/6/12 13:00,6038,8292,778,1476,1.086,0.011,728.139,1031.523,0,0,26.817,2.826
2019/6/12 14:00,6118,8213,610,1485,1.086,0.011,597.994,882.247,0,0,26.43,2.765
2019/6/12 15:00,6266,8194,452,1476,1.088,0.011,440.626,699.121,0,0,25.616,2.572
2019/6/12 16:00,6270,8066,334,1462,1.09,0.012,276.405,494.443,0,0,24.443,2.156
2019/6/12 17:00,6190,7757,205,1362,1.094,0.012,127.59,282.263,0,0,22.628,1.52
2019/6/12 18:00,6007,7480,88,1385,1.1,0.012,25.76,79.161,0,0,20.074,1.159
2019/6/12 19:00,5877,7297,18,1402,1.105,0.011,0.05,0.235,0,0,18.504,1.197
2019/6/12 20:00,5579,6954,0,1375,1.11,0.011,0,0,0,0,17.701,1.199
2019/6/12 21:00,5179,6342,0,1163,1.114,0.011,0,0,0,0,16.969,1.077
2019/6/12 22:00,5073,5944,0,871,1.116,0.011,0,0,0,0,16.4,0.911
2019/6/12 23:00,4735,5589,0,854,1.118,0.011,0,0,0,0,15.948,0.753
2019/6/13 0:00,4718,5473,0,755,1.12,0.011,0,0,0,0,15.562,0.644
2019/6/13 1:00,4639,5334,0,695,1.121,0.011,0,0,0,0,15.204,0.63
2019/6/13 2:00,4812,5381,0,569,1.123,0.011,0.001,0.009,0,0,14.985,0.624
2019/6/13 3:00,5361,5832,47,424,1.125,0.011,23.987,72.888,0,0,15.022,0.584
2019/6/13 4:00,6516,6950,120,314,1.125,0.011,126.416,273.645,0,0,16.275,0.66
2019/6/13 5:00,7504,7895,218,173,1.121,0.011,276.852,485.812,0,0,18.164,0.587
2019/6/13 6:00,7828,8250,350,72,1.115,0.011,449.316,691.064,0,0,20.339,0.558
2019/6/13 7:00,7653,8252,541,58,1.109,0.011,612.378,875.435,0,0,22.246,0.749
2019/6/13 8:00,7639,8336,668,29,1.104,0.011,751.854,1026.238,0,0,23.848,0.939
2019/6/13 9:00,7650,8408,746,12,1.1,0.011,858.271,1133.366,0,0,25.187,1.146
2019/6/13 10:00,7405,8233,822,6,1.096,0.011,911.65,1189.483,0,0,26.198,1.354
2019/6/13 11:00,7309,8226,862,55,1.092,0.011,915.834,1190.74,0,0,26.894,1.542
2019/6/13 12:00,7173,8185,838,174,1.09,0.011,867.623,1136.888,0,0,27.27,1.673
2019/6/13 13:00,6946,8145,760,439,1.089,0.011,771.862,1031.968,0,0,27.348,1.739
2019/6/13 14:00,6826,8106,610,670,1.088,0.011,635.501,882.84,0,0,27.086,1.725
2019/6/13 15:00,6877,8177,460,840,1.088,0.011,482.589,699.81,0,0,26.576,1.669
2019/6/13 16:00,6857,8151,342,952,1.089,0.011,309.152,495.274,0,0,25.844,1.467
2019/6/13 17:00,6428,7845,208,1209,1.092,0.012,156.356,283.244,0,0,24.259,1.122
2019/6/13 18:00,6326,7478,92,1060,1.096,0.012,33.075,80.115,0,0,21.368,0.887
2019/6/13 19:00,6297,7320,20,1003,1.101,0.011,0.064,0.255,0,0,19.447,1.036
2019/6/13 20:00,6036,7016,0,980,1.106,0.011,0,0,0,0,18.485,1.023
2019/6/13 21:00,5703,6378,0,675,1.11,0.011,0,0,0,0,17.607,0.909
2019/6/13 22:00,5626,6049,0,423,1.113,0.011,0,0,0,0,16.917,0.882
2019/6/13 23:00,5380,5692,0,312,1.116,0.011,0,0,0,0,16.414,0.954
2019/6/14 0:00,5204,5553,0,349,1.119,0.01,0,0,0,0,16.072,1.147
2019/6/14 1:00,4636,5454,0,818,1.121,0.01,0,0,0,0,15.79,1.39
2019/6/14 2:00,4472,5510,0,1038,1.123,0.01,0.002,0.013,0,0,15.507,1.492
2019/6/14 3:00,5048,6014,50,916,1.125,0.01,28.575,73.785,0,0,15.429,1.585
2019/6/14 4:00,6248,7113,126,739,1.125,0.011,149.082,274.546,0,0,16.919,1.703
2019/6/14 5:00,7090,7949,230,629,1.121,0.011,313.367,486.585,0,0,19.217,1.854
2019/6/14 6:00,7282,8248,369,597,1.115,0.011,481.788,691.734,0,0,21.463,1.92
2019/6/14 7:00,7320,8321,578,423,1.11,0.011,639.053,875.942,0,0,23.339,1.774
2019/6/14 8:00,7450,8425,728,247,1.105,0.011,770.771,1026.696,0,0,24.975,1.532
2019/6/14 9:00,7498,8434,825,111,1.1,0.011,852.61,1133.728,0,0,26.279,1.412
2019/6/14 10:00,7325,8285,924,36,1.096,0.011,895.644,1189.726,0,0,27.305,1.308
2019/6/14 11:00,7200,8192,976,16,1.092,0.011,887.869,1190.933,0,0,28.143,1.167
2019/6/14 12:00,7084,8050,950,16,1.089,0.011,851.67,1137.282,0,0,28.733,1.112
2019/6/14 13:00,7091,7976,864,21,1.087,0.011,766.486,1032.303,0,0,29.021,1.152
2019/6/14 14:00,7274,8002,689,39,1.085,0.012,647.575,883.332,0,0,29.107,1.235
2019/6/14 15:00,7455,8066,512,99,1.084,0.012,491.127,700.412,0,0,28.832,1.343
2019/6/14 16:00,7479,7994,381,134,1.085,0.012,317.862,496.007,0,0,27.678,1.41
2019/6/14 17:00,7135,7557,233,189,1.087,0.013,148.213,284.099,0,0,25.279,1.155
2019/6/14 18:00,6897,7269,101,271,1.091,0.012,28.12,80.969,0,0,22.298,1.024
2019/6/14 19:00,6630,7068,22,416,1.096,0.011,0.037,0.273,0,0,20.718,1.128
2019/6/14 20:00,6311,6870,0,559,1.1,0.011,0,0,0,0,19.882,1.17
2019/6/14 21:00,5604,6312,0,708,1.103,0.011,0,0,0,0,19.088,1.152
2019/6/14 22:00,4932,5884,0,952,1.105,0.01,0,0,0,0,18.474,1.12
2019/6/14 23:00,4496,5540,0,1044,1.107,0.01,0,0,0,0,17.939,1.101
2019/6/15 0:00,4346,5338,0,992,1.109,0.01,0,0,0,0,17.414,1.073
2019/6/15 1:00,4206,5169,0,963,1.11,0.01,0,0,0,0,16.908,1.027
2019/6/15 2:00,4141,5142,0,1001,1.112,0.01,0.003,0.018,0,0,16.462,0.994
2019/6/15 3:00,4156,5313,40,1117,1.113,0.01,20.415,74.582,0,0,16.689,1.157
2019/6/15 4:00,4407,5734,101,1226,1.113,0.01,94.537,275.379,0,0,17.98,1.441
2019/6/15 5:00,4997,6290,182,1111,1.112,0.01,186.649,487.292,0,0,19.341,1.447
2019/6/15 6:00,5478,6765,304,983,1.11,0.011,269.07,692.271,0,0,20.61,1.817
2019/6/15 7:00,5353,7023,487,1183,1.106,0.011,345.026,876.432,0,0,21.938,2.092
2019/6/15 8:00,4978,7151,618,1555,1.104,0.011,376.216,1027.117,0,0,22.891,1.927
2019/6/15 9:00,5066,7278,696,1516,1.101,0.011,398.767,1134.13,0,0,23.531,1.667
2019/6/15 10:00,4973,7053,774,1306,1.099,0.011,432.885,1190.024,0,0,24.202,1.721
2019/6/15 11:00,4763,6903,802,1338,1.096,0.011,437.333,1191.266,0,0,24.763,1.794
2019/6/15 12:00,4820,6731,762,1149,1.094,0.012,466.629,1137.639,0,0,25.356,1.819
2019/6/15 13:00,5088,6690,680,922,1.092,0.012,453.183,1032.738,0,0,25.784,1.856
2019/6/15 14:00,5223,6659,535,901,1.09,0.012,364.622,883.749,0,0,25.723,1.796
2019/6/15 15:00,5538,6745,388,819,1.09,0.012,251.361,700.917,0,0,25.188,1.642
2019/6/15 16:00,5685,6709,276,748,1.092,0.013,156.859,496.63,0,0,24.172,1.453
2019/6/15 17:00,5455,6374,170,749,1.095,0.014,72.066,284.842,0,0,22.693,1.014
2019/6/15 18:00,5143,6246,76,1027,1.097,0.013,12.848,81.722,0,0,21.124,0.965
2019/6/15 19:00,5093,6130,16,1021,1.1,0.013,0.018,0.291,0,0,20.275,1.066
2019/6/15 20:00,5268,6012,0,744,1.103,0.012,0,0,0,0,19.689,1.126
2019/6/15 21:00,4811,5561,0,750,1.106,0.012,0,0,0,0,19.139,1.141
2019/6/15 22:00,4497,5270,0,773,1.109,0.012,0,0,0,0,18.577,1.057
2019/6/15 23:00,4196,4946,0,750,1.112,0.012,0,0,0,0,18.074,0.895
2019/6/16 0:00,4104,4848,0,744,1.115,0.012,0,0,0,0,17.512,0.772
2019/6/16 1:00,3943,4710,0,767,1.117,0.012,0,0,0,0,16.944,0.77
2019/6/16 2:00,3755,4620,0,865,1.12,0.012,0.002,0.022,0,0,16.416,0.776
2019/6/16 3:00,3738,4584,40,806,1.123,0.012,18.201,75.269,0,0,16.137,0.934
2019/6/16 4:00,3585,4817,98,1134,1.125,0.012,96.959,276.06,0,0,16.732,1.487
2019/6/16 5:00,3684,5298,176,1438,1.124,0.012,215.829,487.863,0,0,17.619,1.865
2019/6/16 6:00,3746,5581,273,1562,1.122,0.011,357.276,692.769,0,0,19.003,1.994
2019/6/16 7:00,3934,5850,412,1504,1.119,0.011,493.599,876.771,0,0,20.338,2.054
2019/6/16 8:00,3927,6073,512,1634,1.116,0.011,611.934,1027.34,0,0,21.48,2.098
2019/6/16 9:00,4188,6256,577,1491,1.113,0.011,678.73,1134.267,0,0,22.353,2.078
2019/6/16 10:00,3763,6148,641,1744,1.111,0.011,689.045,1190.226,0,0,22.864,2.125
2019/6/16 11:00,3444,5970,664,1862,1.11,0.011,674.438,1191.424,0,0,23.142,2.26
2019/6/16 12:00,3201,5836,632,2003,1.11,0.011,611.233,1137.806,0,0,23.079,2.368
2019/6/16 13:00,3097,5774,556,2121,1.11,0.011,516.658,1033.03,0,0,22.727,2.436
2019/6/16 14:00,3141,5854,426,2287,1.111,0.011,416.092,884.173,0,0,22.166,2.473
2019/6/16 15:00,3579,6040,300,2161,1.113,0.011,305.928,701.357,0,0,21.406,2.47
2019/6/16 16:00,3885,6174,209,2080,1.116,0.011,201.693,497.181,0,0,20.527,2.373
2019/6/16 17:00,3859,6042,125,2058,1.119,0.011,99.818,285.466,0,0,19.424,2.069
2019/6/16 18:00,3759,6016,58,2199,1.123,0.011,21.822,82.365,0,0,17.874,1.558
2019/6/16 19:00,3908,5979,13,2058,1.127,0.01,0.044,0.306,0,0,16.587,1.358
2019/6/16 20:00,4309,6001,0,1692,1.13,0.01,0,0,0,0,15.941,1.354
2019/6/16 21:00,3738,5606,0,1868,1.132,0.01,0,0,0,0,15.374,1.36
2019/6/16 22:00,3680,5418,0,1738,1.134,0.01,0,0,0,0,14.944,1.434
2019/6/16 23:00,3570,5166,0,1596,1.135,0.01,0,0,0,0,14.473,1.458
2019/6/17 0:00,3877,5057,0,1180,1.137,0.009,0,0,0,0,13.924,1.32
2019/6/17 1:00,3875,4976,0,1101,1.139,0.009,0,0,0,0,13.464,1.17
2019/6/17 2:00,3891,5109,0,1218,1.141,0.009,0.003,0.025,0,0,13.302,1.233
2019/6/17 3:00,4389,5635,34,1212,1.143,0.009,21.827,75.865,0,0,13.363,1.484
2019/6/17 4:00,5423,6758,87,1248,1.142,0.009,109.533,276.657,0,0,14.42,1.691
2019/6/17 5:00,6559,7737,168,1010,1.137,0.009,243.402,488.357,0,0,16.115,1.814
2019/6/17 6:00,7062,8131,273,796,1.131,0.009,390.961,693.149,0,0,18.005,2.042
2019/6/17 7:00,6927,8096,426,743,1.126,0.009,525.557,877.056,0,0,19.714,2.192
2019/6/17 8:00,7042,8239,533,664,1.121,0.009,625.857,1027.659,0,0,21.013,2.25
2019/6/17 9:00,7151,8355,603,601,1.118,0.009,677.039,1134.56,0,0,21.948,2.241
2019/6/17 10:00,7100,8228,674,454,1.115,0.009,674.885,1190.442,0,0,22.56,2.179
2019/6/17 11:00,7119,8259,710,430,1.113,0.009,636.131,1191.693,0,0,22.862,2.114
2019/6/17 12:00,7067,8230,691,472,1.112,0.01,572.2,1138.054,0,0,22.905,2.083
2019/6/17 13:00,6991,8146,625,530,1.111,0.01,469.357,1033.228,0,0,22.661,2.035
2019/6/17 14:00,6968,8099,499,632,1.112,0.01,359.453,884.435,0,0,22.216,1.944
2019/6/17 15:00,7178,8113,374,561,1.112,0.01,267.572,701.755,0,0,21.689,1.844
2019/6/17 16:00,7301,7987,274,412,1.113,0.01,171.14,497.618,0,0,20.956,1.575
2019/6/17 17:00,7062,7631,170,399,1.115,0.011,82.354,285.977,0,0,19.76,1.04
2019/6/17 18:00,6851,7348,78,419,1.118,0.011,19.147,82.904,0,0,17.966,0.773
2019/6/17 19:00,6693,7120,18,409,1.12,0.01,0.059,0.32,0,0,16.804,0.829
2019/6/17 20:00,6461,6791,0,330,1.122,0.01,0,0,0,0,16.33,0.826
2019/6/17 21:00,5912,6180,0,268,1.124,0.01,0,0,0,0,15.883,0.831
2019/6/17 22:00,5566,5832,0,266,1.126,0.01,0,0,0,0,15.447,0.845
2019/6/17 23:00,5253,5531,0,278,1.127,0.009,0,0,0,0,15.071,0.834
2019/6/18 0:00,5100,5392,0,292,1.129,0.009,0,0,0,0,14.807,0.818
2019/6/18 1:00,4953,5255,0,302,1.13,0.009,0,0,0,0,14.599,0.783
2019/6/18 2:00,5072,5343,0,271,1.131,0.009,0.004,0.029,0,0,14.353,0.725
2019/6/18 3:00,5578,5802,39,185,1.133,0.01,20.66,76.346,0,0,14.387,0.675
2019/6/18 4:00,6650,6881,100,131,1.133,0.01,99.161,277.121,0,0,15.467,0.795
2019/6/18 5:00,7550,7784,188,46,1.13,0.01,218.079,488.746,0,0,17.239,0.743
2019/6/18 6:00,7783,8103,309,11,1.123,0.01,370.631,693.423,0,0,19.551,0.696
2019/6/18 7:00,7660,8161,488,13,1.117,0.01,524.047,877.301,0,0,21.273,0.758
2019/6/18 8:00,7631,8252,614,7,1.112,0.01,654.843,1027.739,0,0,22.712,0.869
2019/6/18 9:00,7660,8366,694,12,1.108,0.01,745.838,1134.658,0,0,23.825,0.96
2019/6/18 10:00,7390,8184,774,20,1.105,0.01,782.35,1190.48,0,0,24.607,1.012
2019/6/18 11:00,7341,8184,807,36,1.103,0.011,769.194,1191.723,0,0,25.087,1.044
2019/6/18 12:00,7292,8127,771,64,1.101,0.011,715.6,1138.166,0,0,25.261,1.073
2019/6/18 13:00,7348,8098,692,58,1.1,0.011,625.308,1033.308,0,0,25.179,1.109
2019/6/18 14:00,7439,8031,541,51,1.099,0.011,502.341,884.642,0,0,24.852,1.121
2019/6/18 15:00,7680,8110,392,38,1.1,0.011,376.461,702.005,0,0,24.38,1.154
2019/6/18 16:00,7842,8169,284,43,1.1,0.011,245.026,497.941,0,0,23.793,1.115
2019/6/18 17:00,7576,7805,175,54,1.102,0.012,120.926,286.42,0,0,22.527,0.866
2019/6/18 18:00,7290,7461,80,91,1.104,0.012,26.078,83.339,0,0,20.145,0.695
2019/6/18 19:00,7105,7264,18,141,1.107,0.011,0.023,0.331,0,0,18.699,0.813
2019/6/18 20:00,6767,6972,0,205,1.109,0.01,0,0,0,0,17.967,0.813
2019/6/18 21:00,6134,6347,0,213,1.112,0.01,0,0,0,0,17.244,0.802
2019/6/18 22:00,5781,6003,0,222,1.114,0.01,0,0,0,0,16.615,0.77
2019/6/18 23:00,5481,5656,0,175,1.116,0.01,0,0,0,0,16.119,0.755
2019/6/19 0:00,5452,5559,0,107,1.117,0.01,0,0,0,0,15.759,0.751
2019/6/19 1:00,5356,5433,0,77,1.118,0.01,0,0,0,0,15.511,0.746
2019/6/19 2:00,5428,5509,0,81,1.12,0.01,0.005,0.033,0,0,15.314,0.756
2019/6/19 3:00,5810,5970,45,115,1.121,0.01,27.864,76.729,0,0,15.292,0.693
2019/6/19 4:00,6684,7035,116,235,1.122,0.01,135.123,277.494,0,0,16.948,0.696
2019/6/19 5:00,7540,7947,211,196,1.118,0.011,278.109,489.03,0,0,19.008,0.894
2019/6/19 6:00,7833,8246,340,73,1.111,0.011,432.164,693.666,0,0,21.513,1.184
2019/6/19 7:00,7619,8227,530,78,1.106,0.011,569.429,877.474,0,0,23.235,1.249
2019/6/19 8:00,7670,8421,659,92,1.102,0.011,677.767,1027.841,0,0,24.396,1.304
2019/6/19 9:00,7630,8533,734,169,1.099,0.011,741.224,1134.688,0,0,25.245,1.346
2019/6/19 10:00,7370,8426,806,250,1.096,0.011,763.382,1190.566,0,0,25.882,1.372
2019/6/19 11:00,7339,8444,806,299,1.094,0.011,736.75,1191.777,0,0,26.157,1.374
2019/6/19 12:00,7136,8392,732,524,1.093,0.011,658.107,1138.192,0,0,26.143,1.357
2019/6/19 13:00,7079,8279,633,567,1.093,0.011,535.037,1033.423,0,0,25.887,1.319
2019/6/19 14:00,7043,8266,490,733,1.093,0.011,384.598,884.736,0,0,25.301,1.239
2019/6/19 15:00,7318,8169,352,499,1.094,0.011,254.568,702.167,0,0,24.674,1.105
2019/6/19 16:00,7432,8116,253,431,1.096,0.012,154.058,498.204,0,0,23.882,0.942
2019/6/19 17:00,7192,7708,155,361,1.098,0.012,78.489,286.709,0,0,22.49,0.802
2019/6/19 18:00,6929,7316,71,316,1.101,0.012,19.591,83.663,0,0,20.727,0.757
2019/6/19 19:00,6482,6944,16,446,1.105,0.011,0.05,0.34,0,0,19.46,0.848
2019/6/19 20:00,6458,6652,0,194,1.107,0.011,0,0,0,0,18.48,0.848
2019/6/19 21:00,5987,6153,0,166,1.109,0.011,0,0,0,0,17.626,0.836
2019/6/19 22:00,5598,5793,0,195,1.111,0.011,0,0,0,0,16.96,0.845
2019/6/19 23:00,5228,5356,0,128,1.112,0.011,0,0,0,0,16.429,0.858
2019/6/20 0:00,5095,5250,0,155,1.114,0.01,0,0,0,0,16.059,0.874
2019/6/20 1:00,4941,5060,0,119,1.115,0.01,0,0,0,0,15.803,0.878
2019/6/20 2:00,4919,4967,0,48,1.117,0.01,0.005,0.036,0,0,15.577,0.852
2019/6/20 3:00,4741,4900,44,115,1.118,0.01,25.872,77.005,0,0,15.641,0.816
2019/6/20 4:00,4919,5126,111,96,1.12,0.011,127.542,277.748,0,0,16.799,0.738
2019/6/20 5:00,5292,5565,206,67,1.118,0.011,270.379,489.23,0,0,18.577,0.74
2019/6/20 6:00,5486,5871,337,48,1.112,0.011,422.378,693.816,0,0,20.888,0.694
2019/6/20 7:00,5507,6107,528,72,1.106,0.01,557.683,877.535,0,0,22.768,0.738
2019/6/20 8:00,5592,6270,655,23,1.103,0.01,664.865,1027.86,0,0,24.06,0.773
2019/6/20 9:00,5625,6368,726,17,1.1,0.01,735.356,1134.688,0,0,25.032,0.791
2019/6/20 10:00,5477,6274,786,11,1.098,0.01,767.323,1190.53,0,0,25.555,0.798
2019/6/20 11:00,5334,6094,754,6,1.096,0.01,749.822,1191.758,0,0,25.806,0.831
2019/6/20 12:00,5379,6040,654,7,1.096,0.01,682.633,1138.183,0,0,25.786,0.871
2019/6/20 13:00,5494,6074,560,20,1.095,0.01,585.213,1033.441,0,0,25.497,0.903
2019/6/20 14:00,5640,6136,438,58,1.096,0.01,460.434,884.772,0,0,25.063,0.911
2019/6/20 15:00,5661,6294,323,310,1.097,0.01,313.314,702.293,0,0,24.35,0.889
2019/6/20 16:00,5922,6437,240,275,1.099,0.011,191.958,498.349,0,0,23.394,0.799
2019/6/20 17:00,5960,6288,150,178,1.102,0.011,89.713,286.917,0,0,22.033,0.626
2019/6/20 18:00,5970,6169,70,129,1.106,0.012,17.547,83.878,0,0,20.067,0.499
2019/6/20 19:00,5937,6087,16,134,1.11,0.011,0.035,0.345,0,0,18.756,0.586
2019/6/20 20:00,5411,6036,0,625,1.114,0.011,0,0,0,0,17.872,0.635
2019/6/20 21:00,4133,5610,0,1477,1.118,0.011,0,0,0,0,17.239,0.786
2019/6/20 22:00,3996,5286,0,1290,1.122,0.011,0,0,0,0,16.684,1.029
2019/6/20 23:00,3996,4973,0,977,1.125,0.011,0,0,0,0,16.121,1.203
2019/6/21 0:00,3732,4867,0,1135,1.127,0.01,0,0,0,0,15.506,1.265
2019/6/21 1:00,3815,4750,0,935,1.13,0.01,0,0,0,0,14.96,1.262
2019/6/21 2:00,3836,4840,0,1004,1.132,0.01,0.003,0.038,0,0,14.423,1.217
2019/6/21 3:00,4300,5251,33,918,1.134,0.01,23.564,77.172,0,0,14.219,1.279
2019/6/21 4:00,5449,6135,85,601,1.134,0.01,129.972,277.885,0,0,15.23,1.484
2019/6/21 5:00,6458,6930,153,319,1.129,0.011,280.909,489.31,0,0,17.204,1.626
2019/6/21 6:00,6885,7351,240,226,1.123,0.01,438.139,693.856,0,0,19.675,1.539
2019/6/21 7:00,6924,7510,366,220,1.118,0.01,580.653,877.547,0,0,21.222,1.407
2019/6/21 8:00,6926,7609,467,216,1.114,0.01,672.168,1027.847,0,0,22.262,1.317
2019/6/21 9:00,6904,7723,551,268,1.111,0.01,733.364,1134.686,0,0,23.161,1.296
2019/6/21 10:00,6643,7569,643,283,1.109,0.01,765.406,1190.48,0,0,23.861,1.323
2019/6/21 11:00,6463,7458,695,300,1.107,0.01,743.378,1191.708,0,0,24.266,1.33
2019/6/21 12:00,6276,7329,688,365,1.105,0.01,692.595,1138.154,0,0,24.343,1.307
2019/6/21 13:00,6316,7280,629,335,1.104,0.01,606.793,1033.413,0,0,24.224,1.272
2019/6/21 14:00,6577,7358,496,285,1.104,0.01,494.238,884.754,0,0,23.906,1.238
2019/6/21 15:00,6821,7382,362,199,1.104,0.01,351.369,702.304,0,0,23.427,1.165
2019/6/21 16:00,6922,7315,266,127,1.105,0.011,217.594,498.405,0,0,22.831,1.078
2019/6/21 17:00,6695,6964,165,104,1.107,0.011,102.446,287.007,0,0,21.635,0.831
2019/6/21 18:00,6547,6712,75,90,1.109,0.012,19.767,83.982,0,0,19.591,0.649
2019/6/21 19:00,6261,6446,17,168,1.111,0.011,0.04,0.348,0,0,18.445,0.75
2019/6/21 20:00,6043,6229,0,186,1.114,0.011,0,0,0,0,17.905,0.773
2019/6/21 21:00,5525,5725,0,200,1.117,0.01,0,0,0,0,17.435,0.783
2019/6/21 22:00,5134,5402,0,268,1.12,0.01,0,0,0,0,16.983,0.78
2019/6/21 23:00,4789,5088,0,299,1.122,0.01,0,0,0,0,16.457,0.806
2019/6/22 0:00,4753,4968,0,215,1.124,0.01,0,0,0,0,15.934,0.846
2019/6/22 1:00,4588,4784,0,196,1.126,0.01,0,0,0,0,15.473,0.906
2019/6/22 2:00,4514,4783,0,269,1.128,0.01,0.005,0.039,0,0,15.072,0.958
2019/6/22 3:00,4667,4937,20,250,1.13,0.01,19.847,77.232,0,0,14.991,1.061
2019/6/22 4:00,5022,5344,52,270,1.131,0.011,102.026,277.954,0,0,15.971,1.197
2019/6/22 5:00,5631,5966,109,226,1.127,0.011,223.667,489.311,0,0,17.752,1.194
2019/6/22 6:00,6050,6417,186,181,1.121,0.011,331.972,693.83,0,0,19.577,1.308
2019/6/22 7:00,6337,6751,296,118,1.117,0.011,438.352,877.482,0,0,20.813,1.455
2019/6/22 8:00,6424,6920,378,118,1.114,0.011,521.113,1027.785,0,0,21.857,1.634
2019/6/22 9:00,6496,7037,440,101,1.111,0.011,552.787,1134.569,0,0,22.461,1.706
2019/6/22 10:00,6268,6853,509,76,1.11,0.011,546.779,1190.398,0,0,22.773,1.743
2019/6/22 11:00,6118,6723,549,56,1.109,0.011,526.997,1191.484,0,0,22.882,1.785
2019/6/22 12:00,6007,6588,537,44,1.108,0.011,484.416,1138.034,0,0,22.771,1.836
2019/6/22 13:00,6023,6577,484,70,1.108,0.011,394.542,1033.299,0,0,22.333,1.821
2019/6/22 14:00,5853,6605,367,385,1.109,0.012,291.023,884.707,0,0,21.605,1.721
2019/6/22 15:00,5220,6669,246,1203,1.111,0.012,185.943,702.245,0,0,20.76,1.589
2019/6/22 16:00,5749,6473,160,564,1.113,0.012,109.1,498.35,0,0,19.855,1.433
2019/6/22 17:00,5569,6131,95,467,1.115,0.012,48.941,286.945,0,0,18.888,1.222
2019/6/22 18:00,5490,5994,46,458,1.118,0.013,9.718,83.969,0,0,17.912,1.068
2019/6/22 19:00,5448,5870,10,412,1.12,0.012,0.028,0.348,0,0,17.209,1.047
2019/6/22 20:00,5524,5762,0,238,1.122,0.012,0,0,0,0,16.771,1.023
2019/6/22 21:00,5200,5316,0,116,1.123,0.012,0,0,0,0,16.463,0.89
2019/6/22 22:00,5005,5070,0,65,1.124,0.012,0,0,0,0,16.126,0.82
2019/6/22 23:00,4730,4789,0,59,1.125,0.012,0,0,0,0,15.713,0.807
2019/6/23 0:00,4591,4668,0,77,1.126,0.012,0,0,0,0,15.382,0.851
2019/6/23 1:00,4372,4497,0,125,1.127,0.011,0,0,0,0,15.066,0.878
2019/6/23 2:00,4314,4487,0,173,1.128,0.011,0.003,0.038,0,0,14.815,0.851
2019/6/23 3:00,4230,4490,18,242,1.13,0.011,14.248,77.183,0,0,14.869,0.905
2019/6/23 4:00,4302,4662,48,312,1.13,0.011,66.769,277.861,0,0,15.5,1.093
2019/6/23 5:00,4749,5166,104,313,1.129,0.012,133.862,489.23,0,0,16.128,1.194
2019/6/23 6:00,5112,5545,173,260,1.127,0.012,221.602,693.68,0,0,16.897,1.309
2019/6/23 7:00,5389,5858,264,205,1.125,0.012,300.643,877.332,0,0,17.723,1.405
2019/6/23 8:00,5565,6118,332,221,1.122,0.012,374.538,1027.676,0,0,18.635,1.494
2019/6/23 9:00,5820,6370,384,166,1.12,0.012,431.193,1134.279,0,0,19.462,1.575
2019/6/23 10:00,5615,6201,440,146,1.118,0.012,455.329,1190.171,0,0,20.116,1.639
2019/6/23 11:00,5319,5966,473,174,1.117,0.012,463.988,1191.369,0,0,20.621,1.686
2019/6/23 12:00,5066,5808,470,272,1.115,0.012,467.023,1137.737,0,0,20.987,1.73
2019/6/23 13:00,4937,5736,432,367,1.114,0.012,415.942,1033.203,0,0,21.061,1.759
2019/6/23 14:00,4853,5726,360,513,1.114,0.012,370.44,884.504,0,0,20.952,1.802
2019/6/23 15:00,5100,5854,284,470,1.114,0.012,290.752,702.062,0,0,20.687,1.78
2019/6/23 16:00,5533,5992,213,246,1.115,0.012,205.851,498.199,0,0,20.269,1.622
2019/6/23 17:00,5522,5900,130,248,1.116,0.013,110.975,286.81,0,0,19.515,1.242
2019/6/23 18:00,5294,5904,60,550,1.119,0.012,25.707,83.856,0,0,17.999,0.883
2019/6/23 19:00,5122,5888,13,753,1.121,0.012,0.081,0.345,0,0,16.855,1.014
2019/6/23 20:00,5216,5952,0,736,1.124,0.012,0,0,0,0,16.396,1.109
2019/6/23 21:00,4908,5583,0,675,1.126,0.011,0,0,0,0,15.995,1.198
2019/6/23 22:00,4504,5335,0,831,1.128,0.011,0,0,0,0,15.641,1.322
2019/6/23 23:00,4161,5062,0,901,1.129,0.011,0,0,0,0,15.244,1.339
2019/6/24 0:00,4206,4965,0,759,1.131,0.01,0,0,0,0,14.82,1.3
2019/6/24 1:00,4157,4853,0,696,1.132,0.01,0,0,0,0,14.386,1.29
2019/6/24 2:00,4265,4966,0,701,1.134,0.01,0.004,0.037,0,0,13.992,1.279
2019/6/24 3:00,4697,5523,39,787,1.136,0.009,24.99,77.033,0,0,13.884,1.253
2019/6/24 4:00,5799,6659,98,762,1.137,0.01,135.317,277.681,0,0,15.207,1.461
2019/6/24 5:00,6803,7576,184,589,1.134,0.01,290.907,489.03,0,0,17.011,1.584
2019/6/24 6:00,7146,7892,305,441,1.126,0.01,457.066,693.461,0,0,19.478,1.709
2019/6/24 7:00,7103,7982,484,395,1.12,0.011,617.474,877.094,0,0,21.563,1.818
2019/6/24 8:00,7024,8093,612,457,1.115,0.011,754.445,1027.373,0,0,23.034,1.975
2019/6/24 9:00,6920,8219,694,605,1.112,0.011,849.581,1134.18,0,0,24.168,2.109
2019/6/24 10:00,6711,8070,782,577,1.108,0.011,896.336,1189.979,0,0,25.043,2.153
2019/6/24 11:00,6882,8101,802,417,1.106,0.011,893.554,1191.191,0,0,25.669,2.111
2019/6/24 12:00,7055,8081,761,265,1.104,0.011,848.436,1137.63,0,0,26.033,2.022
2019/6/24 13:00,7200,8040,684,156,1.103,0.011,754.935,1032.914,0,0,26.089,1.925
2019/6/24 14:00,7307,8008,550,151,1.102,0.011,632.758,884.254,0,0,25.872,1.834
2019/6/24 15:00,7350,7981,418,213,1.102,0.011,478.034,701.812,0,0,25.438,1.763
2019/6/24 16:00,7258,7931,322,351,1.103,0.011,310.166,497.958,0,0,24.67,1.589
2019/6/24 17:00,6998,7611,204,409,1.105,0.012,160.231,286.561,0,0,23.369,1.142
2019/6/24 18:00,6711,7318,92,515,1.108,0.012,35.188,83.628,0,0,20.779,0.856
2019/6/24 19:00,6489,7130,20,621,1.111,0.011,0.088,0.34,0,0,19.197,1.018
2019/6/24 20:00,6399,6864,0,465,1.115,0.011,0,0,0,0,18.44,1.042
2019/6/24 21:00,5885,6239,0,354,1.118,0.011,0,0,0,0,17.724,1.004
2019/6/24 22:00,5510,5858,0,348,1.12,0.011,0,0,0,0,17.187,0.944
2019/6/24 23:00,5243,5535,0,292,1.122,0.011,0,0,0,0,16.744,0.88
2019/6/25 0:00,5237,5412,0,175,1.123,0.011,0,0,0,0,16.404,0.838
2019/6/25 1:00,5174,5283,0,109,1.124,0.011,0,0,0,0,16.075,0.81
2019/6/25 2:00,5147,5286,0,139,1.125,0.011,0.005,0.034,0,0,15.745,0.8
2019/6/25 3:00,5533,5783,47,203,1.127,0.011,29.352,76.768,0,0,15.851,0.738
2019/6/25 4:00,6585,6930,119,226,1.127,0.012,148.507,277.368,0,0,17.814,0.963
2019/6/25 5:00,7453,7799,218,128,1.124,0.012,307.19,488.735,0,0,19.918,1.179
2019/6/25 6:00,7744,8192,359,89,1.116,0.012,476.858,693.18,0,0,22.277,1.355
2019/6/25 7:00,7593,8251,558,100,1.11,0.012,634.575,876.832,0,0,24.342,1.497
2019/6/25 8:00,7561,8408,698,149,1.105,0.012,764.263,1027.169,0,0,25.875,1.682
2019/6/25 9:00,7631,8560,787,142,1.102,0.012,867.101,1133.779,0,0,27.036,1.812
2019/6/25 10:00,7270,8350,877,203,1.099,0.013,918.647,1189.671,0,0,27.918,1.858
2019/6/25 11:00,7136,8361,914,311,1.096,0.013,920.558,1190.869,0,0,28.549,1.859
2019/6/25 12:00,6996,8279,886,397,1.094,0.013,872.91,1137.236,0,0,28.908,1.833
2019/6/25 13:00,6988,8195,802,405,1.093,0.013,778.963,1032.612,0,0,28.96,1.792
2019/6/25 14:00,7122,8177,641,414,1.093,0.013,647.44,883.983,0,0,28.701,1.737
2019/6/25 15:00,7343,8173,480,350,1.093,0.013,491.273,701.535,0,0,28.224,1.674
2019/6/25 16:00,7436,8112,362,314,1.094,0.013,322.08,497.613,0,0,27.784,1.514
2019/6/25 17:00,7308,7852,226,318,1.096,0.014,162.128,286.207,0,0,26.36,1.166
2019/6/25 18:00,6997,7549,102,450,1.099,0.013,35.294,83.293,0,0,23.701,0.847
2019/6/25 19:00,6674,7316,22,620,1.103,0.012,0.079,0.331,0,0,22,0.986
2019/6/25 20:00,6321,7101,0,780,1.107,0.012,0,0,0,0,21.021,1.046
2019/6/25 21:00,5657,6463,0,806,1.11,0.012,0,0,0,0,20.185,1.025
2019/6/25 22:00,5342,6013,0,671,1.112,0.012,0,0,0,0,19.571,0.984
2019/6/25 23:00,5042,5644,0,602,1.113,0.012,0,0,0,0,19.037,0.945
2019/6/26 0:00,4935,5531,0,596,1.114,0.012,0,0,0,0,18.58,0.916
2019/6/26 1:00,4788,5368,0,580,1.116,0.012,0,0,0,0,18.175,0.899
2019/6/26 2:00,4931,5466,0,535,1.117,0.012,0.005,0.03,0,0,17.819,0.898
2019/6/26 3:00,5353,5986,50,583,1.118,0.012,32.496,76.406,0,0,17.967,0.87
2019/6/26 4:00,6451,7127,126,550,1.119,0.013,160.582,276.975,0,0,19.953,1.086
2019/6/26 5:00,7288,7989,230,471,1.115,0.013,327.167,488.35,0,0,22.265,1.184
2019/6/26 6:00,7516,8322,371,435,1.108,0.013,499.412,692.83,0,0,25.124,1.495
2019/6/26 7:00,7167,8427,577,683,1.101,0.012,657.841,876.48,0,0,27.44,1.586
2019/6/26 8:00,6967,8582,724,891,1.096,0.012,789.26,1026.746,0,0,29.042,1.652
2019/6/26 9:00,6921,8625,820,884,1.093,0.012,883.03,1133.56,0,0,30.16,1.65
2019/6/26 10:00,6755,8428,916,757,1.09,0.012,931.715,1189.398,0,0,30.868,1.585
2019/6/26 11:00,6839,8435,972,624,1.088,0.012,930.979,1190.474,0,0,31.476,1.492
2019/6/26 12:00,6973,8405,946,486,1.086,0.012,882.563,1136.867,0,0,31.772,1.372
2019/6/26 13:00,7158,8368,858,352,1.084,0.012,788.357,1032.255,0,0,31.871,1.232
2019/6/26 14:00,7385,8352,686,281,1.083,0.013,656.743,883.611,0,0,31.701,1.086
2019/6/26 15:00,7586,8350,511,253,1.083,0.013,498.567,701.081,0,0,31.531,0.99
2019/6/26 16:00,7648,8281,383,250,1.083,0.013,328.167,497.18,0,0,31.15,0.88
2019/6/26 17:00,7401,7973,239,333,1.085,0.013,163.075,285.774,0,0,29.034,0.723
2019/6/26 18:00,7072,7674,106,496,1.088,0.014,34.385,82.851,0,0,26.034,0.742
2019/6/26 19:00,6670,7466,23,773,1.092,0.012,0.075,0.32,0,0,24.548,0.862
2019/6/26 20:00,6519,7238,0,719,1.095,0.012,0,0,0,0,23.37,0.93
2019/6/26 21:00,6167,6630,0,463,1.097,0.012,0,0,0,0,22.305,1.028
2019/6/26 22:00,5888,6228,0,340,1.099,0.012,0,0,0,0,21.678,1.09
2019/6/26 23:00,5610,5878,0,268,1.1,0.012,0,0,0,0,21.238,1.154
2019/6/27 0:00,5509,5753,0,244,1.101,0.011,0,0,0,0,20.854,1.198
2019/6/27 1:00,5387,5644,0,257,1.102,0.011,0,0,0,0,20.502,1.237
2019/6/27 2:00,5446,5731,0,285,1.104,0.011,0.004,0.026,0,0,20.235,1.307
2019/6/27 3:00,5872,6247,47,328,1.105,0.012,28.896,75.934,0,0,20.367,1.395
2019/6/27 4:00,6839,7370,120,411,1.106,0.013,149.703,276.465,0,0,22.068,1.497
2019/6/27 5:00,7679,8324,222,423,1.103,0.013,310.561,487.87,0,0,24.538,1.572
2019/6/27 6:00,7860,8653,364,429,1.097,0.013,478.457,692.337,0,0,27.025,1.654
2019/6/27 7:00,7522,8698,571,605,1.091,0.013,633.757,876.023,0,0,28.82,1.758
2019/6/27 8:00,7342,8801,696,763,1.088,0.013,761.436,1026.351,0,0,30.005,1.877
2019/6/27 9:00,7588,8959,758,613,1.086,0.014,840.972,1133.148,0,0,30.693,1.998
2019/6/27 10:00,7313,8810,814,683,1.084,0.014,874.306,1188.973,0,0,31.062,2.125
2019/6/27 11:00,7188,8855,820,847,1.083,0.014,853.731,1190.191,0,0,31.12,2.256
2019/6/27 12:00,6818,8794,760,1216,1.082,0.014,785.937,1136.591,0,0,30.958,2.38
2019/6/27 13:00,6619,8810,664,1527,1.082,0.014,684.464,1031.794,0,0,30.658,2.487
2019/6/27 14:00,6549,8666,539,1578,1.083,0.014,551.997,883.164,0,0,30.096,2.522
2019/6/27 15:00,6630,8597,415,1552,1.084,0.014,399.816,700.584,0,0,29.156,2.472
2019/6/27 16:00,6522,8464,314,1628,1.086,0.014,258.456,496.66,0,0,27.94,2.283
2019/6/27 17:00,5899,8028,197,1932,1.09,0.014,128.268,285.179,0,0,26.188,1.828
2019/6/27 18:00,5520,7658,88,2050,1.096,0.014,26.84,82.301,0,0,23.631,1.287
2019/6/27 19:00,5483,7430,18,1929,1.103,0.013,0.046,0.306,0,0,21.493,1.149
2019/6/27 20:00,5604,7169,0,1565,1.109,0.012,0,0,0,0,20.043,1.107
2019/6/27 21:00,5166,6518,0,1352,1.114,0.011,0,0,0,0,18.774,1.105
2019/6/27 22:00,4913,6093,0,1180,1.119,0.01,0,0,0,0,17.787,1.133
2019/6/27 23:00,4678,5719,0,1041,1.123,0.01,0,0,0,0,16.928,1.151
2019/6/28 0:00,4486,5603,0,1117,1.126,0.009,0,0,0,0,16.171,1.136
2019/6/28 1:00,4284,5431,0,1147,1.129,0.009,0,0,0,0,15.507,1.131
2019/6/28 2:00,4504,5490,0,986,1.132,0.009,0.004,0.023,0,0,14.877,1.115
2019/6/28 3:00,5063,5946,48,835,1.134,0.009,32.031,75.36,0,0,14.742,1.164
2019/6/28 4:00,6282,7061,122,657,1.136,0.009,160.506,275.829,0,0,16.247,1.402
2019/6/28 5:00,7263,7908,217,428,1.131,0.008,329.742,487.259,0,0,18.394,1.471
2019/6/28 6:00,7417,8129,342,370,1.126,0.008,505.347,691.812,0,0,20.333,1.575
2019/6/28 7:00,7211,8142,539,392,1.122,0.008,666.64,875.518,0,0,21.731,1.735
2019/6/28 8:00,6922,8193,677,594,1.119,0.008,800.54,1025.856,0,0,22.846,1.923
2019/6/28 9:00,6643,8268,764,861,1.116,0.008,897.684,1132.658,0,0,23.82,2.022
2019/6/28 10:00,6345,8068,851,872,1.113,0.008,947.81,1188.478,0,0,24.63,2.078
2019/6/28 11:00,6066,7877,896,915,1.11,0.008,948.28,1189.7,0,0,25.249,2.117
2019/6/28 12:00,5986,7692,873,833,1.108,0.008,900.294,1136.098,0,0,25.606,2.132
2019/6/28 13:00,6092,7702,793,817,1.107,0.008,806.024,1031.299,0,0,25.653,2.126
2019/6/28 14:00,6258,7694,635,801,1.106,0.008,673.385,882.64,0,0,25.361,2.089
2019/6/28 15:00,6375,7747,480,892,1.106,0.008,513.262,700.044,0,0,24.79,2.026
2019/6/28 16:00,6451,7642,368,823,1.107,0.009,340.093,495.999,0,0,23.911,1.857
2019/6/28 17:00,6412,7289,234,643,1.11,0.009,170.748,284.481,0,0,22.393,1.372
2019/6/28 18:00,6294,6958,106,558,1.113,0.01,36.564,81.64,0,0,19.44,0.851
2019/6/28 19:00,6106,6724,24,594,1.117,0.009,0.076,0.29,0,0,17.697,0.92
2019/6/28 20:00,5990,6576,0,586,1.121,0.009,0,0,0,0,16.875,0.89
2019/6/28 21:00,5610,6073,0,463,1.125,0.008,0,0,0,0,16.107,0.884
2019/6/28 22:00,5413,5703,0,290,1.128,0.008,0,0,0,0,15.488,0.886
2019/6/28 23:00,5171,5332,0,161,1.131,0.008,0,0,0,0,14.99,0.859
2019/6/29 0:00,5072,5177,0,105,1.133,0.008,0,0,0,0,14.683,0.768
2019/6/29 1:00,4928,4977,0,49,1.135,0.008,0,0,0,0,14.289,0.696
2019/6/29 2:00,4868,4917,0,49,1.136,0.008,0.003,0.019,0,0,13.633,0.797
2019/6/29 3:00,4924,5031,47,60,1.138,0.008,32.601,74.681,0,0,13.372,0.783
2019/6/29 4:00,5259,5433,120,54,1.139,0.008,164.665,275.082,0,0,15.133,0.896
2019/6/29 5:00,5836,6080,217,27,1.134,0.008,334.516,486.572,0,0,17.706,0.762
2019/6/29 6:00,6108,6464,345,11,1.127,0.008,509.137,691.167,0,0,20.154,0.748
2019/6/29 7:00,6123,6675,543,9,1.122,0.008,670.32,874.949,0,0,21.953,0.805
2019/6/29 8:00,6042,6736,686,8,1.118,0.008,803.491,1025.317,0,0,23.303,0.84
2019/6/29 9:00,6015,6800,775,10,1.115,0.008,897.876,1132.149,0,0,24.448,0.84
2019/6/29 10:00,5737,6606,865,4,1.111,0.008,948.746,1187.976,0,0,25.382,0.863
2019/6/29 11:00,5498,6416,914,4,1.108,0.008,950.174,1189.2,0,0,26.097,0.962
2019/6/29 12:00,5380,6278,891,7,1.105,0.008,901.734,1135.598,0,0,26.524,1.053
2019/6/29 13:00,5426,6243,812,5,1.103,0.008,807.735,1030.77,0,0,26.628,1.081
2019/6/29 14:00,5611,6264,649,4,1.102,0.008,675.696,881.995,0,0,26.42,1.055
2019/6/29 15:00,5870,6363,489,4,1.102,0.008,516.154,699.347,0,0,25.961,0.974
2019/6/29 16:00,5994,6372,374,4,1.103,0.009,342.975,495.321,0,0,25.311,0.843
2019/6/29 17:00,5942,6181,235,4,1.104,0.009,173.063,283.7,0,0,23.94,0.601
2019/6/29 18:00,5955,6076,107,14,1.107,0.01,37.207,80.875,0,0,21.214,0.589
2019/6/29 19:00,5935,5983,24,24,1.11,0.008,0.069,0.273,0,0,19.444,0.831
2019/6/29 20:00,5890,5944,0,54,1.113,0.008,0,0,0,0,18.158,0.917
2019/6/29 21:00,5423,5498,0,75,1.115,0.008,0,0,0,0,17.203,0.964
2019/6/29 22:00,4985,5213,0,228,1.117,0.008,0,0,0,0,16.418,0.957
2019/6/29 23:00,4503,4865,0,362,1.119,0.008,0,0,0,0,15.751,0.951
2019/6/30 0:00,4385,4733,0,348,1.12,0.008,0,0,0,0,15.258,0.955
2019/6/30 1:00,4312,4576,0,264,1.121,0.008,0,0,0,0,14.845,0.928
2019/6/30 2:00,4286,4524,0,238,1.123,0.008,0.003,0.015,0,0,14.528,0.879
2019/6/30 3:00,4227,4580,47,306,1.124,0.008,32.225,73.905,0,0,14.71,0.827
2019/6/30 4:00,4161,4788,123,504,1.126,0.009,162.709,274.232,0,0,17.205,0.986
2019/6/30 5:00,4391,5189,220,578,1.123,0.009,330.823,485.778,0,0,19.631,1.371
2019/6/30 6:00,4532,5481,356,593,1.113,0.01,505.316,690.432,0,0,22.473,1.8
2019/6/30 7:00,4260,5754,565,929,1.105,0.01,665.283,874.267,0,0,25.079,2.123
2019/6/30 8:00,3938,5930,716,1276,1.098,0.01,797.833,1024.716,0,0,27.129,2.336
2019/6/30 9:00,3971,6045,815,1259,1.093,0.01,892.386,1131.607,0,0,28.764,2.399
2019/6/30 10:00,3708,5942,916,1318,1.088,0.01,941.01,1187.472,0,0,30.047,2.399
2019/6/30 11:00,3482,5863,972,1409,1.084,0.01,940.4,1188.693,0,0,30.987,2.378
2019/6/30 12:00,3410,5732,943,1379,1.081,0.01,891.46,1134.894,0,0,31.552,2.319
2019/6/30 13:00,3379,5729,852,1498,1.079,0.01,793.579,1030.216,0,0,31.774,2.217
2019/6/30 14:00,3508,5834,678,1648,1.078,0.01,655.181,881.322,0,0,31.568,2.082
2019/6/30 15:00,3838,6054,503,1713,1.078,0.011,490.028,698.627,0,0,31.139,1.897
2019/6/30 16:00,4356,6366,379,1631,1.079,0.011,315.498,494.461,0,0,30.035,1.704
2019/6/30 17:00,4581,6354,238,1535,1.083,0.013,151.511,282.804,0,0,27.457,1.229
2019/6/30 18:00,4647,6344,106,1591,1.088,0.012,29.679,80.016,0,0,24.217,1.178
2019/6/30 19:00,4594,6348,23,1731,1.094,0.011,0.039,0.255,0,0,22.576,1.406
2019/6/30 20:00,4795,6441,0,1646,1.098,0.011,0,0,0,0,21.617,1.426
2019/6/30 21:00,4536,5951,0,1415,1.101,0.011,0,0,0,0,20.781,1.365
2019/6/30 22:00,4414,5620,0,1206,1.102,0.011,0,0,0,0,20.185,1.288
2019/6/30 23:00,4507,5345,0,838,1.102,0.011,0,0,0,0,19.71,1.179
2019/7/1 0:00,4622,5237,0,615,1.102,0.011,0,0,0,0,19.425,1.092
2019/7/1 1:00,4709,5098,0,389,1.102,0.011,0,0,0,0,19.239,1.024
2019/7/1 2:00,4943,5242,0,299,1.102,0.011,0.002,0.01,0,0,18.975,0.977
2019/7/1 3:00,5476,5794,47,271,1.103,0.011,21.859,73.026,0,0,19.103,0.934
2019/7/1 4:00,6637,6953,117,199,1.103,0.012,102.025,273.301,0,0,20.912,0.96
2019/7/1 5:00,7598,7911,215,98,1.103,0.013,215.472,484.906,0,0,22.794,1.023
2019/7/1 6:00,7959,8356,353,44,1.099,0.013,328.133,689.663,0,0,24.622,0.794
2019/7/1 7:00,7898,8490,556,36,1.093,0.013,463.758,873.527,0,0,26.986,0.781
2019/7/1 8:00,7920,8656,696,40,1.087,0.012,620.617,1024.109,0,0,29.017,0.894
2019/7/1 9:00,7950,8783,788,45,1.083,0.012,709.648,1130.845,0,0,30.402,0.991
2019/7/1 10:00,7710,8650,876,64,1.08,0.012,713.622,1186.876,0,0,31.197,1.047
2019/7/1 11:00,7730,8655,833,92,1.078,0.012,661.708,1187.924,0,0,31.389,1.109
2019/7/1 12:00,7767,8643,706,170,1.077,0.012,570.556,1134.298,0,0,31.257,1.175
2019/7/1 13:00,7875,8652,596,181,1.078,0.013,449.454,1029.522,0,0,30.937,1.216
2019/7/1 14:00,7920,8653,478,255,1.078,0.013,310.536,880.601,0,0,30.156,1.233
2019/7/1 15:00,7302,8654,358,994,1.081,0.014,201.424,697.794,0,0,28.837,1.215
2019/7/1 16:00,7023,8292,266,1003,1.085,0.014,117.52,493.548,0,0,26.927,1.066
2019/7/1 17:00,6403,7899,165,1331,1.091,0.015,53.734,281.802,0,0,24.756,0.982
2019/7/1 18:00,5649,7556,73,1834,1.097,0.015,11.35,79.052,0,0,22.738,1.103
2019/7/1 19:00,6467,7212,16,729,1.103,0.014,0.018,0.235,0,0,21.479,1.355
2019/7/1 20:00,6319,6910,0,591,1.108,0.014,0,0,0,0,20.569,1.521
2019/7/1 21:00,5884,6298,0,414,1.111,0.014,0,0,0,0,19.826,1.533
2019/7/1 22:00,5829,5965,0,136,1.113,0.013,0,0,0,0,19.237,1.453
2019/7/1 23:00,5446,5668,0,222,1.115,0.012,0,0,0,0,18.739,1.268
2019/7/2 0:00,5321,5588,0,267,1.115,0.012,0,0,0,0,18.337,1.105
2019/7/2 1:00,5143,5455,0,312,1.116,0.012,0,0,0,0,17.926,1.043
2019/7/2 2:00,5171,5544,0,373,1.117,0.012,0.001,0.006,0,0,17.596,1.003
2019/7/2 3:00,5428,6108,31,649,1.119,0.012,19.219,72.049,0,0,17.656,1.057
2019/7/2 4:00,6437,7190,82,671,1.119,0.012,103.703,272.208,0,0,18.758,1.265
2019/7/2 5:00,7323,8121,149,649,1.116,0.012,225.183,483.954,0,0,20.373,1.361
2019/7/2 6:00,7517,8486,233,736,1.113,0.012,335.873,688.776,0,0,21.746,1.647
2019/7/2 7:00,7459,8596,341,796,1.112,0.011,406.188,872.713,0,0,22.353,1.876
2019/7/2 8:00,7543,8735,414,778,1.112,0.011,466.087,1023.262,0,0,22.658,2.002
2019/7/2 9:00,7882,8807,465,460,1.112,0.011,546.808,1130.205,0,0,23.042,2.014
2019/7/2 10:00,7588,8590,523,479,1.11,0.011,641.267,1186.177,0,0,23.766,1.996
2019/7/2 11:00,7451,8511,549,511,1.107,0.011,655.458,1187.299,0,0,24.373,2.013
2019/7/2 12:00,7355,8356,527,474,1.105,0.011,605.435,1133.643,0,0,24.654,2.022
2019/7/2 13:00,7516,8292,471,305,1.104,0.011,544.157,1028.745,0,0,24.729,1.971
2019/7/2 14:00,7745,8273,382,146,1.103,0.011,441.796,879.716,0,0,24.452,1.875
2019/7/2 15:00,7797,8221,294,130,1.104,0.011,314.877,696.886,0,0,23.859,1.698
2019/7/2 16:00,7727,8083,224,132,1.105,0.011,193.252,492.536,0,0,23.011,1.414
2019/7/2 17:00,7428,7657,142,87,1.107,0.012,87.742,280.651,0,0,21.729,0.879
2019/7/2 18:00,7218,7341,66,57,1.109,0.012,18.055,77.985,0,0,19.958,0.625
2019/7/2 19:00,7027,7092,15,50,1.112,0.011,0.033,0.215,0,0,19.061,0.632
2019/7/2 20:00,6798,6839,0,41,1.115,0.011,0,0,0,0,18.521,0.592
2019/7/2 21:00,6190,6238,0,48,1.118,0.011,0,0,0,0,17.898,0.635
2019/7/2 22:00,5685,5896,0,211,1.12,0.01,0,0,0,0,17.157,0.702
2019/7/2 23:00,5148,5565,0,417,1.124,0.01,0,0,0,0,16.469,0.849
2019/7/3 0:00,4804,5427,0,623,1.127,0.01,0,0,0,0,15.777,0.984
2019/7/3 1:00,4532,5292,0,760,1.131,0.009,0,0,0,0,15.001,1.046
2019/7/3 2:00,4693,5386,0,693,1.135,0.009,0.001,0.005,0,0,14.247,1.078
2019/7/3 3:00,5166,5890,42,682,1.138,0.009,26.935,70.986,0,0,13.993,1.224
2019/7/3 4:00,6173,6934,108,653,1.139,0.009,137.497,271.055,0,0,15.083,1.545
2019/7/3 5:00,7067,7773,192,514,1.135,0.009,279.067,482.86,0,0,16.971,1.797
2019/7/3 6:00,7363,8087,314,410,1.13,0.008,410.7,687.823,0,0,18.763,1.79
2019/7/3 7:00,7305,8119,501,313,1.126,0.008,540.727,871.854,0,0,20.203,1.653
2019/7/3 8:00,7178,8194,627,389,1.122,0.008,659.936,1022.458,0,0,21.501,1.532
2019/7/3 9:00,7262,8298,702,334,1.119,0.008,740.24,1129.389,0,0,22.54,1.43
2019/7/3 10:00,7065,8104,774,265,1.116,0.008,789.897,1185.477,0,0,23.347,1.378
2019/7/3 11:00,7059,8093,786,248,1.113,0.009,771.887,1186.54,0,0,23.867,1.395
2019/7/3 12:00,7052,8053,728,273,1.111,0.009,699.186,1132.853,0,0,24.032,1.43
2019/7/3 13:00,7084,8018,636,298,1.11,0.009,594.654,1027.87,0,0,23.93,1.446
2019/7/3 14:00,7276,8071,495,300,1.11,0.009,454.845,878.86,0,0,23.544,1.425
2019/7/3 15:00,7425,8074,361,288,1.11,0.009,318.823,695.902,0,0,23.014,1.365
2019/7/3 16:00,7434,7967,268,265,1.111,0.009,184.894,491.412,0,0,22.222,1.247
2019/7/3 17:00,7124,7522,168,230,1.114,0.01,80.702,279.42,0,0,20.882,0.971
2019/7/3 18:00,6937,7217,76,204,1.117,0.01,16.983,76.823,0,0,18.93,0.734
2019/7/3 19:00,6776,7051,17,258,1.121,0.009,0.032,0.194,0,0,17.634,0.843
2019/7/3 20:00,6513,6839,0,326,1.125,0.009,0,0,0,0,16.882,0.873
2019/7/3 21:00,5879,6300,0,421,1.129,0.009,0,0,0,0,16.167,0.831
2019/7/3 22:00,5527,5907,0,380,1.132,0.009,0,0,0,0,15.447,0.791
2019/7/3 23:00,5123,5520,0,397,1.134,0.008,0,0,0,0,14.678,0.762
2019/7/4 0:00,5055,5407,0,352,1.137,0.008,0,0,0,0,13.983,0.754
2019/7/4 1:00,4884,5276,0,392,1.14,0.008,0,0,0,0,13.298,0.75
2019/7/4 2:00,4877,5377,0,500,1.142,0.008,0.001,0.003,0,0,12.753,0.749
2019/7/4 3:00,5390,5874,38,446,1.145,0.008,22.96,69.829,0,0,12.75,0.844
2019/7/4 4:00,6487,6875,99,289,1.146,0.008,104.977,269.769,0,0,13.831,1.171
2019/7/4 5:00,7338,7679,183,158,1.142,0.008,215.997,481.703,0,0,15.577,1.126
2019/7/4 6:00,7670,8046,305,71,1.136,0.007,360.78,686.772,0,0,17.811,1.207
2019/7/4 7:00,7451,7990,494,45,1.131,0.007,523.588,870.938,0,0,19.559,1.15
2019/7/4 8:00,7408,8079,627,44,1.126,0.007,676.268,1021.666,0,0,21.085,1.067
2019/7/4 9:00,7469,8201,712,20,1.122,0.007,797.447,1128.659,0,0,22.397,0.978
2019/7/4 10:00,7143,7956,797,16,1.118,0.008,883.199,1184.631,0,0,23.479,0.91
2019/7/4 11:00,7073,7938,841,24,1.115,0.008,906.021,1185.803,0,0,24.281,0.886
2019/7/4 12:00,7007,7855,818,30,1.112,0.008,874.321,1132.102,0,0,24.78,0.907
2019/7/4 13:00,7055,7815,740,20,1.11,0.008,787.883,1027.055,0,0,24.933,0.961
2019/7/4 14:00,7279,7886,588,19,1.109,0.008,656.665,877.876,0,0,24.714,0.982
2019/7/4 15:00,7438,7887,436,13,1.108,0.008,497.119,694.823,0,0,24.202,0.945
2019/7/4 16:00,7512,7850,328,10,1.109,0.008,328.146,490.215,0,0,23.443,0.814
2019/7/4 17:00,7294,7516,204,18,1.11,0.009,161.578,278.121,0,0,22.254,0.605
2019/7/4 18:00,7092,7259,90,77,1.113,0.009,32.437,75.576,0,0,19.737,0.615
2019/7/4 19:00,6957,7117,20,140,1.116,0.008,0.04,0.174,0,0,18.113,0.753
2019/7/4 20:00,6697,6866,0,169,1.119,0.008,0,0,0,0,17.167,0.762
2019/7/4 21:00,6049,6265,0,216,1.122,0.008,0,0,0,0,16.315,0.847
2019/7/4 22:00,5590,5878,0,288,1.123,0.008,0,0,0,0,15.6,0.918
2019/7/4 23:00,5238,5514,0,276,1.124,0.009,0,0,0,0,14.956,0.943
2019/7/5 0:00,5176,5428,0,252,1.124,0.009,0,0,0,0,14.432,0.945
2019/7/5 1:00,5114,5297,0,183,1.125,0.009,0,0,0,0,14.013,0.957
2019/7/5 2:00,5274,5408,0,134,1.126,0.008,0,0.001,0,0,13.633,0.994
2019/7/5 3:00,5722,5885,42,121,1.128,0.009,28.075,68.577,0,0,13.805,1.04
2019/7/5 4:00,6623,6881,108,150,1.128,0.009,132.591,268.372,0,0,16.02,1.374
2019/7/5 5:00,7346,7764,201,217,1.125,0.009,233.502,480.449,0,0,18.121,1.37
2019/7/5 6:00,7571,8090,315,204,1.119,0.009,342.234,685.604,0,0,20.17,1.511
2019/7/5 7:00,7466,8191,469,256,1.113,0.009,508.94,869.86,0,0,22.16,1.888
2019/7/5 8:00,7298,8315,584,433,1.109,0.008,645.102,1020.702,0,0,23.604,2.118
2019/7/5 9:00,6808,8346,676,862,1.106,0.008,762.311,1127.761,0,0,24.632,2.157
2019/7/5 10:00,6368,8135,785,982,1.104,0.009,835.685,1183.744,0,0,25.416,2.193
2019/7/5 11:00,6158,7943,820,965,1.101,0.009,841.897,1184.968,0,0,25.935,2.269
2019/7/5 12:00,6041,7827,775,1011,1.099,0.009,801.524,1131.152,0,0,26.199,2.342
2019/7/5 13:00,6299,7824,694,831,1.098,0.009,698.714,1026.08,0,0,26.11,2.376
2019/7/5 14:00,6608,7913,554,751,1.098,0.009,567.703,876.841,0,0,25.703,2.364
2019/7/5 15:00,6769,7882,412,701,1.098,0.01,434.847,693.639,0,0,25.137,2.287
2019/7/5 16:00,6802,7669,307,560,1.099,0.01,297.853,488.938,0,0,24.385,2.079
2019/7/5 17:00,6484,7229,194,551,1.101,0.01,153.761,276.65,0,0,23.095,1.514
2019/7/5 18:00,6234,6891,90,567,1.104,0.011,31.408,74.229,0,0,20.381,0.851
2019/7/5 19:00,5805,6729,20,904,1.107,0.01,0.036,0.154,0,0,18.823,0.844
2019/7/5 20:00,5636,6562,0,926,1.11,0.01,0,0,0,0,18.086,0.869
2019/7/5 21:00,5365,5995,0,630,1.112,0.01,0,0,0,0,17.368,0.932
2019/7/5 22:00,5361,5663,0,302,1.114,0.01,0,0,0,0,16.812,0.963
2019/7/5 23:00,5183,5320,0,137,1.115,0.01,0,0,0,0,16.346,0.94
2019/7/6 0:00,4988,5131,0,143,1.116,0.01,0,0,0,0,15.984,0.906
2019/7/6 1:00,4819,4964,0,145,1.117,0.01,0,0,0,0,15.704,0.894
2019/7/6 2:00,4839,4938,0,99,1.117,0.01,0,0.001,0,0,15.432,0.898
2019/7/6 3:00,4869,5043,42,132,1.119,0.01,24.005,67.246,0,0,15.415,0.839
2019/7/6 4:00,5243,5483,110,130,1.119,0.01,133.489,266.875,0,0,17.287,0.892
2019/7/6 5:00,5794,6077,207,76,1.115,0.01,284.566,479.082,0,0,19.788,1.032
2019/7/6 6:00,6141,6498,328,29,1.107,0.01,462.483,684.372,0,0,22.44,1.224
2019/7/6 7:00,6191,6704,496,17,1.101,0.009,640.548,868.776,0,0,24.582,1.459
2019/7/6 8:00,6165,6853,631,57,1.096,0.009,781.437,1019.693,0,0,26.101,1.631
2019/7/6 9:00,6098,6947,741,108,1.092,0.009,876.074,1126.834,0,0,27.309,1.793
2019/7/6 10:00,5704,6746,870,172,1.088,0.009,926.151,1182.958,0,0,28.285,1.935
2019/7/6 11:00,5373,6580,933,274,1.085,0.009,922.998,1184.057,0,0,28.947,2.077
2019/7/6 12:00,5145,6428,898,385,1.083,0.009,870.235,1130.226,0,0,29.272,2.17
2019/7/6 13:00,5050,6442,807,585,1.082,0.009,768.704,1025.09,0,0,29.239,2.207
2019/7/6 14:00,5069,6527,631,827,1.081,0.009,630.238,875.742,0,0,28.831,2.194
2019/7/6 15:00,5401,6638,454,783,1.081,0.01,464.686,692.389,0,0,28.111,2.092
2019/7/6 16:00,5629,6634,333,672,1.082,0.01,288.433,487.54,0,0,27.061,1.85
2019/7/6 17:00,5582,6339,206,551,1.085,0.011,129.509,275.113,0,0,25.118,1.191
2019/7/6 18:00,5361,6164,90,713,1.088,0.012,22.66,72.799,0,0,22.397,0.881
2019/7/6 19:00,5251,6029,19,759,1.092,0.011,0.019,0.134,0,0,21.05,0.988
2019/7/6 20:00,4788,5914,0,1126,1.095,0.011,0,0,0,0,20.367,1.05
2019/7/6 21:00,4339,5462,0,1123,1.098,0.011,0,0,0,0,19.617,1.096
2019/7/6 22:00,3694,5185,0,1491,1.102,0.011,0,0,0,0,19.071,1.405
2019/7/6 23:00,3518,4892,0,1374,1.105,0.011,0,0,0,0,18.719,1.698
2019/7/7 0:00,3911,4748,0,837,1.108,0.011,0,0,0,0,18.346,1.489
2019/7/7 1:00,3818,4588,0,770,1.109,0.012,0,0,0,0,18.053,1.336
2019/7/7 2:00,3742,4539,0,797,1.11,0.012,0,0,0,0,17.668,1.348
2019/7/7 3:00,3469,4605,35,1101,1.111,0.012,12.615,65.836,0,0,17.476,1.547
2019/7/7 4:00,3243,4863,89,1531,1.112,0.012,75.524,265.265,0,0,18.019,1.756
2019/7/7 5:00,3651,5264,169,1444,1.112,0.012,173.375,477.644,0,0,18.959,1.982
2019/7/7 6:00,3701,5622,265,1656,1.109,0.011,266.408,683.06,0,0,20.177,2.141
2019/7/7 7:00,3965,5868,390,1513,1.107,0.011,326.471,867.572,0,0,21.093,2.144
2019/7/7 8:00,4228,6180,469,1483,1.104,0.01,440.496,1018.624,0,0,22.06,2.208
2019/7/7 9:00,4726,6414,520,1168,1.102,0.01,547.316,1125.833,0,0,22.993,2.236
2019/7/7 10:00,4121,6283,574,1588,1.101,0.01,616.038,1182.012,0,0,23.562,2.271
2019/7/7 11:00,3252,6132,569,2311,1.099,0.01,649.623,1183.115,0,0,23.942,2.338
2019/7/7 12:00,3233,5997,508,2256,1.099,0.01,569.089,1129.23,0,0,23.819,2.359
2019/7/7 13:00,3384,5886,422,2080,1.1,0.01,430.194,1023.973,0,0,23.078,2.296
2019/7/7 14:00,3869,5798,328,1601,1.103,0.01,300.783,874.552,0,0,22.136,2.14
2019/7/7 15:00,4470,5898,250,1178,1.105,0.01,195.601,691.048,0,0,21.069,1.992
2019/7/7 16:00,4879,6049,191,979,1.11,0.011,122.568,486.019,0,0,19.754,1.871
2019/7/7 17:00,4967,5928,121,840,1.114,0.011,70.87,273.451,0,0,18.448,1.576
2019/7/7 18:00,4730,5906,58,1118,1.117,0.011,19.02,71.289,0,0,17.06,1.041
2019/7/7 19:00,5216,5896,14,666,1.12,0.01,0.019,0.116,0,0,15.672,0.833
2019/7/7 20:00,5262,5922,0,660,1.123,0.01,0,0,0,0,14.882,0.682
2019/7/7 21:00,4986,5492,0,506,1.126,0.01,0,0,0,0,14.464,0.568
2019/7/7 22:00,4647,5238,0,591,1.128,0.01,0,0,0,0,14.182,0.562
2019/7/7 23:00,4362,5000,0,638,1.13,0.01,0,0,0,0,13.736,0.655
2019/7/8 0:00,4251,4935,0,684,1.132,0.009,0,0,0,0,13.196,0.769
2019/7/8 1:00,4075,4791,0,716,1.135,0.009,0,0,0,0,12.637,0.862
2019/7/8 2:00,4200,4956,0,756,1.138,0.008,0,0,0,0,12.088,0.88
2019/7/8 3:00,4815,5504,25,664,1.141,0.008,23.115,64.351,0,0,11.873,0.931
2019/7/8 4:00,5938,6566,64,564,1.142,0.008,130.098,263.55,0,0,12.87,1.129
2019/7/8 5:00,7044,7547,125,378,1.138,0.008,273.84,476.071,0,0,14.662,1.256
2019/7/8 6:00,7494,7913,218,201,1.135,0.008,418.131,681.735,0,0,16.188,1.42
2019/7/8 7:00,7410,8002,355,237,1.131,0.008,546.862,866.331,0,0,17.548,1.528
2019/7/8 8:00,7386,8186,432,368,1.128,0.008,636.501,1017.595,0,0,18.73,1.641
2019/7/8 9:00,7422,8288,467,399,1.125,0.008,674.506,1124.779,0,0,19.532,1.752
2019/7/8 10:00,7176,8082,502,404,1.123,0.008,622.847,1181.004,0,0,19.802,1.866
2019/7/8 11:00,7194,8057,460,403,1.122,0.008,550.322,1182.092,0,0,19.738,1.97
2019/7/8 12:00,7303,8074,373,398,1.122,0.008,478.543,1128.225,0,0,19.515,2.036
2019/7/8 13:00,7406,8051,296,349,1.122,0.008,395.806,1022.864,0,0,19.151,2.041
2019/7/8 14:00,7431,7950,231,288,1.123,0.008,306.074,873.287,0,0,18.664,1.978
2019/7/8 15:00,7530,7945,170,245,1.123,0.008,221.736,689.655,0,0,18.187,1.895
2019/7/8 16:00,7488,7810,115,207,1.124,0.008,144.642,484.452,0,0,17.647,1.709
2019/7/8 17:00,7196,7427,65,166,1.126,0.009,82.222,271.685,0,0,16.823,1.226
2019/7/8 18:00,6835,7111,28,248,1.128,0.009,19.052,69.689,0,0,15.166,0.734
2019/7/8 19:00,6478,6813,6,329,1.131,0.009,0.018,0.098,0,0,13.921,0.745
2019/7/8 20:00,6041,6510,0,469,1.134,0.008,0,0,0,0,13.309,0.797
2019/7/8 21:00,5507,6003,0,496,1.137,0.008,0,0,0,0,12.961,0.804
2019/7/8 22:00,5291,5675,0,384,1.138,0.008,0,0,0,0,12.666,0.808
2019/7/8 23:00,5014,5416,0,402,1.14,0.008,0,0,0,0,12.365,0.81
2019/7/9 0:00,4973,5266,0,293,1.14,0.008,0,0,0,0,12.036,0.807
2019/7/9 1:00,4899,5174,0,275,1.141,0.008,0,0,0,0,11.401,0.78
2019/7/9 2:00,5004,5276,0,272,1.143,0.008,0,0,0,0,10.794,0.774
2019/7/9 3:00,5523,5749,30,196,1.145,0.007,23.044,62.788,0,0,10.717,0.76
2019/7/9 4:00,6518,6794,78,198,1.146,0.008,127.549,261.731,0,0,12.332,0.994
2019/7/9 5:00,7342,7677,144,191,1.142,0.007,274.198,474.425,0,0,14.263,0.995
2019/7/9 6:00,7596,7991,238,157,1.137,0.007,400.711,680.253,0,0,15.878,1.058
2019/7/9 7:00,7515,8138,390,233,1.133,0.007,501.034,865.014,0,0,17.175,1.179
2019/7/9 8:00,7592,8295,486,217,1.13,0.007,638.669,1016.314,0,0,18.411,1.345
2019/7/9 9:00,7784,8447,534,129,1.127,0.007,725.106,1123.753,0,0,19.38,1.502
2019/7/9 10:00,7356,8109,583,170,1.124,0.007,763.66,1179.969,0,0,20.027,1.627
2019/7/9 11:00,7136,8036,628,272,1.122,0.007,775.887,1180.977,0,0,20.506,1.773
2019/7/9 12:00,6996,7944,635,313,1.12,0.007,742.432,1127.131,0,0,20.752,1.918
2019/7/9 13:00,6954,7853,594,305,1.119,0.007,659.503,1021.644,0,0,20.693,2.027
2019/7/9 14:00,6951,7757,492,314,1.119,0.007,534.825,871.917,0,0,20.283,2.071
2019/7/9 15:00,7038,7708,388,282,1.12,0.007,399.755,688.104,0,0,19.627,2.043
2019/7/9 16:00,7014,7605,300,291,1.122,0.007,255.254,482.78,0,0,18.726,1.915
2019/7/9 17:00,6704,7289,188,397,1.124,0.007,118.415,269.818,0,0,17.504,1.533
2019/7/9 18:00,6277,7035,87,671,1.128,0.008,21.262,68.027,0,0,15.41,0.852
2019/7/9 19:00,6172,6837,20,645,1.132,0.008,0.015,0.082,0,0,13.885,0.83
2019/7/9 20:00,5991,6515,0,524,1.135,0.007,0,0,0,0,13.089,0.917
2019/7/9 21:00,5628,5994,0,366,1.139,0.007,0,0,0,0,12.265,0.976
2019/7/9 22:00,5299,5704,0,405,1.143,0.007,0,0,0,0,11.508,1.008
2019/7/9 23:00,4831,5389,0,558,1.146,0.007,0,0,0,0,10.784,1.061
2019/7/10 0:00,4592,5275,0,683,1.149,0.006,0,0,0,0,10.047,1.083
2019/7/10 1:00,4417,5152,0,735,1.152,0.006,0,0,0,0,9.406,1.084
2019/7/10 2:00,4496,5262,0,766,1.155,0.006,0,0,0,0,8.769,1.095
2019/7/10 3:00,4769,5743,32,942,1.157,0.006,24.406,61.16,0,0,8.586,1.152
2019/7/10 4:00,5873,6772,85,814,1.157,0.006,146.927,259.828,0,0,10.168,1.443
2019/7/10 5:00,6613,7548,172,763,1.151,0.006,318.969,472.687,0,0,12.344,1.769
2019/7/10 6:00,6899,7840,288,653,1.146,0.006,494.664,678.612,0,0,14.239,1.872
2019/7/10 7:00,6835,7907,464,608,1.142,0.006,650.054,863.654,0,0,15.813,1.977
2019/7/10 8:00,6836,8061,557,668,1.138,0.006,769.636,1015.09,0,0,17.155,2.077
2019/7/10 9:00,6856,8164,592,716,1.134,0.006,864.806,1122.558,0,0,18.277,2.12
2019/7/10 10:00,6340,7935,627,968,1.131,0.006,925.087,1178.727,0,0,19.176,2.144
2019/7/10 11:00,5993,7818,654,1171,1.128,0.006,928.314,1179.923,0,0,19.857,2.183
2019/7/10 12:00,5802,7694,649,1243,1.126,0.006,886.787,1125.881,0,0,20.301,2.209
2019/7/10 13:00,5692,7543,598,1253,1.124,0.006,795.784,1020.377,0,0,20.451,2.202
2019/7/10 14:00,5804,7482,495,1183,1.123,0.006,665.948,870.499,0,0,20.276,2.187
2019/7/10 15:00,5936,7448,388,1124,1.122,0.006,505.481,686.565,0,0,19.838,2.139
2019/7/10 16:00,6235,7483,298,950,1.122,0.006,330.801,480.993,0,0,19.099,2.002
2019/7/10 17:00,6373,7162,187,602,1.124,0.006,160.424,267.85,0,0,17.721,1.416
2019/7/10 18:00,6487,6925,90,348,1.127,0.007,29.185,66.285,0,0,14.597,0.814
2019/7/10 19:00,6496,6757,22,239,1.13,0.007,0.015,0.067,0,0,12.928,0.872
2019/7/10 20:00,6333,6510,0,177,1.134,0.006,0,0,0,0,12.208,0.845
2019/7/10 21:00,5857,5969,0,112,1.137,0.006,0,0,0,0,11.553,0.866
2019/7/10 22:00,5587,5685,0,98,1.138,0.006,0,0,0,0,11.046,0.879
2019/7/10 23:00,5222,5384,0,162,1.14,0.006,0,0,0,0,10.524,0.912
2019/7/11 0:00,5093,5244,0,151,1.141,0.006,0,0,0,0,10.056,0.956
2019/7/11 1:00,4920,5124,0,204,1.142,0.006,0,0,0,0,9.661,1.004
2019/7/11 2:00,4917,5226,0,309,1.143,0.006,0,0,0,0,9.359,1.04
2019/7/11 3:00,5366,5680,37,277,1.144,0.006,23.329,59.472,0,0,9.61,1.088
2019/7/11 4:00,6234,6637,100,303,1.144,0.007,125.615,257.764,0,0,11.841,1.371
2019/7/11 5:00,7143,7532,191,198,1.14,0.007,252.9,470.862,0,0,14.233,1.365
2019/7/11 6:00,7460,7896,310,126,1.132,0.006,386.875,677.023,0,0,16.685,1.296
2019/7/11 7:00,7397,7974,496,81,1.127,0.006,523.385,862.183,0,0,18.397,1.34
2019/7/11 8:00,7287,8118,606,225,1.123,0.006,661.916,1013.725,0,0,19.786,1.469
2019/7/11 9:00,7186,8240,651,403,1.12,0.006,755.565,1121.286,0,0,20.815,1.552
2019/7/11 10:00,6858,8036,683,495,1.117,0.006,782.178,1177.611,0,0,21.478,1.596
2019/7/11 11:00,6783,7928,645,500,1.115,0.007,728.536,1178.82,0,0,21.738,1.625
2019/7/11 12:00,6623,7807,564,620,1.114,0.007,634.27,1124.73,0,0,21.693,1.644
2019/7/11 13:00,6602,7798,474,722,1.114,0.007,527.061,1019.002,0,0,21.431,1.633
2019/7/11 14:00,6655,7761,364,742,1.114,0.007,396.771,869.017,0,0,20.918,1.596
2019/7/11 15:00,6780,7755,263,712,1.115,0.007,264.7,684.858,0,0,20.213,1.544
2019/7/11 16:00,6684,7634,186,764,1.116,0.007,151.06,479.135,0,0,19.347,1.448
2019/7/11 17:00,6512,7281,110,659,1.119,0.008,65.625,265.767,0,0,18.126,1.026
2019/7/11 18:00,6336,6990,48,606,1.121,0.009,11.929,64.483,0,0,16.439,0.73
2019/7/11 19:00,6197,6756,10,549,1.125,0.008,0.009,0.053,0,0,15.449,0.827
2019/7/11 20:00,6086,6475,0,389,1.128,0.008,0,0,0,0,14.854,0.926
2019/7/11 21:00,5695,5991,0,296,1.13,0.008,0,0,0,0,14.34,1.014
2019/7/11 22:00,5350,5706,0,356,1.132,0.008,0,0,0,0,13.942,1.111
2019/7/11 23:00,4908,5363,0,455,1.133,0.008,0,0,0,0,13.636,1.247
2019/7/12 0:00,4600,5242,0,642,1.134,0.008,0,0,0,0,13.331,1.305
2019/7/12 1:00,4330,5136,0,806,1.135,0.009,0,0,0,0,13.047,1.35
2019/7/12 2:00,4209,5250,0,1041,1.136,0.009,0,0,0,0,12.796,1.36
2019/7/12 3:00,4825,5714,14,875,1.137,0.009,8.351,57.721,0,0,12.596,1.349
2019/7/12 4:00,5969,6705,38,698,1.137,0.009,60.173,255.626,0,0,13.156,1.288
2019/7/12 5:00,6889,7651,86,676,1.136,0.01,139.296,468.95,0,0,14.211,1.272
2019/7/12 6:00,7564,8100,151,385,1.133,0.01,232.332,675.306,0,0,15.279,1.285
2019/7/12 7:00,7839,8225,241,145,1.13,0.009,328.001,860.64,0,0,16.288,1.33
2019/7/12 8:00,7920,8360,322,118,1.126,0.009,445.651,1012.287,0,0,17.472,1.349
2019/7/12 9:00,7834,8378,388,156,1.122,0.009,541.361,1120.073,0,0,18.678,1.365
2019/7/12 10:00,7442,8047,478,127,1.119,0.009,576.872,1176.265,0,0,19.661,1.359
2019/7/12 11:00,7187,7847,526,134,1.116,0.009,581.222,1177.441,0,0,20.354,1.401
2019/7/12 12:00,7054,7696,525,117,1.114,0.009,521.847,1123.383,0,0,20.63,1.484
2019/7/12 13:00,7042,7604,494,68,1.113,0.009,438.748,1017.669,0,0,20.606,1.565
2019/7/12 14:00,7114,7597,406,77,1.112,0.009,342.556,867.496,0,0,20.352,1.598
2019/7/12 15:00,7280,7625,306,39,1.113,0.009,234.486,683.123,0,0,19.816,1.516
2019/7/12 16:00,7116,7432,224,92,1.114,0.009,149.545,477.142,0,0,19.045,1.302
2019/7/12 17:00,6728,7019,142,149,1.117,0.01,62.419,263.596,0,0,17.873,0.787
2019/7/12 18:00,6459,6706,68,179,1.119,0.01,9.962,62.611,0,0,16.513,0.605
2019/7/12 19:00,6260,6448,16,172,1.122,0.01,0.004,0.041,0,0,15.531,0.676
2019/7/12 20:00,5974,6211,0,237,1.124,0.01,0,0,0,0,14.871,0.779
2019/7/12 21:00,5489,5733,0,244,1.126,0.01,0,0,0,0,14.402,0.872
2019/7/12 22:00,5312,5459,0,147,1.128,0.01,0,0,0,0,14.018,0.917
2019/7/12 23:00,5072,5116,0,44,1.129,0.01,0,0,0,0,13.64,0.935
2019/7/13 0:00,4925,4964,0,39,1.13,0.01,0,0,0,0,13.29,0.938
2019/7/13 1:00,4720,4793,0,73,1.131,0.009,0,0,0,0,12.982,0.985
2019/7/13 2:00,4682,4811,0,129,1.133,0.009,0,0,0,0,12.697,1.13
2019/7/13 3:00,4260,4976,20,696,1.134,0.009,8.195,55.915,0,0,12.625,1.283
2019/7/13 4:00,4677,5353,52,624,1.135,0.01,44.513,253.417,0,0,13.061,1.428
2019/7/13 5:00,5428,5902,112,362,1.135,0.01,99.138,466.903,0,0,13.564,1.604
2019/7/13 6:00,5623,6411,188,600,1.133,0.01,172.286,673.483,0,0,14.153,1.655
2019/7/13 7:00,5881,6727,300,546,1.132,0.01,268.256,858.991,0,0,14.836,1.754
2019/7/13 8:00,5889,6922,392,641,1.13,0.009,379.107,1010.806,0,0,15.711,2.026
2019/7/13 9:00,5911,7081,456,714,1.128,0.009,454.796,1118.712,0,0,16.517,2.308
2019/7/13 10:00,5588,6884,530,766,1.127,0.009,478.182,1175.087,0,0,17.047,2.47
2019/7/13 11:00,5150,6673,560,963,1.126,0.008,441.732,1176.153,0,0,17.158,2.526
2019/7/13 12:00,4666,6485,536,1283,1.126,0.009,391.968,1121.982,0,0,17.021,2.573
2019/7/13 13:00,4730,6359,484,1145,1.127,0.009,332.628,1016.183,0,0,16.745,2.529
2019/7/13 14:00,4569,6341,390,1382,1.128,0.009,259.098,865.791,0,0,16.437,2.326
2019/7/13 15:00,4556,6374,296,1522,1.128,0.009,194.817,681.33,0,0,16.147,2.07
2019/7/13 16:00,4798,6342,217,1327,1.128,0.009,129.673,475.121,0,0,15.722,1.834
2019/7/13 17:00,4465,5988,134,1389,1.13,0.009,67.903,261.301,0,0,15.033,1.701
2019/7/13 18:00,4502,5852,64,1286,1.132,0.009,13.358,60.693,0,0,13.999,1.686
2019/7/13 19:00,4054,5695,16,1625,1.135,0.009,0.004,0.031,0,0,13.238,1.783
2019/7/13 20:00,3969,5632,0,1663,1.137,0.009,0,0,0,0,12.816,1.892
2019/7/13 21:00,3483,5192,0,1709,1.138,0.009,0,0,0,0,12.582,1.94
2019/7/13 22:00,3192,4944,0,1752,1.139,0.009,0,0,0,0,12.387,1.902
2019/7/13 23:00,2996,4628,0,1632,1.139,0.009,0,0,0,0,12.146,1.824
2019/7/14 0:00,2932,4535,0,1603,1.14,0.009,0,0,0,0,11.863,1.726
2019/7/14 1:00,2692,4360,0,1668,1.141,0.009,0,0,0,0,11.57,1.65
2019/7/14 2:00,2709,4354,0,1645,1.142,0.009,0,0,0,0,11.297,1.594
2019/7/14 3:00,2805,4384,27,1552,1.143,0.008,15.88,54.06,0,0,11.183,1.576
2019/7/14 4:00,3104,4584,70,1410,1.143,0.009,105.807,251.065,0,0,12.155,1.786
2019/7/14 5:00,3660,5043,145,1238,1.14,0.009,237.976,464.813,0,0,13.636,2.016
2019/7/14 6:00,4282,5384,245,857,1.135,0.009,394.916,671.565,0,0,15.394,2.199
2019/7/14 7:00,4581,5675,384,710,1.13,0.009,545.69,857.288,0,0,16.923,2.215
2019/7/14 8:00,4709,5919,474,736,1.126,0.009,661.918,1009.291,0,0,18.311,2.182
2019/7/14 9:00,4783,6123,535,805,1.123,0.008,743.933,1117.254,0,0,19.461,2.155
2019/7/14 10:00,4614,5925,609,702,1.12,0.008,747.883,1173.692,0,0,20.193,2.148
2019/7/14 11:00,4469,5778,629,680,1.118,0.008,719.904,1174.91,0,0,20.599,2.16
2019/7/14 12:00,4332,5689,592,765,1.117,0.008,660.722,1120.525,0,0,20.723,2.168
2019/7/14 13:00,4149,5651,524,978,1.116,0.008,566.686,1014.603,0,0,20.553,2.162
2019/7/14 14:00,4468,5671,428,775,1.117,0.008,447.466,864.122,0,0,20.085,2.119
2019/7/14 15:00,4411,5742,337,994,1.118,0.008,320.504,679.406,0,0,19.445,2.052
2019/7/14 16:00,4905,5913,254,754,1.119,0.008,195.803,472.957,0,0,18.605,1.886
2019/7/14 17:00,4809,5798,156,833,1.122,0.009,97.212,258.917,0,0,17.392,1.348
2019/7/14 18:00,4884,5769,73,812,1.125,0.009,15.962,58.709,0,0,15.24,0.82
2019/7/14 19:00,4843,5747,17,887,1.129,0.009,0.003,0.022,0,0,13.895,0.855
2019/7/14 20:00,4890,5786,0,896,1.133,0.008,0,0,0,0,13.11,0.863
2019/7/14 21:00,4609,5376,0,767,1.136,0.008,0,0,0.001,0.001,12.428,0.86
2019/7/14 22:00,4396,5104,0,708,1.138,0.008,0,0,0.003,0.004,11.975,0.877
2019/7/14 23:00,4200,4860,0,660,1.139,0.008,0,0,0.007,0.004,11.592,0.887
2019/7/15 0:00,4258,4811,0,553,1.141,0.008,0,0,0.01,0.005,11.212,0.909
2019/7/15 1:00,4202,4724,0,522,1.142,0.008,0,0,0.014,0.005,10.777,0.951
2019/7/15 2:00,4291,4851,0,560,1.144,0.008,0,0,0.018,0.003,10.415,1.032
2019/7/15 3:00,4681,5350,34,635,1.145,0.008,17.469,52.163,0.019,0.001,10.344,1.144
2019/7/15 4:00,5760,6403,90,553,1.146,0.008,115.828,248.631,0.02,0,11.756,1.51
2019/7/15 5:00,6694,7300,174,432,1.141,0.008,262.382,462.598,0.02,0,13.772,1.609
2019/7/15 6:00,7023,7647,284,340,1.134,0.008,425.673,669.647,0.019,0,15.96,1.735
2019/7/15 7:00,6946,7717,448,323,1.13,0.008,570.396,855.506,0.018,0,17.542,1.75
2019/7/15 8:00,6899,7797,558,340,1.126,0.008,693.72,1007.732,0.015,0,18.868,1.806
2019/7/15 9:00,7010,7951,619,322,1.123,0.008,767.861,1115.752,0.013,0,19.9,1.838
2019/7/15 10:00,6789,7770,674,307,1.12,0.008,812.994,1172.247,0.01,0,20.707,1.831
2019/7/15 11:00,6710,7760,695,355,1.118,0.008,816.908,1173.437,0.008,0,21.292,1.815
2019/7/15 12:00,6579,7677,670,428,1.116,0.008,769.742,1119.03,0.006,0,21.568,1.817
2019/7/15 13:00,6591,7592,602,399,1.115,0.008,683.684,1013.04,0.005,0,21.554,1.824
2019/7/15 14:00,6527,7486,481,478,1.114,0.008,567.651,862.358,0.004,0,21.268,1.83
2019/7/15 15:00,6600,7449,360,489,1.115,0.008,422.617,677.397,0.003,0,20.742,1.794
2019/7/15 16:00,6804,7437,268,365,1.115,0.008,250.992,470.73,0.003,0,19.917,1.662
2019/7/15 17:00,6591,7105,166,348,1.117,0.008,114.809,256.434,0.003,0,18.564,1.138
2019/7/15 18:00,6447,6866,74,345,1.12,0.009,19.082,56.697,0.003,0,16.012,0.779
2019/7/15 19:00,6273,6696,18,405,1.123,0.008,0.003,0.015,0.002,0,14.806,0.881
2019/7/15 20:00,5919,6410,0,491,1.125,0.008,0,0,0.002,0,14.319,0.869
2019/7/15 21:00,5459,5852,0,393,1.128,0.008,0,0,0.002,0,13.799,0.849
2019/7/15 22:00,5275,5508,0,233,1.129,0.008,0,0,0.002,0,13.221,0.868
2019/7/15 23:00,4990,5223,0,233,1.131,0.008,0,0,0.002,0,12.611,0.93
2019/7/16 0:00,4808,5111,0,303,1.133,0.008,0,0,0.002,0,12.011,0.97
2019/7/16 1:00,4708,5012,0,304,1.134,0.008,0,0,0.002,0,11.499,0.991
2019/7/16 2:00,4777,5116,0,339,1.136,0.008,0,0,0.002,0,11.03,0.995
2019/7/16 3:00,5215,5554,34,305,1.138,0.008,18.568,50.228,0.002,0,10.898,0.971
2019/7/16 4:00,6077,6503,92,334,1.14,0.008,131.673,246.067,0.002,0,13.02,1.197
2019/7/16 5:00,6907,7364,178,279,1.135,0.008,293.804,460.308,0.002,0,15.448,1.247
2019/7/16 6:00,7302,7715,290,123,1.128,0.008,471.635,667.531,0.002,0,17.934,1.321
2019/7/16 7:00,7225,7767,456,86,1.123,0.008,630.274,853.683,0.001,0,19.695,1.453
2019/7/16 8:00,7221,7852,562,69,1.118,0.008,762.413,1006.047,0.001,0,21.099,1.615
2019/7/16 9:00,7234,7974,621,119,1.115,0.008,854.557,1114.251,0.001,0,22.169,1.781
2019/7/16 10:00,6889,7812,677,246,1.112,0.008,904.202,1170.753,0,0,22.965,1.936
2019/7/16 11:00,6627,7737,696,414,1.11,0.008,893.148,1171.961,0,0,23.478,2.072
2019/7/16 12:00,6472,7631,660,499,1.108,0.008,844.012,1117.51,0,0,23.753,2.191
2019/7/16 13:00,6151,7577,590,836,1.106,0.008,752.918,1011.335,0,0,23.755,2.272
2019/7/16 14:00,5842,7527,470,1215,1.106,0.008,624.825,860.521,0,0,23.467,2.306
2019/7/16 15:00,5958,7432,352,1122,1.106,0.008,459.639,675.293,0,0,22.901,2.267
2019/7/16 16:00,5867,7454,257,1330,1.107,0.008,284.717,468.402,0,0,22.028,2.097
2019/7/16 17:00,5819,7163,156,1188,1.109,0.009,136.613,253.841,0,0,20.482,1.486
2019/7/16 18:00,5842,6914,71,1001,1.113,0.009,22.15,54.628,0,0,17.58,0.922
2019/7/16 19:00,6082,6750,16,652,1.117,0.008,0.002,0.01,0,0,15.881,0.916
2019/7/16 20:00,5954,6466,0,512,1.122,0.008,0,0,0,0,15.006,0.898
2019/7/16 21:00,5465,5879,0,414,1.125,0.008,0,0,0,0,14.179,0.93
2019/7/16 22:00,5152,5571,0,419,1.127,0.008,0,0,0,0,13.489,0.916
2019/7/16 23:00,4772,5239,0,467,1.129,0.008,0,0,0,0,12.937,0.899
2019/7/17 0:00,4659,5101,0,442,1.131,0.008,0,0,0,0,12.487,0.901
2019/7/17 1:00,4483,5000,0,517,1.132,0.008,0,0,0,0,12.118,0.912
2019/7/17 2:00,4638,5091,0,453,1.133,0.008,0,0,0,0,11.806,0.917
2019/7/17 3:00,5152,5554,33,369,1.134,0.008,18.596,48.262,0,0,11.684,0.887
2019/7/17 4:00,6146,6559,90,323,1.136,0.008,130.773,243.413,0,0,13.561,0.972
2019/7/17 5:00,6911,7407,184,312,1.132,0.008,287.568,457.918,0,0,16.188,0.926
2019/7/17 6:00,7221,7741,306,214,1.125,0.008,455.346,665.396,0,0,18.433,1.031
2019/7/17 7:00,7118,7784,494,172,1.119,0.008,611.469,851.756,0,0,20.302,1.221
2019/7/17 8:00,7103,7890,627,160,1.115,0.008,739.922,1004.315,0,0,21.816,1.395
2019/7/17 9:00,7048,7969,712,209,1.11,0.008,829.003,1112.599,0,0,23.05,1.499
2019/7/17 10:00,6686,7761,797,278,1.106,0.008,865.675,1169.23,0,0,24.007,1.566
2019/7/17 11:00,6509,7722,832,381,1.103,0.009,859.406,1170.461,0,0,24.683,1.597
2019/7/17 12:00,6459,7689,796,434,1.101,0.009,788.845,1115.974,0,0,24.962,1.595
2019/7/17 13:00,6644,7651,712,295,1.1,0.009,638.759,1009.59,0,0,24.747,1.555
2019/7/17 14:00,6846,7622,552,224,1.1,0.009,459.819,858.579,0,0,24.113,1.475
2019/7/17 15:00,7133,7674,400,141,1.101,0.009,284.063,673.131,0,0,23.261,1.314
2019/7/17 16:00,7270,7631,287,74,1.102,0.01,155.566,465.954,0,0,22.321,1.04
2019/7/17 17:00,7075,7346,170,101,1.104,0.011,67.524,251.15,0,0,20.933,0.595
2019/7/17 18:00,6803,7053,73,177,1.106,0.01,11.166,52.528,0,0,19.39,0.539
2019/7/17 19:00,6678,6844,16,150,1.109,0.01,0.001,0.006,0,0,18.382,0.639
2019/7/17 20:00,6496,6593,0,97,1.112,0.01,0,0,0,0,17.477,0.668
2019/7/17 21:00,5978,6062,0,84,1.115,0.009,0,0,0,0,16.658,0.632
2019/7/17 22:00,5548,5760,0,212,1.118,0.009,0,0,0,0,16.174,0.614
2019/7/17 23:00,5100,5387,0,287,1.12,0.009,0,0,0,0,15.703,0.635
2019/7/18 0:00,4755,5250,0,495,1.121,0.009,0,0,0,0,15.138,0.661
2019/7/18 1:00,4577,5103,0,526,1.123,0.009,0,0,0,0,14.6,0.685
2019/7/18 2:00,4824,5251,0,427,1.124,0.009,0,0,0,0,14.097,0.682
2019/7/18 3:00,5342,5686,30,314,1.126,0.009,14.783,46.264,0,0,13.713,0.637
2019/7/18 4:00,6427,6683,82,174,1.128,0.009,113.705,240.696,0,0,14.837,0.588
2019/7/18 5:00,7312,7515,170,33,1.126,0.01,259.268,455.41,0,0,16.685,0.566
2019/7/18 6:00,7631,7927,285,11,1.119,0.009,413.225,663.159,0,0,19.14,0.624
2019/7/18 7:00,7485,7945,452,8,1.114,0.009,560.369,849.762,0,0,21.022,0.744
2019/7/18 8:00,7498,8076,570,8,1.111,0.009,682.771,1002.511,0,0,22.278,0.875
2019/7/18 9:00,7519,8173,646,8,1.108,0.008,770.752,1110.91,0,0,23.208,0.929
2019/7/18 10:00,7265,7996,725,6,1.106,0.008,795.46,1167.703,0,0,23.832,0.979
2019/7/18 11:00,7192,7935,732,11,1.104,0.008,767.305,1168.757,0,0,24.13,1.032
2019/7/18 12:00,7171,7862,676,15,1.103,0.009,720.951,1114.298,0,0,24.258,1.077
2019/7/18 13:00,7182,7804,592,30,1.102,0.009,621.112,1007.754,0,0,24.123,1.113
2019/7/18 14:00,7150,7709,473,86,1.102,0.009,496.484,856.585,0,0,23.73,1.106
2019/7/18 15:00,7164,7704,356,184,1.103,0.009,362.949,670.905,0,0,23.187,0.999
2019/7/18 16:00,7387,7669,260,22,1.104,0.009,218.23,463.465,0,0,22.473,0.76
2019/7/18 17:00,7123,7299,157,19,1.106,0.01,98.459,248.353,0,0,21.271,0.442
2019/7/18 18:00,6964,7058,69,25,1.108,0.01,14.168,50.402,0,0,19.739,0.478
2019/7/18 19:00,6736,6845,15,94,1.111,0.009,0,0.003,0,0,18.184,0.71
2019/7/18 20:00,6480,6572,0,92,1.114,0.009,0,0,0,0,16.881,0.757
2019/7/18 21:00,6007,6061,0,54,1.116,0.009,0,0,0,0,16.029,0.793
2019/7/18 22:00,5693,5742,0,49,1.118,0.009,0,0,0,0,15.44,0.838
2019/7/18 23:00,5396,5429,0,33,1.12,0.009,0,0,0,0,14.989,0.877
2019/7/19 0:00,5261,5294,0,33,1.121,0.009,0,0,0,0,14.626,0.894
2019/7/19 1:00,5112,5175,0,63,1.122,0.009,0,0,0,0,14.267,0.888
2019/7/19 2:00,5188,5263,0,75,1.124,0.009,0,0,0,0,13.905,0.907
2019/7/19 3:00,5547,5713,31,135,1.125,0.008,14.133,44.245,0,0,13.803,0.882
2019/7/19 4:00,6383,6602,85,134,1.126,0.009,101.597,237.827,0,0,15.515,0.927
2019/7/19 5:00,7172,7464,177,115,1.125,0.009,238.043,452.85,0,0,17.729,1.011
2019/7/19 6:00,7486,7843,290,67,1.117,0.009,403.691,660.864,0,0,20.616,0.855
2019/7/19 7:00,7449,7935,437,49,1.11,0.008,552.123,847.702,0,0,23.135,0.797
2019/7/19 8:00,7534,8110,533,43,1.106,0.008,661.675,1000.668,0,0,24.543,0.833
2019/7/19 9:00,7488,8158,597,73,1.103,0.008,728.773,1109.161,0,0,25.401,0.914
2019/7/19 10:00,7096,7846,667,83,1.101,0.008,743.051,1166.026,0,0,25.935,1.016
2019/7/19 11:00,6900,7709,711,98,1.099,0.009,690.278,1167.11,0,0,26.09,1.104
2019/7/19 12:00,6585,7610,700,325,1.098,0.009,609.058,1112.531,0,0,26.038,1.148
2019/7/19 13:00,6551,7507,641,315,1.098,0.009,504.551,1005.92,0,0,25.81,1.151
2019/7/19 14:00,6762,7439,510,167,1.098,0.009,396.71,854.484,0,0,25.446,1.127
2019/7/19 15:00,6999,7497,378,120,1.099,0.009,292.547,668.579,0,0,25.024,1.043
2019/7/19 16:00,7034,7427,277,116,1.1,0.01,185.652,460.872,0,0,24.378,0.862
2019/7/19 17:00,6728,7033,166,139,1.102,0.011,79.696,245.462,0,0,22.693,0.49
2019/7/19 18:00,6478,6743,73,192,1.104,0.011,11.202,48.243,0,0,20.874,0.576
2019/7/19 19:00,6379,6559,16,164,1.107,0.01,0,0.001,0,0,19.786,0.681
2019/7/19 20:00,6233,6329,0,96,1.11,0.01,0,0,0,0,18.849,0.706
2019/7/19 21:00,5760,5846,0,86,1.112,0.01,0,0,0,0,18.118,0.727
2019/7/19 22:00,5514,5556,0,42,1.115,0.01,0,0,0,0,17.516,0.748
2019/7/19 23:00,5183,5218,0,35,1.117,0.01,0,0,0,0,16.95,0.745
2019/7/20 0:00,5029,5086,0,57,1.118,0.01,0,0,0,0,16.436,0.738
2019/7/20 1:00,4816,4915,0,99,1.12,0.009,0,0,0,0,15.961,0.743
2019/7/20 2:00,4780,4916,0,136,1.121,0.009,0,0,0,0,15.554,0.733
2019/7/20 3:00,4937,5088,32,119,1.123,0.009,13.045,42.21,0,0,15.229,0.671
2019/7/20 4:00,5214,5420,88,118,1.124,0.01,109.473,234.864,0,0,16.685,0.613
2019/7/20 5:00,5780,6031,186,65,1.123,0.01,264.733,450.196,0,0,18.645,0.579
2019/7/20 6:00,6076,6433,321,36,1.114,0.01,441.03,658.442,0,0,21.411,0.581
2019/7/20 7:00,6084,6623,514,25,1.106,0.01,601.876,845.608,0,0,24.088,0.887
2019/7/20 8:00,6064,6738,653,21,1.1,0.01,722.093,998.714,0,0,26.016,1.098
2019/7/20 9:00,6029,6798,744,25,1.095,0.01,801.993,1107.393,0,0,27.362,1.253
2019/7/20 10:00,5674,6582,837,71,1.092,0.01,837.141,1164.257,0,0,28.284,1.36
2019/7/20 11:00,5438,6428,875,115,1.089,0.01,797.088,1165.457,0,0,28.733,1.396
2019/7/20 12:00,5360,6354,836,158,1.088,0.01,691.991,1110.697,0,0,28.781,1.352
2019/7/20 13:00,5443,6376,747,186,1.087,0.011,546.484,1003.945,0,0,28.61,1.244
2019/7/20 14:00,5699,6506,588,219,1.087,0.011,406.114,852.292,0,0,28.362,1.125
2019/7/20 15:00,5853,6638,432,353,1.087,0.011,275.115,666.163,0,0,27.945,1.018
2019/7/20 16:00,5789,6580,310,481,1.088,0.011,161.634,458.167,0,0,26.872,0.879
2019/7/20 17:00,5518,6255,180,557,1.09,0.013,72.457,242.481,0,0,25.072,0.565
2019/7/20 18:00,5351,6138,73,714,1.093,0.012,9.271,46.073,0,0,23.041,0.777
2019/7/20 19:00,5055,6006,14,937,1.097,0.012,0,0,0,0,21.394,0.953
2019/7/20 20:00,4859,5854,0,995,1.101,0.012,0,0,0,0,20.226,1.038
2019/7/20 21:00,4473,5439,0,966,1.104,0.012,0,0,0,0,19.621,1.024
2019/7/20 22:00,4544,5176,0,632,1.106,0.012,0,0,0,0,19.334,0.953
2019/7/20 23:00,4455,4844,0,389,1.108,0.012,0,0,0,0,19.063,0.894
2019/7/21 0:00,4471,4753,0,282,1.109,0.011,0,0,0,0,18.762,0.839
2019/7/21 1:00,4349,4591,0,242,1.11,0.011,0,0,0,0,18.492,0.804
2019/7/21 2:00,4355,4553,0,198,1.111,0.011,0,0,0,0,18.201,0.816
2019/7/21 3:00,4432,4583,30,121,1.113,0.011,6.791,40.162,0,0,18,0.85
2019/7/21 4:00,4550,4735,81,104,1.115,0.012,45.011,231.829,0,0,18.648,0.993
2019/7/21 5:00,4920,5171,173,78,1.116,0.012,120.485,447.439,0,0,19.807,1.283
2019/7/21 6:00,5194,5540,285,61,1.114,0.012,189.769,655.961,0,0,20.968,1.473
2019/7/21 7:00,5336,5824,434,54,1.112,0.012,231.932,843.375,0,0,21.901,1.669
2019/7/21 8:00,5422,6117,508,187,1.11,0.012,279.129,996.687,0,0,22.77,1.813
2019/7/21 9:00,4907,6422,527,988,1.11,0.012,303.557,1105.566,0,0,23.264,2.006
2019/7/21 10:00,3750,6345,542,2053,1.111,0.012,315.607,1162.524,0,0,23.146,2.234
2019/7/21 11:00,3426,6090,555,2109,1.112,0.012,316.982,1163.633,0,0,22.835,2.39
2019/7/21 12:00,3519,5787,564,1704,1.114,0.012,337.78,1108.898,0,0,22.457,2.285
2019/7/21 13:00,3988,5646,542,1116,1.114,0.012,353.554,1001.96,0,0,22.515,1.983
2019/7/21 14:00,4342,5720,448,930,1.113,0.012,366.984,850.06,0,0,22.893,1.773
2019/7/21 15:00,4690,5916,340,886,1.111,0.012,322.717,663.695,0,0,23.138,1.635
2019/7/21 16:00,5300,6054,250,504,1.11,0.012,229.119,455.364,0,0,23.035,1.447
2019/7/21 17:00,5446,5956,148,362,1.111,0.012,98.496,239.381,0,0,22.005,0.89
2019/7/21 18:00,5488,5947,63,396,1.113,0.012,11.897,43.895,0,0,19.923,0.639
2019/7/21 19:00,5357,5948,12,579,1.116,0.012,0,0,0,0,19.036,0.704
2019/7/21 20:00,5355,5936,0,581,1.118,0.012,0,0,0,0,18.469,0.775
2019/7/21 21:00,4977,5472,0,495,1.121,0.011,0,0,0,0,17.981,0.873
2019/7/21 22:00,4676,5262,0,586,1.122,0.011,0,0,0,0,17.545,0.959
2019/7/21 23:00,4382,4995,0,613,1.124,0.011,0,0,0,0,17.197,1.026
2019/7/22 0:00,4442,4917,0,475,1.125,0.011,0,0,0,0,16.883,1.05
2019/7/22 1:00,4365,4816,0,451,1.126,0.011,0,0,0,0,16.585,1.098
2019/7/22 2:00,4567,4948,0,381,1.128,0.011,0,0,0,0,16.216,1.097
2019/7/22 3:00,5222,5490,30,238,1.13,0.011,10.649,38.109,0,0,15.934,1.076
2019/7/22 4:00,6144,6519,82,293,1.131,0.011,104.123,228.68,0,0,17.179,1.196
2019/7/22 5:00,7099,7424,178,147,1.127,0.012,256.509,444.574,0,0,19.414,1.146
2019/7/22 6:00,7491,7846,301,54,1.121,0.011,391.072,653.438,0,0,21.717,1.022
2019/7/22 7:00,7440,7924,473,11,1.116,0.01,504.442,841.087,0,0,23.347,0.985
2019/7/22 8:00,7496,8094,589,9,1.113,0.01,615.546,994.607,0,0,24.55,1.07
2019/7/22 9:00,7562,8232,659,11,1.11,0.01,749.69,1103.656,0,0,25.668,1.163
2019/7/22 10:00,7306,8053,728,19,1.107,0.01,860.412,1160.645,0,0,26.69,1.237
2019/7/22 11:00,7158,8001,775,68,1.104,0.01,865.966,1161.724,0,0,27.329,1.348
2019/7/22 12:00,7045,7947,769,133,1.102,0.01,781.148,1106.983,0,0,27.546,1.457
2019/7/22 13:00,6954,7817,706,157,1.101,0.01,548.629,999.846,0,0,27.029,1.486
2019/7/22 14:00,7047,7748,556,145,1.102,0.01,378.72,847.803,0,0,26.343,1.504
2019/7/22 15:00,7221,7751,405,125,1.102,0.01,295.771,661.052,0,0,25.931,1.496
2019/7/22 16:00,7291,7708,291,126,1.103,0.01,176.763,452.486,0,0,25.084,1.281
2019/7/22 17:00,7164,7422,170,88,1.105,0.011,78.866,236.209,0,0,23.322,0.667
2019/7/22 18:00,6975,7160,70,115,1.107,0.011,11.428,41.703,0,0,21.274,0.674
2019/7/22 19:00,6704,6971,14,253,1.11,0.011,0,0,0,0,20.305,0.8
2019/7/22 20:00,6346,6676,0,330,1.113,0.01,0,0,0,0,19.559,0.851
2019/7/22 21:00,5911,6084,0,173,1.115,0.01,0,0,0,0,18.923,0.971
2019/7/22 22:00,5608,5737,0,129,1.116,0.01,0,0,0,0,18.579,1.058
2019/7/22 23:00,5265,5414,0,149,1.117,0.01,0,0,0,0,18.259,1.08
2019/7/23 0:00,5034,5287,0,253,1.117,0.01,0,0,0,0,17.853,1.072
2019/7/23 1:00,4745,5135,0,390,1.118,0.01,0,0,0,0,17.537,1.106
2019/7/23 2:00,4910,5287,0,377,1.119,0.01,0,0,0,0,17.154,1.127
2019/7/23 3:00,5277,5767,28,462,1.122,0.01,12.449,36.059,0,0,16.807,1.18
2019/7/23 4:00,6253,6780,78,449,1.124,0.01,118.518,225.446,0,0,18.256,1.403
2019/7/23 5:00,7158,7625,171,296,1.121,0.01,281.244,441.647,0,0,20.614,1.462
2019/7/23 6:00,7410,7964,299,255,1.115,0.01,454.303,650.83,0,0,23.134,1.652
2019/7/23 7:00,7236,8032,479,317,1.11,0.009,615.226,838.679,0,0,24.777,1.795
2019/7/23 8:00,6986,8164,616,562,1.107,0.009,748.843,992.466,0,0,26.015,1.882
2019/7/23 9:00,6862,8239,716,661,1.103,0.009,844.882,1101.667,0,0,27.124,1.882
2019/7/23 10:00,6579,8044,821,644,1.099,0.01,894.838,1158.74,0,0,28.064,1.867
2019/7/23 11:00,6509,8024,850,665,1.096,0.01,895.785,1159.847,0,0,28.79,1.864
2019/7/23 12:00,6446,7952,792,714,1.093,0.01,848.859,1104.991,0,0,29.227,1.872
2019/7/23 13:00,6433,7871,696,742,1.091,0.01,753.585,997.668,0,0,29.348,1.861
2019/7/23 14:00,6540,7814,552,722,1.09,0.01,622.171,845.392,0,0,29.156,1.815
2019/7/23 15:00,6794,7881,411,676,1.09,0.01,463.909,658.478,0,0,28.772,1.723
2019/7/23 16:00,7095,7897,300,502,1.09,0.01,293.307,449.545,0,0,28.257,1.518
2019/7/23 17:00,7097,7576,177,302,1.091,0.012,128.497,232.927,0,0,26.239,0.866
2019/7/23 18:00,7000,7282,72,210,1.094,0.011,15.313,39.51,0,0,23.561,0.747
2019/7/23 19:00,6854,7067,14,199,1.097,0.01,0,0,0,0,22.566,0.783
2019/7/23 20:00,6497,6792,0,295,1.101,0.01,0,0,0,0,21.739,0.779
2019/7/23 21:00,5844,6237,0,393,1.104,0.01,0,0,0,0,20.772,0.783
2019/7/23 22:00,5308,5872,0,564,1.107,0.01,0,0,0,0,19.96,0.796
2019/7/23 23:00,5089,5556,0,467,1.109,0.01,0,0,0,0,19.238,0.808
2019/7/24 0:00,5164,5397,0,233,1.111,0.01,0,0,0,0,18.654,0.83
2019/7/24 1:00,5170,5249,0,79,1.113,0.01,0,0,0,0,18.107,0.853
2019/7/24 2:00,5292,5338,0,46,1.115,0.01,0,0,0,0,17.68,0.859
2019/7/24 3:00,5753,5804,31,20,1.117,0.01,12.644,34.015,0,0,17.364,0.813
2019/7/24 4:00,6637,6738,88,13,1.118,0.011,122.422,222.105,0,0,18.576,0.66
2019/7/24 5:00,7366,7590,193,31,1.115,0.011,287.39,438.635,0,0,21.206,0.619
2019/7/24 6:00,7625,7977,332,20,1.107,0.011,460.747,648.115,0,0,24.029,0.788
2019/7/24 7:00,7537,8081,531,13,1.101,0.011,621.818,836.257,0,0,26.196,1.005
2019/7/24 8:00,7502,8194,676,16,1.097,0.011,755.898,990.227,0,0,27.557,1.144
2019/7/24 9:00,7478,8277,773,26,1.094,0.01,851.657,1099.619,0,0,28.634,1.192
2019/7/24 10:00,7149,8077,875,53,1.091,0.01,900.791,1156.749,0,0,29.46,1.197
2019/7/24 11:00,7028,8040,922,90,1.088,0.01,899.999,1157.863,0,0,30.088,1.196
2019/7/24 12:00,6987,7974,888,99,1.086,0.01,848.647,1102.816,0,0,30.449,1.187
2019/7/24 13:00,7002,7892,800,90,1.085,0.01,750.929,995.431,0,0,30.5,1.184
2019/7/24 14:00,7200,7913,638,75,1.084,0.01,615.892,842.941,0,0,30.301,1.159
2019/7/24 15:00,7411,7955,474,70,1.084,0.01,455.771,655.679,0,0,29.984,1.069
2019/7/24 16:00,7515,7923,344,64,1.084,0.01,283.554,446.487,0,0,29.452,0.9
2019/7/24 17:00,7384,7626,198,44,1.086,0.012,121.217,229.546,0,0,27.38,0.549
2019/7/24 18:00,7206,7333,79,48,1.089,0.011,13.561,37.329,0,0,25.054,0.58
2019/7/24 19:00,7107,7172,16,49,1.092,0.011,0,0,0,0,23.737,0.718
2019/7/24 20:00,6815,6856,0,41,1.096,0.011,0,0,0,0,22.448,0.817
2019/7/24 21:00,6264,6307,0,43,1.098,0.01,0,0,0,0,21.577,0.849
2019/7/24 22:00,5877,5928,0,51,1.1,0.01,0,0,0,0,21.116,0.813
2019/7/24 23:00,5478,5579,0,101,1.102,0.01,0,0,0,0,20.921,0.739
2019/7/25 0:00,5310,5466,0,156,1.103,0.01,0,0,0,0,20.476,0.653
2019/7/25 1:00,5051,5312,0,261,1.105,0.01,0,0,0,0,20.055,0.73
2019/7/25 2:00,5110,5430,0,320,1.107,0.01,0,0,0,0,19.622,0.759
2019/7/25 3:00,5518,5893,30,345,1.109,0.01,11.7,31.985,0,0,19.156,0.745
2019/7/25 4:00,6460,6880,88,332,1.112,0.011,116.696,218.668,0,0,20.089,0.702
2019/7/25 5:00,7413,7756,193,150,1.111,0.012,276.202,435.5,0,0,22.265,0.614
2019/7/25 6:00,7749,8135,335,51,1.103,0.011,443.745,645.283,0,0,25.408,0.91
2019/7/25 7:00,7657,8244,536,51,1.096,0.011,599.364,833.748,0,0,28.137,1.027
2019/7/25 8:00,7673,8394,679,42,1.092,0.011,727.805,987.912,0,0,29.34,1.058
2019/7/25 9:00,7683,8482,776,23,1.089,0.011,816.205,1097.409,0,0,30.239,1.1
2019/7/25 10:00,7361,8247,875,11,1.085,0.011,859.125,1154.724,0,0,30.889,1.125
2019/7/25 11:00,7279,8204,918,7,1.083,0.01,851.453,1155.814,0,0,31.313,1.11
2019/7/25 12:00,7212,8096,876,8,1.081,0.011,786.03,1100.7,0,0,31.57,1.088
2019/7/25 13:00,7263,8057,781,13,1.08,0.011,683.737,993.151,0,0,31.575,1.074
2019/7/25 14:00,7391,8029,616,22,1.079,0.011,545.758,840.417,0,0,31.467,1.059
2019/7/25 15:00,7696,8172,452,24,1.079,0.011,396.471,652.869,0,0,31.205,1.009
2019/7/25 16:00,7760,8107,322,25,1.08,0.011,242.001,443.358,0,0,30.228,0.927
2019/7/25 17:00,7553,7781,184,44,1.081,0.012,101.384,226.075,0,0,27.792,0.646
2019/7/25 18:00,7255,7436,72,109,1.084,0.012,10.569,35.161,0,0,24.855,0.793
2019/7/25 19:00,7023,7219,13,183,1.088,0.012,0,0,0,0,23.401,0.895
2019/7/25 20:00,6555,6877,0,322,1.091,0.011,0,0,0,0,22.449,0.935
2019/7/25 21:00,5858,6301,0,443,1.094,0.011,0,0,0,0,21.756,0.966
2019/7/25 22:00,5458,5957,0,499,1.096,0.011,0,0,0,0,21.214,0.96
2019/7/25 23:00,5019,5614,0,595,1.097,0.011,0,0,0,0,20.814,0.927
2019/7/26 0:00,5081,5502,0,421,1.098,0.011,0,0,0,0,20.507,0.876
2019/7/26 1:00,5135,5376,0,241,1.099,0.011,0,0,0,0,20.266,0.824
2019/7/26 2:00,5420,5509,0,89,1.1,0.011,0,0,0,0,20.141,0.785
2019/7/26 3:00,5783,5917,30,104,1.102,0.011,9.839,29.971,0,0,19.935,0.737
2019/7/26 4:00,6509,6757,84,164,1.103,0.012,105.148,215.136,0,0,20.779,0.581
2019/7/26 5:00,7348,7664,190,126,1.101,0.013,259.436,432.285,0,0,22.927,0.521
2019/7/26 6:00,7665,8053,336,52,1.094,0.012,424.13,642.374,0,0,25.918,0.396
2019/7/26 7:00,7640,8204,536,28,1.087,0.011,577.735,831.076,0,0,28.542,0.567
2019/7/26 8:00,7603,8297,674,20,1.083,0.011,706.932,985.591,0,0,29.815,0.734
2019/7/26 9:00,7519,8310,765,26,1.08,0.011,799.912,1095.229,0,0,30.758,0.767
2019/7/26 10:00,7158,8054,856,40,1.078,0.01,845.21,1152.627,0,0,31.512,0.714
2019/7/26 11:00,6931,7846,885,30,1.075,0.01,836.443,1153.682,0,0,31.699,0.683
2019/7/26 12:00,6862,7721,830,29,1.074,0.01,769.32,1098.612,0,0,31.7,0.685
2019/7/26 13:00,6895,7687,732,60,1.073,0.01,655.557,990.771,0,0,31.546,0.704
2019/7/26 14:00,7117,7708,562,29,1.072,0.011,517.908,837.773,0,0,31.215,0.705
2019/7/26 15:00,7260,7737,394,83,1.073,0.011,366.102,649.961,0,0,30.612,0.659
2019/7/26 16:00,7255,7707,270,182,1.073,0.011,215.106,440.11,0,0,29.769,0.668
2019/7/26 17:00,6712,7266,151,403,1.075,0.013,82.508,222.514,0,0,27.539,0.585
2019/7/26 18:00,6183,6918,58,677,1.079,0.013,7.513,33.004,0,0,25.06,0.665
2019/7/26 19:00,5779,6714,11,924,1.082,0.013,0,0,0,0,23.725,0.742
2019/7/26 20:00,5686,6465,0,779,1.086,0.013,0,0,0,0,22.7,0.792
2019/7/26 21:00,5261,5935,0,674,1.088,0.013,0,0,0,0,21.87,0.748
2019/7/26 22:00,4929,5651,0,722,1.091,0.013,0,0,0,0,21.161,0.692
2019/7/26 23:00,4568,5309,0,741,1.093,0.013,0,0,0,0,20.533,0.655
2019/7/27 0:00,4327,5178,0,851,1.095,0.012,0,0,0,0,19.961,0.634
2019/7/27 1:00,4239,4997,0,758,1.097,0.012,0,0,0,0,19.345,0.646
2019/7/27 2:00,4313,4981,0,668,1.099,0.012,0,0,0,0,18.78,0.726
2019/7/27 3:00,4578,5158,27,553,1.101,0.012,7.059,27.981,0,0,18.307,0.853
2019/7/27 4:00,4953,5520,75,492,1.103,0.013,69.75,211.521,0,0,18.899,1.008
2019/7/27 5:00,5410,6049,166,473,1.102,0.013,158.712,429.009,0,0,20.062,1.161
2019/7/27 6:00,5338,6473,287,848,1.098,0.013,236.435,639.478,0,0,21.425,1.23
2019/7/27 7:00,5369,6721,438,914,1.095,0.013,292.415,828.478,0,0,22.604,1.218
2019/7/27 8:00,5663,6860,540,657,1.093,0.013,317.305,983.154,0,0,23.275,1.207
2019/7/27 9:00,5260,6932,610,1062,1.092,0.013,325.728,1092.927,0,0,23.614,1.227
2019/7/27 10:00,4821,6727,682,1224,1.091,0.013,332.082,1150.37,0,0,23.799,1.236
2019/7/27 11:00,5065,6536,664,807,1.09,0.013,318.753,1151.618,0,0,23.776,1.344
2019/7/27 12:00,5278,6503,584,641,1.09,0.013,300.6,1096.251,0,0,23.539,1.511
2019/7/27 13:00,5517,6506,501,488,1.09,0.013,263.661,988.315,0,0,23.248,1.645
2019/7/27 14:00,5740,6520,404,376,1.09,0.014,211.645,835.093,0,0,22.892,1.689
2019/7/27 15:00,5629,6643,310,704,1.091,0.014,143.721,646.989,0,0,22.241,1.639
2019/7/27 16:00,5994,6514,227,293,1.093,0.014,86.72,436.825,0,0,21.383,1.488
2019/7/27 17:00,5905,6176,128,143,1.095,0.014,31.411,218.842,0,0,20.392,1.165
2019/7/27 18:00,5807,5989,50,132,1.097,0.014,2.988,30.873,0,0,19.37,0.983
2019/7/27 19:00,5411,5814,10,393,1.099,0.014,0,0,0,0,18.742,1.021
2019/7/27 20:00,4580,5726,0,1146,1.101,0.013,0,0,0,0,18.272,1.055
2019/7/27 21:00,4982,5225,0,243,1.103,0.013,0,0,0,0,17.892,1.022
2019/7/27 22:00,4865,5007,0,142,1.104,0.013,0,0,0,0,17.545,0.963
2019/7/27 23:00,4348,4706,0,358,1.105,0.013,0,0,0,0,17.289,1.021
2019/7/28 0:00,3979,4614,0,635,1.106,0.013,0,0,0,0,16.984,1.089
2019/7/28 1:00,3726,4447,0,721,1.107,0.012,0,0,0,0,16.642,1.111
2019/7/28 2:00,3540,4401,0,861,1.108,0.012,0,0,0,0,16.366,1.172
2019/7/28 3:00,3289,4496,23,1184,1.109,0.012,5.573,26.022,0,0,16.149,1.235
2019/7/28 4:00,3620,4660,66,974,1.109,0.012,59.907,207.799,0,0,16.455,1.551
2019/7/28 5:00,4284,5152,152,716,1.108,0.012,157.435,425.66,0,0,17.212,1.774
2019/7/28 6:00,4355,5570,271,944,1.105,0.012,269.188,636.44,0,0,18.498,2.004
2019/7/28 7:00,4555,5902,442,905,1.101,0.012,351.885,825.721,0,0,19.836,2.232
2019/7/28 8:00,4887,6150,540,723,1.097,0.012,413.998,980.647,0,0,21.034,2.431
2019/7/28 9:00,5265,6374,580,529,1.095,0.012,446.573,1090.625,0,0,21.865,2.5
2019/7/28 10:00,5102,6263,619,542,1.093,0.012,489.189,1148.202,0,0,22.205,2.563
2019/7/28 11:00,4889,6074,627,558,1.091,0.012,501.415,1149.239,0,0,22.563,2.599
2019/7/28 12:00,4777,5949,590,582,1.09,0.012,453.694,1093.856,0,0,22.693,2.584
2019/7/28 13:00,4894,5978,524,560,1.09,0.012,379.766,985.823,0,0,22.533,2.55
2019/7/28 14:00,5057,5997,416,524,1.091,0.012,285.687,832.356,0,0,22.054,2.441
2019/7/28 15:00,5508,6098,311,279,1.092,0.012,208.482,643.957,0,0,21.521,2.218
2019/7/28 16:00,5815,6188,218,155,1.094,0.012,138.508,433.413,0,0,20.997,1.941
2019/7/28 17:00,5645,6107,124,338,1.095,0.013,59.014,215.102,0,0,20.109,1.367
2019/7/28 18:00,5463,6080,49,568,1.098,0.012,5.209,28.773,0,0,18.58,0.869
2019/7/28 19:00,5480,5873,9,384,1.1,0.012,0,0,0,0,17.772,0.829
2019/7/28 20:00,5129,5780,0,651,1.102,0.012,0,0,0,0,17.331,0.835
2019/7/28 21:00,4823,5344,0,521,1.104,0.012,0,0,0,0,17.015,0.819
2019/7/28 22:00,4722,5111,0,389,1.107,0.012,0,0,0,0,16.766,0.752
2019/7/28 23:00,4668,4884,0,216,1.109,0.012,0,0,0,0,16.494,0.721
2019/7/29 0:00,4689,4825,0,136,1.111,0.012,0,0,0,0,16.202,0.71
2019/7/29 1:00,4557,4715,0,158,1.113,0.012,0,0,0,0,15.892,0.725
2019/7/29 2:00,4738,4854,0,116,1.114,0.012,0,0,0,0,15.577,0.758
2019/7/29 3:00,5282,5412,8,122,1.116,0.012,5.276,24.101,0,0,15.373,0.801
2019/7/29 4:00,6222,6404,27,155,1.117,0.012,59.894,203.996,0,0,16.027,1.126
2019/7/29 5:00,7187,7326,83,56,1.117,0.012,147.298,422.184,0,0,16.801,1.269
2019/7/29 6:00,7697,7872,156,19,1.114,0.012,260.507,633.276,0,0,17.944,1.451
2019/7/29 7:00,7812,8076,247,17,1.11,0.012,409.179,822.853,0,0,19.545,1.612
2019/7/29 8:00,7880,8217,322,15,1.106,0.011,550.877,978.027,0,0,21.322,1.599
2019/7/29 9:00,7921,8340,390,29,1.102,0.011,658.183,1088.266,0,0,22.654,1.518
2019/7/29 10:00,7539,8084,469,76,1.099,0.011,709.026,1145.871,0,0,23.572,1.426
2019/7/29 11:00,7347,7990,517,126,1.097,0.011,713.825,1146.941,0,0,24.233,1.346
2019/7/29 12:00,7066,7800,524,210,1.095,0.011,668.651,1091.453,0,0,24.585,1.33
2019/7/29 13:00,6815,7698,489,394,1.094,0.011,579.776,983.277,0,0,24.591,1.371
2019/7/29 14:00,6243,7552,396,913,1.093,0.012,462.855,829.54,0,0,24.234,1.444
2019/7/29 15:00,6022,7494,297,1175,1.094,0.012,334.804,640.813,0,0,23.519,1.484
2019/7/29 16:00,5922,7424,206,1296,1.097,0.012,200.222,429.934,0,0,22.496,1.399
2019/7/29 17:00,5579,7039,114,1346,1.101,0.013,81.21,211.254,0,0,20.924,1.19
2019/7/29 18:00,5155,6798,46,1597,1.106,0.013,6.985,26.711,0,0,19.058,1.179
2019/7/29 19:00,4900,6515,8,1607,1.11,0.013,0,0,0,0,18.122,1.506
2019/7/29 20:00,4635,6202,0,1567,1.113,0.013,0,0,0,0,17.55,1.674
2019/7/29 21:00,4008,5647,0,1639,1.115,0.012,0,0,0,0,17.179,1.696
2019/7/29 22:00,3833,5366,0,1533,1.116,0.012,0,0,0,0,16.933,1.704
2019/7/29 23:00,3518,5066,0,1548,1.117,0.012,0,0,0,0,16.691,1.709
2019/7/30 0:00,3542,4979,0,1437,1.117,0.012,0,0,0,0,16.463,1.693
2019/7/30 1:00,3433,4877,0,1444,1.118,0.012,0,0,0,0,16.236,1.664
2019/7/30 2:00,3489,4976,0,1487,1.119,0.012,0,0,0,0,16.03,1.637
2019/7/30 3:00,4008,5523,22,1493,1.12,0.011,5.918,22.222,0,0,15.887,1.642
2019/7/30 4:00,4881,6439,63,1495,1.12,0.012,82.936,200.103,0,0,16.72,1.847
2019/7/30 5:00,5797,7300,154,1349,1.117,0.012,220.087,418.64,0,0,18.42,2.057
2019/7/30 6:00,6016,7735,266,1453,1.111,0.012,378.005,630.035,0,0,20.591,2.149
2019/7/30 7:00,6119,7866,408,1339,1.105,0.012,525.904,819.982,0,0,22.534,2.11
2019/7/30 8:00,6365,7975,510,1100,1.1,0.012,660.853,975.404,0,0,24.095,2.061
2019/7/30 9:00,6472,8156,580,1104,1.097,0.012,748.97,1085.772,0,0,25.203,2.013
2019/7/30 10:00,6030,7986,658,1298,1.095,0.012,775.372,1143.426,0,0,25.887,1.954
2019/7/30 11:00,5802,7927,708,1417,1.093,0.013,752.329,1144.519,0,0,26.254,1.903
2019/7/30 12:00,5493,7872,702,1677,1.092,0.013,685.595,1088.988,0,0,26.319,1.853
2019/7/30 13:00,5566,7770,647,1557,1.091,0.013,589.723,980.59,0,0,26.108,1.799
2019/7/30 14:00,5736,7656,515,1405,1.092,0.013,462.073,826.633,0,0,25.637,1.742
2019/7/30 15:00,5903,7607,380,1324,1.092,0.013,334.367,637.59,0,0,25.115,1.676
2019/7/30 16:00,6097,7536,260,1179,1.094,0.013,199.695,426.369,0,0,24.28,1.498
2019/7/30 17:00,6215,7184,141,828,1.096,0.013,80.655,207.332,0,0,22.874,1.012
2019/7/30 18:00,6135,6926,53,738,1.099,0.013,6.63,24.689,0,0,20.749,0.753
2019/7/30 19:00,6045,6721,10,666,1.102,0.013,0,0,0,0,19.868,0.877
2019/7/30 20:00,5603,6403,0,800,1.105,0.013,0,0,0,0,19.405,1.005
2019/7/30 21:00,4846,5823,0,977,1.107,0.012,0,0,0,0,19.092,1.148
2019/7/30 22:00,4586,5572,0,986,1.109,0.012,0,0,0,0,18.801,1.231
2019/7/30 23:00,4319,5276,0,957,1.11,0.012,0,0,0,0,18.514,1.202
2019/7/31 0:00,4252,5124,0,872,1.111,0.012,0,0,0,0,18.139,1.126
2019/7/31 1:00,4279,4998,0,719,1.112,0.012,0,0,0,0,17.836,1.161
2019/7/31 2:00,4459,5101,0,642,1.114,0.012,0,0,0,0,17.565,1.246
2019/7/31 3:00,4940,5600,18,642,1.116,0.012,3.11,20.386,0,0,17.227,1.29
2019/7/31 4:00,5786,6447,52,609,1.118,0.012,49.881,196.105,0,0,17.538,1.442
2019/7/31 5:00,6636,7264,129,499,1.118,0.012,139.581,415.008,0,0,18.503,1.581
2019/7/31 6:00,7085,7715,233,397,1.116,0.012,256.171,626.74,0,0,20.02,1.575
2019/7/31 7:00,7043,7831,378,410,1.111,0.012,390.009,816.979,0,0,21.775,1.6
2019/7/31 8:00,7086,7925,473,366,1.106,0.011,547.826,972.672,0,0,23.273,1.615
2019/7/31 9:00,7107,8054,530,417,1.103,0.011,676.03,1083.204,0,0,24.403,1.623
2019/7/31 10:00,6890,7886,592,404,1.101,0.011,734.029,1140.934,0,0,25.115,1.664
2019/7/31 11:00,6925,7822,609,288,1.099,0.011,722.975,1142.185,0,0,25.437,1.688
2019/7/31 12:00,6832,7770,568,370,1.098,0.011,654.718,1086.431,0,0,25.48,1.694
2019/7/31 13:00,6766,7784,490,528,1.098,0.011,524.538,977.882,0,0,25.105,1.698
2019/7/31 14:00,6245,7794,384,1165,1.099,0.011,401.497,823.658,0,0,24.542,1.691
2019/7/31 15:00,6137,7710,287,1286,1.101,0.011,264.578,634.257,0,0,23.649,1.685
2019/7/31 16:00,6550,7632,202,880,1.104,0.011,147.58,422.688,0,0,22.453,1.64
2019/7/31 17:00,5651,7291,111,1529,1.109,0.012,54.279,203.297,0,0,20.793,1.291
2019/7/31 18:00,5236,6996,42,1718,1.114,0.012,4.04,22.715,0,0,19.086,1.151
2019/7/31 19:00,4703,6599,7,1889,1.119,0.012,0,0,0,0,18.056,1.438
2019/7/31 20:00,4384,6322,0,1938,1.123,0.012,0,0,0,0,17.231,1.654
2019/7/31 21:00,4061,5791,0,1730,1.126,0.012,0,0,0,0,16.663,1.695
2019/7/31 22:00,4119,5515,0,1396,1.127,0.011,0,0,0,0,16.284,1.681
2019/7/31 23:00,3935,5215,0,1280,1.128,0.011,0,0,0,0,15.989,1.611
2019/8/1 0:00,3966,5098,0,1132,1.129,0.011,0,0,0,0,15.691,1.464
2019/8/1 1:00,3760,4991,0,1231,1.13,0.011,0,0,0,0,15.349,1.363
2019/8/1 2:00,3801,5097,0,1296,1.131,0.011,0,0,0,0,14.992,1.301
2019/8/1 3:00,4201,5577,23,1353,1.132,0.011,4.782,18.609,0,0,14.639,1.281
2019/8/1 4:00,5118,6364,66,1180,1.133,0.011,81.715,192.041,0,0,15.158,1.451
2019/8/1 5:00,6069,7198,158,971,1.131,0.011,227.462,411.276,0,0,16.859,1.588
2019/8/1 6:00,6475,7549,275,799,1.125,0.011,386.209,623.398,0,0,19.286,1.673
2019/8/1 7:00,6658,7679,440,581,1.119,0.01,515.555,813.934,0,0,21.132,1.684
2019/8/1 8:00,6769,7757,552,436,1.114,0.01,648.347,969.89,0,0,22.472,1.642
2019/8/1 9:00,6806,7823,618,399,1.111,0.009,752.715,1080.534,0,0,23.605,1.588
2019/8/1 10:00,6675,7634,683,276,1.107,0.009,817.953,1138.427,0,0,24.591,1.496
2019/8/1 11:00,6675,7614,710,229,1.104,0.009,827.026,1139.553,0,0,25.299,1.397
2019/8/1 12:00,6653,7528,685,190,1.102,0.009,753.767,1083.877,0,0,25.597,1.313
2019/8/1 13:00,6701,7465,614,150,1.1,0.009,658.045,975.03,0,0,25.591,1.261
2019/8/1 14:00,6834,7446,500,112,1.1,0.009,518.957,820.57,0,0,25.246,1.218
2019/8/1 15:00,6989,7461,390,82,1.1,0.01,378.266,630.909,0,0,24.671,1.132
2019/8/1 16:00,7078,7389,279,32,1.101,0.01,220.498,418.975,0,0,23.801,1.001
2019/8/1 17:00,6873,7042,152,17,1.103,0.011,83.303,199.195,0,0,22.11,0.574
2019/8/1 18:00,6710,6790,58,22,1.105,0.011,5.603,20.795,0,0,20.307,0.541
2019/8/1 19:00,6600,6630,10,20,1.108,0.01,0,0,0,0,19.624,0.484
2019/8/1 20:00,6379,6398,0,19,1.11,0.01,0,0,0,0,19.098,0.501
2019/8/1 21:00,5766,5779,0,13,1.112,0.01,0,0,0,0,18.662,0.54
2019/8/1 22:00,5483,5501,0,18,1.113,0.01,0,0,0,0,18.206,0.555
2019/8/1 23:00,5182,5209,0,27,1.115,0.01,0,0,0,0,17.564,0.552
2019/8/2 0:00,5100,5122,0,22,1.117,0.01,0,0,0,0,17.145,0.554
2019/8/2 1:00,4957,4998,0,41,1.118,0.01,0,0,0,0,16.814,0.545
2019/8/2 2:00,5005,5085,0,80,1.119,0.01,0,0,0,0,16.424,0.551
2019/8/2 3:00,5449,5564,20,95,1.121,0.01,2.57,16.888,0,0,16.094,0.543
2019/8/2 4:00,6269,6406,56,81,1.123,0.01,35.318,187.865,0,0,16.332,0.536
2019/8/2 5:00,7062,7248,119,67,1.123,0.01,97.622,407.487,0,0,17.035,0.773
2019/8/2 6:00,7423,7681,202,56,1.122,0.01,149.503,619.981,0,0,17.859,0.881
2019/8/2 7:00,7415,7831,316,100,1.12,0.01,204.797,810.794,0,0,18.541,1.021
2019/8/2 8:00,7573,8027,387,67,1.118,0.01,282.965,966.996,0,0,19.263,1.015
2019/8/2 9:00,7657,8123,425,41,1.117,0.01,312.55,1077.901,0,0,19.775,0.842
2019/8/2 10:00,7467,7961,460,34,1.117,0.01,345.111,1135.857,0,0,19.73,0.894
2019/8/2 11:00,7300,7780,462,18,1.117,0.01,362.843,1136.993,0,0,19.747,1.131
2019/8/2 12:00,7129,7571,431,11,1.117,0.01,347.771,1081.134,0,0,19.689,1.237
2019/8/2 13:00,7070,7472,385,17,1.116,0.01,308.435,972.191,0,0,19.796,1.148
2019/8/2 14:00,7022,7349,304,23,1.114,0.009,258.857,817.42,0,0,19.853,0.934
2019/8/2 15:00,7069,7318,226,23,1.113,0.01,202.576,627.448,0,0,19.845,0.692
2019/8/2 16:00,6967,7209,155,87,1.113,0.01,125.262,415.148,0,0,19.534,0.616
2019/8/2 17:00,6522,6870,84,264,1.113,0.011,44.905,195,0,0,18.39,0.464
2019/8/2 18:00,6452,6595,30,113,1.114,0.01,2.823,18.93,0,0,17.233,0.518
2019/8/2 19:00,6159,6277,5,113,1.116,0.01,0,0,0,0,16.464,0.603
2019/8/2 20:00,5834,6030,0,196,1.117,0.01,0,0,0,0,15.772,0.693
2019/8/2 21:00,4990,5515,0,525,1.119,0.009,0,0,0,0,15.075,0.818
2019/8/2 22:00,4697,5282,0,585,1.122,0.009,0,0,0,0,14.564,0.936
2019/8/2 23:00,4230,4944,0,714,1.125,0.009,0,0,0,0,14.105,1.013
2019/8/3 0:00,4036,4810,0,774,1.128,0.009,0,0,0,0,13.593,1.007
2019/8/3 1:00,3870,4642,0,772,1.13,0.009,0,0,0,0,13.138,0.987
2019/8/3 2:00,3720,4617,0,897,1.132,0.009,0,0,0,0,12.931,1.078
2019/8/3 3:00,3768,4840,18,1054,1.133,0.009,3.507,15.232,0,0,12.863,1.197
2019/8/3 4:00,4103,5174,52,1019,1.133,0.009,63.709,183.618,0,0,13.693,1.565
2019/8/3 5:00,4795,5757,131,831,1.132,0.01,169.303,403.591,0,0,15.013,1.801
2019/8/3 6:00,5086,6215,227,902,1.128,0.01,289.385,616.429,0,0,16.491,1.977
2019/8/3 7:00,4862,6517,351,1304,1.124,0.01,420.529,807.636,0,0,17.99,2.119
2019/8/3 8:00,4991,6569,440,1138,1.12,0.009,549.956,964.095,0,0,19.374,2.171
2019/8/3 9:00,5273,6642,505,864,1.117,0.009,630.604,1075.151,0,0,20.316,2.165
2019/8/3 10:00,5144,6407,576,687,1.116,0.009,621.268,1133.275,0,0,20.731,2.179
2019/8/3 11:00,4925,6297,600,772,1.115,0.009,552.418,1134.344,0,0,20.775,2.239
2019/8/3 12:00,4546,6259,568,1145,1.114,0.009,472.568,1078.459,0,0,20.593,2.285
2019/8/3 13:00,4394,6304,505,1405,1.115,0.009,428.496,969.259,0,0,20.387,2.299
2019/8/3 14:00,4344,6287,409,1534,1.115,0.009,358.126,814.187,0,0,20.024,2.254
2019/8/3 15:00,4388,6346,321,1637,1.117,0.009,252.874,623.89,0,0,19.375,2.1
2019/8/3 16:00,4898,6165,224,1043,1.119,0.01,147.671,411.239,0,0,18.458,1.759
2019/8/3 17:00,4581,5835,120,1134,1.122,0.01,53.924,190.706,0,0,17.155,1.245
2019/8/3 18:00,4796,5768,44,928,1.126,0.01,3.442,17.133,0,0,15.557,1.061
2019/8/3 19:00,4708,5558,8,842,1.129,0.01,0,0,0,0,14.737,1.162
2019/8/3 20:00,4480,5414,0,934,1.132,0.01,0,0,0,0,14.134,1.178
2019/8/3 21:00,4133,4984,0,851,1.134,0.01,0,0,0,0,13.658,1.113
2019/8/3 22:00,3951,4775,0,824,1.135,0.01,0,0,0,0,13.296,1.085
2019/8/3 23:00,3622,4499,0,877,1.136,0.01,0,0,0,0,12.966,1.109
2019/8/4 0:00,3406,4391,0,985,1.137,0.009,0,0,0,0,12.65,1.159
2019/8/4 1:00,3240,4219,0,979,1.138,0.009,0,0,0,0,12.321,1.215
2019/8/4 2:00,3277,4176,0,899,1.14,0.009,0,0,0,0,12.027,1.256
2019/8/4 3:00,3304,4275,20,951,1.141,0.009,3.655,13.648,0,0,11.711,1.246
2019/8/4 4:00,3452,4439,59,928,1.142,0.009,77.497,179.285,0,0,12.58,1.431
2019/8/4 5:00,4112,4835,150,573,1.139,0.009,227.641,399.646,0,0,14.465,1.515
2019/8/4 6:00,4558,5171,266,347,1.132,0.009,400.729,612.842,0,0,17.053,1.549
2019/8/4 7:00,4783,5394,425,186,1.126,0.009,559.859,804.292,0,0,19.1,1.569
2019/8/4 8:00,4907,5600,536,157,1.122,0.008,678.126,961.058,0,0,20.441,1.538
2019/8/4 9:00,4910,5684,603,171,1.119,0.008,766.509,1072.322,0,0,21.555,1.463
2019/8/4 10:00,4691,5507,672,144,1.116,0.008,783.488,1130.473,0,0,22.3,1.395
2019/8/4 11:00,4583,5398,696,119,1.114,0.008,766.362,1131.613,0,0,22.776,1.365
2019/8/4 12:00,4536,5308,666,106,1.112,0.008,704.454,1075.604,0,0,23.017,1.363
2019/8/4 13:00,4607,5282,598,77,1.111,0.008,616.579,966.239,0,0,23.012,1.363
2019/8/4 14:00,4743,5311,484,84,1.11,0.008,503.944,810.931,0,0,22.765,1.333
2019/8/4 15:00,4965,5484,373,146,1.11,0.008,360.838,620.312,0,0,22.354,1.264
2019/8/4 16:00,5282,5698,258,158,1.11,0.009,216.756,407.259,0,0,21.68,1.074
2019/8/4 17:00,5360,5646,138,148,1.112,0.01,83.711,186.351,0,0,20.047,0.576
2019/8/4 18:00,5534,5715,50,131,1.114,0.009,4.806,15.404,0,0,18.322,0.655
2019/8/4 19:00,5588,5675,8,79,1.116,0.009,0,0,0,0,17.397,0.764
2019/8/4 20:00,5512,5578,0,66,1.118,0.008,0,0,0,0,16.374,0.885
2019/8/4 21:00,5070,5135,0,65,1.12,0.008,0,0,0,0,15.471,0.928
2019/8/4 22:00,4858,4916,0,58,1.121,0.008,0,0,0,0,14.83,0.945
2019/8/4 23:00,4601,4659,0,58,1.122,0.008,0,0,0,0,14.344,0.961
2019/8/5 0:00,4473,4566,0,93,1.123,0.008,0,0,0,0,13.963,0.974
2019/8/5 1:00,4380,4446,0,66,1.125,0.008,0,0,0,0,13.623,0.986
2019/8/5 2:00,4535,4582,0,47,1.126,0.008,0,0,0,0,13.315,0.993
2019/8/5 3:00,5036,5121,20,65,1.127,0.008,3.701,12.135,0,0,12.961,0.982
2019/8/5 4:00,5870,5984,62,52,1.129,0.009,85.251,174.854,0,0,14.253,0.834
2019/8/5 5:00,6612,6815,158,45,1.128,0.009,229.709,395.608,0,0,16.905,1.016
2019/8/5 6:00,6964,7247,271,12,1.12,0.009,377.193,609.123,0,0,19.583,0.9
2019/8/5 7:00,7014,7444,423,7,1.112,0.009,500.353,800.967,0,0,21.958,0.827
2019/8/5 8:00,7022,7555,528,5,1.109,0.009,568.176,957.962,0,0,23.195,0.74
2019/8/5 9:00,7121,7736,597,18,1.106,0.009,625.17,1069.365,0,0,24.046,0.811
2019/8/5 10:00,6854,7555,675,26,1.103,0.009,642.271,1127.632,0,0,24.686,0.912
2019/8/5 11:00,6735,7509,727,47,1.1,0.009,678.02,1128.816,0,0,25.308,0.985
2019/8/5 12:00,6634,7439,717,88,1.098,0.009,666.876,1072.69,0,0,25.745,1.049
2019/8/5 13:00,6673,7417,654,90,1.097,0.009,564.138,963.121,0,0,25.771,1.085
2019/8/5 14:00,6758,7378,498,122,1.096,0.009,394.643,807.517,0,0,25.313,1.112
2019/8/5 15:00,6921,7387,339,127,1.097,0.01,243.713,616.616,0,0,24.536,1.03
2019/8/5 16:00,6917,7335,215,203,1.098,0.011,133.737,403.196,0,0,23.553,0.764
2019/8/5 17:00,6539,7023,108,376,1.1,0.012,48.688,181.895,0,0,21.773,0.556
2019/8/5 18:00,6152,6807,36,619,1.102,0.011,2.855,13.754,0,0,20.258,0.707
2019/8/5 19:00,6161,6538,6,371,1.105,0.011,0,0,0,0,19.416,0.856
2019/8/5 20:00,5931,6215,0,284,1.108,0.011,0,0,0,0,18.721,0.966
2019/8/5 21:00,5366,5661,0,295,1.109,0.011,0,0,0,0,18.142,0.998
2019/8/5 22:00,5261,5416,0,155,1.11,0.011,0,0,0,0,17.788,0.984
2019/8/5 23:00,5006,5073,0,67,1.111,0.011,0,0,0,0,17.538,0.991
2019/8/6 0:00,4935,4962,0,27,1.112,0.011,0,0,0,0,17.377,0.999
2019/8/6 1:00,4805,4812,0,7,1.113,0.011,0,0,0,0,17.147,0.945
2019/8/6 2:00,4892,4903,0,11,1.113,0.011,0,0,0,0,16.834,0.899
2019/8/6 3:00,5398,5421,14,9,1.115,0.011,2.352,10.698,0,0,16.335,0.869
2019/8/6 4:00,6243,6355,46,66,1.117,0.012,57.938,170.37,0,0,16.921,0.838
2019/8/6 5:00,6920,7232,127,185,1.117,0.012,182.183,391.469,0,0,18.507,1.063
2019/8/6 6:00,6955,7678,244,479,1.114,0.012,336.363,605.381,0,0,20.265,1.123
2019/8/6 7:00,7141,7900,411,348,1.107,0.012,470.725,797.515,0,0,22.536,1.204
2019/8/6 8:00,7098,8064,535,431,1.103,0.011,553.72,954.821,0,0,23.93,1.363
2019/8/6 9:00,7162,8120,624,334,1.1,0.011,583.974,1066.381,0,0,24.759,1.679
2019/8/6 10:00,6990,7837,724,123,1.098,0.011,568.995,1124.846,0,0,25.268,1.848
2019/8/6 11:00,6786,7688,751,151,1.096,0.011,560.068,1125.94,0,0,25.635,1.823
2019/8/6 12:00,6521,7527,691,315,1.094,0.011,591.459,1069.723,0,0,26.127,1.721
2019/8/6 13:00,6398,7467,597,472,1.092,0.011,558.877,959.945,0,0,26.372,1.614
2019/8/6 14:00,6671,7409,454,284,1.091,0.012,420.879,804.098,0,0,26.065,1.503
2019/8/6 15:00,6972,7486,318,196,1.091,0.012,260.403,612.801,0,0,25.438,1.238
2019/8/6 16:00,7022,7446,206,218,1.092,0.012,137.438,399.029,0,0,24.443,0.915
2019/8/6 17:00,6695,7025,104,226,1.094,0.013,40.43,177.356,0,0,22.5,0.57
2019/8/6 18:00,6416,6819,34,369,1.096,0.012,1.238,12.185,0,0,20.879,0.707
2019/8/6 19:00,6108,6546,4,434,1.098,0.012,0,0,0,0,20.022,0.728
2019/8/6 20:00,5706,6193,0,487,1.101,0.012,0,0,0,0,19.427,0.765
2019/8/6 21:00,5310,5703,0,393,1.102,0.012,0,0,0,0,18.959,0.785
2019/8/6 22:00,5083,5454,0,371,1.104,0.012,0,0,0,0,18.571,0.762
2019/8/6 23:00,4791,5130,0,339,1.105,0.012,0,0,0,0,18.218,0.734
2019/8/7 0:00,4844,5017,0,173,1.106,0.011,0,0,0,0,17.831,0.736
2019/8/7 1:00,4731,4872,0,141,1.107,0.011,0,0,0,0,17.414,0.75
2019/8/7 2:00,4888,5004,0,116,1.108,0.011,0,0,0,0,17.029,0.761
2019/8/7 3:00,5398,5519,16,105,1.109,0.011,2.222,9.344,0,0,16.761,0.766
2019/8/7 4:00,6186,6387,50,151,1.111,0.011,60.641,165.8,0,0,17.796,0.815
2019/8/7 5:00,6866,7198,136,196,1.11,0.012,170.232,387.256,0,0,19.65,1.119
2019/8/7 6:00,7179,7591,260,152,1.105,0.012,294.418,601.554,0,0,21.743,1.195
2019/8/7 7:00,7304,7820,437,79,1.099,0.011,418.764,794.016,0,0,23.896,1.215
2019/8/7 8:00,7445,8050,545,60,1.095,0.011,501.362,951.594,0,0,25.387,1.115
2019/8/7 9:00,7440,8133,593,100,1.092,0.011,541.743,1063.375,0,0,26.317,1.083
2019/8/7 10:00,7201,7935,646,88,1.09,0.011,529.106,1121.9,0,0,26.55,1.121
2019/8/7 11:00,7152,7848,637,59,1.088,0.011,528.369,1122.995,0,0,26.684,1.142
2019/8/7 12:00,7130,7769,564,75,1.086,0.011,496.694,1066.652,0,0,26.933,1.255
2019/8/7 13:00,7229,7787,478,80,1.085,0.011,430.371,956.713,0,0,26.711,1.466
2019/8/7 14:00,7279,7750,364,107,1.085,0.012,302.216,800.596,0,0,25.937,1.634
2019/8/7 15:00,7231,7744,250,263,1.088,0.012,147.224,608.96,0,0,24.417,1.553
2019/8/7 16:00,7035,7651,149,467,1.092,0.013,63.9,394.817,0,0,22.715,1.178
2019/8/7 17:00,6468,7281,68,745,1.096,0.013,21.22,172.737,0,0,21.187,0.919
2019/8/7 18:00,6094,7064,20,950,1.1,0.013,0.957,10.704,0,0,19.992,0.956
2019/8/7 19:00,4777,6660,1,1882,1.104,0.013,0,0,0,0,19.213,1.14
2019/8/7 20:00,4975,6237,0,1262,1.109,0.013,0,0,0,0,18.414,1.406
2019/8/7 21:00,4716,5702,0,986,1.113,0.013,0,0,0,0,17.671,1.598
2019/8/7 22:00,4395,5390,0,995,1.116,0.012,0,0,0,0,17.028,1.602
2019/8/7 23:00,4007,5128,0,1121,1.119,0.012,0,0,0,0,16.497,1.565
2019/8/8 0:00,3929,5013,0,1084,1.121,0.012,0,0,0,0,16.055,1.488
2019/8/8 1:00,3554,4890,0,1336,1.123,0.011,0,0,0,0,15.649,1.357
2019/8/8 2:00,3989,5004,0,1015,1.124,0.011,0,0,0,0,15.279,1.189
2019/8/8 3:00,4621,5500,14,865,1.126,0.011,1.506,8.076,0,0,14.945,0.989
2019/8/8 4:00,5424,6309,48,837,1.127,0.011,55.219,161.149,0,0,15.394,1.14
2019/8/8 5:00,6433,7182,132,617,1.126,0.011,171.379,382.956,0,0,16.507,1.429
2019/8/8 6:00,6925,7610,248,437,1.122,0.011,324.047,597.607,0,0,18.214,1.649
2019/8/8 7:00,7031,7781,406,344,1.117,0.011,466.931,790.441,0,0,20.101,1.594
2019/8/8 8:00,7061,7835,521,253,1.113,0.011,591.914,948.222,0,0,21.702,1.428
2019/8/8 9:00,7092,7840,598,150,1.109,0.01,683.193,1060.291,0,0,22.833,1.364
2019/8/8 10:00,6806,7642,680,156,1.106,0.01,731.547,1118.904,0,0,23.629,1.325
2019/8/8 11:00,6734,7609,719,156,1.104,0.01,731.575,1119.974,0,0,24.146,1.265
2019/8/8 12:00,6752,7518,687,79,1.103,0.01,676.908,1063.571,0,0,24.33,1.21
2019/8/8 13:00,6827,7462,610,25,1.102,0.011,553.354,953.409,0,0,24.118,1.155
2019/8/8 14:00,6912,7408,476,20,1.102,0.011,410.208,797.003,0,0,23.642,1.064
2019/8/8 15:00,7046,7439,345,48,1.103,0.011,274.943,605.03,0,0,23.071,0.946
2019/8/8 16:00,7033,7374,220,121,1.104,0.011,151.322,390.504,0,0,22.352,0.738
2019/8/8 17:00,6769,7040,108,163,1.105,0.012,57.075,168.034,0,0,20.985,0.481
2019/8/8 18:00,6558,6863,34,271,1.108,0.011,2.547,9.316,0,0,19.277,0.613
2019/8/8 19:00,6209,6597,4,384,1.111,0.011,0,0,0,0,18.334,0.685
2019/8/8 20:00,5958,6282,0,324,1.113,0.011,0,0,0,0,17.472,0.765
2019/8/8 21:00,5552,5784,0,232,1.115,0.011,0,0,0,0,16.861,0.813
2019/8/8 22:00,5186,5426,0,240,1.117,0.01,0,0,0,0,16.424,0.821
2019/8/8 23:00,4864,5104,0,240,1.118,0.01,0,0,0,0,15.941,0.866
2019/8/9 0:00,4709,4996,0,287,1.119,0.01,0,0,0,0,15.456,0.919
2019/8/9 1:00,4526,4878,0,352,1.121,0.01,0,0,0,0,15.022,0.968
2019/8/9 2:00,4709,4957,0,248,1.122,0.01,0,0,0,0,14.603,1.004
2019/8/9 3:00,5269,5462,19,174,1.123,0.009,2.026,6.896,0,0,14.218,0.975
2019/8/9 4:00,6164,6342,56,122,1.125,0.01,77.981,156.441,0,0,15.324,0.921
2019/8/9 5:00,6958,7157,146,53,1.123,0.01,237.671,378.586,0,0,18.005,1.08
2019/8/9 6:00,7265,7544,268,11,1.115,0.01,414.291,593.632,0,0,20.817,0.788
2019/8/9 7:00,7186,7628,438,4,1.107,0.01,579.275,786.761,0,0,23.386,0.568
2019/8/9 8:00,7102,7678,572,4,1.101,0.01,717.151,944.875,0,0,25.272,0.551
2019/8/9 9:00,7074,7751,670,7,1.096,0.01,814.733,1056.965,0,0,26.653,0.609
2019/8/9 10:00,6697,7496,781,18,1.093,0.01,862.111,1115.679,0,0,27.647,0.707
2019/8/9 11:00,6407,7301,842,52,1.089,0.01,861.77,1116.922,0,0,28.375,0.821
2019/8/9 12:00,6332,7224,817,75,1.087,0.01,810.137,1060.335,0,0,28.803,0.914
2019/8/9 13:00,6322,7164,739,103,1.085,0.01,705.701,950.031,0,0,28.914,0.941
2019/8/9 14:00,6492,7212,587,133,1.084,0.011,550.613,793.351,0,0,28.759,0.904
2019/8/9 15:00,6752,7332,436,144,1.084,0.011,379.771,600.989,0,0,28.573,0.827
2019/8/9 16:00,6848,7374,293,233,1.084,0.011,204.961,386.1,0,0,27.843,0.698
2019/8/9 17:00,6489,7013,146,378,1.086,0.013,65.409,163.266,0,0,25.593,0.481
2019/8/9 18:00,6196,6821,46,579,1.089,0.012,2.032,8.025,0,0,23.298,0.79
2019/8/9 19:00,5800,6582,6,776,1.092,0.012,0,0,0,0,21.673,0.991
2019/8/9 20:00,5289,6249,0,960,1.095,0.011,0,0,0,0,20.578,1.078
2019/8/9 21:00,4696,5747,0,1051,1.098,0.011,0,0,0,0,19.897,1.113
2019/8/9 22:00,4372,5463,0,1091,1.1,0.011,0,0,0,0,19.39,1.091
2019/8/9 23:00,4071,5143,0,1072,1.102,0.012,0,0,0,0,18.859,1.011
2019/8/10 0:00,4115,4988,0,873,1.103,0.012,0,0,0,0,18.458,0.939
2019/8/10 1:00,4299,4780,0,481,1.104,0.012,0,0,0,0,18.179,0.891
2019/8/10 2:00,4502,4774,0,272,1.106,0.012,0,0,0,0,17.94,0.889
2019/8/10 3:00,4767,4971,16,188,1.108,0.012,1.46,5.807,0,0,17.671,0.868
2019/8/10 4:00,5105,5328,52,171,1.11,0.012,63.157,151.658,0,0,18.688,0.942
2019/8/10 5:00,5686,5925,142,97,1.11,0.013,197.675,374.156,0,0,20.691,1.035
2019/8/10 6:00,6072,6373,268,33,1.105,0.013,360.075,589.567,0,0,22.881,1.139
2019/8/10 7:00,6171,6644,448,25,1.098,0.013,507.154,783.082,0,0,25.006,1.176
2019/8/10 8:00,6172,6772,583,17,1.094,0.013,619.927,941.398,0,0,26.381,1.185
2019/8/10 9:00,6213,6893,673,7,1.091,0.013,692.793,1053.861,0,0,27.352,1.184
2019/8/10 10:00,5947,6724,772,5,1.089,0.013,743.799,1112.554,0,0,28.054,1.196
2019/8/10 11:00,5743,6566,809,14,1.088,0.013,737.507,1113.703,0,0,28.41,1.193
2019/8/10 12:00,5730,6519,771,18,1.087,0.013,693.064,1057.172,0,0,28.526,1.146
2019/8/10 13:00,5800,6506,686,20,1.087,0.013,602.885,946.541,0,0,28.358,1.149
2019/8/10 14:00,6004,6545,508,33,1.088,0.012,471.215,789.566,0,0,27.852,1.239
2019/8/10 15:00,6239,6682,342,101,1.09,0.012,314.732,596.945,0,0,27.005,1.322
2019/8/10 16:00,5614,6618,212,792,1.093,0.012,167.724,381.643,0,0,25.691,1.369
2019/8/10 17:00,4535,6296,98,1663,1.098,0.013,48.523,158.404,0,0,23.531,1.188
2019/8/10 18:00,4256,6142,26,1860,1.104,0.013,1.042,6.837,0,0,21.561,1.275
2019/8/10 19:00,3977,5847,2,1868,1.11,0.013,0,0,0,0,20.431,1.43
2019/8/10 20:00,4162,5662,0,1500,1.115,0.013,0,0,0,0,19.524,1.447
2019/8/10 21:00,4030,5200,0,1170,1.118,0.013,0,0,0,0,18.816,1.448
2019/8/10 22:00,4006,4938,0,932,1.121,0.012,0,0,0,0,18.254,1.379
2019/8/10 23:00,3863,4650,0,787,1.123,0.012,0,0,0,0,17.787,1.234
2019/8/11 0:00,3893,4575,0,682,1.124,0.012,0,0,0,0,17.469,1.127
2019/8/11 1:00,3905,4451,0,546,1.125,0.012,0,0,0,0,17.253,1.061
2019/8/11 2:00,3788,4413,0,625,1.126,0.012,0,0,0,0,17.063,0.987
2019/8/11 3:00,3925,4520,7,588,1.127,0.012,0.586,4.812,0,0,16.817,0.905
2019/8/11 4:00,4210,4683,26,447,1.127,0.012,33.601,146.793,0,0,17.063,1.017
2019/8/11 5:00,4744,5184,87,353,1.126,0.012,113.866,369.626,0,0,17.966,1.147
2019/8/11 6:00,5132,5530,172,226,1.123,0.012,211.799,585.481,0,0,19.501,1.262
2019/8/11 7:00,5352,5790,281,157,1.119,0.011,315.314,779.217,0,0,21.197,1.27
2019/8/11 8:00,5405,5940,382,153,1.115,0.01,446.812,937.877,0,0,22.448,1.266
2019/8/11 9:00,5453,6029,480,96,1.11,0.01,627.389,1050.442,0,0,23.905,1.277
2019/8/11 10:00,5190,5831,602,39,1.106,0.01,767.026,1109.423,0,0,25.276,1.202
2019/8/11 11:00,4948,5664,700,16,1.101,0.01,796.863,1110.468,0,0,26.337,1.089
2019/8/11 12:00,4697,5442,728,17,1.097,0.011,753.574,1053.717,0,0,27.025,1.145
2019/8/11 13:00,4688,5414,694,32,1.093,0.011,649.818,942.968,0,0,27.299,1.366
2019/8/11 14:00,4836,5494,566,92,1.091,0.011,518.047,785.775,0,0,27.223,1.587
2019/8/11 15:00,5168,5756,423,165,1.09,0.012,362.672,592.749,0,0,26.793,1.727
2019/8/11 16:00,5462,5974,277,235,1.09,0.012,201.022,377.11,0,0,25.772,1.662
2019/8/11 17:00,5403,5998,133,462,1.093,0.013,61.28,153.463,0,0,23.535,1.17
2019/8/11 18:00,5278,6052,40,734,1.097,0.012,1.065,5.757,0,0,21.321,1.099
2019/8/11 19:00,5003,5917,4,910,1.102,0.012,0,0,0,0,20.465,1.188
2019/8/11 20:00,4672,5840,0,1168,1.105,0.012,0,0,0,0,19.819,1.244
2019/8/11 21:00,4047,5472,0,1425,1.107,0.012,0,0,0,0,19.249,1.155
2019/8/11 22:00,3622,5197,0,1575,1.109,0.012,0,0,0,0,18.846,1.133
2019/8/11 23:00,3220,4905,0,1685,1.111,0.012,0,0,0,0,18.474,1.251
2019/8/12 0:00,3394,4777,0,1383,1.113,0.012,0,0,0,0,18.045,1.339
2019/8/12 1:00,3798,4686,0,888,1.116,0.012,0,0,0,0,17.559,1.301
2019/8/12 2:00,4308,4816,0,508,1.118,0.012,0,0,0,0,17.08,1.103
2019/8/12 3:00,4984,5387,16,387,1.12,0.012,0.922,3.916,0,0,16.778,1.029
2019/8/12 4:00,5912,6306,50,344,1.121,0.012,54.379,141.891,0,0,17.347,1.341
2019/8/12 5:00,6724,7184,138,322,1.119,0.012,177.689,365.015,0,0,18.586,1.792
2019/8/12 6:00,7072,7685,254,359,1.115,0.012,329.411,581.222,0,0,20.307,2.056
2019/8/12 7:00,6988,7915,413,514,1.11,0.012,468.624,775.373,0,0,22.257,1.949
2019/8/12 8:00,7026,8071,525,520,1.104,0.012,581.563,934.287,0,0,23.924,1.792
2019/8/12 9:00,7175,8201,595,431,1.1,0.012,678.761,1047.035,0,0,25.161,1.606
2019/8/12 10:00,7126,8073,668,279,1.098,0.012,687.857,1105.987,0,0,25.862,1.337
2019/8/12 11:00,7230,8045,686,129,1.096,0.012,621.598,1107.224,0,0,26.034,1.188
2019/8/12 12:00,7315,7986,642,29,1.096,0.012,555.961,1050.325,0,0,26.029,1.244
2019/8/12 13:00,7318,7904,570,16,1.095,0.012,455.27,939.387,0,0,25.795,1.134
2019/8/12 14:00,7335,7813,455,23,1.095,0.012,349.362,781.881,0,0,25.393,1.024
2019/8/12 15:00,7414,7801,344,43,1.095,0.012,266.804,588.544,0,0,24.959,1.02
2019/8/12 16:00,7064,7776,225,487,1.097,0.013,150.09,372.501,0,0,23.726,1.142
2019/8/12 17:00,5385,7389,105,1899,1.102,0.013,44.557,148.467,0,0,21.609,1.242
2019/8/12 18:00,5260,7050,28,1762,1.108,0.013,0.561,4.79,0,0,19.614,1.26
2019/8/12 19:00,5278,6590,1,1311,1.113,0.013,0,0,0,0,18.599,1.354
2019/8/12 20:00,5473,6274,0,801,1.118,0.012,0,0,0,0,17.785,1.5
2019/8/12 21:00,5006,5792,0,786,1.121,0.012,0,0,0,0,17.287,1.386
2019/8/12 22:00,3530,5628,0,2098,1.123,0.012,0,0,0,0,16.823,1.334
2019/8/12 23:00,3416,5246,0,1830,1.125,0.012,0,0,0,0,16.299,1.266
2019/8/13 0:00,3508,5072,0,1564,1.127,0.012,0,0,0,0,15.926,1.405
2019/8/13 1:00,3547,4954,0,1407,1.129,0.011,0,0,0,0,15.564,1.471
2019/8/13 2:00,3858,5036,0,1178,1.131,0.011,0,0,0,0,15.135,1.635
2019/8/13 3:00,4323,5541,10,1208,1.133,0.011,0.224,3.119,0,0,14.662,1.71
2019/8/13 4:00,5221,6388,36,1131,1.136,0.01,20.858,136.917,0,0,14.391,1.827
2019/8/13 5:00,6351,7239,108,780,1.137,0.01,78.907,360.355,0,0,14.696,1.957
2019/8/13 6:00,6809,7737,205,723,1.136,0.01,153.944,576.912,0,0,15.299,2.061
2019/8/13 7:00,6590,7909,336,983,1.134,0.01,233.4,771.392,0,0,16.073,2.093
2019/8/13 8:00,6463,8088,420,1205,1.131,0.009,312.998,930.593,0,0,17.048,2.095
2019/8/13 9:00,6538,8217,466,1213,1.128,0.009,381.255,1043.533,0,0,18.011,2.047
2019/8/13 10:00,6402,8013,519,1092,1.126,0.009,418.244,1102.677,0,0,18.778,1.909
2019/8/13 11:00,6414,7947,531,1002,1.124,0.009,410.48,1103.756,0,0,19.302,1.723
2019/8/13 12:00,6400,7772,490,882,1.122,0.009,393.768,1046.883,0,0,19.625,1.633
2019/8/13 13:00,6408,7703,418,877,1.121,0.009,328.853,935.73,0,0,19.58,1.61
2019/8/13 14:00,6484,7583,319,780,1.121,0.009,261.473,777.903,0,0,19.309,1.548
2019/8/13 15:00,6580,7549,228,741,1.122,0.009,182.992,584.212,0,0,18.806,1.448
2019/8/13 16:00,6709,7529,140,680,1.123,0.009,91.629,367.81,0,0,17.941,1.235
2019/8/13 17:00,6488,7160,62,610,1.126,0.009,23.451,143.379,0,0,16.622,0.844
2019/8/13 18:00,6303,6946,16,627,1.13,0.009,0.252,3.941,0,0,15.538,1.016
2019/8/13 19:00,5794,6540,0,746,1.133,0.009,0,0,0,0,14.911,1.383
2019/8/13 20:00,4956,6187,0,1231,1.137,0.009,0,0,0,0,14.237,1.68
2019/8/13 21:00,3907,5742,0,1835,1.139,0.009,0,0,0,0,13.671,1.858
2019/8/13 22:00,3512,5462,0,1950,1.14,0.009,0,0,0,0,13.287,1.857
2019/8/13 23:00,3194,5092,0,1898,1.142,0.009,0,0,0,0,12.921,1.868
2019/8/14 0:00,3282,4952,0,1670,1.143,0.009,0,0,0,0,12.586,1.795
2019/8/14 1:00,3359,4816,0,1457,1.144,0.009,0,0,0,0,12.296,1.677
2019/8/14 2:00,3931,4938,0,1007,1.145,0.009,0,0,0,0,12.01,1.619
2019/8/14 3:00,4640,5436,3,793,1.146,0.008,0.177,2.424,0,0,11.711,1.653
2019/8/14 4:00,5396,6345,14,935,1.148,0.008,21.98,131.91,0,0,11.595,1.663
2019/8/14 5:00,6041,7244,64,1139,1.148,0.008,98.603,355.601,0,0,12.178,1.71
2019/8/14 6:00,6012,7622,154,1456,1.146,0.008,241.28,572.516,0,0,13.399,1.813
2019/8/14 7:00,5971,7616,285,1360,1.142,0.008,371.711,767.368,0,0,14.803,2.061
2019/8/14 8:00,6087,7598,395,1116,1.137,0.007,501.768,926.836,0,0,16.39,2.263
2019/8/14 9:00,6128,7645,482,1035,1.133,0.007,633.114,1039.998,0,0,17.867,2.34
2019/8/14 10:00,5847,7473,591,1035,1.129,0.007,740.672,1099.127,0,0,19.094,2.31
2019/8/14 11:00,5795,7406,634,977,1.126,0.007,801.056,1100.311,0,0,20.069,2.253
2019/8/14 12:00,5648,7339,608,1083,1.123,0.007,762.958,1043.306,0,0,20.575,2.174
2019/8/14 13:00,5722,7283,556,1005,1.122,0.007,673.029,931.947,0,0,20.675,2.109
2019/8/14 14:00,5669,7111,442,1000,1.121,0.007,537.182,773.901,0,0,20.396,2.043
2019/8/14 15:00,6033,7179,327,819,1.122,0.007,363.829,579.819,0,0,19.741,1.939
2019/8/14 16:00,6321,7190,207,662,1.123,0.007,192.086,363.037,0,0,18.674,1.613
2019/8/14 17:00,6381,6877,96,400,1.126,0.008,58.676,138.219,0,0,16.477,0.831
2019/8/14 18:00,6337,6761,28,396,1.129,0.007,0.966,3.213,0,0,14.323,0.83
2019/8/14 19:00,5910,6438,3,525,1.133,0.007,0,0,0,0,13.514,0.861
2019/8/14 20:00,5599,6088,0,489,1.135,0.007,0,0,0,0,12.734,0.893
2019/8/14 21:00,5285,5602,0,317,1.138,0.007,0,0,0,0,12.007,0.911
2019/8/14 22:00,5066,5298,0,232,1.14,0.007,0,0,0,0,11.437,0.939
2019/8/14 23:00,4820,4958,0,138,1.141,0.007,0,0,0,0,10.925,0.961
2019/8/15 0:00,4769,4852,0,83,1.142,0.007,0,0,0,0,10.449,0.968
2019/8/15 1:00,4653,4728,0,75,1.143,0.006,0,0,0,0,10.056,0.967
2019/8/15 2:00,4582,4667,0,85,1.144,0.006,0,0,0,0,9.711,0.961
2019/8/15 3:00,4674,4774,16,84,1.145,0.006,0.426,1.827,0,0,9.336,0.932
2019/8/15 4:00,4757,4876,50,69,1.146,0.007,60.124,126.847,0,0,10.157,0.851
2019/8/15 5:00,5154,5325,136,35,1.145,0.007,211.013,350.804,0,0,13.056,1.055
2019/8/15 6:00,5348,5603,250,5,1.136,0.007,377.251,568.122,0,0,16.066,0.678
2019/8/15 7:00,5367,5793,422,4,1.128,0.007,529.409,763.294,0,0,18.529,0.537
2019/8/15 8:00,5346,5900,550,4,1.123,0.007,642.829,922.949,0,0,20.021,0.731
2019/8/15 9:00,5358,5999,630,11,1.12,0.007,705.75,1036.389,0,0,21.028,0.885
2019/8/15 10:00,5090,5833,711,32,1.117,0.007,722.835,1095.638,0,0,21.674,1.016
2019/8/15 11:00,4884,5660,730,46,1.115,0.007,693.683,1096.796,0,0,22.04,1.163
2019/8/15 12:00,4893,5624,674,57,1.114,0.007,624.902,1039.581,0,0,22.126,1.267
2019/8/15 13:00,5027,5676,593,56,1.113,0.007,513.824,928.1,0,0,21.851,1.288
2019/8/15 14:00,5254,5767,466,47,1.114,0.007,373.012,769.759,0,0,21.245,1.212
2019/8/15 15:00,5534,5949,338,77,1.115,0.008,234.491,575.368,0,0,20.47,1.081
2019/8/15 16:00,5718,6040,210,112,1.116,0.008,122.275,358.21,0,0,19.529,0.883
2019/8/15 17:00,5603,5931,97,231,1.118,0.009,36.546,133.008,0,0,17.725,0.661
2019/8/15 18:00,5614,5987,24,349,1.121,0.009,0.34,2.601,0,0,16.066,0.709
2019/8/15 19:00,5206,5784,0,578,1.124,0.009,0,0,0,0,15.394,0.782
2019/8/15 20:00,5098,5609,0,511,1.127,0.009,0,0,0,0,14.807,0.861
2019/8/15 21:00,4729,5224,0,495,1.13,0.009,0,0,0,0,14.285,0.942
2019/8/15 22:00,4409,5013,0,604,1.132,0.009,0,0,0,0,14.045,1.022
2019/8/15 23:00,3909,4818,0,909,1.133,0.009,0,0,0,0,13.728,1.032
2019/8/16 0:00,3843,4730,0,887,1.135,0.009,0,0,0,0,13.411,1.05
2019/8/16 1:00,3724,4606,0,882,1.137,0.009,0,0,0,0,13.145,1.111
2019/8/16 2:00,3847,4682,0,835,1.138,0.009,0,0,0,0,12.914,1.184
2019/8/16 3:00,4262,5136,8,866,1.14,0.009,0.241,1.327,0,0,12.647,1.194
2019/8/16 4:00,5019,5990,29,942,1.142,0.009,30.792,121.753,0,0,12.82,1.417
2019/8/16 5:00,5716,6750,88,946,1.142,0.009,116.627,345.908,0,0,13.756,1.722
2019/8/16 6:00,6188,7162,171,803,1.139,0.009,240.876,563.61,0,0,15.015,2.034
2019/8/16 7:00,5988,7357,283,1086,1.135,0.009,373.08,759.076,0,0,16.339,2.149
2019/8/16 8:00,5946,7420,388,1086,1.131,0.009,511.18,919.083,0,0,17.772,2.129
2019/8/16 9:00,6013,7422,479,930,1.128,0.008,604.455,1032.626,0,0,19.06,2.064
2019/8/16 10:00,5906,7185,598,681,1.125,0.008,660.799,1092.056,0,0,19.985,2.014
2019/8/16 11:00,5651,7017,648,718,1.122,0.008,670.154,1093.186,0,0,20.593,1.942
2019/8/16 12:00,5335,6844,618,891,1.12,0.008,626.872,1035.918,0,0,20.881,1.866
2019/8/16 13:00,5213,6757,550,994,1.119,0.008,553.112,924.154,0,0,20.923,1.822
2019/8/16 14:00,5099,6702,448,1155,1.119,0.008,428.136,765.582,0,0,20.626,1.744
2019/8/16 15:00,5679,6772,348,745,1.119,0.008,303.753,570.86,0,0,20.166,1.636
2019/8/16 16:00,6041,6824,226,557,1.12,0.008,157.342,353.293,0,0,19.321,1.327
2019/8/16 17:00,5993,6594,104,497,1.122,0.009,45.002,127.748,0,0,17.326,0.676
2019/8/16 18:00,6214,6512,28,270,1.125,0.009,0.55,2.091,0,0,15.599,0.712
2019/8/16 19:00,6036,6188,1,151,1.128,0.008,0,0,0,0,14.869,0.744
2019/8/16 20:00,5908,5943,0,35,1.13,0.008,0,0,0,0,14.069,0.802
2019/8/16 21:00,5531,5544,0,13,1.131,0.008,0,0,0,0,13.327,0.84
2019/8/16 22:00,5242,5272,0,30,1.133,0.008,0,0,0,0,12.689,0.831
2019/8/16 23:00,4902,4939,0,37,1.133,0.008,0,0,0,0,12.234,0.807
2019/8/17 0:00,4788,4807,0,19,1.134,0.008,0,0,0,0,11.945,0.793
2019/8/17 1:00,4584,4597,0,13,1.135,0.008,0,0,0,0,11.749,0.779
2019/8/17 2:00,4595,4611,0,16,1.136,0.008,0,0,0,0,11.723,0.744
2019/8/17 3:00,4862,4882,11,9,1.137,0.008,0.165,0.918,0,0,11.779,0.634
2019/8/17 4:00,5144,5190,42,4,1.139,0.008,34.868,116.621,0,0,12.228,0.46
2019/8/17 5:00,5590,5723,123,10,1.14,0.008,133.366,340.93,0,0,13.918,0.622
2019/8/17 6:00,5837,6081,227,17,1.134,0.008,261.727,558.949,0,0,16.104,1.019
2019/8/17 7:00,5922,6361,371,68,1.126,0.008,400.234,754.821,0,0,18.477,1.361
2019/8/17 8:00,5810,6443,478,155,1.119,0.008,520.879,915.108,0,0,20.547,1.508
2019/8/17 9:00,5813,6518,554,151,1.114,0.008,605.713,1028.909,0,0,22.057,1.589
2019/8/17 10:00,5564,6375,644,167,1.11,0.008,720.265,1088.3,0,0,23.378,1.584
2019/8/17 11:00,5353,6187,694,140,1.106,0.008,748.924,1089.417,0,0,24.328,1.488
2019/8/17 12:00,5331,6087,674,82,1.103,0.008,705.658,1032.149,0,0,24.893,1.318
2019/8/17 13:00,5463,6111,610,38,1.101,0.008,588.998,920.19,0,0,24.97,1.109
2019/8/17 14:00,5648,6162,473,41,1.101,0.008,409.303,761.314,0,0,24.527,0.938
2019/8/17 15:00,5939,6310,336,35,1.101,0.009,225.561,566.232,0,0,23.709,0.809
2019/8/17 16:00,6094,6337,204,39,1.103,0.01,99.701,348.309,0,0,22.404,0.525
2019/8/17 17:00,5897,6067,90,80,1.105,0.01,30.941,122.471,0,0,20.683,0.488
2019/8/17 18:00,5818,6042,22,202,1.108,0.009,0.246,1.664,0,0,19.142,0.671
2019/8/17 19:00,5430,5764,0,334,1.11,0.009,0,0,0,0,18.419,0.726
2019/8/17 20:00,5076,5644,0,568,1.112,0.009,0,0,0,0,17.814,0.779
2019/8/17 21:00,4749,5198,0,449,1.113,0.009,0,0,0,0,17.395,0.824
2019/8/17 22:00,4704,4975,0,271,1.114,0.009,0,0,0,0,16.905,0.819
2019/8/17 23:00,4443,4644,0,201,1.115,0.009,0,0,0,0,16.504,0.776
2019/8/18 0:00,4371,4582,0,211,1.115,0.009,0,0,0,0,16.216,0.756
2019/8/18 1:00,4302,4431,0,129,1.116,0.009,0,0,0,0,15.899,0.764
2019/8/18 2:00,4304,4394,0,90,1.116,0.009,0,0,0,0,15.675,0.762
2019/8/18 3:00,4477,4517,7,33,1.116,0.009,0.069,0.596,0,0,15.538,0.754
2019/8/18 4:00,4552,4655,28,75,1.117,0.009,31.687,111.492,0,0,15.921,0.673
2019/8/18 5:00,4928,5101,105,68,1.117,0.01,145.692,335.904,0,0,18.244,0.772
2019/8/18 6:00,5105,5405,220,80,1.113,0.01,295.727,554.348,0,0,20.391,0.897
2019/8/18 7:00,5212,5658,384,62,1.104,0.01,473.005,750.533,0,0,23.22,1.153
2019/8/18 8:00,5184,5785,516,85,1.096,0.01,657.641,911.071,0,0,25.968,1.364
2019/8/18 9:00,5057,5868,627,184,1.09,0.01,781.079,1024.992,0,0,27.873,1.395
2019/8/18 10:00,4649,5656,762,245,1.086,0.01,834.977,1084.651,0,0,29.082,1.343
2019/8/18 11:00,4439,5564,826,299,1.083,0.01,835.638,1085.716,0,0,29.888,1.323
2019/8/18 12:00,4343,5501,789,369,1.08,0.01,784.692,1028.254,0,0,30.348,1.331
2019/8/18 13:00,4343,5510,701,466,1.079,0.01,680.572,916.139,0,0,30.64,1.319
2019/8/18 14:00,4358,5608,551,699,1.078,0.011,532.577,756.958,0,0,30.51,1.277
2019/8/18 15:00,4538,5879,403,938,1.078,0.011,363.824,561.543,0,0,29.766,1.271
2019/8/18 16:00,4769,6081,248,1064,1.08,0.011,196.722,343.268,0,0,28.036,1.179
2019/8/18 17:00,4715,6028,106,1207,1.084,0.012,50.441,117.198,0,0,24.503,0.986
2019/8/18 18:00,4593,6174,24,1557,1.089,0.011,0.3,1.307,0,0,22.027,1.29
2019/8/18 19:00,4272,6031,0,1759,1.095,0.011,0,0,0,0,20.892,1.355
2019/8/18 20:00,4318,5872,0,1554,1.1,0.011,0,0,0,0,19.928,1.273
2019/8/18 21:00,4006,5462,0,1456,1.103,0.011,0,0,0,0,19.026,1.107
2019/8/18 22:00,3856,5274,0,1418,1.105,0.011,0,0,0,0,18.205,0.957
2019/8/18 23:00,3654,5047,0,1393,1.107,0.011,0,0,0,0,17.494,0.889
2019/8/19 0:00,3649,4994,0,1345,1.109,0.011,0,0,0,0,16.891,0.87
2019/8/19 1:00,3614,4863,0,1249,1.112,0.011,0,0,0,0,16.323,0.854
2019/8/19 2:00,3711,4999,0,1288,1.114,0.011,0,0,0,0,15.839,0.87
2019/8/19 3:00,4549,5629,10,1070,1.117,0.011,0.071,0.357,0,0,15.307,0.835
2019/8/19 4:00,6158,6657,40,459,1.121,0.011,47.11,106.338,0,0,15.862,0.814
2019/8/19 5:00,7136,7585,127,322,1.121,0.011,184.642,330.813,0,0,18.019,1.078
2019/8/19 6:00,7267,8112,240,605,1.115,0.011,348.396,549.586,0,0,20.389,1.434
2019/8/19 7:00,6758,8267,386,1123,1.109,0.011,497.787,746.096,0,0,22.486,1.688
2019/8/19 8:00,6545,8319,490,1284,1.105,0.011,620.705,906.908,0,0,24.092,1.74
2019/8/19 9:00,6999,8453,564,890,1.103,0.011,709.899,1021.048,0,0,25.216,1.656
2019/8/19 10:00,7105,8288,645,538,1.1,0.011,741.797,1080.748,0,0,26.019,1.533
2019/8/19 11:00,7296,8246,668,282,1.099,0.011,715.124,1081.855,0,0,26.415,1.457
2019/8/19 12:00,7417,8190,629,144,1.098,0.011,635.457,1024.317,0,0,26.376,1.387
2019/8/19 13:00,7537,8171,556,78,1.098,0.011,530.173,912.031,0,0,26.083,1.287
2019/8/19 14:00,7616,8090,431,43,1.099,0.011,399.871,752.538,0,0,25.589,1.151
2019/8/19 15:00,7701,8054,311,42,1.1,0.011,259.996,556.812,0,0,24.89,0.986
2019/8/19 16:00,7800,8050,188,62,1.101,0.012,131.621,338.147,0,0,23.82,0.765
2019/8/19 17:00,7561,7749,79,109,1.104,0.013,29.703,111.942,0,0,21.794,0.548
2019/8/19 18:00,7185,7580,18,377,1.108,0.012,0.142,1.012,0,0,20.161,0.713
2019/8/19 19:00,6418,7028,0,610,1.113,0.012,0,0,0,0,19.283,0.901
2019/8/19 20:00,5739,6602,0,863,1.117,0.012,0,0,0,0,18.429,1.005
2019/8/19 21:00,5192,6077,0,885,1.12,0.012,0,0,0,0,17.743,1.061
2019/8/19 22:00,5039,5793,0,754,1.122,0.012,0,0,0,0,17.263,1.051
2019/8/19 23:00,5030,5498,0,468,1.124,0.012,0,0,0,0,16.873,1.059
2019/8/20 0:00,4947,5382,0,435,1.126,0.012,0,0,0,0,16.586,1.173
2019/8/20 1:00,4754,5277,0,523,1.127,0.011,0,0,0,0,16.344,1.251
2019/8/20 2:00,4789,5365,0,576,1.128,0.011,0,0,0,0,16.153,1.227
2019/8/20 3:00,5370,5958,7,581,1.129,0.011,0.02,0.189,0,0,15.999,1.057
2019/8/20 4:00,6327,6902,32,543,1.13,0.011,30.926,101.222,0,0,16.047,0.985
2019/8/20 5:00,7332,7815,104,379,1.129,0.012,141.591,325.627,0,0,17.322,1.17
2019/8/20 6:00,7733,8213,196,284,1.124,0.012,284.213,544.793,0,0,19.514,1.293
2019/8/20 7:00,7868,8325,312,145,1.117,0.012,428.607,741.597,0,0,21.693,1.266
2019/8/20 8:00,7911,8374,394,69,1.111,0.012,542.031,902.691,0,0,23.38,1.068
2019/8/20 9:00,8046,8517,451,20,1.107,0.012,640.187,1017.009,0,0,24.703,0.938
2019/8/20 10:00,7806,8327,512,9,1.103,0.012,669.99,1076.775,0,0,25.595,1.084
2019/8/20 11:00,7759,8307,542,6,1.1,0.012,639.725,1077.955,0,0,26.122,1.247
2019/8/20 12:00,7751,8290,521,18,1.098,0.012,565.328,1020.242,0,0,26.265,1.365
2019/8/20 13:00,7725,8248,463,60,1.097,0.012,483.684,907.79,0,0,26.173,1.411
2019/8/20 14:00,7774,8216,352,90,1.097,0.012,375.51,748.078,0,0,25.829,1.447
2019/8/20 15:00,7827,8242,245,170,1.098,0.012,262.015,552.019,0,0,25.291,1.498
2019/8/20 16:00,7794,8161,146,221,1.099,0.013,128.149,332.959,0,0,24.166,1.375
2019/8/20 17:00,7439,7866,60,367,1.103,0.013,26.527,106.716,0,0,21.989,1.024
2019/8/20 18:00,7087,7624,14,523,1.107,0.012,0.032,0.774,0,0,20.464,1.171
2019/8/20 19:00,6537,7133,0,596,1.112,0.012,0,0,0,0,19.654,1.276
2019/8/20 20:00,6156,6786,0,630,1.116,0.012,0,0,0,0,18.877,1.264
2019/8/20 21:00,5408,6238,0,830,1.12,0.011,0,0,0,0,18.088,1.232
2019/8/20 22:00,4706,5954,0,1248,1.124,0.011,0,0,0,0,17.358,1.341
2019/8/20 23:00,3860,5674,0,1814,1.129,0.011,0,0,0,0,16.602,1.892
2019/8/21 0:00,3400,5568,0,2168,1.135,0.011,0,0,0,0,15.599,2.459
2019/8/21 1:00,3138,5463,0,2325,1.141,0.01,0,0,0,0,14.649,2.642
2019/8/21 2:00,2982,5537,0,2555,1.145,0.009,0,0,0,0,14.077,2.802
2019/8/21 3:00,3496,6011,0,2515,1.149,0.009,0.013,0.081,0,0,13.516,2.78
2019/8/21 4:00,4538,6937,10,2389,1.151,0.009,24.605,96.117,0,0,13.227,2.744
2019/8/21 5:00,5493,7835,60,2282,1.152,0.009,99.728,320.413,0,0,13.589,2.85
2019/8/21 6:00,5888,8247,124,2235,1.151,0.009,194.493,539.889,0,0,14.379,2.93
2019/8/21 7:00,6142,8396,201,2053,1.148,0.009,291.599,737.059,0,0,15.443,2.888
2019/8/21 8:00,6279,8467,264,1924,1.145,0.008,361.546,898.431,0,0,16.465,2.807
2019/8/21 9:00,6416,8613,324,1873,1.143,0.008,390.778,1012.963,0,0,17.216,2.675
2019/8/21 10:00,6307,8396,399,1690,1.141,0.008,398.429,1072.786,0,0,17.75,2.525
2019/8/21 11:00,6274,8312,448,1590,1.139,0.008,390.478,1073.98,0,0,18.173,2.395
2019/8/21 12:00,6243,8134,449,1442,1.137,0.008,369.425,1016.213,0,0,18.467,2.292
2019/8/21 13:00,6179,8035,419,1437,1.135,0.009,341.397,903.501,0,0,18.66,2.229
2019/8/21 14:00,6157,7931,343,1431,1.134,0.009,298.665,743.538,0,0,18.707,2.174
2019/8/21 15:00,6396,7901,262,1243,1.134,0.009,215.978,547.118,0,0,18.392,2.09
2019/8/21 16:00,6698,7897,166,1033,1.136,0.009,112.577,327.697,0,0,17.587,1.853
2019/8/21 17:00,6577,7517,72,868,1.138,0.009,26.038,101.525,0,0,16.181,1.25
2019/8/21 18:00,6357,7449,17,1075,1.142,0.009,0.065,0.584,0,0,14.86,1.052
2019/8/21 19:00,5862,6942,0,1080,1.145,0.009,0,0,0,0.001,14.229,1.082
2019/8/21 20:00,5507,6583,0,1076,1.147,0.009,0,0,0,0.001,13.724,1.108
2019/8/21 21:00,4855,6090,0,1235,1.149,0.009,0,0,0,0,13.348,1.098
2019/8/21 22:00,4526,5842,0,1316,1.15,0.009,0,0,0,0,13.079,1.138
2019/8/21 23:00,4211,5512,0,1301,1.151,0.009,0,0,0,0,12.83,1.272
2019/8/22 0:00,4223,5395,0,1172,1.151,0.009,0,0,0,0,12.584,1.294
2019/8/22 1:00,4175,5258,0,1083,1.152,0.008,0,0,0,0,12.408,1.294
2019/8/22 2:00,4421,5342,0,921,1.152,0.008,0,0,0,0,12.201,1.303
2019/8/22 3:00,5077,5891,3,811,1.154,0.008,0.004,0.025,0,0,11.86,1.297
2019/8/22 4:00,6245,6834,30,559,1.155,0.008,27.092,91.064,0,0,11.987,1.359
2019/8/22 5:00,7259,7717,105,353,1.154,0.009,105.215,315.068,0,0,13.044,1.536
2019/8/22 6:00,7639,8091,217,235,1.149,0.009,222.749,534.936,0,0,14.672,1.542
2019/8/22 7:00,7687,8219,367,165,1.143,0.009,379.646,732.477,0,0,16.829,1.42
2019/8/22 8:00,7675,8245,485,85,1.137,0.009,504.261,894.112,0,0,18.788,1.287
2019/8/22 9:00,7754,8344,573,17,1.132,0.009,606.568,1008.79,0,0,20.239,1.185
2019/8/22 10:00,7450,8131,673,8,1.127,0.009,661.083,1068.709,0,0,21.362,1.087
2019/8/22 11:00,7400,8119,708,11,1.123,0.009,627.714,1069.902,0,0,22.103,1.042
2019/8/22 12:00,7364,8041,668,9,1.121,0.01,530.265,1012.018,0,0,22.282,1.012
2019/8/22 13:00,7382,7989,593,14,1.121,0.01,392.616,899.161,0,0,21.972,0.989
2019/8/22 14:00,7393,7876,464,19,1.121,0.01,287.15,738.886,0,0,21.419,1.04
2019/8/22 15:00,7517,7872,339,16,1.123,0.01,184.763,542.182,0,0,20.665,1.031
2019/8/22 16:00,7609,7839,205,25,1.125,0.01,91.821,322.376,0,0,19.585,0.914
2019/8/22 17:00,7486,7606,85,35,1.129,0.011,21.972,96.385,0,0,17.873,0.874
2019/8/22 18:00,7387,7508,18,103,1.134,0.01,0.088,0.435,0,0,16.365,1.065
2019/8/22 19:00,6858,7043,0,185,1.137,0.01,0,0,0,0,15.66,1.127
2019/8/22 20:00,6473,6701,0,228,1.139,0.01,0,0,0,0,15.233,1.078
2019/8/22 21:00,5943,6190,0,247,1.14,0.01,0,0,0,0,15,0.979
2019/8/22 22:00,5635,5872,0,237,1.14,0.01,0,0,0,0,14.841,0.852
2019/8/22 23:00,5242,5476,0,234,1.14,0.01,0,0,0,0,14.649,0.744
2019/8/23 0:00,5158,5333,0,175,1.14,0.01,0,0,0,0,14.387,0.717
2019/8/23 1:00,5028,5204,0,176,1.14,0.01,0,0,0,0,14.112,0.737
2019/8/23 2:00,5094,5323,0,229,1.141,0.01,0,0,0,0,13.872,0.764
2019/8/23 3:00,5595,5890,3,292,1.142,0.01,0,0.004,0,0,13.539,0.774
2019/8/23 4:00,6595,6871,22,254,1.144,0.01,26.058,86.065,0,0,13.63,0.88
2019/8/23 5:00,7445,7784,86,253,1.145,0.01,131.544,309.696,0,0,15.098,1.141
2019/8/23 6:00,7868,8195,190,137,1.139,0.01,274.24,529.93,0,0,17.221,1.206
2019/8/23 7:00,7928,8376,326,122,1.131,0.01,411.127,727.785,0,0,19.491,1.317
2019/8/23 8:00,7906,8424,426,92,1.126,0.01,523.468,889.652,0,0,21.265,1.3
2019/8/23 9:00,7940,8495,494,61,1.121,0.011,595.236,1004.561,0,0,22.554,1.188
2019/8/23 10:00,7587,8193,569,37,1.118,0.011,614.861,1064.67,0,0,23.434,1.024
2019/8/23 11:00,7353,7945,574,18,1.115,0.011,567.162,1065.684,0,0,23.921,0.882
2019/8/23 12:00,7297,7827,518,12,1.113,0.011,492.633,1007.806,0,0,24.015,0.863
2019/8/23 13:00,7310,7767,446,11,1.112,0.012,376.195,894.729,0,0,23.775,0.935
2019/8/23 14:00,7404,7750,341,5,1.112,0.012,256.291,734.206,0,0,23.263,0.993
2019/8/23 15:00,7567,7819,243,9,1.113,0.012,154.545,537.178,0,0,22.612,0.992
2019/8/23 16:00,7554,7720,146,20,1.114,0.012,74.073,316.984,0,0,21.662,0.751
2019/8/23 17:00,7282,7385,60,43,1.115,0.012,16.339,91.317,0,0,19.976,0.565
2019/8/23 18:00,7176,7238,13,49,1.117,0.012,0.046,0.318,0,0,18.927,0.642
2019/8/23 19:00,6735,6770,0,35,1.119,0.012,0,0,0,0,18.416,0.663
2019/8/23 20:00,6392,6452,0,60,1.121,0.011,0,0,0,0,17.94,0.67
2019/8/23 21:00,5909,5987,0,78,1.122,0.011,0,0,0,0,17.583,0.667
2019/8/23 22:00,5623,5700,0,77,1.123,0.011,0,0,0,0,17.337,0.649
2019/8/23 23:00,5244,5335,0,91,1.124,0.011,0,0,0,0,17.109,0.635
2019/8/24 0:00,5085,5209,0,124,1.124,0.011,0,0,0,0,16.868,0.631
2019/8/24 1:00,4883,5079,0,196,1.125,0.011,0,0,0,0,16.593,0.644
2019/8/24 2:00,4860,5067,0,207,1.126,0.011,0,0,0,0,16.295,0.661
2019/8/24 3:00,5074,5311,0,237,1.127,0.011,0,0.001,0,0,15.965,0.658
2019/8/24 4:00,5353,5640,25,262,1.129,0.011,19.418,81.156,0,0,15.984,0.649
2019/8/24 5:00,5892,6166,103,171,1.129,0.012,102.488,304.268,0,0,17.447,0.877
2019/8/24 6:00,6259,6558,222,77,1.126,0.012,229.952,524.866,0,0,19.152,1.051
2019/8/24 7:00,6468,6882,375,39,1.119,0.012,371.589,723.017,0,0,21.437,1.255
2019/8/24 8:00,6452,6966,481,33,1.113,0.012,468.205,885.16,0,0,23.227,1.406
2019/8/24 9:00,6416,7035,551,68,1.109,0.012,510.581,1000.257,0,0,24.313,1.474
2019/8/24 10:00,6074,6822,624,124,1.106,0.012,501.164,1060.352,0,0,24.897,1.52
2019/8/24 11:00,5842,6645,646,157,1.104,0.012,466.338,1061.541,0,0,25.162,1.548
2019/8/24 12:00,5785,6584,598,201,1.103,0.012,394.981,1003.441,0,0,25.223,1.54
2019/8/24 13:00,5859,6600,520,221,1.102,0.012,310.843,890.243,0,0,25.122,1.472
2019/8/24 14:00,6035,6637,402,200,1.102,0.013,212.987,729.458,0,0,24.678,1.31
2019/8/24 15:00,6273,6751,278,200,1.103,0.013,128.599,532.073,0,0,23.82,1.008
2019/8/24 16:00,6260,6604,163,181,1.105,0.014,63.095,311.53,0,0,22.444,0.639
2019/8/24 17:00,6034,6295,69,192,1.107,0.013,13.732,86.322,0,0,20.87,0.613
2019/8/24 18:00,6107,6299,16,176,1.11,0.013,0.036,0.226,0,0,19.964,0.664
2019/8/24 19:00,5460,5946,0,486,1.112,0.012,0,0,0,0,19.471,0.648
2019/8/24 20:00,4860,5862,0,1002,1.114,0.012,0,0,0,0,19.011,0.623
2019/8/24 21:00,4720,5494,0,774,1.116,0.012,0,0,0,0,18.578,0.601
2019/8/24 22:00,4734,5157,0,423,1.118,0.012,0,0,0,0,18.075,0.597
2019/8/24 23:00,4484,4802,0,318,1.12,0.012,0,0,0,0,17.58,0.597
2019/8/25 0:00,4209,4712,0,503,1.122,0.012,0,0,0,0,17.123,0.576
2019/8/25 1:00,4183,4512,0,329,1.124,0.011,0,0,0,0,16.777,0.537
2019/8/25 2:00,4080,4507,0,427,1.126,0.011,0,0,0,0,16.478,0.498
2019/8/25 3:00,4309,4627,0,318,1.128,0.011,0,0,0,0,16.114,0.517
2019/8/25 4:00,4412,4877,27,438,1.13,0.011,18.307,76.351,0,0,15.958,0.656
2019/8/25 5:00,4667,5349,112,570,1.13,0.012,103.322,298.772,0,0,16.978,0.973
2019/8/25 6:00,5111,5638,244,283,1.127,0.012,231.745,519.743,0,0,18.482,1.039
2019/8/25 7:00,5336,5894,416,142,1.12,0.012,374.078,718.202,0,0,20.656,1.135
2019/8/25 8:00,5524,6092,530,38,1.115,0.012,507.942,880.588,0,0,22.584,1.32
2019/8/25 9:00,5582,6222,605,35,1.11,0.012,576.216,995.825,0,0,23.824,1.454
2019/8/25 10:00,5313,6043,682,48,1.108,0.012,596.676,1056.063,0,0,24.56,1.47
2019/8/25 11:00,5197,5956,682,77,1.106,0.012,566.951,1057.165,0,0,24.808,1.432
2019/8/25 12:00,5159,5796,607,30,1.105,0.012,487.56,999.083,0,0,24.735,1.361
2019/8/25 13:00,5297,5829,515,17,1.105,0.012,390.729,885.625,0,0,24.414,1.283
2019/8/25 14:00,5444,5843,389,10,1.106,0.012,279.915,724.591,0,0,23.779,1.186
2019/8/25 15:00,5742,6028,264,22,1.107,0.012,172.906,526.912,0,0,23.064,0.978
2019/8/25 16:00,5998,6186,158,30,1.108,0.013,83.445,306.042,0,0,22.044,0.71
2019/8/25 17:00,6043,6186,72,71,1.111,0.013,17.298,81.421,0,0,20.479,0.54
2019/8/25 18:00,6202,6324,18,104,1.113,0.012,0.03,0.155,0,0,19.665,0.601
2019/8/25 19:00,5939,6030,0,91,1.115,0.012,0,0,0,0,19.257,0.572
2019/8/25 20:00,5875,5967,0,92,1.117,0.012,0,0,0,0,18.847,0.539
2019/8/25 21:00,5476,5598,0,122,1.118,0.011,0,0,0,0,18.358,0.502
2019/8/25 22:00,5379,5419,0,40,1.12,0.011,0,0,0,0,17.86,0.51
2019/8/25 23:00,5101,5139,0,38,1.121,0.011,0,0,0,0,17.406,0.553
2019/8/26 0:00,5020,5079,0,59,1.122,0.011,0,0,0,0,16.98,0.577
2019/8/26 1:00,4914,4984,0,70,1.123,0.011,0,0,0,0,16.631,0.595
2019/8/26 2:00,5038,5091,0,53,1.125,0.011,0,0,0,0,16.304,0.595
2019/8/26 3:00,5665,5788,0,123,1.126,0.011,0,0,0,0,15.953,0.582
2019/8/26 4:00,6670,6771,20,81,1.128,0.011,21.202,71.662,0,0,15.89,0.537
2019/8/26 5:00,7587,7706,88,31,1.128,0.012,120.681,293.221,0,0,17.462,0.659
2019/8/26 6:00,7851,8166,203,112,1.123,0.012,261.614,514.536,0,0,19.821,0.702
2019/8/26 7:00,7921,8346,352,73,1.116,0.012,402.856,713.269,0,0,22.451,0.877
2019/8/26 8:00,7730,8356,458,168,1.111,0.012,484.413,875.916,0,0,23.87,1.049
2019/8/26 9:00,7722,8537,532,283,1.108,0.011,539.689,991.354,0,0,24.814,1.23
2019/8/26 10:00,7492,8258,613,153,1.106,0.011,563.912,1051.825,0,0,25.532,1.387
2019/8/26 11:00,7449,8190,644,97,1.104,0.011,522.546,1052.764,0,0,25.738,1.494
2019/8/26 12:00,7428,8109,609,72,1.104,0.011,443.928,994.626,0,0,25.59,1.538
2019/8/26 13:00,7412,8107,543,152,1.104,0.011,358.589,880.96,0,0,25.206,1.524
2019/8/26 14:00,7305,7950,419,226,1.104,0.011,273.002,719.685,0,0,24.681,1.488
2019/8/26 15:00,7507,7975,289,179,1.104,0.012,179.276,521.685,0,0,23.968,1.38
2019/8/26 16:00,7599,7895,178,118,1.106,0.012,93.026,300.479,0,0,22.744,1.047
2019/8/26 17:00,7400,7593,86,107,1.108,0.012,19.259,76.615,0,0,20.772,0.734
2019/8/26 18:00,7304,7446,22,120,1.111,0.012,0.02,0.101,0,0,19.678,0.804
2019/8/26 19:00,6809,6966,0,157,1.113,0.012,0,0,0,0,19.129,0.781
2019/8/26 20:00,6415,6557,0,142,1.115,0.012,0,0,0,0,18.598,0.759
2019/8/26 21:00,5986,6084,0,98,1.117,0.011,0,0,0,0,18.002,0.75
2019/8/26 22:00,5706,5794,0,88,1.119,0.011,0,0,0,0,17.407,0.722
2019/8/26 23:00,5378,5526,0,148,1.121,0.011,0,0,0,0,16.865,0.693
2019/8/27 0:00,5175,5404,0,229,1.122,0.011,0,0,0,0,16.393,0.671
2019/8/27 1:00,5095,5337,0,242,1.124,0.011,0,0,0,0,15.99,0.65
2019/8/27 2:00,5253,5449,0,196,1.125,0.011,0,0,0,0,15.682,0.641
2019/8/27 3:00,5841,6042,0,201,1.127,0.011,0,0,0,0,15.406,0.633
2019/8/27 4:00,6799,6951,20,132,1.128,0.011,21.261,67.096,0,0,15.505,0.625
2019/8/27 5:00,7633,7798,91,74,1.127,0.012,131.889,287.591,0,0,17.273,0.836
2019/8/27 6:00,7915,8199,208,76,1.121,0.012,300.214,509.254,0,0,19.849,1.018
2019/8/27 7:00,7891,8331,355,85,1.114,0.012,459.388,708.304,0,0,22.435,1.305
2019/8/27 8:00,7850,8399,466,83,1.108,0.011,564.465,871.191,0,0,24.236,1.466
2019/8/27 9:00,7782,8462,552,128,1.105,0.011,633.207,986.848,0,0,25.38,1.542
2019/8/27 10:00,7399,8215,652,164,1.102,0.011,668.997,1047.336,0,0,26.202,1.57
2019/8/27 11:00,7235,8186,702,249,1.099,0.011,663.327,1048.287,0,0,26.8,1.554
2019/8/27 12:00,7124,8157,678,355,1.098,0.011,624.629,990.052,0,0,27.039,1.517
2019/8/27 13:00,7119,8148,610,419,1.097,0.011,537.083,876.251,0,0,26.83,1.49
2019/8/27 14:00,7170,8078,464,444,1.096,0.011,417.643,714.695,0,0,26.491,1.465
2019/8/27 15:00,7374,8089,310,405,1.097,0.012,278.891,516.404,0,0,25.995,1.381
2019/8/27 16:00,7380,7980,186,414,1.098,0.012,137.11,294.822,0,0,24.746,1.037
2019/8/27 17:00,7067,7742,87,588,1.1,0.012,25.135,71.913,0,0,22.156,0.785
2019/8/27 18:00,6886,7608,22,700,1.103,0.011,0.007,0.061,0,0,20.766,0.928
2019/8/27 19:00,6357,7100,0,743,1.106,0.011,0,0,0,0,20.069,0.96
2019/8/27 20:00,5966,6715,0,749,1.109,0.011,0,0,0,0,19.368,0.95
2019/8/27 21:00,5494,6224,0,730,1.111,0.011,0,0,0,0,18.737,0.917
2019/8/27 22:00,5250,5881,0,631,1.113,0.011,0,0,0,0,18.269,0.88
2019/8/27 23:00,5052,5565,0,513,1.114,0.011,0,0,0,0,17.798,0.847
2019/8/28 0:00,4878,5438,0,560,1.116,0.011,0,0,0,0,17.327,0.832
2019/8/28 1:00,4725,5331,0,606,1.117,0.011,0,0,0,0,16.955,0.829
2019/8/28 2:00,4868,5484,0,616,1.118,0.011,0,0,0,0,16.668,0.825
2019/8/28 3:00,5436,6006,0,570,1.12,0.011,0,0,0,0,16.397,0.815
2019/8/28 4:00,6409,6951,23,519,1.121,0.011,21.384,62.646,0,0,16.477,0.826
2019/8/28 5:00,7275,7791,104,412,1.121,0.011,120.805,281.91,0,0,18.319,1.051
2019/8/28 6:00,7694,8137,232,211,1.117,0.012,241.89,503.858,0,0,20.391,1.157
2019/8/28 7:00,7759,8291,398,134,1.109,0.012,361.298,703.272,0,0,22.844,1.437
2019/8/28 8:00,7848,8519,524,147,1.104,0.011,457.709,866.427,0,0,24.799,1.51
2019/8/28 9:00,7792,8624,621,211,1.099,0.011,511.286,982.239,0,0,26.092,1.543
2019/8/28 10:00,7340,8434,732,362,1.096,0.011,516.553,1042.806,0,0,26.876,1.546
2019/8/28 11:00,7155,8395,778,462,1.094,0.011,494.957,1043.782,0,0,27.318,1.494
2019/8/28 12:00,7146,8373,740,487,1.093,0.011,464.1,985.473,0,0,27.609,1.432
2019/8/28 13:00,7222,8301,656,423,1.091,0.011,416.295,871.492,0,0,27.876,1.381
2019/8/28 14:00,7432,8253,483,338,1.09,0.011,337.488,709.68,0,0,27.794,1.339
2019/8/28 15:00,7588,8165,307,270,1.091,0.011,212.701,511.05,0,0,27.052,1.235
2019/8/28 16:00,7706,8115,189,220,1.092,0.012,90.421,289.132,0,0,25.083,0.768
2019/8/28 17:00,7415,7781,98,268,1.095,0.012,15.594,67.321,0,0,22.751,0.737
2019/8/28 18:00,7331,7716,26,359,1.098,0.011,0.005,0.034,0,0,21.591,0.829
2019/8/28 19:00,6772,7149,0,377,1.101,0.011,0,0,0,0,20.861,0.807
2019/8/28 20:00,6371,6752,0,381,1.104,0.011,0,0,0,0,20.066,0.783
2019/8/28 21:00,5996,6282,0,286,1.106,0.011,0,0,0,0,19.322,0.773
2019/8/28 22:00,5651,5906,0,255,1.108,0.011,0,0,0,0,18.78,0.768
2019/8/28 23:00,5358,5594,0,236,1.109,0.011,0,0,0,0,18.398,0.77
2019/8/29 0:00,5308,5487,0,179,1.111,0.011,0,0,0,0,18.156,0.765
2019/8/29 1:00,5117,5371,0,254,1.112,0.011,0,0,0,0,17.97,0.76
2019/8/29 2:00,5144,5448,0,304,1.113,0.011,0,0,0,0,17.739,0.772
2019/8/29 3:00,5762,6063,0,301,1.115,0.011,0,0,0,0,17.491,0.747
2019/8/29 4:00,6719,6945,22,204,1.117,0.011,18.189,58.323,0,0,17.388,0.642
2019/8/29 5:00,7625,7861,96,140,1.119,0.012,109.917,276.172,0,0,18.767,0.637
2019/8/29 6:00,8004,8289,205,80,1.117,0.012,220.837,498.494,0,0,20.475,0.635
2019/8/29 7:00,8078,8480,337,65,1.11,0.012,321.503,698.191,0,0,22.785,0.673
2019/8/29 8:00,8184,8661,422,55,1.106,0.012,395.079,861.589,0,0,24.361,0.745
2019/8/29 9:00,8316,8838,476,46,1.103,0.012,424.577,977.555,0,0,25.293,0.88
2019/8/29 10:00,8036,8599,533,30,1.101,0.012,442.161,1038.092,0,0,25.886,0.953
2019/8/29 11:00,8036,8635,558,41,1.1,0.012,425.313,1039.25,0,0,26.164,0.965
2019/8/29 12:00,8009,8586,532,45,1.099,0.012,369.361,980.793,0,0,26.098,0.944
2019/8/29 13:00,7947,8483,470,66,1.099,0.012,303.99,866.607,0,0,25.745,0.909
2019/8/29 14:00,7922,8339,346,71,1.1,0.012,220.544,704.565,0,0,25.178,0.813
2019/8/29 15:00,8010,8292,218,64,1.101,0.013,139.713,505.634,0,0,24.364,0.756
2019/8/29 16:00,7805,8124,129,190,1.104,0.013,65.245,283.39,0,0,22.866,0.604
2019/8/29 17:00,7609,7803,66,128,1.107,0.013,11.15,62.841,0,0,21.055,0.632
2019/8/29 18:00,7278,7613,18,317,1.111,0.013,0.003,0.017,0,0,20.052,0.807
2019/8/29 19:00,6268,7139,0,871,1.115,0.013,0,0,0,0,19.371,0.94
2019/8/29 20:00,5421,6781,0,1360,1.118,0.013,0,0,0,0,18.749,1.023
2019/8/29 21:00,4945,6231,0,1286,1.12,0.013,0,0,0,0,18.217,1.092
2019/8/29 22:00,5029,5934,0,905,1.122,0.012,0,0,0,0,17.814,1.152
2019/8/29 23:00,4833,5644,0,811,1.123,0.012,0,0,0,0,17.48,1.2
2019/8/30 0:00,4645,5539,0,894,1.124,0.012,0,0,0,0,17.188,1.21
2019/8/30 1:00,4603,5407,0,804,1.125,0.012,0,0,0,0,16.922,1.211
2019/8/30 2:00,4660,5483,0,823,1.126,0.012,0,0,0,0,16.689,1.211
2019/8/30 3:00,5112,6001,0,889,1.128,0.012,0,0,0,0,16.478,1.188
2019/8/30 4:00,6069,6925,12,844,1.129,0.011,10.735,54.132,0,0,16.425,1.193
2019/8/30 5:00,6877,7817,78,862,1.129,0.012,77.541,270.38,0,0,17.286,1.298
2019/8/30 6:00,7473,8208,183,552,1.127,0.013,170.665,493.024,0,0,18.756,1.379
2019/8/30 7:00,7721,8360,309,330,1.122,0.012,262.146,692.993,0,0,20.541,1.425
2019/8/30 8:00,7809,8436,403,224,1.118,0.012,348.475,856.636,0,0,22.105,1.42
2019/8/30 9:00,7846,8472,482,144,1.114,0.012,421.278,972.793,0,0,23.283,1.366
2019/8/30 10:00,7551,8276,570,155,1.111,0.011,484.469,1033.477,0,0,24.269,1.313
2019/8/30 11:00,7328,8077,593,156,1.108,0.011,508.686,1034.639,0,0,25.014,1.257
2019/8/30 12:00,7277,7952,539,136,1.106,0.011,485.683,976.017,0,0,25.457,1.208
2019/8/30 13:00,7214,7791,452,125,1.104,0.011,425.5,861.648,0,0,25.533,1.182
2019/8/30 14:00,7338,7777,328,111,1.103,0.011,331.07,699.374,0,0,25.244,1.161
2019/8/30 15:00,7511,7814,211,92,1.103,0.011,227.045,500.164,0,0,24.702,1.051
2019/8/30 16:00,7576,7778,130,72,1.104,0.012,111.437,277.561,0,0,23.451,0.695
2019/8/30 17:00,7316,7439,66,57,1.106,0.012,17.888,58.493,0,0,21.124,0.706
2019/8/30 18:00,7204,7317,18,95,1.108,0.011,0.001,0.007,0,0,19.985,0.848
2019/8/30 19:00,6656,6742,0,86,1.111,0.011,0,0,0,0,19.432,0.843
2019/8/30 20:00,6348,6379,0,31,1.113,0.011,0,0,0,0,18.946,0.818
2019/8/30 21:00,5859,5876,0,17,1.114,0.011,0,0,0,0,18.474,0.815
2019/8/30 22:00,5606,5629,0,23,1.115,0.011,0,0,0,0,18.018,0.823
2019/8/30 23:00,5279,5313,0,34,1.116,0.01,0,0,0,0,17.599,0.828
2019/8/31 0:00,5099,5148,0,49,1.117,0.01,0,0,0,0,17.167,0.824
2019/8/31 1:00,4901,4985,0,84,1.119,0.01,0,0,0,0,16.779,0.805
2019/8/31 2:00,4870,4969,0,99,1.12,0.01,0,0,0,0,16.46,0.772
2019/8/31 3:00,5119,5191,0,72,1.121,0.01,0,0,0,0,16.09,0.724
2019/8/31 4:00,5496,5561,20,45,1.123,0.01,17.091,50.082,0,0,15.853,0.643
2019/8/31 5:00,6020,6154,97,37,1.124,0.011,133.161,264.522,0,0,17.706,0.674
2019/8/31 6:00,6357,6590,225,8,1.12,0.011,299.502,487.496,0,0,20.136,0.605
2019/8/31 7:00,6475,6863,384,4,1.111,0.011,464.083,687.747,0,0,23.024,0.887
2019/8/31 8:00,6450,6960,505,5,1.104,0.01,605.209,851.623,0,0,25.09,1.076
2019/8/31 9:00,6422,7038,603,13,1.1,0.01,709.723,967.923,0,0,26.485,1.228
2019/8/31 10:00,6086,6844,713,45,1.096,0.01,759.014,1028.793,0,0,27.476,1.397
2019/8/31 11:00,5807,6643,744,92,1.093,0.01,754.919,1029.849,0,0,28.109,1.543
2019/8/31 12:00,5741,6545,679,125,1.09,0.01,694.407,971.167,0,0,28.349,1.64
2019/8/31 13:00,5790,6539,589,160,1.089,0.01,586.86,856.667,0,0,28.225,1.68
2019/8/31 14:00,5947,6602,436,219,1.089,0.011,439.009,694.141,0,0,27.907,1.661
2019/8/31 15:00,6079,6688,284,325,1.089,0.011,279.456,494.616,0,0,27.024,1.551
2019/8/31 16:00,5968,6597,173,456,1.091,0.012,125.083,271.715,0,0,25.233,1.031
2019/8/31 17:00,5739,6375,88,548,1.093,0.012,16.305,54.267,0,0,22.278,0.787
2019/8/31 18:00,5706,6394,24,664,1.097,0.011,0,0.002,0,0,20.921,0.891
2019/8/31 19:00,5359,5999,0,640,1.1,0.011,0,0,0,0,20.127,0.914
2019/8/31 20:00,5264,5805,0,541,1.103,0.01,0,0,0,0,19.42,0.894
2019/8/31 21:00,4933,5380,0,447,1.105,0.01,0,0,0,0,18.86,0.841
2019/8/31 22:00,4750,5120,0,370,1.107,0.01,0,0,0,0,18.34,0.796
2019/8/31 23:00,4488,4844,0,356,1.108,0.01,0,0,0,0,17.833,0.79
2019/9/1 0:00,4344,4726,0,382,1.109,0.01,0,0,0,0,17.396,0.788
2019/9/1 1:00,4144,4592,0,448,1.11,0.01,0,0,0,0,17.081,0.804
2019/9/1 2:00,4029,4513,0,484,1.111,0.01,0,0,0,0,16.798,0.827
2019/9/1 3:00,4182,4639,0,457,1.112,0.01,0,0,0,0,16.485,0.829
2019/9/1 4:00,4425,4837,23,389,1.113,0.01,16.016,46.163,0,0,16.421,0.812
2019/9/1 5:00,4918,5309,94,297,1.113,0.011,128.065,258.622,0,0,18.562,0.91
2019/9/1 6:00,5186,5630,241,203,1.11,0.011,283.944,481.901,0,0,20.942,1.014
2019/9/1 7:00,5280,5929,492,157,1.101,0.011,433.537,682.477,0,0,23.838,1.304
2019/9/1 8:00,5369,6166,674,123,1.096,0.011,551.118,846.615,0,0,25.62,1.337
2019/9/1 9:00,5404,6320,780,136,1.093,0.011,627.652,963.057,0,0,26.595,1.353
2019/9/1 10:00,5052,6172,897,223,1.091,0.011,646.51,1023.962,0,0,27.08,1.374
2019/9/1 11:00,4929,6046,852,265,1.09,0.011,599.057,1025.017,0,0,27.164,1.368
2019/9/1 12:00,4891,5929,766,272,1.09,0.011,499.189,966.255,0,0,26.846,1.331
2019/9/1 13:00,4936,5934,671,327,1.09,0.011,383.085,851.61,0,0,26.334,1.258
2019/9/1 14:00,5136,6004,458,410,1.091,0.012,254.903,688.796,0,0,25.619,1.121
2019/9/1 15:00,5502,6141,279,360,1.093,0.012,149.565,489.026,0,0,24.592,0.916
2019/9/1 16:00,5768,6189,176,245,1.096,0.013,64.806,265.792,0,0,23.091,0.635
2019/9/1 17:00,5924,6161,96,141,1.099,0.013,8.486,50.18,0,0,21.386,0.612
2019/9/1 18:00,6092,6238,26,120,1.103,0.012,0,0,0,0,20.442,0.683
2019/9/1 19:00,5780,5918,0,138,1.106,0.012,0,0,0,0,19.672,0.815
2019/9/1 20:00,5729,5880,0,151,1.11,0.012,0,0,0,0,18.809,0.998
2019/9/1 21:00,5355,5551,0,196,1.113,0.012,0,0,0,0,18.053,1.061
2019/9/1 22:00,5027,5401,0,374,1.116,0.012,0,0,0,0,17.512,1.077
2019/9/1 23:00,4355,5132,0,777,1.118,0.011,0,0,0,0,17.072,1.116
2019/9/2 0:00,4783,4983,0,200,1.12,0.011,0,0,0,0,16.683,1.171
2019/9/2 1:00,4220,4978,0,758,1.122,0.011,0,0,0,0,16.336,1.245
2019/9/2 2:00,3798,5155,0,1357,1.123,0.011,0,0,0,0,16.023,1.241
2019/9/2 3:00,4533,5826,0,1293,1.125,0.011,0,0,0,0,15.694,1.26
2019/9/2 4:00,5890,6898,10,998,1.127,0.011,8.082,42.394,0,0,15.502,1.281
2019/9/2 5:00,6964,7833,48,821,1.128,0.011,66.983,252.646,0,0.001,16.109,1.536
2019/9/2 6:00,7237,8341,112,992,1.128,0.011,152.706,476.254,0.002,0.002,16.757,1.705
2019/9/2 7:00,7331,8551,190,1030,1.127,0.011,240.982,677.062,0.003,0.002,17.533,1.812
2019/9/2 8:00,7481,8720,250,989,1.126,0.011,312.837,841.433,0.004,0.001,18.155,1.871
2019/9/2 9:00,7906,8851,298,647,1.125,0.011,366.564,958.11,0.004,0.001,18.618,2.033
2019/9/2 10:00,7401,8608,366,841,1.125,0.011,391.582,1019.031,0.004,0,18.884,2.311
2019/9/2 11:00,6798,8578,372,1408,1.125,0.01,374.499,1020.133,0.004,0.002,18.838,2.587
2019/9/2 12:00,6394,8491,359,1738,1.126,0.01,324.135,961.246,0.005,0.002,18.457,2.755
2019/9/2 13:00,6160,8399,330,1909,1.128,0.01,280.357,846.451,0.005,0,17.944,2.816
2019/9/2 14:00,6213,8257,239,1805,1.13,0.01,218.083,683.481,0.005,0.002,17.257,2.781
2019/9/2 15:00,6302,8214,146,1766,1.133,0.01,128.245,483.36,0.006,0.005,16.33,2.566
2019/9/2 16:00,6265,8112,88,1759,1.137,0.01,46.357,259.824,0.013,0.01,15.236,2.129
2019/9/2 17:00,6400,7835,45,1390,1.141,0.01,5.257,46.24,0.024,0.014,14.202,1.689
2019/9/2 18:00,6286,7450,12,1152,1.145,0.009,0,0,0.035,0.01,13.508,1.658
2019/9/2 19:00,5796,6803,0,1007,1.147,0.009,0,0,0.042,0.009,12.945,1.726
2019/9/2 20:00,5509,6423,0,914,1.15,0.009,0,0,0.048,0.008,12.417,1.776
2019/9/2 21:00,4887,5901,0,1014,1.151,0.009,0,0,0.052,0.006,11.966,1.722
2019/9/2 22:00,4465,5552,0,1087,1.153,0.009,0,0,0.054,0.002,11.606,1.635
2019/9/2 23:00,4170,5298,0,1128,1.154,0.008,0,0,0.054,0,11.246,1.561
2019/9/3 0:00,3963,5212,0,1249,1.155,0.008,0,0,0.053,0,10.939,1.506
2019/9/3 1:00,3864,5099,0,1235,1.156,0.008,0,0,0.053,0,10.661,1.464
2019/9/3 2:00,4167,5197,0,1030,1.157,0.008,0,0,0.052,0,10.317,1.377
2019/9/3 3:00,4966,5828,0,862,1.159,0.008,0,0,0.052,0,9.961,1.332
2019/9/3 4:00,6129,6900,17,754,1.16,0.008,10.449,38.771,0.051,0,9.636,1.331
2019/9/3 5:00,6957,7778,64,757,1.161,0.008,113.348,246.644,0.05,0,10.57,1.526
2019/9/3 6:00,7284,8038,184,570,1.157,0.008,297.724,470.557,0.047,0,12.499,1.713
2019/9/3 7:00,7038,8088,431,619,1.15,0.007,489.891,671.675,0.041,0,15.036,1.987
2019/9/3 8:00,6812,8165,591,762,1.144,0.006,638.309,836.215,0.034,0,16.968,2.215
2019/9/3 9:00,6581,8238,676,981,1.14,0.006,741.838,953.013,0.026,0,18.262,2.297
2019/9/3 10:00,5825,8017,752,1440,1.137,0.006,796.676,1014.077,0.019,0,19.122,2.27
2019/9/3 11:00,5795,7948,730,1423,1.134,0.006,797.86,1015.161,0.013,0,19.792,2.207
2019/9/3 12:00,5802,7763,694,1267,1.132,0.006,745.077,956.235,0.01,0,20.173,2.143
2019/9/3 13:00,5962,7667,631,1074,1.13,0.006,642.5,841.228,0.007,0,20.206,2.074
2019/9/3 14:00,6319,7609,449,841,1.13,0.006,499.5,678.035,0.006,0,19.857,1.962
2019/9/3 15:00,6682,7654,303,669,1.13,0.006,329.274,477.654,0.004,0,19.142,1.758
2019/9/3 16:00,6968,7655,212,475,1.132,0.007,151.652,253.797,0.004,0,17.684,1.09
2019/9/3 17:00,7125,7522,116,281,1.134,0.007,18.347,42.442,0.004,0,14.683,0.793
2019/9/3 18:00,7252,7468,30,186,1.137,0.007,0,0,0.004,0,13.58,0.865
2019/9/3 19:00,6727,6846,0,119,1.14,0.007,0,0,0.004,0,12.949,0.849
2019/9/3 20:00,6366,6432,0,66,1.142,0.006,0,0,0.004,0,12.323,0.825
2019/9/3 21:00,5913,5945,0,32,1.144,0.006,0,0,0.004,0,11.817,0.818
2019/9/3 22:00,5607,5625,0,18,1.145,0.006,0,0,0.004,0,11.307,0.832
2019/9/3 23:00,5320,5340,0,20,1.146,0.006,0,0,0.004,0,10.851,0.877
2019/9/4 0:00,5215,5235,0,20,1.147,0.006,0,0,0.004,0,10.42,0.922
2019/9/4 1:00,5090,5108,0,18,1.148,0.006,0,0,0.004,0,10.058,0.959
2019/9/4 2:00,5183,5200,0,17,1.148,0.006,0,0,0.004,0,9.73,0.983
2019/9/4 3:00,5819,5838,0,19,1.15,0.006,0,0,0.004,0,9.316,0.99
2019/9/4 4:00,6893,6931,22,16,1.151,0.006,14.342,35.296,0.004,0,9.008,0.96
2019/9/4 5:00,7646,7738,84,8,1.152,0.007,140.792,240.593,0.004,0,11.193,0.882
2019/9/4 6:00,7750,7972,218,4,1.148,0.006,317.673,464.807,0.003,0,14.036,0.786
2019/9/4 7:00,7430,7902,468,4,1.138,0.006,490.109,666.182,0.003,0,17.136,0.74
2019/9/4 8:00,7254,7912,654,4,1.132,0.006,635.408,830.952,0.002,0,19.167,1.181
2019/9/4 9:00,7231,8006,760,15,1.127,0.006,740.166,947.931,0.002,0,20.56,1.368
2019/9/4 10:00,6849,7788,886,53,1.123,0.006,794.129,1009.061,0.001,0,21.609,1.444
2019/9/4 11:00,6735,7752,890,127,1.119,0.006,794.53,1010.14,0.001,0,22.388,1.469
2019/9/4 12:00,6641,7680,853,186,1.115,0.007,741.684,951.086,0,0,22.837,1.471
2019/9/4 13:00,6641,7675,783,251,1.113,0.007,639.614,835.94,0,0,22.895,1.464
2019/9/4 14:00,6825,7673,523,325,1.112,0.007,496.952,672.542,0,0,22.542,1.451
2019/9/4 15:00,7060,7749,325,364,1.112,0.007,326.812,471.874,0,0,21.941,1.411
2019/9/4 16:00,7162,7759,224,373,1.113,0.008,148.955,247.726,0,0,20.053,0.996
2019/9/4 17:00,6985,7601,120,496,1.117,0.008,16.719,38.796,0,0,16.428,0.92
2019/9/4 18:00,6772,7490,32,686,1.121,0.007,0,0,0,0,15.064,1.041
2019/9/4 19:00,5990,6873,0,883,1.126,0.007,0,0,0,0,14.35,1.039
2019/9/4 20:00,5554,6565,0,1011,1.129,0.007,0,0,0,0,13.579,1.085
2019/9/4 21:00,4997,6085,0,1088,1.131,0.007,0,0,0,0,12.866,1.076
2019/9/4 22:00,4652,5779,0,1127,1.133,0.007,0,0,0,0,12.363,1.033
2019/9/4 23:00,4432,5487,0,1055,1.133,0.007,0,0,0,0,11.911,0.995
2019/9/5 0:00,4397,5327,0,930,1.134,0.007,0,0,0,0,11.498,0.942
2019/9/5 1:00,4507,5241,0,734,1.135,0.007,0,0,0,0,11.208,0.906
2019/9/5 2:00,4882,5311,0,429,1.135,0.007,0,0,0,0,10.995,0.91
2019/9/5 3:00,5767,5963,0,196,1.136,0.007,0,0,0,0,10.74,0.919
2019/9/5 4:00,6979,7088,20,89,1.138,0.007,12.562,31.977,0,0,10.591,0.91
2019/9/5 5:00,7706,7844,80,58,1.138,0.008,129.217,234.473,0,0,12.757,1.005
2019/9/5 6:00,7851,8088,207,30,1.134,0.008,289.962,458.974,0,0,15.519,1.087
2019/9/5 7:00,7663,8112,424,25,1.127,0.008,432.516,660.585,0,0,17.887,0.985
2019/9/5 8:00,7650,8252,584,18,1.122,0.008,530.31,825.62,0,0,19.575,1.092
2019/9/5 9:00,7651,8348,678,19,1.118,0.008,589.269,942.701,0,0,20.764,1.232
2019/9/5 10:00,7362,8166,792,12,1.116,0.008,623.668,1003.907,0,0,21.557,1.355
2019/9/5 11:00,7357,8129,761,11,1.114,0.008,609.083,1004.996,0,0,21.975,1.426
2019/9/5 12:00,7425,8136,694,17,1.112,0.008,554.114,945.89,0,0,22.082,1.481
2019/9/5 13:00,7481,8156,621,54,1.112,0.008,458.951,830.625,0,0,21.865,1.542
2019/9/5 14:00,7664,8154,400,90,1.113,0.008,328.037,666.931,0,0,21.258,1.591
2019/9/5 15:00,7803,8125,231,91,1.115,0.009,198.333,466.039,0,0,20.303,1.574
2019/9/5 16:00,7788,8067,149,130,1.118,0.009,77.289,241.618,0,0.002,18.657,1.147
2019/9/5 17:00,7354,7846,77,415,1.123,0.009,6.178,35.302,0.003,0.004,16.591,1.118
2019/9/5 18:00,6676,7607,20,911,1.129,0.009,0,0,0.01,0.012,15.552,1.458
2019/9/5 19:00,5841,6916,0,1075,1.135,0.009,0,0,0.021,0.012,14.607,1.726
2019/9/5 20:00,5282,6535,0,1253,1.141,0.009,0,0,0.031,0.009,13.635,1.851
2019/9/5 21:00,4140,6029,0,1889,1.144,0.009,0,0,0.038,0.006,12.934,1.93
2019/9/5 22:00,3529,5805,0,2276,1.147,0.009,0,0,0.044,0.006,12.444,1.988
2019/9/5 23:00,3287,5497,0,2210,1.15,0.008,0,0,0.049,0.006,11.977,2.001
2019/9/6 0:00,3285,5370,0,2085,1.152,0.008,0,0,0.055,0.005,11.532,2.024
2019/9/6 1:00,3209,5269,0,2060,1.154,0.008,0,0,0.058,0.003,11.122,2.019
2019/9/6 2:00,3457,5384,0,1927,1.155,0.008,0,0,0.06,0.001,10.865,1.995
2019/9/6 3:00,4197,5917,0,1720,1.156,0.008,0,0,0.06,0.001,10.624,1.901
2019/9/6 4:00,5246,6955,10,1699,1.157,0.007,5.482,28.818,0.061,0,10.513,1.793
2019/9/6 5:00,6156,7830,51,1623,1.157,0.007,60.634,228.312,0.061,0,11.055,1.906
2019/9/6 6:00,6660,8221,128,1433,1.155,0.007,161.96,453.106,0.059,0,12.173,2.118
2019/9/6 7:00,6749,8337,224,1364,1.151,0.007,259.106,655.002,0.055,0,13.496,2.307
2019/9/6 8:00,6757,8463,286,1420,1.146,0.007,355.41,820.216,0.05,0,14.929,2.402
2019/9/6 9:00,7102,8524,331,1091,1.143,0.007,425.457,937.465,0.044,0,16.043,2.404
2019/9/6 10:00,7238,8342,377,727,1.14,0.007,431.016,998.696,0.038,0,16.662,2.282
2019/9/6 11:00,7147,8097,416,534,1.138,0.007,390.487,999.806,0.033,0,16.944,2.093
2019/9/6 12:00,7095,7933,427,411,1.137,0.008,318.16,940.642,0.029,0,16.891,1.868
2019/9/6 13:00,7028,7822,404,390,1.137,0.008,207.528,825.19,0.025,0,16.442,1.585
2019/9/6 14:00,7166,7804,292,346,1.137,0.008,136.01,661.294,0.023,0,15.829,1.363
2019/9/6 15:00,7352,7760,177,231,1.138,0.008,81.128,460.168,0.022,0,15.164,1.091
2019/9/6 16:00,7403,7772,104,265,1.14,0.009,37.174,235.438,0.021,0,14.36,0.792
2019/9/6 17:00,7154,7541,51,336,1.142,0.009,4.059,31.965,0.02,0,13.251,0.658
2019/9/6 18:00,6714,7198,14,470,1.144,0.008,0,0,0.02,0,12.598,0.772
2019/9/6 19:00,6135,6581,0,446,1.146,0.008,0,0,0.019,0,12.151,0.838
2019/9/6 20:00,5893,6265,0,372,1.147,0.008,0,0,0.02,0.001,11.734,0.816
2019/9/6 21:00,5390,5824,0,434,1.149,0.008,0,0,0.021,0.002,11.419,0.776
2019/9/6 22:00,5156,5557,0,401,1.149,0.008,0,0,0.023,0.002,11.257,0.748
2019/9/6 23:00,4946,5218,0,272,1.15,0.008,0,0,0.025,0.002,11.146,0.657
2019/9/7 0:00,4793,5081,0,288,1.15,0.008,0,0,0.026,0.002,11.062,0.545
2019/9/7 1:00,4641,4892,0,251,1.15,0.008,0,0,0.027,0.001,11.014,0.467
2019/9/7 2:00,4802,4916,0,114,1.149,0.008,0,0,0.028,0.001,10.922,0.393
2019/9/7 3:00,5053,5139,0,86,1.149,0.008,0,0,0.029,0,10.825,0.347
2019/9/7 4:00,5562,5608,4,42,1.149,0.008,3.683,25.819,0.029,0,10.797,0.305
2019/9/7 5:00,6130,6196,27,39,1.149,0.009,47.193,222.108,0.029,0,11.41,0.418
2019/9/7 6:00,6597,6698,79,22,1.147,0.009,120.601,447.189,0.028,0,12.497,0.494
2019/9/7 7:00,6904,7054,144,6,1.143,0.009,200.747,649.302,0.027,0,13.672,0.611
2019/9/7 8:00,7038,7235,193,4,1.14,0.009,254.881,814.756,0.024,0,14.422,0.796
2019/9/7 9:00,7141,7388,237,10,1.139,0.009,292.26,932.157,0.021,0,14.8,0.96
2019/9/7 10:00,6889,7191,290,12,1.138,0.009,326.791,993.452,0.018,0,15.147,1.011
2019/9/7 11:00,6568,6906,306,32,1.137,0.009,329.514,994.554,0.015,0,15.471,0.913
2019/9/7 12:00,6397,6763,286,80,1.136,0.009,329.469,935.284,0.012,0,15.705,0.949
2019/9/7 13:00,6240,6716,254,222,1.135,0.009,289.31,819.705,0.011,0,15.643,0.981
2019/9/7 14:00,6039,6604,189,376,1.136,0.009,197.282,655.623,0.009,0,15.203,1.037
2019/9/7 15:00,6173,6716,112,431,1.137,0.009,112.59,454.247,0.008,0,14.568,1.01
2019/9/7 16:00,5979,6733,62,692,1.139,0.009,45.364,229.232,0.008,0,13.732,0.758
2019/9/7 17:00,5687,6517,27,803,1.142,0.009,3.872,28.79,0.008,0,12.639,0.568
2019/9/7 18:00,5395,6292,6,891,1.144,0.009,0,0,0.008,0,12.055,0.643
2019/9/7 19:00,4763,5857,0,1094,1.147,0.009,0,0,0.008,0,11.592,0.767
2019/9/7 20:00,4373,5645,0,1272,1.149,0.008,0,0,0.009,0,11.164,0.916
2019/9/7 21:00,3953,5230,0,1277,1.151,0.008,0,0,0.009,0.001,10.786,1.026
2019/9/7 22:00,3943,5009,0,1066,1.152,0.008,0,0,0.011,0.004,10.488,1.022
2019/9/7 23:00,3858,4715,0,857,1.153,0.008,0,0,0.013,0.004,10.252,1.01
2019/9/8 0:00,3698,4595,0,897,1.153,0.008,0,0,0.017,0.007,10.065,1.054
2019/9/8 1:00,3605,4427,0,822,1.154,0.008,0,0,0.023,0.009,9.898,1.131
2019/9/8 2:00,3534,4385,0,851,1.154,0.008,0,0,0.031,0.01,9.724,1.162
2019/9/8 3:00,3734,4532,0,798,1.155,0.008,0,0,0.04,0.012,9.52,1.107
2019/9/8 4:00,4134,4737,10,593,1.156,0.007,3.313,22.985,0.055,0.02,9.315,1.01
2019/9/8 5:00,4697,5190,44,449,1.156,0.008,53.706,215.858,0.081,0.034,9.705,1.088
2019/9/8 6:00,5183,5562,110,269,1.154,0.008,153.675,441.208,0.116,0.04,10.776,1.168
2019/9/8 7:00,5570,5927,200,157,1.15,0.008,275.957,643.586,0.154,0.046,12.095,1.205
2019/9/8 8:00,5857,6197,266,74,1.146,0.008,391.255,809.195,0.193,0.052,13.396,1
2019/9/8 9:00,6068,6396,316,12,1.142,0.008,491.984,926.757,0.251,0.091,14.683,0.718
2019/9/8 10:00,5832,6226,390,4,1.138,0.008,521.4,988.162,0.32,0.099,15.707,0.894
2019/9/8 11:00,5703,6106,393,10,1.135,0.008,511.197,989.279,0.354,0.044,16.359,1.157
2019/9/8 12:00,5638,6004,321,45,1.132,0.008,461.308,929.944,0.345,0.016,16.659,1.419
2019/9/8 13:00,5576,5914,268,70,1.131,0.008,357.568,814.203,0.326,0.012,16.509,1.631
2019/9/8 14:00,5657,5965,213,95,1.131,0.008,232.827,649.882,0.309,0.01,16.009,1.747
2019/9/8 15:00,5907,6195,145,143,1.131,0.008,135.051,448.272,0.308,0.023,15.3,1.761
2019/9/8 16:00,6157,6390,86,147,1.133,0.008,57.037,222.972,0.327,0.031,14.328,1.457
2019/9/8 17:00,6220,6444,41,183,1.136,0.008,3.922,25.779,0.355,0.029,12.836,1.138
2019/9/8 18:00,6145,6308,10,153,1.139,0.008,0,0,0.38,0.02,12.092,1.164
2019/9/8 19:00,5488,5895,0,407,1.141,0.008,0,0,0.399,0.017,11.606,1.166
2019/9/8 20:00,5350,5795,0,445,1.144,0.008,0,0,0.414,0.015,11.177,1.222
2019/9/8 21:00,4278,5529,0,1251,1.145,0.008,0,0,0.428,0.014,10.84,1.346
2019/9/8 22:00,3932,5284,0,1352,1.146,0.008,0,0,0.442,0.015,10.51,1.48
2019/9/8 23:00,3906,5018,0,1112,1.147,0.008,0,0,0.455,0.015,10.271,1.515
2019/9/9 0:00,4338,4897,0,559,1.147,0.008,0,0,0.468,0.013,10.142,1.386
2019/9/9 1:00,4663,4844,0,181,1.148,0.008,0,0,0.48,0.014,9.883,0.924
2019/9/9 2:00,4583,5001,0,418,1.149,0.008,0,0,0.492,0.016,9.542,1
2019/9/9 3:00,5026,5746,0,720,1.151,0.008,0,0,0.507,0.017,9.078,1.448
2019/9/9 4:00,6028,7032,7,997,1.154,0.007,1.934,20.317,0.52,0.014,8.468,1.841
2019/9/9 5:00,6870,7959,39,1050,1.157,0.007,32.048,209.558,0.53,0.01,8.19,2.075
2019/9/9 6:00,7027,8368,116,1225,1.157,0.007,92.22,435.185,0.528,0.005,8.597,2.208
2019/9/9 7:00,7149,8435,232,1054,1.153,0.007,183.33,637.781,0.508,0.002,9.646,2.277
2019/9/9 8:00,7316,8502,320,866,1.149,0.007,307.87,803.595,0.468,0.001,11.06,2.257
2019/9/9 9:00,7321,8625,379,925,1.146,0.007,361.64,921.284,0.412,0,12.16,2.174
2019/9/9 10:00,6950,8386,452,984,1.143,0.007,408.034,982.769,0.348,0,12.903,2.204
2019/9/9 11:00,6880,8283,471,932,1.142,0.007,454.419,983.837,0.284,0,13.564,2.287
2019/9/9 12:00,6804,8193,454,935,1.14,0.007,452.719,924.453,0.225,0,14.048,2.305
2019/9/9 13:00,6180,8049,414,1455,1.138,0.007,412.14,808.582,0.178,0,14.338,2.244
2019/9/9 14:00,5851,7931,341,1739,1.138,0.007,344.121,644.083,0.145,0,14.367,2.153
2019/9/9 15:00,6076,7908,223,1609,1.138,0.007,229.841,442.222,0.125,0,13.925,2.037
2019/9/9 16:00,6215,7902,109,1578,1.141,0.007,96.311,216.671,0.115,0,12.819,1.701
2019/9/9 17:00,6425,7847,38,1384,1.144,0.007,7.557,22.933,0.112,0,10.82,1.476
2019/9/9 18:00,6230,7566,6,1330,1.147,0.007,0,0,0.112,0,10.012,1.594
2019/9/9 19:00,5482,6884,0,1402,1.15,0.007,0,0,0.111,0,9.537,1.596
2019/9/9 20:00,5479,6535,0,1056,1.153,0.007,0,0,0.111,0,8.962,1.334
2019/9/9 21:00,5264,6018,0,754,1.154,0.007,0,0,0.111,0,8.494,1.114
2019/9/9 22:00,5006,5694,0,688,1.155,0.007,0,0,0.111,0,8.193,1.05
2019/9/9 23:00,4743,5372,0,629,1.156,0.007,0,0,0.11,0,7.9,1.024
2019/9/10 0:00,4837,5344,0,507,1.156,0.006,0,0,0.11,0,7.574,1.005
2019/9/10 1:00,4887,5258,0,371,1.157,0.006,0,0,0.11,0,7.183,0.947
2019/9/10 2:00,5103,5315,0,212,1.158,0.006,0,0,0.11,0,6.858,0.868
2019/9/10 3:00,5887,5989,0,102,1.159,0.006,0,0,0.109,0,6.594,0.798
2019/9/10 4:00,7069,7131,16,46,1.161,0.006,5.787,17.818,0.109,0,6.412,0.747
2019/9/10 5:00,7855,7959,65,39,1.162,0.006,97.288,203.224,0.109,0,8.068,0.745
2019/9/10 6:00,7869,8148,183,96,1.158,0.007,256.356,429.102,0.104,0,10.497,0.944
2019/9/10 7:00,7500,8054,403,151,1.149,0.007,436.826,631.97,0.094,0,13.143,1.4
2019/9/10 8:00,7002,8042,569,471,1.142,0.007,574.25,797.967,0.08,0,15.395,1.636
2019/9/10 9:00,6502,8099,666,931,1.136,0.007,666.612,915.737,0.064,0,17.004,1.793
2019/9/10 10:00,6048,7895,784,1063,1.132,0.007,708.908,977.287,0.05,0,18.185,1.906
2019/9/10 11:00,5934,7792,773,1085,1.129,0.007,703.935,978.385,0.037,0,19.013,1.979
2019/9/10 12:00,5954,7724,732,1038,1.126,0.007,657.33,918.878,0.027,0,19.501,1.997
2019/9/10 13:00,6005,7709,668,1036,1.124,0.007,565.001,802.912,0.02,0,19.618,1.946
2019/9/10 14:00,6101,7614,506,1007,1.123,0.007,430.793,638.24,0.016,0,19.321,1.852
2019/9/10 15:00,6454,7624,294,876,1.124,0.007,274.19,436.139,0.013,0,18.564,1.644
2019/9/10 16:00,7053,7745,139,553,1.126,0.008,109.407,210.336,0.012,0,16.608,0.921
2019/9/10 17:00,7173,7762,49,540,1.13,0.008,6.919,20.258,0.011,0,13.478,0.884
2019/9/10 18:00,6961,7575,10,604,1.134,0.007,0,0,0.011,0,12.46,0.946
2019/9/10 19:00,6174,6861,0,687,1.138,0.007,0,0,0.011,0,11.926,0.932
2019/9/10 20:00,5691,6432,0,741,1.141,0.007,0,0,0.011,0,11.451,0.884
2019/9/10 21:00,5031,5841,0,810,1.144,0.007,0,0,0.011,0,11.002,0.831
2019/9/10 22:00,4694,5540,0,846,1.145,0.007,0,0,0.011,0,10.603,0.8
2019/9/10 23:00,4471,5313,0,842,1.147,0.007,0,0,0.011,0,10.174,0.803
2019/9/11 0:00,4340,5170,0,830,1.149,0.007,0,0,0.011,0,9.747,0.819
2019/9/11 1:00,4436,5088,0,652,1.15,0.007,0,0,0.011,0,9.396,0.82
2019/9/11 2:00,4740,5208,0,468,1.151,0.006,0,0,0.011,0,9.118,0.813
2019/9/11 3:00,5469,5876,0,407,1.153,0.006,0,0,0.011,0,8.743,0.803
2019/9/11 4:00,6725,7122,17,380,1.155,0.006,5.47,15.492,0.011,0,8.44,0.817
2019/9/11 5:00,7456,7910,66,388,1.156,0.007,103.722,196.857,0.011,0,9.945,0.707
2019/9/11 6:00,7706,8172,189,277,1.154,0.007,265.147,422.97,0.01,0,12.632,0.851
2019/9/11 7:00,7453,8076,408,215,1.145,0.007,424.297,626.058,0.009,0,15.537,1.046
2019/9/11 8:00,7321,8105,574,210,1.138,0.007,560.931,792.213,0.008,0,17.722,1.322
2019/9/11 9:00,7221,8116,671,224,1.134,0.007,647.933,910.123,0.006,0,19.066,1.46
2019/9/11 10:00,6912,7926,784,230,1.131,0.007,679.829,971.768,0.005,0,19.915,1.473
2019/9/11 11:00,6960,7934,756,218,1.129,0.007,673.285,972.874,0.003,0,20.504,1.409
2019/9/11 12:00,6931,7830,688,211,1.127,0.007,630.531,913.313,0.002,0,20.806,1.322
2019/9/11 13:00,6972,7775,616,187,1.126,0.008,533.885,797.171,0.002,0,20.731,1.261
2019/9/11 14:00,7209,7755,448,98,1.125,0.008,402.085,632.313,0.001,0,20.278,1.196
2019/9/11 15:00,7512,7766,231,23,1.127,0.008,246.278,429.994,0.001,0,19.433,1.02
2019/9/11 16:00,7739,7850,95,16,1.129,0.009,93.014,203.954,0.001,0,17.568,0.56
2019/9/11 17:00,7797,7841,27,17,1.132,0.008,4.781,17.756,0.001,0,15.417,0.691
2019/9/11 18:00,7518,7539,4,17,1.136,0.008,0,0,0.001,0,14.547,0.711
2019/9/11 19:00,6831,6853,0,22,1.139,0.008,0,0,0.001,0,13.727,0.744
2019/9/11 20:00,6445,6472,0,27,1.142,0.007,0,0,0.001,0,12.786,0.727
2019/9/11 21:00,5890,5951,0,61,1.145,0.007,0,0,0.001,0,12.013,0.744
2019/9/11 22:00,5445,5617,0,172,1.147,0.007,0,0,0.001,0,11.39,0.819
2019/9/11 23:00,4970,5299,0,329,1.149,0.008,0,0,0.001,0,10.929,0.888
2019/9/12 0:00,4712,5170,0,458,1.151,0.008,0,0,0.001,0,10.573,0.968
2019/9/12 1:00,4610,5100,0,490,1.153,0.008,0,0,0.001,0,10.261,1.064
2019/9/12 2:00,4578,5246,0,668,1.155,0.008,0,0,0.001,0,9.993,1.166
2019/9/12 3:00,5063,5869,0,806,1.157,0.008,0,0,0.001,0,9.719,1.22
2019/9/12 4:00,6161,7145,14,970,1.159,0.007,4.205,13.338,0.001,0,9.577,1.317
2019/9/12 5:00,7005,7971,64,902,1.16,0.008,95.329,190.459,0.001,0,11.262,1.607
2019/9/12 6:00,7294,8236,184,758,1.156,0.008,252.729,416.813,0.001,0,13.928,1.713
2019/9/12 7:00,7323,8258,384,551,1.148,0.008,412.526,620.068,0.001,0,16.767,1.851
2019/9/12 8:00,7284,8308,528,496,1.142,0.008,545.388,786.453,0.001,0,18.728,1.987
2019/9/12 9:00,7220,8291,621,450,1.139,0.007,642.997,904.515,0,0,19.772,1.915
2019/9/12 10:00,6767,8044,736,541,1.137,0.007,693.903,966.181,0,0,20.553,1.81
2019/9/12 11:00,6737,7967,704,526,1.134,0.008,691.953,967.236,0,0,21.138,1.734
2019/9/12 12:00,6560,7900,606,734,1.132,0.008,633.998,907.663,0,0,21.398,1.693
2019/9/12 13:00,6492,7848,527,829,1.131,0.008,558.462,791.41,0,0,21.412,1.656
2019/9/12 14:00,6469,7804,412,923,1.131,0.008,419.72,626.346,0,0,21.017,1.583
2019/9/12 15:00,6476,7787,243,1068,1.131,0.008,254.277,423.841,0,0,20.258,1.438
2019/9/12 16:00,6757,7827,104,966,1.133,0.009,100.313,197.527,0,0,18.509,0.828
2019/9/12 17:00,7055,7809,24,730,1.136,0.009,5.604,15.427,0,0,15.96,0.823
2019/9/12 18:00,6950,7598,1,647,1.14,0.008,0,0,0,0,15.12,0.831
2019/9/12 19:00,6309,6918,0,609,1.143,0.008,0,0,0,0,14.399,0.912
2019/9/12 20:00,5875,6516,0,641,1.146,0.008,0,0,0,0,13.631,1.008
2019/9/12 21:00,5378,5963,0,585,1.147,0.008,0,0,0,0,12.958,1.056
2019/9/12 22:00,5226,5723,0,497,1.148,0.008,0,0,0,0,12.567,1.076
2019/9/12 23:00,5061,5510,0,449,1.148,0.008,0,0,0,0,12.323,1.085
2019/9/13 0:00,4951,5349,0,398,1.148,0.008,0,0,0,0,12.238,1.09
2019/9/13 1:00,4927,5274,0,347,1.149,0.008,0,0,0,0,12.126,1.073
2019/9/13 2:00,5031,5393,0,362,1.149,0.008,0,0,0,0,12.051,1.064
2019/9/13 3:00,5743,6020,0,277,1.15,0.008,0,0,0,0,11.814,1.047
2019/9/13 4:00,6859,7108,13,236,1.151,0.008,2.972,11.353,0,0,11.471,1.032
2019/9/13 5:00,7676,7936,61,199,1.152,0.008,84.846,184.009,0,0,12.828,1.128
2019/9/13 6:00,7882,8198,183,133,1.15,0.009,246.119,410.579,0,0,15.618,1.314
2019/9/13 7:00,7692,8152,394,66,1.142,0.009,420.477,614.087,0,0,18.46,1.364
2019/9/13 8:00,7499,8149,552,98,1.135,0.009,572.704,780.582,0,0,20.48,1.445
2019/9/13 9:00,7349,8096,649,98,1.131,0.009,678.25,898.787,0,0,21.742,1.489
2019/9/13 10:00,6884,7826,767,175,1.128,0.009,723.211,960.491,0,0,22.593,1.533
2019/9/13 11:00,6369,7654,775,510,1.126,0.009,720.6,961.559,0,0,23.176,1.6
2019/9/13 12:00,6123,7486,712,651,1.123,0.009,666.488,901.917,0,0,23.464,1.674
2019/9/13 13:00,6044,7435,626,765,1.122,0.009,569.132,785.503,0,0,23.422,1.716
2019/9/13 14:00,6226,7442,487,729,1.122,0.01,427.927,620.332,0,0,22.987,1.701
2019/9/13 15:00,6690,7626,274,662,1.122,0.01,255.945,417.586,0,0,22.151,1.526
2019/9/13 16:00,7036,7653,111,506,1.124,0.011,94.25,191.076,0,0,20.243,0.867
2019/9/13 17:00,7048,7601,24,529,1.127,0.01,4.469,13.276,0,0,17.802,0.871
2019/9/13 18:00,6683,7266,1,582,1.131,0.01,0,0,0,0,17.119,0.883
2019/9/13 19:00,6124,6654,0,530,1.134,0.01,0,0,0,0,16.645,0.857
2019/9/13 20:00,5844,6317,0,473,1.137,0.01,0,0,0,0,16.06,0.851
2019/9/13 21:00,5336,5798,0,462,1.139,0.009,0,0,0,0,15.449,0.864
2019/9/13 22:00,5124,5508,0,384,1.141,0.009,0,0,0,0,15.022,0.866
2019/9/13 23:00,4752,5167,0,415,1.142,0.009,0,0,0,0,14.671,0.866
2019/9/14 0:00,4476,5018,0,542,1.143,0.009,0,0,0,0,14.434,0.924
2019/9/14 1:00,4260,4839,0,579,1.145,0.009,0,0,0,0,14.297,1.077
2019/9/14 2:00,4189,4850,0,661,1.147,0.009,0,0,0,0,14.067,1.254
2019/9/14 3:00,4554,5105,0,551,1.149,0.009,0,0,0,0,13.74,1.378
2019/9/14 4:00,5063,5553,7,483,1.151,0.009,1.478,9.542,0,0,13.366,1.409
2019/9/14 5:00,5586,6108,49,473,1.153,0.009,44.679,177.555,0,0,13.639,1.469
2019/9/14 6:00,6017,6572,150,405,1.154,0.009,138.596,404.331,0,0,14.801,1.59
2019/9/14 7:00,6046,6808,294,468,1.15,0.009,272.032,608.019,0,0,16.282,1.692
2019/9/14 8:00,6009,6868,397,462,1.146,0.009,384.974,774.696,0,0,17.788,1.671
2019/9/14 9:00,6078,6825,472,275,1.142,0.009,470.177,892.967,0,0,18.943,1.632
2019/9/14 10:00,5655,6576,570,351,1.139,0.009,540.916,954.797,0,0,19.836,1.615
2019/9/14 11:00,5397,6340,607,336,1.136,0.009,590.639,955.834,0,0,20.588,1.606
2019/9/14 12:00,5184,6203,592,427,1.134,0.009,548.077,896.156,0,0,20.93,1.569
2019/9/14 13:00,5126,6169,538,505,1.132,0.009,464.692,779.612,0,0,20.893,1.505
2019/9/14 14:00,5324,6206,427,455,1.132,0.009,346.987,614.3,0,0,20.48,1.453
2019/9/14 15:00,5881,6351,243,227,1.132,0.009,203.465,411.348,0,0,19.673,1.37
2019/9/14 16:00,6230,6422,97,95,1.134,0.01,73.12,184.589,0,0,17.908,0.791
2019/9/14 17:00,6327,6468,19,122,1.138,0.009,2.945,11.303,0,0,15.296,0.73
2019/9/14 18:00,6155,6313,0,158,1.141,0.009,0,0,0,0,14.281,0.782
2019/9/14 19:00,5686,5844,0,158,1.144,0.008,0,0,0,0,13.563,0.798
2019/9/14 20:00,5484,5652,0,168,1.147,0.008,0,0,0,0,12.952,0.806
2019/9/14 21:00,5100,5229,0,129,1.15,0.008,0,0,0,0,12.357,0.787
2019/9/14 22:00,4884,4998,0,114,1.152,0.008,0,0,0,0,11.806,0.747
2019/9/14 23:00,4673,4710,0,37,1.153,0.008,0,0,0,0,11.418,0.715
2019/9/15 0:00,4595,4634,0,39,1.155,0.007,0,0,0,0,11.092,0.672
2019/9/15 1:00,4474,4489,0,15,1.156,0.007,0,0,0,0,10.728,0.627
2019/9/15 2:00,4426,4437,0,11,1.156,0.007,0,0,0,0,10.33,0.617
2019/9/15 3:00,4599,4613,0,14,1.157,0.007,0,0,0,0,9.962,0.639
2019/9/15 4:00,4855,4886,11,20,1.158,0.007,2.31,7.899,0,0,9.565,0.675
2019/9/15 5:00,5199,5302,54,49,1.158,0.008,83.814,171.058,0,0,10.984,0.662
2019/9/15 6:00,5345,5574,174,55,1.154,0.008,244.629,398.012,0,0,13.77,0.958
2019/9/15 7:00,5280,5717,382,55,1.144,0.008,415.859,601.893,0,0,16.848,1.146
2019/9/15 8:00,5185,5792,541,66,1.133,0.009,565.116,768.751,0,0,19.707,1.245
2019/9/15 9:00,5150,5883,634,99,1.127,0.009,676.237,887.125,0,0,21.361,1.198
2019/9/15 10:00,4753,5683,780,150,1.123,0.009,730.234,948.966,0,0,22.493,1.148
2019/9/15 11:00,4503,5434,814,117,1.119,0.01,730.214,950.081,0,0,23.331,1.067
2019/9/15 12:00,4394,5290,783,113,1.116,0.01,676.256,890.297,0,0,23.799,0.994
2019/9/15 13:00,4527,5314,715,72,1.113,0.01,573.437,773.649,0,0,23.87,0.98
2019/9/15 14:00,4855,5477,555,67,1.112,0.01,431.848,608.173,0,0,23.483,0.99
2019/9/15 15:00,5353,5755,290,112,1.112,0.01,264.792,405.022,0,0,22.665,0.918
2019/9/15 16:00,5809,6081,105,167,1.114,0.011,96.281,178.074,0,0,20.548,0.558
2019/9/15 17:00,5886,6231,20,325,1.117,0.01,3.267,9.512,0,0,17.922,0.809
2019/9/15 18:00,5864,6200,0,336,1.12,0.01,0,0,0,0,16.701,0.882
2019/9/15 19:00,5549,5770,0,221,1.123,0.01,0,0,0,0,15.794,0.944
2019/9/15 20:00,5515,5690,0,175,1.125,0.01,0,0,0,0,15.111,0.989
2019/9/15 21:00,5150,5328,0,178,1.126,0.01,0,0,0,0,14.625,1.032
2019/9/15 22:00,4895,5148,0,253,1.127,0.01,0,0,0,0,14.292,1.071
2019/9/15 23:00,4675,4918,0,243,1.128,0.01,0,0,0,0,14.043,1.103
2019/9/16 0:00,4634,4847,0,213,1.129,0.01,0,0,0,0,13.815,1.124
2019/9/16 1:00,4571,4777,0,206,1.13,0.011,0,0,0,0,13.61,1.121
2019/9/16 2:00,4780,4956,0,176,1.131,0.011,0,0,0,0,13.416,1.101
2019/9/16 3:00,5576,5719,0,143,1.132,0.01,0,0,0,0,13.113,1.056
2019/9/16 4:00,6891,7019,11,117,1.133,0.01,1.86,6.426,0,0,12.812,1.007
2019/9/16 5:00,7656,7843,58,129,1.133,0.011,80.383,164.555,0,0,14.299,1.063
2019/9/16 6:00,7834,8123,184,105,1.131,0.011,239.774,391.661,0,0,17.145,1.286
2019/9/16 7:00,7644,8112,398,70,1.123,0.011,409.139,595.759,0,0,19.835,1.21
2019/9/16 8:00,7458,8116,557,101,1.116,0.01,535.046,762.762,0,0,22.074,1.41
2019/9/16 9:00,7365,8195,652,178,1.112,0.009,599.978,881.196,0,0,23.205,1.62
2019/9/16 10:00,6951,7987,773,263,1.109,0.009,595.88,943.141,0,0,23.787,1.734
2019/9/16 11:00,6876,7947,750,321,1.107,0.01,550.15,944.245,0,0,24.043,1.801
2019/9/16 12:00,6963,7933,688,282,1.106,0.01,487.161,884.342,0,0,24.086,1.83
2019/9/16 13:00,7130,7953,610,213,1.105,0.01,379.898,767.652,0,0,23.788,1.74
2019/9/16 14:00,7388,7989,470,131,1.105,0.01,268.153,602.007,0,0,23.178,1.53
2019/9/16 15:00,7684,8022,265,73,1.106,0.011,168.454,398.684,0,0,22.309,1.144
2019/9/16 16:00,7818,8058,103,137,1.107,0.012,63.041,171.519,0,0,20.384,0.622
2019/9/16 17:00,7745,7946,19,182,1.11,0.011,2.219,7.906,0,0,18.334,0.742
2019/9/16 18:00,7356,7564,0,208,1.113,0.011,0,0,0,0,17.753,0.768
2019/9/16 19:00,6563,6855,0,292,1.115,0.01,0,0,0,0,17.298,0.775
2019/9/16 20:00,6095,6461,0,366,1.117,0.01,0,0,0,0,16.845,0.784
2019/9/16 21:00,5530,5937,0,407,1.119,0.01,0,0,0,0,16.376,0.807
2019/9/16 22:00,5431,5671,0,240,1.121,0.01,0,0,0,0,15.855,0.882
2019/9/16 23:00,5036,5357,0,321,1.123,0.01,0,0,0,0,15.313,0.916
2019/9/17 0:00,4980,5298,0,318,1.125,0.01,0,0,0,0,14.854,0.933
2019/9/17 1:00,4810,5190,0,380,1.127,0.01,0,0,0,0,14.41,0.949
2019/9/17 2:00,4966,5256,0,290,1.129,0.01,0,0,0,0,13.955,0.966
2019/9/17 3:00,5685,5881,0,196,1.13,0.009,0,0,0,0,13.556,0.959
2019/9/17 4:00,6818,7061,6,237,1.132,0.009,1.106,5.121,0,0,13.275,0.918
2019/9/17 5:00,7482,7919,43,394,1.134,0.01,58.682,158.045,0,0,14.085,1.016
2019/9/17 6:00,7395,8203,128,680,1.132,0.01,191.172,385.28,0,0,15.858,1.2
2019/9/17 7:00,7249,8201,234,718,1.128,0.01,337.873,589.541,0,0,17.54,1.362
2019/9/17 8:00,7342,8262,311,609,1.124,0.009,470.405,756.629,0,0,19.092,1.669
2019/9/17 9:00,7535,8340,362,443,1.121,0.009,558.177,875.234,0,0,20.148,2.027
2019/9/17 10:00,7350,8060,437,273,1.118,0.009,578.483,937.229,0,0,20.716,2.324
2019/9/17 11:00,7374,8026,446,206,1.117,0.009,538.294,938.311,0,0,20.897,2.477
2019/9/17 12:00,7324,7945,416,205,1.116,0.009,515.455,878.387,0,0,20.958,2.609
2019/9/17 13:00,7270,7849,368,211,1.115,0.009,437.693,761.603,0,0,20.704,2.709
2019/9/17 14:00,7205,7760,295,260,1.116,0.009,313.93,595.776,0,0,20.046,2.691
2019/9/17 15:00,7170,7748,191,387,1.118,0.009,176.873,392.27,0,0,19.056,2.411
2019/9/17 16:00,7142,7775,81,552,1.121,0.01,57.673,164.933,0,0,17.515,1.843
2019/9/17 17:00,7008,7707,13,686,1.126,0.009,1.466,6.485,0,0,15.571,1.575
2019/9/17 18:00,6422,7334,0,912,1.131,0.009,0,0,0,0,14.577,1.642
2019/9/17 19:00,5318,6759,0,1441,1.135,0.009,0,0,0,0,13.722,1.55
2019/9/17 20:00,4772,6401,0,1629,1.139,0.009,0,0,0,0,12.954,1.543
2019/9/17 21:00,4070,5915,0,1845,1.142,0.008,0,0,0,0,12.257,1.481
2019/9/17 22:00,3700,5591,0,1891,1.145,0.008,0,0,0,0,11.579,1.475
2019/9/17 23:00,3584,5333,0,1749,1.149,0.007,0,0,0,0,10.826,1.478
2019/9/18 0:00,3393,5214,0,1821,1.153,0.007,0,0,0,0,9.998,1.398
2019/9/18 1:00,3183,5131,0,1948,1.156,0.007,0,0,0,0,9.284,1.324
2019/9/18 2:00,3081,5270,0,2189,1.159,0.007,0,0,0,0,8.724,1.405
2019/9/18 3:00,3824,5889,0,2065,1.162,0.006,0,0,0,0,8.139,1.389
2019/9/18 4:00,4977,7050,12,2061,1.166,0.006,1.148,3.982,0,0,7.567,1.35
2019/9/18 5:00,6043,7832,55,1734,1.168,0.006,75.678,151.518,0,0,8.112,1.565
2019/9/18 6:00,6355,8061,169,1537,1.167,0.006,238.793,378.871,0,0,9.759,2.262
2019/9/18 7:00,5629,7951,371,1951,1.163,0.005,417.132,583.303,0,0,11.409,2.392
2019/9/18 8:00,5917,8004,520,1567,1.158,0.005,568.487,750.56,0,0,13.222,2.286
2019/9/18 9:00,6167,8012,601,1244,1.153,0.005,670.404,869.243,0,0,14.676,2.199
2019/9/18 10:00,6031,7714,708,975,1.15,0.005,724.819,931.243,0,0,15.721,2.133
2019/9/18 11:00,6091,7657,706,860,1.146,0.005,722.826,932.346,0,0,16.444,2.038
2019/9/18 12:00,6139,7571,666,766,1.144,0.005,660.597,872.371,0,0,16.776,1.975
2019/9/18 13:00,6284,7572,605,683,1.143,0.004,550.763,755.469,0,0,16.696,1.928
2019/9/18 14:00,6568,7637,466,603,1.143,0.004,404.884,589.528,0,0,16.183,1.845
2019/9/18 15:00,7040,7755,226,489,1.144,0.004,238.735,385.887,0,0,15.121,1.644
2019/9/18 16:00,7365,7868,74,429,1.148,0.005,76.733,158.313,0,0,12.638,0.837
2019/9/18 17:00,7664,7966,14,288,1.152,0.005,1.632,5.252,0,0,9.978,0.81
2019/9/18 18:00,7320,7518,0,198,1.157,0.005,0,0,0,0,9.24,0.802
2019/9/18 19:00,6765,6846,0,81,1.161,0.005,0,0,0,0,8.616,0.748
2019/9/18 20:00,6467,6503,0,36,1.164,0.005,0,0,0,0,7.85,0.731
2019/9/18 21:00,5980,6013,0,33,1.167,0.005,0,0,0,0,7.285,0.746
2019/9/18 22:00,5649,5704,0,55,1.168,0.005,0,0,0,0,6.957,0.754
2019/9/18 23:00,5249,5406,0,157,1.168,0.005,0,0,0,0,6.581,0.795
2019/9/19 0:00,5019,5301,0,282,1.169,0.005,0,0,0,0,6.131,0.841
2019/9/19 1:00,4922,5240,0,318,1.17,0.005,0,0,0,0,5.754,0.861
2019/9/19 2:00,5014,5401,0,387,1.171,0.005,0,0,0,0,5.39,0.86
2019/9/19 3:00,5570,6057,0,487,1.173,0.005,0,0,0,0,5.026,0.87
2019/9/19 4:00,6683,7283,10,590,1.176,0.005,0.834,3.007,0,0,4.56,0.91
2019/9/19 5:00,7388,8049,50,611,1.179,0.005,73.467,145.003,0,0,5.611,1.173
2019/9/19 6:00,7725,8285,160,400,1.176,0.005,232.259,372.41,0,0,8.229,1.536
2019/9/19 7:00,7388,8201,359,454,1.17,0.005,392.969,576.941,0,0,10.598,1.891
2019/9/19 8:00,7158,8085,476,451,1.166,0.005,530.144,744.392,0,0,12.079,1.941
2019/9/19 9:00,6980,8066,542,544,1.163,0.005,621.125,863.18,0,0,13.123,1.928
2019/9/19 10:00,6582,7888,600,706,1.16,0.005,680.712,925.208,0,0,13.958,2.007
2019/9/19 11:00,6278,7881,616,987,1.157,0.004,697.005,926.274,0,0,14.58,2.072
2019/9/19 12:00,6116,7771,591,1064,1.155,0.004,659.317,866.31,0,0,14.898,2.092
2019/9/19 13:00,6163,7729,534,1032,1.154,0.004,562.69,749.268,0,0,14.845,2.147
2019/9/19 14:00,6115,7726,428,1183,1.154,0.004,421.736,583.258,0,0,14.368,2.129
2019/9/19 15:00,6367,7754,234,1153,1.155,0.004,252.455,379.406,0,0,13.441,2.029
2019/9/19 16:00,6813,7859,82,964,1.158,0.005,82.632,151.675,0,0,11.264,1.334
2019/9/19 17:00,6892,7908,14,1002,1.163,0.005,1.498,4.205,0,0,8.103,1.046
2019/9/19 18:00,6387,7489,0,1102,1.168,0.005,0,0,0,0,7.217,1.087
2019/9/19 19:00,6082,6873,0,791,1.172,0.005,0,0,0,0,6.431,1.062
2019/9/19 20:00,5575,6533,0,958,1.176,0.005,0,0,0,0,5.738,1.043
2019/9/19 21:00,5360,6103,0,743,1.178,0.004,0,0,0,0,5.169,1.025
2019/9/19 22:00,5171,5744,0,573,1.18,0.004,0,0,0,0,4.718,1.013
2019/9/19 23:00,5095,5477,0,382,1.181,0.004,0,0,0,0,4.378,1.016
2019/9/20 0:00,5128,5397,0,269,1.181,0.004,0,0,0,0,4.117,1.021
2019/9/20 1:00,5062,5320,0,258,1.181,0.004,0,0,0,0,3.883,1.02
2019/9/20 2:00,5167,5451,0,284,1.182,0.004,0,0,0,0,3.689,1.021
2019/9/20 3:00,5848,6141,0,293,1.182,0.004,0,0,0,0,3.461,1.022
2019/9/20 4:00,7030,7352,10,312,1.184,0.004,0.604,2.191,0,0,3.176,1.03
2019/9/20 5:00,7760,8083,50,273,1.186,0.004,70.869,138.48,0,0,4.245,1.125
2019/9/20 6:00,7943,8268,163,162,1.183,0.004,234.026,365.908,0,0,7.296,1.263
2019/9/20 7:00,7699,8117,382,36,1.174,0.004,405.759,570.646,0,0,10.188,1.216
2019/9/20 8:00,7486,8054,545,23,1.168,0.004,551.624,738.159,0,0,12.154,1.233
2019/9/20 9:00,7251,7940,634,55,1.164,0.004,654.852,857.003,0,0,13.533,1.168
2019/9/20 10:00,6821,7641,737,83,1.16,0.004,709.818,919.088,0,0,14.612,1.14
2019/9/20 11:00,6617,7400,716,67,1.156,0.004,709.656,920.192,0,0,15.411,1.136
2019/9/20 12:00,6492,7220,672,56,1.153,0.004,658.538,860.184,0,0,15.855,1.167
2019/9/20 13:00,6483,7160,615,62,1.151,0.005,557.118,743.068,0,0,15.901,1.211
2019/9/20 14:00,6695,7208,464,49,1.151,0.005,413.681,576.887,0,0,15.5,1.225
2019/9/20 15:00,7182,7418,219,17,1.151,0.005,243.95,372.888,0,0,14.58,1.136
2019/9/20 16:00,7529,7609,73,7,1.154,0.006,76.116,145.03,0,0,12.169,0.641
2019/9/20 17:00,7644,7666,14,8,1.157,0.005,1.154,3.338,0,0,10.035,0.817
2019/9/20 18:00,7263,7280,0,17,1.16,0.005,0,0,0,0,9.461,0.728
2019/9/20 19:00,6633,6655,0,22,1.163,0.005,0,0,0,0,8.896,0.686
2019/9/20 20:00,6303,6342,0,39,1.165,0.005,0,0,0,0,8.081,0.777
2019/9/20 21:00,5834,5887,0,53,1.166,0.005,0,0,0,0,7.418,0.839
2019/9/20 22:00,5543,5586,0,43,1.167,0.005,0,0,0,0,6.893,0.85
2019/9/20 23:00,5241,5271,0,30,1.168,0.004,0,0,0,0,6.442,0.841
2019/9/21 0:00,5146,5171,0,25,1.169,0.004,0,0,0,0,6.091,0.825
2019/9/21 1:00,4978,4999,0,21,1.17,0.004,0,0,0,0,5.826,0.804
2019/9/21 2:00,5041,5054,0,13,1.171,0.004,0,0,0,0,5.54,0.775
2019/9/21 3:00,5364,5382,0,18,1.172,0.004,0,0,0,0,5.179,0.764
2019/9/21 4:00,5713,5791,10,68,1.174,0.004,0.379,1.528,0,0,4.776,0.757
2019/9/21 5:00,6069,6289,50,170,1.176,0.005,65.752,131.979,0,0,5.522,0.674
2019/9/21 6:00,6278,6620,169,173,1.174,0.005,228.639,359.401,0,0,8.445,0.957
2019/9/21 7:00,6210,6716,381,125,1.164,0.005,398.09,564.241,0,0,11.503,1.485
2019/9/21 8:00,5933,6712,548,231,1.155,0.005,544.821,731.898,0,0,14.218,1.909
2019/9/21 9:00,5492,6685,645,548,1.148,0.005,652.251,850.815,0,0,16.143,2.119
2019/9/21 10:00,4810,6440,766,864,1.142,0.005,707.047,912.986,0,0,17.527,2.242
2019/9/21 11:00,4417,6149,770,962,1.138,0.006,707.515,914.039,0,0,18.474,2.303
2019/9/21 12:00,4348,6005,726,931,1.134,0.006,654.361,853.949,0,0,18.971,2.317
2019/9/21 13:00,4467,5979,660,852,1.132,0.006,551.301,736.792,0,0,18.994,2.293
2019/9/21 14:00,4756,6034,474,804,1.132,0.006,407.985,570.462,0,0,18.495,2.223
2019/9/21 15:00,5222,6268,244,802,1.133,0.006,239.144,366.375,0,0,17.443,1.975
2019/9/21 16:00,5504,6452,104,844,1.136,0.007,72.767,138.374,0,0,14.522,1.183
2019/9/21 17:00,5338,6548,25,1185,1.141,0.006,0.867,2.634,0,0,11.519,1.169
2019/9/21 18:00,4900,6400,0,1500,1.146,0.006,0,0,0,0,10.488,1.203
2019/9/21 19:00,4273,5934,0,1661,1.15,0.006,0,0,0,0,9.553,1.166
2019/9/21 20:00,4134,5737,0,1603,1.154,0.006,0,0,0,0,8.765,1.12
2019/9/21 21:00,3786,5308,0,1522,1.156,0.005,0,0,0,0,8.081,1.084
2019/9/21 22:00,3561,5091,0,1530,1.158,0.005,0,0,0,0,7.57,1.065
2019/9/21 23:00,3152,4770,0,1618,1.16,0.005,0,0,0,0,7.13,1.077
2019/9/22 0:00,3004,4704,0,1700,1.162,0.005,0,0,0,0,6.763,1.099
2019/9/22 1:00,2764,4553,0,1789,1.163,0.005,0,0,0,0,6.454,1.141
2019/9/22 2:00,2687,4547,0,1860,1.164,0.005,0,0,0,0,6.242,1.223
2019/9/22 3:00,2889,4720,0,1831,1.166,0.005,0,0,0,0,5.961,1.273
2019/9/22 4:00,3153,5042,10,1879,1.167,0.005,0.255,1.004,0,0,5.64,1.263
2019/9/22 5:00,3551,5489,47,1891,1.168,0.005,56.607,125.516,0,0,6.315,1.459
2019/9/22 6:00,4076,5768,164,1528,1.164,0.005,192.357,352.833,0,0,8.564,1.682
2019/9/22 7:00,4036,5910,384,1490,1.154,0.005,336.936,557.854,0,0,11.562,2.144
2019/9/22 8:00,3708,6054,552,1794,1.143,0.006,464.936,725.606,0,0,14.438,2.544
2019/9/22 9:00,3488,6184,649,2047,1.135,0.006,547.381,844.584,0,0,16.523,2.638
2019/9/22 10:00,2961,6055,770,2324,1.129,0.006,568.09,906.778,0,0,17.918,2.635
2019/9/22 11:00,2767,5894,772,2355,1.125,0.006,536.847,907.819,0,0,18.827,2.564
2019/9/22 12:00,2741,5730,727,2262,1.122,0.007,463.707,847.738,0,0,19.295,2.457
2019/9/22 13:00,2993,5723,660,2070,1.12,0.007,368.933,730.432,0,0,19.32,2.327
2019/9/22 14:00,3475,5808,488,1845,1.119,0.007,252.829,564.036,0,0,18.791,2.126
2019/9/22 15:00,4118,5986,235,1633,1.121,0.008,130.028,359.815,0,0,17.583,1.742
2019/9/22 16:00,4775,6320,79,1466,1.123,0.008,34.617,131.771,0,0,15.626,1.303
2019/9/22 17:00,4934,6516,16,1566,1.127,0.007,0.381,2.061,0,0,13.941,1.336
2019/9/22 18:00,4814,6291,0,1477,1.13,0.007,0,0,0,0,13.232,1.371
2019/9/22 19:00,4594,5888,0,1294,1.133,0.007,0,0,0,0,12.584,1.313
2019/9/22 20:00,4825,5789,0,964,1.135,0.007,0,0,0,0,12.023,1.245
2019/9/22 21:00,4716,5435,0,719,1.136,0.008,0,0,0,0,11.592,1.126
2019/9/22 22:00,4639,5232,0,593,1.136,0.008,0,0,0,0,11.128,0.995
2019/9/22 23:00,4451,4985,0,534,1.137,0.007,0,0,0,0,10.709,0.963
2019/9/23 0:00,4404,4940,0,536,1.138,0.007,0,0,0,0,10.355,0.878
2019/9/23 1:00,4456,4878,0,422,1.138,0.007,0,0,0,0,10.13,0.809
2019/9/23 2:00,4733,5060,0,327,1.139,0.007,0,0,0,0,9.955,0.772
2019/9/23 3:00,5597,5849,0,252,1.141,0.007,0,0,0,0,9.761,0.748
2019/9/23 4:00,6989,7171,7,175,1.143,0.007,0.124,0.606,0,0.001,9.559,0.697
2019/9/23 5:00,7842,7977,39,96,1.145,0.007,44.676,119.091,0.001,0.001,10.002,0.705
2019/9/23 6:00,7991,8182,112,79,1.144,0.008,160.205,346.263,0.002,0.001,11.983,0.815
2019/9/23 7:00,8059,8327,213,55,1.139,0.008,281.277,551.385,0.013,0.022,13.857,0.964
2019/9/23 8:00,8189,8526,290,47,1.134,0.008,376.268,719.213,0.037,0.029,15.494,1.146
2019/9/23 9:00,8371,8746,350,25,1.131,0.008,430.383,838.303,0.064,0.031,16.544,1.179
2019/9/23 10:00,8085,8590,446,59,1.129,0.008,441.268,900.526,0.086,0.025,17.168,1.218
2019/9/23 11:00,8070,8612,432,110,1.127,0.008,408.121,901.564,0.099,0.018,17.448,1.378
2019/9/23 12:00,8001,8543,366,176,1.127,0.008,339.08,841.461,0.102,0.007,17.31,1.567
2019/9/23 13:00,8009,8516,307,200,1.127,0.008,253.591,724.121,0.098,0,16.858,1.681
2019/9/23 14:00,7975,8435,207,253,1.129,0.008,159.195,557.559,0.092,0,16.082,1.651
2019/9/23 15:00,8035,8431,101,295,1.132,0.009,72.873,353.221,0.086,0,15.059,1.424
2019/9/23 16:00,8094,8471,38,339,1.135,0.009,16.477,125.233,0.083,0,13.833,1.129
2019/9/23 17:00,8009,8318,6,303,1.139,0.009,0.207,1.595,0.082,0,12.822,1.117
2019/9/23 18:00,7554,7751,0,197,1.142,0.008,0,0,0.082,0,12.192,1.166
2019/9/23 19:00,6921,7048,0,127,1.145,0.008,0,0,0.081,0,11.694,1.126
2019/9/23 20:00,6627,6748,0,121,1.146,0.008,0,0,0.081,0,11.306,1.086
2019/9/23 21:00,6059,6196,0,137,1.147,0.008,0,0,0.08,0,11.052,1.006
2019/9/23 22:00,5728,5920,0,192,1.147,0.008,0,0,0.08,0,10.891,0.959
2019/9/23 23:00,5296,5591,0,295,1.147,0.008,0,0,0.079,0,10.816,1.04
2019/9/24 0:00,5145,5484,0,339,1.147,0.008,0,0,0.078,0,10.733,1.066
2019/9/24 1:00,4940,5371,0,431,1.147,0.008,0,0,0.078,0,10.579,1.102
2019/9/24 2:00,4992,5516,0,524,1.148,0.008,0,0,0.077,0,10.364,1.132
2019/9/24 3:00,5560,6207,0,647,1.149,0.008,0,0,0.076,0,10.081,1.191
2019/9/24 4:00,6654,7385,3,728,1.15,0.008,0.057,0.321,0.076,0,9.733,1.241
2019/9/24 5:00,7469,8217,28,720,1.151,0.008,32.758,112.737,0.076,0,9.883,1.418
2019/9/24 6:00,7720,8495,101,674,1.15,0.008,139.664,339.656,0.075,0,11.222,1.643
2019/9/24 7:00,7723,8425,205,497,1.144,0.008,288.813,544.886,0.069,0,13.067,1.749
2019/9/24 8:00,7720,8469,284,465,1.137,0.008,442.74,712.803,0.06,0,15.256,1.737
2019/9/24 9:00,7613,8458,348,497,1.131,0.008,546.949,832.003,0.05,0,17.057,1.635
2019/9/24 10:00,7217,8188,438,533,1.127,0.008,573.739,894.186,0.043,0,18.266,1.437
2019/9/24 11:00,7300,8101,476,325,1.123,0.008,540.362,895.293,0.037,0,18.931,1.216
2019/9/24 12:00,7407,8025,463,155,1.12,0.008,466.079,835.071,0.031,0,19.162,1.042
2019/9/24 13:00,7560,8032,418,54,1.119,0.008,355.479,717.672,0.025,0,19.002,0.879
2019/9/24 14:00,7708,8044,316,20,1.119,0.008,222.823,551.082,0.021,0,18.368,0.729
2019/9/24 15:00,7925,8124,178,21,1.12,0.009,104.804,346.609,0.018,0,17.39,0.542
2019/9/24 16:00,8148,8264,79,37,1.122,0.009,28.712,118.78,0.017,0,15.772,0.39
2019/9/24 17:00,8114,8181,17,50,1.124,0.008,0.207,1.219,0.017,0,14.378,0.555
2019/9/24 18:00,7584,7619,0,35,1.127,0.008,0,0,0.016,0,13.524,0.615
2019/9/24 19:00,6944,7034,0,90,1.129,0.008,0,0,0.016,0,12.783,0.634
2019/9/24 20:00,6496,6681,0,185,1.131,0.008,0,0,0.016,0,12.092,0.668
2019/9/24 21:00,5990,6179,0,189,1.132,0.008,0,0,0.016,0,11.535,0.698
2019/9/24 22:00,5703,5878,0,175,1.133,0.008,0,0,0.015,0,11.123,0.73
2019/9/24 23:00,5427,5561,0,134,1.134,0.008,0,0,0.015,0,10.813,0.738
2019/9/25 0:00,5321,5446,0,125,1.135,0.008,0,0,0.015,0,10.49,0.759
2019/9/25 1:00,5237,5361,0,124,1.136,0.008,0,0,0.015,0,10.263,0.802
2019/9/25 2:00,5427,5507,0,80,1.137,0.008,0,0,0.015,0,10.12,0.847
2019/9/25 3:00,6094,6165,0,71,1.139,0.008,0,0,0.014,0,9.941,0.911
2019/9/25 4:00,7292,7397,3,102,1.14,0.008,0.028,0.14,0.014,0,9.883,0.991
2019/9/25 5:00,8110,8289,28,151,1.14,0.008,30.433,106.463,0.014,0,10.531,1.191
2019/9/25 6:00,8323,8619,104,192,1.139,0.008,115.51,332.994,0.014,0,12.205,1.481
2019/9/25 7:00,8293,8630,224,113,1.134,0.008,199.563,538.367,0.013,0,13.863,1.598
2019/9/25 8:00,8233,8770,303,234,1.13,0.009,263.48,706.345,0.012,0,15.249,1.808
2019/9/25 9:00,8108,8848,360,380,1.128,0.009,274.941,825.619,0.011,0,15.902,1.946
2019/9/25 10:00,7917,8648,426,305,1.126,0.009,272.028,887.86,0.009,0,16.209,2.041
2019/9/25 11:00,7982,8619,380,257,1.126,0.008,282.948,888.915,0.007,0,16.429,2.122
2019/9/25 12:00,8004,8506,260,242,1.125,0.008,277.946,828.684,0.006,0,16.575,2.114
2019/9/25 13:00,7929,8394,176,289,1.125,0.008,244.357,711.241,0.005,0,16.426,2.02
2019/9/25 14:00,7780,8360,132,448,1.126,0.008,179.193,544.559,0.004,0,15.929,1.835
2019/9/25 15:00,7759,8368,85,524,1.128,0.008,95.746,339.958,0.004,0,14.944,1.377
2019/9/25 16:00,7810,8428,37,581,1.131,0.008,23.652,112.428,0.004,0,13.306,0.893
2019/9/25 17:00,7608,8236,6,622,1.134,0.008,0.138,0.922,0.004,0,11.981,0.901
2019/9/25 18:00,7174,7713,0,539,1.137,0.008,0,0,0.008,0.007,11.447,0.979
2019/9/25 19:00,6470,7112,0,642,1.139,0.008,0,0,0.02,0.015,10.945,1.054
2019/9/25 20:00,5961,6821,0,860,1.142,0.008,0,0,0.027,0.002,10.526,1.132
2019/9/25 21:00,5367,6250,0,883,1.143,0.008,0,0,0.028,0,10.206,1.255
2019/9/25 22:00,5046,5876,0,830,1.145,0.008,0,0,0.028,0,9.925,1.269
2019/9/25 23:00,4726,5548,0,822,1.145,0.007,0,0,0.028,0,9.738,1.211
2019/9/26 0:00,4665,5478,0,813,1.146,0.007,0,0,0.028,0,9.608,1.184
2019/9/26 1:00,4587,5332,0,745,1.146,0.007,0,0,0.028,0,9.433,1.135
2019/9/26 2:00,4656,5520,0,864,1.147,0.007,0,0,0.028,0,9.178,1.062
2019/9/26 3:00,5166,6167,0,1001,1.147,0.007,0,0,0.028,0,8.931,0.983
2019/9/26 4:00,6376,7370,7,987,1.148,0.007,0.003,0.044,0.028,0,8.652,0.969
2019/9/26 5:00,7332,8197,40,825,1.149,0.007,37.275,100.274,0.028,0,9.087,1.111
2019/9/26 6:00,7720,8433,140,573,1.147,0.008,164.472,326.352,0.027,0,11.136,1.554
2019/9/26 7:00,7546,8402,322,534,1.142,0.008,306.091,531.765,0.025,0,13.282,1.864
2019/9/26 8:00,7387,8455,450,618,1.136,0.008,444.983,699.864,0.022,0,15.303,2.046
2019/9/26 9:00,7591,8557,528,438,1.132,0.008,540.493,819.146,0.019,0,16.612,2.073
2019/9/26 10:00,7322,8332,620,390,1.129,0.008,596.122,881.443,0.015,0,17.639,2.04
2019/9/26 11:00,7232,8245,606,407,1.127,0.008,579.741,882.531,0.011,0,18.312,2.006
2019/9/26 12:00,7114,8154,544,496,1.125,0.008,508.135,822.211,0.009,0,18.531,1.991
2019/9/26 13:00,7066,8108,474,568,1.124,0.008,410.217,704.743,0.007,0,18.426,1.927
2019/9/26 14:00,7151,8089,337,601,1.124,0.008,285.137,537.956,0.006,0,18.03,1.772
2019/9/26 15:00,7330,8072,187,555,1.125,0.008,148.577,333.286,0.006,0,17.245,1.353
2019/9/26 16:00,7712,8146,86,348,1.127,0.009,35.21,106.195,0.005,0,15.09,0.663
2019/9/26 17:00,7778,8087,19,290,1.13,0.008,0.109,0.691,0.005,0,13.393,0.765
2019/9/26 18:00,7271,7563,0,292,1.133,0.008,0,0,0.005,0,12.793,0.787
2019/9/26 19:00,6694,6972,0,278,1.136,0.008,0,0,0.005,0,12.322,0.846
2019/9/26 20:00,6425,6690,0,265,1.138,0.008,0,0,0.005,0,11.946,0.905
2019/9/26 21:00,5852,6174,0,322,1.139,0.008,0,0,0.005,0,11.702,0.922
2019/9/26 22:00,5425,5803,0,378,1.14,0.008,0,0,0.005,0,11.431,0.948
2019/9/26 23:00,5151,5484,0,333,1.14,0.008,0,0,0.005,0,11.237,0.949
2019/9/27 0:00,5164,5371,0,207,1.14,0.008,0,0,0.005,0,11.056,0.934
2019/9/27 1:00,5160,5265,0,105,1.14,0.008,0,0,0.004,0,10.901,0.9
2019/9/27 2:00,5329,5391,0,62,1.14,0.008,0,0,0.004,0,10.778,0.883
2019/9/27 3:00,6055,6117,0,62,1.14,0.008,0,0,0.004,0,10.671,0.873
2019/9/27 4:00,7305,7378,3,70,1.14,0.008,0.002,0.009,0.004,0,10.549,0.879
2019/9/27 5:00,8063,8204,32,109,1.141,0.008,31.531,94.219,0.004,0,11.037,0.835
2019/9/27 6:00,8212,8457,125,120,1.14,0.009,126.923,319.65,0.004,0,13.221,1.052
2019/9/27 7:00,7978,8391,291,122,1.135,0.009,236.14,525.173,0.004,0,15.359,1.195
2019/9/27 8:00,7858,8412,430,124,1.129,0.009,326.144,693.329,0.003,0,17.258,1.384
2019/9/27 9:00,7711,8426,519,196,1.124,0.009,393.055,812.684,0.003,0,18.717,1.407
2019/9/27 10:00,7254,8134,670,210,1.119,0.009,412.116,874.98,0.002,0,19.874,1.394
2019/9/27 11:00,6852,7799,666,281,1.116,0.009,377.687,876.089,0.002,0,20.365,1.344
2019/9/27 12:00,6715,7614,586,313,1.114,0.009,351.594,815.742,0.001,0,20.68,1.283
2019/9/27 13:00,6602,7574,504,468,1.113,0.009,297.286,698.249,0.001,0,20.693,1.243
2019/9/27 14:00,6672,7602,350,580,1.113,0.009,174.409,531.394,0.001,0,20.098,1.139
2019/9/27 15:00,6970,7749,184,595,1.114,0.01,87.301,326.619,0.001,0,18.802,0.711
2019/9/27 16:00,6925,7898,75,898,1.117,0.01,23.623,100.086,0.001,0,16.966,0.683
2019/9/27 17:00,6525,7837,16,1296,1.12,0.009,0.088,0.51,0.001,0,15.578,0.824
2019/9/27 18:00,6022,7368,0,1346,1.123,0.009,0,0,0.001,0,14.768,0.936
2019/9/27 19:00,5396,6703,0,1307,1.126,0.009,0,0,0.001,0,14.068,0.947
2019/9/27 20:00,5763,6420,0,657,1.128,0.009,0,0,0.001,0,13.667,0.918
2019/9/27 21:00,5681,5920,0,239,1.13,0.009,0,0,0.001,0,13.461,0.885
2019/9/27 22:00,5467,5607,0,140,1.131,0.009,0,0,0.001,0,13.365,0.9
2019/9/27 23:00,5155,5317,0,162,1.133,0.009,0,0,0.001,0,13.217,0.946
2019/9/28 0:00,4915,5174,0,259,1.133,0.009,0,0,0.001,0,13.017,0.922
2019/9/28 1:00,4539,5027,0,488,1.134,0.009,0,0,0.001,0,12.86,0.86
2019/9/28 2:00,4664,4976,0,312,1.135,0.009,0,0,0.001,0,12.644,0.804
2019/9/28 3:00,4898,5237,0,339,1.137,0.009,0,0,0.001,0,12.361,0.749
2019/9/28 4:00,5333,5731,1,397,1.138,0.009,0,0.001,0.001,0,11.996,0.732
2019/9/28 5:00,5839,6357,26,492,1.14,0.009,21.059,88.315,0.001,0,12.099,0.737
2019/9/28 6:00,6168,6754,80,506,1.14,0.009,102.038,312.965,0.001,0,13.543,1.073
2019/9/28 7:00,6442,7052,151,459,1.138,0.009,173.441,518.536,0.001,0,14.615,1.277
2019/9/28 8:00,6713,7231,210,308,1.136,0.009,223.505,686.798,0,0,15.222,1.602
2019/9/28 9:00,6941,7378,267,170,1.137,0.009,276.937,806.162,0,0,15.473,1.954
2019/9/28 10:00,6595,7100,346,159,1.137,0.009,337.954,868.488,0,0,15.773,2.171
2019/9/28 11:00,6223,6850,369,258,1.135,0.009,364.504,869.61,0,0,16.186,2.183
2019/9/28 12:00,6120,6677,344,213,1.134,0.008,360.457,809.239,0,0,16.576,2.118
2019/9/28 13:00,6071,6645,307,267,1.133,0.008,318.548,691.643,0,0,16.705,2.053
2019/9/28 14:00,6132,6617,239,246,1.132,0.008,233.354,524.741,0,0,16.454,1.972
2019/9/28 15:00,6364,6717,143,210,1.133,0.009,131.634,319.897,0,0,15.756,1.523
2019/9/28 16:00,6404,6821,66,351,1.135,0.009,30.526,94.13,0,0,13.91,0.905
2019/9/28 17:00,6204,6756,14,538,1.138,0.008,0.097,0.369,0,0,12.429,0.965
2019/9/28 18:00,5816,6434,0,618,1.141,0.008,0,0,0,0,11.939,1.002
2019/9/28 19:00,5227,5933,0,706,1.143,0.008,0,0,0,0,11.415,1.01
2019/9/28 20:00,5078,5815,0,737,1.145,0.008,0,0,0,0,10.961,1.024
2019/9/28 21:00,4617,5415,0,798,1.145,0.008,0,0,0,0,10.597,0.986
2019/9/28 22:00,4416,5114,0,698,1.146,0.008,0,0,0,0,10.287,0.945
2019/9/28 23:00,4358,4824,0,466,1.146,0.008,0,0,0,0,10.016,0.9
2019/9/29 0:00,4426,4739,0,313,1.145,0.008,0,0,0,0,9.819,0.875
2019/9/29 1:00,4295,4552,0,257,1.145,0.008,0,0,0,0,9.632,0.849
2019/9/29 2:00,4289,4583,0,294,1.145,0.007,0,0,0,0,9.537,0.84
2019/9/29 3:00,4533,4758,0,225,1.145,0.007,0,0,0,0,9.405,0.838
2019/9/29 4:00,4891,5050,3,156,1.146,0.007,0,0,0,0,9.233,0.821
2019/9/29 5:00,5263,5490,34,193,1.146,0.007,20.83,82.596,0,0,9.567,0.795
2019/9/29 6:00,5448,5778,120,210,1.146,0.008,110.244,306.231,0,0,11.65,1.038
2019/9/29 7:00,5462,5888,264,162,1.141,0.008,257.928,511.932,0,0,13.721,1.373
2019/9/29 8:00,5397,5964,384,183,1.133,0.008,444.473,680.174,0,0,16.383,1.697
2019/9/29 9:00,4968,6072,473,631,1.125,0.008,557.061,799.616,0,0,18.363,1.938
2019/9/29 10:00,4235,5812,609,968,1.12,0.008,622.644,861.967,0,0,19.781,2.117
2019/9/29 11:00,3595,5558,664,1299,1.114,0.009,627.797,863.008,0,0,20.778,2.212
2019/9/29 12:00,3469,5414,633,1312,1.11,0.009,584.098,802.702,0,0,21.409,2.214
2019/9/29 13:00,3493,5385,565,1327,1.107,0.009,488.756,685.05,0,0,21.638,2.155
2019/9/29 14:00,3790,5539,400,1349,1.105,0.009,347.485,518.084,0,0,21.438,2.054
2019/9/29 15:00,4334,5857,206,1317,1.105,0.01,186.106,313.181,0,0,20.325,1.636
2019/9/29 16:00,4714,6255,90,1451,1.107,0.01,38.542,88.33,0,0,17.45,1.157
2019/9/29 17:00,4707,6484,20,1757,1.111,0.009,0.06,0.26,0,0,15.666,1.376
2019/9/29 18:00,4449,6270,0,1821,1.114,0.009,0,0,0,0,14.971,1.473
2019/9/29 19:00,4388,5816,0,1428,1.117,0.009,0,0,0,0,14.464,1.496
2019/9/29 20:00,4681,5775,0,1094,1.119,0.009,0,0,0,0,14.102,1.512
2019/9/29 21:00,4603,5416,0,813,1.118,0.009,0,0,0,0,13.986,1.487
2019/9/29 22:00,4510,5270,0,760,1.118,0.009,0,0,0,0,13.83,1.345
2019/9/29 23:00,4353,5012,0,659,1.117,0.009,0,0,0,0,13.712,1.391
2019/9/30 0:00,4526,4932,0,406,1.118,0.009,0,0,0,0,13.648,1.536
2019/9/30 1:00,4326,4844,0,518,1.118,0.009,0,0,0,0,13.749,1.733
2019/9/30 2:00,4292,5036,0,744,1.119,0.009,0,0,0,0,13.868,1.961
2019/9/30 3:00,4864,5802,0,938,1.119,0.009,0,0,0,0,13.868,2.098
2019/9/30 4:00,5929,7198,3,1266,1.119,0.009,0,0,0,0,13.684,2.151
2019/9/30 5:00,6575,8039,39,1425,1.121,0.009,30.258,77.069,0,0,13.795,2.306
2019/9/30 6:00,6452,8322,143,1727,1.121,0.009,143.806,299.47,0,0,15.48,2.877
2019/9/30 7:00,5738,8339,308,2293,1.121,0.009,249.249,505.242,0,0,16.566,3.567
2019/9/30 8:00,5672,8376,436,2268,1.12,0.008,415.83,673.568,0,0,17.546,4.031
2019/9/30 9:00,5335,8418,521,2562,1.12,0.008,546.843,793.01,0,0,18.312,4.279
2019/9/30 10:00,4736,8166,647,2783,1.119,0.008,611.039,855.431,0,0,18.857,4.317
2019/9/30 11:00,4536,8032,668,2828,1.119,0.007,607.975,856.469,0,0,19.158,4.236
2019/9/30 12:00,4522,7994,621,2851,1.118,0.007,582.268,796.084,0,0,19.308,4.075
2019/9/30 13:00,4505,7948,550,2893,1.118,0.007,479.549,678.384,0,0,19.059,3.878
2019/9/30 14:00,4754,7939,382,2803,1.119,0.007,339.142,511.409,0,0,18.393,3.596
2019/9/30 15:00,5218,8016,194,2604,1.122,0.007,176.329,306.419,0,0,17.231,3.087
2019/9/30 16:00,5820,8182,83,2279,1.126,0.007,37.054,82.7,0,0,15.18,2.337
2019/9/30 17:00,6103,8106,18,1985,1.13,0.007,0.045,0.174,0,0,13.431,1.909
2019/9/30 18:00,5753,7522,0,1769,1.134,0.007,0,0,0,0,12.559,1.689
2019/9/30 19:00,5614,6938,0,1324,1.137,0.007,0,0,0,0,11.749,1.511
2019/9/30 20:00,5136,6605,0,1469,1.14,0.007,0,0,0,0,11.02,1.349
2019/9/30 21:00,4395,6058,0,1663,1.142,0.007,0,0,0,0,10.399,1.228
2019/9/30 22:00,3999,5745,0,1746,1.143,0.007,0,0,0,0,9.802,1.102
2019/9/30 23:00,4160,5456,0,1296,1.144,0.007,0,0,0,0,9.452,1.045
2019/10/1 0:00,4218,5375,0,1157,1.144,0.007,0,0,0,0,9.142,1.005
2019/10/1 1:00,4337,5275,0,938,1.144,0.007,0,0,0,0,8.756,0.98
2019/10/1 2:00,4886,5466,0,580,1.144,0.007,0,0,0,0,8.387,0.925
2019/10/1 3:00,6042,6168,0,126,1.145,0.007,0,0,0,0,8.072,0.85
2019/10/1 4:00,7352,7401,3,46,1.145,0.007,0,0,0,0,7.854,0.827
2019/10/1 5:00,7953,8164,36,175,1.146,0.007,29.244,71.725,0,0,8.481,0.917
2019/10/1 6:00,7386,8302,128,788,1.144,0.007,162.419,292.737,0,0,11.386,1.558
2019/10/1 7:00,6701,8175,289,1185,1.137,0.007,318.679,498.521,0,0,14.095,2.125
2019/10/1 8:00,5995,8128,418,1715,1.127,0.008,457.849,666.893,0,0,16.795,2.53
2019/10/1 9:00,5571,8133,512,2050,1.118,0.008,563.554,786.356,0,0,19.05,2.644
2019/10/1 10:00,5114,7879,653,2112,1.112,0.008,624.307,848.766,0,0,20.67,2.616
2019/10/1 11:00,5150,7843,697,1996,1.107,0.008,623.771,849.814,0,0,21.738,2.543
2019/10/1 12:00,5230,7763,654,1879,1.103,0.008,567.382,789.482,0,0,22.292,2.436
2019/10/1 13:00,5448,7766,580,1738,1.101,0.008,460.389,671.724,0,0,22.35,2.268
2019/10/1 14:00,5660,7794,397,1737,1.1,0.009,323.716,504.684,0,0,21.941,2.014
2019/10/1 15:00,5979,7848,194,1675,1.1,0.009,171.1,299.659,0,0,20.763,1.417
2019/10/1 16:00,6509,8066,78,1479,1.104,0.009,33.446,77.236,0,0,17.588,0.992
2019/10/1 17:00,6568,8109,18,1523,1.108,0.009,0.025,0.111,0,0,15.734,1.184
2019/10/1 18:00,5875,7578,0,1703,1.113,0.009,0,0,0,0,14.956,1.182
2019/10/1 19:00,5277,6912,0,1635,1.116,0.009,0,0,0,0,14.165,1.092
2019/10/1 20:00,5124,6550,0,1426,1.119,0.009,0,0,0,0,13.501,1.011
2019/10/1 21:00,4853,6051,0,1198,1.121,0.009,0,0,0,0,13.006,0.947
2019/10/1 22:00,4743,5690,0,947,1.123,0.009,0,0,0,0,12.511,0.928
2019/10/1 23:00,4713,5474,0,761,1.125,0.009,0,0,0,0,12.151,0.931
2019/10/2 0:00,4823,5373,0,550,1.127,0.009,0,0,0,0.001,11.829,0.905
2019/10/2 1:00,4810,5253,0,443,1.129,0.009,0,0,0.007,0.012,11.427,0.909
2019/10/2 2:00,5183,5426,0,243,1.13,0.009,0,0,0.021,0.016,11.163,1.014
2019/10/2 3:00,5979,6084,0,105,1.131,0.009,0,0,0.039,0.023,10.984,1.124
2019/10/2 4:00,7252,7360,2,106,1.131,0.009,0,0,0.061,0.022,11.005,1.266
2019/10/2 5:00,8007,8239,23,209,1.131,0.008,16.896,66.579,0.087,0.029,11.254,1.323
2019/10/2 6:00,8181,8550,73,296,1.131,0.009,85.809,285.977,0.114,0.034,12.402,1.613
2019/10/2 7:00,8268,8709,150,291,1.129,0.009,154.291,491.821,0.142,0.03,13.395,1.648
2019/10/2 8:00,8200,8950,196,554,1.126,0.009,207.108,660.196,0.159,0.022,14.434,1.671
2019/10/2 9:00,7587,9068,238,1243,1.124,0.009,258.755,779.721,0.166,0.014,15.042,2.011
2019/10/2 10:00,7581,8791,291,919,1.124,0.009,274.142,842.106,0.162,0.008,15.241,2.138
2019/10/2 11:00,7660,8756,303,793,1.124,0.008,246.303,843.153,0.15,0.001,15.128,2.152
2019/10/2 12:00,7296,8670,277,1097,1.125,0.008,207.443,782.784,0.135,0.001,14.768,2.185
2019/10/2 13:00,7115,8552,234,1203,1.127,0.008,152.321,665.035,0.122,0,14.11,2.149
2019/10/2 14:00,7431,8502,166,905,1.13,0.008,94.924,497.978,0.111,0,13.221,2.025
2019/10/2 15:00,7342,8441,86,1013,1.134,0.008,43.287,292.913,0.104,0,12.261,1.794
2019/10/2 16:00,7852,8558,32,674,1.136,0.008,7.491,71.95,0.101,0,11.274,1.479
2019/10/2 17:00,7821,8325,5,499,1.14,0.008,0.003,0.066,0.099,0,10.509,1.33
2019/10/2 18:00,7199,7731,0,532,1.143,0.008,0,0,0.098,0.002,9.856,1.364
2019/10/2 19:00,6010,7119,0,1109,1.148,0.007,0,0,0.103,0.012,9.147,1.655
2019/10/2 20:00,4727,6791,0,2064,1.153,0.007,0,0,0.115,0.015,8.375,2.089
2019/10/2 21:00,3879,6325,0,2446,1.159,0.006,0,0,0.129,0.016,7.388,2.383
2019/10/2 22:00,3288,5991,0,2703,1.165,0.006,0,0,0.142,0.014,6.457,2.614
2019/10/2 23:00,2959,5743,0,2784,1.168,0.006,0,0,0.152,0.012,5.819,2.754
2019/10/3 0:00,2919,5647,0,2728,1.17,0.005,0,0,0.161,0.01,5.401,2.646
2019/10/3 1:00,2907,5584,0,2677,1.171,0.005,0,0,0.169,0.011,5.158,2.492
2019/10/3 2:00,3079,5668,0,2589,1.173,0.005,0,0,0.179,0.013,4.839,2.397
2019/10/3 3:00,3903,6392,0,2489,1.174,0.005,0,0,0.19,0.014,4.569,2.218
2019/10/3 4:00,5204,7568,0,2364,1.175,0.005,0,0,0.202,0.014,4.402,2.052
2019/10/3 5:00,6258,8367,28,2081,1.176,0.005,12.95,61.629,0.213,0.013,4.441,2.068
2019/10/3 6:00,6998,8608,110,1500,1.174,0.005,86.787,279.203,0.222,0.009,5.269,2.288
2019/10/3 7:00,6722,8551,266,1563,1.171,0.005,203.793,485.064,0.225,0.005,6.616,2.796
2019/10/3 8:00,5762,8597,358,2477,1.166,0.005,347.927,653.498,0.22,0.002,8.073,3.154
2019/10/3 9:00,5799,8667,398,2470,1.163,0.005,458.59,773.005,0.207,0.002,9.253,3.28
2019/10/3 10:00,5804,8545,425,2316,1.161,0.005,522.982,835.417,0.185,0.002,10.124,3.244
2019/10/3 11:00,5927,8446,377,2142,1.159,0.005,531.302,836.517,0.156,0,10.72,3.11
2019/10/3 12:00,5891,8264,330,2043,1.157,0.005,515.033,776.105,0.129,0,11.12,3.002
2019/10/3 13:00,6019,8157,292,1846,1.156,0.005,430.593,658.308,0.108,0,11.166,2.885
2019/10/3 14:00,6346,8094,216,1532,1.155,0.005,307.339,491.224,0.094,0,10.821,2.71
2019/10/3 15:00,6746,8197,116,1335,1.156,0.005,156.755,286.125,0.087,0,10.011,2.32
2019/10/3 16:00,7392,8471,50,1029,1.158,0.005,26.983,66.841,0.085,0,8.076,1.479
2019/10/3 17:00,7125,8368,8,1235,1.162,0.005,0.008,0.035,0.085,0,6.55,1.254
2019/10/3 18:00,6442,7821,0,1379,1.165,0.005,0,0,0.085,0,5.933,1.149
2019/10/3 19:00,5567,7167,0,1600,1.168,0.005,0,0,0.085,0,5.382,1.165
2019/10/3 20:00,5202,6796,0,1594,1.17,0.005,0,0,0.085,0,4.841,1.244
2019/10/3 21:00,5026,6287,0,1261,1.171,0.005,0,0,0.085,0,4.391,1.228
2019/10/3 22:00,4929,5916,0,987,1.171,0.005,0,0,0.085,0,4.092,1.201
2019/10/3 23:00,4830,5662,0,832,1.172,0.005,0,0,0.085,0,3.819,1.152
2019/10/4 0:00,4884,5570,0,686,1.172,0.005,0,0,0.085,0,3.635,1.156
2019/10/4 1:00,5006,5474,0,468,1.172,0.005,0,0,0.086,0,3.449,1.125
2019/10/4 2:00,5298,5618,0,320,1.173,0.005,0,0,0.086,0,3.259,1.079
2019/10/4 3:00,6068,6322,0,254,1.173,0.005,0,0,0.086,0,3.038,1.029
2019/10/4 4:00,7419,7593,0,174,1.174,0.005,0,0,0.086,0,2.677,0.943
2019/10/4 5:00,8372,8456,29,55,1.175,0.005,22.203,56.876,0.086,0,2.763,0.869
2019/10/4 6:00,8413,8543,116,14,1.174,0.005,140.75,272.401,0.086,0,5.177,1.047
2019/10/4 7:00,8203,8492,280,9,1.166,0.005,289.06,478.288,0.084,0,7.914,0.764
2019/10/4 8:00,8056,8458,398,4,1.159,0.005,395.063,646.758,0.078,0,9.922,0.6
2019/10/4 9:00,7967,8433,462,4,1.154,0.005,453.597,766.276,0.07,0,11.149,0.824
2019/10/4 10:00,7560,8097,532,5,1.15,0.005,477.663,828.695,0.06,0,12.118,1.147
2019/10/4 11:00,7338,7860,488,34,1.146,0.005,469.149,829.773,0.051,0,12.813,1.402
2019/10/4 12:00,7151,7677,410,116,1.142,0.005,452.911,769.347,0.043,0,13.315,1.553
2019/10/4 13:00,7011,7632,347,274,1.14,0.005,361.898,651.57,0.036,0,13.389,1.585
2019/10/4 14:00,7166,7749,234,349,1.139,0.005,225.958,484.463,0.032,0,12.92,1.514
2019/10/4 15:00,7324,7872,110,438,1.139,0.006,97.731,279.332,0.029,0,11.829,1.075
2019/10/4 16:00,7388,8101,40,673,1.142,0.006,14.326,61.917,0.028,0,9.778,0.834
2019/10/4 17:00,7051,7912,7,854,1.145,0.006,0.001,0.016,0.028,0,8.781,1.021
2019/10/4 18:00,6716,7372,0,656,1.148,0.006,0,0,0.028,0,8.371,1.088
2019/10/4 19:00,6326,6750,0,424,1.15,0.006,0,0,0.028,0.001,7.926,1.088
2019/10/4 20:00,6061,6452,0,391,1.152,0.006,0,0,0.03,0.002,7.484,1.05
2019/10/4 21:00,5632,6018,0,386,1.153,0.006,0,0,0.031,0.002,7.171,1.088
2019/10/4 22:00,5319,5721,0,402,1.153,0.006,0,0,0.033,0.002,6.872,1.134
2019/10/4 23:00,5118,5446,0,328,1.154,0.006,0,0,0.035,0.002,6.64,1.167
2019/10/5 0:00,5075,5245,0,170,1.154,0.006,0,0,0.037,0.004,6.496,1.177
2019/10/5 1:00,4854,5077,0,223,1.153,0.006,0,0,0.04,0.004,6.557,1.204
2019/10/5 2:00,4829,5121,0,292,1.152,0.006,0,0,0.045,0.007,6.659,1.249
2019/10/5 3:00,4977,5402,0,425,1.152,0.006,0,0,0.051,0.008,6.764,1.346
2019/10/5 4:00,5211,5853,0,642,1.151,0.006,0,0,0.058,0.008,6.895,1.435
2019/10/5 5:00,5661,6517,19,837,1.151,0.006,8.082,52.316,0.065,0.008,7.173,1.468
2019/10/5 6:00,5907,6976,69,1000,1.15,0.007,55.666,265.634,0.071,0.006,8.227,1.694
2019/10/5 7:00,6008,7180,138,1034,1.149,0.007,117.835,471.526,0.072,0.002,9.156,2.046
2019/10/5 8:00,6109,7310,186,1015,1.146,0.007,188.518,639.982,0.067,0,10.069,2.378
2019/10/5 9:00,6319,7405,224,862,1.143,0.007,266.825,759.534,0.06,0,10.988,2.671
2019/10/5 10:00,6087,7115,274,754,1.141,0.007,327.501,821.945,0.052,0,11.844,2.791
2019/10/5 11:00,5735,6902,286,881,1.139,0.007,386.708,822.973,0.044,0,12.55,2.956
2019/10/5 12:00,5799,6708,288,621,1.138,0.007,342.91,762.625,0.037,0,12.599,3.054
2019/10/5 13:00,5629,6708,285,794,1.14,0.006,287.263,644.818,0.032,0,12.185,3.147
2019/10/5 14:00,4700,6798,217,1881,1.144,0.006,187.863,477.682,0.029,0,11.223,3.148
2019/10/5 15:00,4490,6956,120,2346,1.149,0.006,95.638,272.545,0.027,0,9.941,2.974
2019/10/5 16:00,4411,7146,50,2685,1.154,0.006,14.207,57.18,0.026,0,8.302,2.811
2019/10/5 17:00,4005,6960,10,2945,1.159,0.006,0,0.006,0.028,0.004,7.276,2.942
2019/10/5 18:00,3613,6564,0,2951,1.163,0.006,0,0,0.031,0.002,6.647,2.967
2019/10/5 19:00,3250,6169,0,2919,1.166,0.006,0,0,0.033,0.002,6.127,2.881
2019/10/5 20:00,3149,5985,0,2836,1.168,0.005,0,0,0.034,0.002,5.69,2.733
2019/10/5 21:00,2778,5563,0,2785,1.17,0.005,0,0,0.036,0.001,5.406,2.583
2019/10/5 22:00,2623,5286,0,2663,1.171,0.005,0,0,0.037,0.001,5.183,2.376
2019/10/5 23:00,2432,4990,0,2558,1.173,0.005,0,0,0.037,0.001,4.862,2.134
2019/10/6 0:00,2572,4904,0,2332,1.174,0.005,0,0,0.038,0.001,4.454,1.925
2019/10/6 1:00,2711,4704,0,1993,1.176,0.005,0,0,0.038,0.001,4.061,1.71
2019/10/6 2:00,3005,4665,0,1660,1.177,0.005,0,0,0.039,0.001,3.763,1.596
2019/10/6 3:00,3230,4825,0,1595,1.178,0.005,0,0,0.039,0.001,3.509,1.522
2019/10/6 4:00,3723,5101,0,1378,1.179,0.005,0,0,0.039,0.001,3.265,1.439
2019/10/6 5:00,4244,5552,29,1279,1.18,0.005,17.121,47.958,0.04,0,3.252,1.387
2019/10/6 6:00,4624,5884,104,1156,1.179,0.005,126.321,258.823,0.04,0,4.83,1.538
2019/10/6 7:00,4605,6082,223,1254,1.175,0.005,276.635,464.726,0.039,0,6.722,1.714
2019/10/6 8:00,4790,6263,311,1162,1.17,0.005,413.843,633.207,0.036,0,8.63,1.729
2019/10/6 9:00,5094,6339,366,879,1.165,0.005,502.634,752.733,0.032,0,9.998,1.66
2019/10/6 10:00,5098,6142,437,607,1.161,0.005,532.522,815.165,0.028,0,10.952,1.55
2019/10/6 11:00,5018,5986,424,544,1.158,0.005,504.285,816.21,0.025,0,11.491,1.441
2019/10/6 12:00,5130,5866,368,368,1.156,0.005,418.949,755.849,0.022,0,11.59,1.389
2019/10/6 13:00,5335,5858,308,215,1.155,0.005,293.861,638.048,0.02,0,11.257,1.365
2019/10/6 14:00,5629,6014,222,163,1.155,0.005,169.742,470.909,0.018,0,10.544,1.338
2019/10/6 15:00,6008,6339,120,211,1.157,0.005,70.244,265.754,0.017,0,9.463,1.153
2019/10/6 16:00,6508,6805,50,247,1.159,0.005,10.436,52.636,0.016,0,7.746,0.808
2019/10/6 17:00,6444,6788,10,334,1.162,0.005,0,0.001,0.016,0,6.76,0.909
2019/10/6 18:00,6202,6490,0,288,1.165,0.005,0,0,0.016,0.001,6.188,0.958
2019/10/6 19:00,5874,6068,0,194,1.167,0.005,0,0,0.021,0.008,5.645,0.964
2019/10/6 20:00,5805,5999,0,194,1.169,0.005,0,0,0.037,0.024,5.158,0.953
2019/10/6 21:00,5432,5721,0,289,1.171,0.005,0,0,0.067,0.036,4.766,0.932
2019/10/6 22:00,5265,5518,0,253,1.173,0.005,0,0,0.115,0.059,4.417,0.957
2019/10/6 23:00,5070,5328,0,258,1.174,0.005,0,0,0.176,0.062,4.126,1.012
2019/10/7 0:00,4959,5217,0,258,1.176,0.005,0,0,0.225,0.051,3.848,1.032
2019/10/7 1:00,4983,5146,0,163,1.178,0.005,0,0,0.269,0.057,3.549,1.011
2019/10/7 2:00,5268,5394,0,126,1.18,0.005,0,0,0.309,0.044,3.31,0.937
2019/10/7 3:00,5989,6152,0,163,1.181,0.005,0,0,0.334,0.025,3.181,0.884
2019/10/7 4:00,7354,7525,0,171,1.182,0.005,0,0,0.347,0.016,3.033,0.827
2019/10/7 5:00,8360,8518,28,130,1.184,0.005,9.724,43.8,0.359,0.015,2.906,0.91
2019/10/7 6:00,8704,8839,84,51,1.184,0.005,80.131,252.037,0.368,0.011,3.644,1.16
2019/10/7 7:00,8660,8849,182,7,1.18,0.005,203.49,457.951,0.367,0.006,5.031,1.006
2019/10/7 8:00,8596,8867,267,4,1.176,0.005,328.356,626.433,0.35,0.003,6.593,0.967
2019/10/7 9:00,8555,8886,327,4,1.172,0.005,419.015,745.929,0.314,0.002,7.881,0.899
2019/10/7 10:00,8223,8641,414,4,1.169,0.005,431.511,808.379,0.268,0.001,8.715,0.77
2019/10/7 11:00,8103,8556,436,17,1.167,0.005,437.145,809.43,0.223,0,9.33,0.909
2019/10/7 12:00,7983,8408,393,32,1.166,0.005,407.975,749.017,0.185,0,9.718,1.077
2019/10/7 13:00,7913,8302,338,51,1.164,0.005,345.17,631.239,0.157,0,9.851,1.142
2019/10/7 14:00,8002,8283,234,47,1.164,0.005,248.201,464.091,0.138,0,9.587,1.142
2019/10/7 15:00,8226,8364,103,35,1.164,0.005,124.843,258.959,0.128,0,8.758,0.862
2019/10/7 16:00,8596,8662,34,32,1.167,0.005,16.946,48.287,0.125,0,6.73,0.557
2019/10/7 17:00,8486,8525,6,33,1.17,0.005,0,0,0.125,0,5.685,0.573
2019/10/7 18:00,7892,7927,0,35,1.172,0.005,0,0,0.125,0,5.002,0.596
2019/10/7 19:00,7235,7278,0,43,1.175,0.005,0,0,0.125,0,4.194,0.654
2019/10/7 20:00,6870,6919,0,49,1.177,0.005,0,0,0.125,0,3.447,0.698
2019/10/7 21:00,6365,6431,0,66,1.178,0.005,0,0,0.125,0,2.806,0.771
2019/10/7 22:00,5937,6025,0,88,1.179,0.005,0,0,0.125,0,2.576,0.84
2019/10/7 23:00,5712,5810,0,98,1.18,0.005,0,0,0.125,0,2.486,0.889
2019/10/8 0:00,5663,5733,0,70,1.18,0.005,0,0,0.125,0,2.401,0.901
2019/10/8 1:00,5528,5625,0,97,1.181,0.005,0,0,0.125,0,2.343,0.891
2019/10/8 2:00,5604,5758,0,154,1.18,0.005,0,0,0.125,0,2.423,0.872
2019/10/8 3:00,6205,6422,0,217,1.18,0.005,0,0,0.125,0,2.198,0.853
2019/10/8 4:00,7390,7757,0,367,1.18,0.005,0,0,0.125,0,1.827,0.893
2019/10/8 5:00,8006,8597,24,567,1.181,0.005,13.885,39.835,0.125,0,1.945,0.951
2019/10/8 6:00,7911,8777,97,769,1.179,0.005,119.602,245.23,0.124,0,4.414,1.399
2019/10/8 7:00,7707,8658,215,736,1.173,0.005,269.885,451.126,0.118,0,7.052,1.861
2019/10/8 8:00,7377,8600,324,899,1.162,0.005,403.687,619.601,0.105,0,9.907,2.302
2019/10/8 9:00,6844,8552,403,1305,1.153,0.005,510.192,739.108,0.088,0,12.383,2.502
2019/10/8 10:00,6059,8265,538,1668,1.146,0.005,549.438,801.504,0.071,0,13.993,2.564
2019/10/8 11:00,5789,8204,553,1862,1.141,0.005,530.549,802.629,0.057,0,14.998,2.611
2019/10/8 12:00,5507,8084,486,2091,1.137,0.006,456.827,742.19,0.046,0,15.55,2.611
2019/10/8 13:00,5371,8078,414,2293,1.134,0.006,357.031,624.409,0.039,0,15.676,2.544
2019/10/8 14:00,5351,8088,278,2459,1.133,0.006,237.212,457.252,0.033,0,15.273,2.365
2019/10/8 15:00,5699,8234,126,2409,1.134,0.007,111.804,252.157,0.03,0,13.98,1.984
2019/10/8 16:00,6176,8501,35,2290,1.137,0.007,15.028,44.134,0.028,0,11.591,1.766
2019/10/8 17:00,6245,8369,4,2120,1.141,0.006,0,0,0.027,0,10.337,1.868
2019/10/8 18:00,5699,7768,0,2069,1.143,0.006,0,0,0.026,0,9.71,1.786
2019/10/8 19:00,5083,7135,0,2052,1.145,0.006,0,0,0.026,0,9.222,1.708
2019/10/8 20:00,4856,6761,0,1905,1.147,0.006,0,0,0.026,0,8.827,1.707
2019/10/8 21:00,4507,6256,0,1749,1.147,0.006,0,0,0.025,0,8.537,1.583
2019/10/8 22:00,4195,5901,0,1706,1.147,0.006,0,0,0.025,0,8.454,1.502
2019/10/8 23:00,4066,5668,0,1602,1.146,0.006,0,0,0.025,0,8.529,1.46
2019/10/9 0:00,4230,5566,0,1336,1.145,0.007,0,0,0.024,0,8.676,1.391
2019/10/9 1:00,4328,5460,0,1132,1.143,0.007,0,0,0.024,0,8.822,1.272
2019/10/9 2:00,4695,5580,0,885,1.142,0.007,0,0,0.023,0,9.068,1.188
2019/10/9 3:00,5699,6249,0,550,1.143,0.007,0,0,0.023,0,9.279,1.077
2019/10/9 4:00,7166,7540,0,374,1.144,0.007,0,0,0.022,0,9.492,0.934
2019/10/9 5:00,8042,8452,22,388,1.145,0.008,6.645,36.076,0.021,0,9.615,0.782
2019/10/9 6:00,8318,8661,87,256,1.146,0.008,54.298,238.432,0.021,0,10.613,0.702
2019/10/9 7:00,8245,8599,190,164,1.145,0.008,127.162,444.303,0.02,0,11.822,0.814
2019/10/9 8:00,8240,8660,266,154,1.142,0.009,204.675,612.786,0.017,0,12.871,0.805
2019/10/9 9:00,8243,8668,314,111,1.138,0.009,267.105,732.263,0.015,0,13.955,0.829
2019/10/9 10:00,7986,8464,376,102,1.135,0.009,290.032,794.687,0.013,0,14.628,0.839
2019/10/9 11:00,7944,8427,361,122,1.133,0.009,269.311,795.773,0.01,0,14.959,1.069
2019/10/9 12:00,7973,8438,307,158,1.131,0.009,234.076,735.315,0.009,0,14.968,1.436
2019/10/9 13:00,8002,8486,249,235,1.131,0.008,190.057,617.579,0.008,0,14.725,1.813
2019/10/9 14:00,8173,8591,163,255,1.132,0.008,126.558,450.468,0.007,0,14.047,1.967
2019/10/9 15:00,8426,8680,73,181,1.135,0.008,57.116,245.37,0.006,0,12.88,1.726
2019/10/9 16:00,8617,8832,20,195,1.139,0.008,7.766,40.182,0.006,0,11.331,1.392
2019/10/9 17:00,7371,8496,1,1124,1.144,0.008,0,0,0.006,0,10.24,1.392
2019/10/9 18:00,5986,7912,0,1926,1.15,0.007,0,0,0.006,0,9.588,2.007
2019/10/9 19:00,5390,7243,0,1853,1.155,0.007,0,0,0.006,0,8.829,2.211
2019/10/9 20:00,4858,6864,0,2006,1.157,0.007,0,0,0.006,0,8.036,1.714
2019/10/9 21:00,4688,6387,0,1699,1.158,0.007,0,0,0.006,0,7.595,1.579
2019/10/9 22:00,4857,5983,0,1126,1.158,0.006,0,0,0.007,0,7.449,1.6
2019/10/9 23:00,5105,5710,0,605,1.157,0.006,0,0,0.007,0,7.297,1.553
2019/10/10 0:00,5041,5622,0,581,1.157,0.006,0,0,0.007,0,7.072,1.499
2019/10/10 1:00,4720,5561,0,841,1.157,0.006,0,0,0.008,0,6.831,1.442
2019/10/10 2:00,5019,5714,0,695,1.157,0.006,0,0,0.008,0,6.645,1.37
2019/10/10 3:00,5657,6385,0,728,1.158,0.006,0,0,0.008,0,6.489,1.307
2019/10/10 4:00,7094,7638,0,544,1.159,0.006,0,0,0.009,0,6.306,1.254
2019/10/10 5:00,7915,8560,28,617,1.16,0.006,10.086,32.511,0.009,0,6.303,1.2
2019/10/10 6:00,8059,8714,90,565,1.16,0.006,94.911,231.661,0.009,0,7.938,1.388
2019/10/10 7:00,8089,8636,194,353,1.157,0.007,206.158,437.509,0.009,0,9.65,1.758
2019/10/10 8:00,8009,8645,266,370,1.153,0.007,311.354,605.895,0.008,0,11.242,2.244
2019/10/10 9:00,8029,8746,309,408,1.149,0.007,416.209,725.413,0.007,0,12.67,2.533
2019/10/10 10:00,7754,8502,360,388,1.146,0.006,463.709,787.818,0.006,0,13.571,2.721
2019/10/10 11:00,7633,8502,383,486,1.144,0.006,464.712,788.838,0.005,0,13.998,2.841
2019/10/10 12:00,7359,8403,377,667,1.144,0.006,404.978,728.489,0.004,0,14.009,2.825
2019/10/10 13:00,6713,8336,342,1281,1.144,0.006,317.21,610.718,0.003,0,13.721,2.715
2019/10/10 14:00,6239,8319,251,1829,1.146,0.006,223.224,443.646,0.003,0,13.135,2.523
2019/10/10 15:00,6203,8382,125,2054,1.149,0.006,103.52,238.584,0.002,0,11.914,2.032
2019/10/10 16:00,6650,8665,33,1982,1.154,0.007,11.776,36.432,0.002,0,9.627,1.454
2019/10/10 17:00,6797,8461,0,1664,1.158,0.006,0,0,0.002,0,8.378,1.326
2019/10/10 18:00,6596,7890,0,1294,1.162,0.006,0,0,0.002,0,7.739,1.239
2019/10/10 19:00,6348,7198,0,850,1.164,0.006,0,0,0.002,0,7.157,1.145
2019/10/10 20:00,6224,6898,0,674,1.166,0.006,0,0,0.002,0,6.65,1.083
2019/10/10 21:00,5713,6427,0,714,1.168,0.006,0,0,0.002,0,6.266,1.035
2019/10/10 22:00,5231,6112,0,881,1.169,0.006,0,0,0.002,0,5.96,1.016
2019/10/10 23:00,4966,5819,0,853,1.169,0.006,0,0,0.002,0,5.706,1.037
2019/10/11 0:00,4643,5669,0,1026,1.17,0.006,0,0,0.002,0,5.403,1.045
2019/10/11 1:00,4748,5600,0,852,1.17,0.006,0,0,0.002,0,5.087,1.036
2019/10/11 2:00,5163,5745,0,582,1.171,0.006,0,0,0.002,0,4.819,1.059
2019/10/11 3:00,6014,6399,0,385,1.171,0.006,0,0,0.002,0,4.637,1.076
2019/10/11 4:00,7304,7676,0,372,1.172,0.005,0,0,0.002,0,4.391,1.09
2019/10/11 5:00,8156,8529,28,345,1.172,0.005,10.794,29.147,0.003,0,4.259,1.079
2019/10/11 6:00,8277,8664,117,270,1.171,0.006,120.714,224.878,0.003,0,6.77,1.121
2019/10/11 7:00,8017,8497,275,205,1.167,0.006,281.874,430.681,0.002,0,9.615,1.367
2019/10/11 8:00,7889,8419,413,117,1.157,0.006,424.694,599.077,0.002,0,12.529,1.638
2019/10/11 9:00,7596,8283,504,183,1.149,0.006,528.327,718.545,0.002,0,14.927,1.818
2019/10/11 10:00,6844,7965,622,499,1.143,0.006,590.998,780.966,0.001,0,16.367,1.846
2019/10/11 11:00,6159,7714,630,925,1.139,0.006,577.714,781.987,0.001,0,17.269,1.845
2019/10/11 12:00,5483,7550,575,1492,1.136,0.006,490.13,721.597,0.001,0,17.61,1.816
2019/10/11 13:00,5520,7518,507,1491,1.134,0.006,373.091,603.886,0,0,17.473,1.763
2019/10/11 14:00,5832,7548,344,1372,1.133,0.006,242.863,436.825,0,0,16.916,1.616
2019/10/11 15:00,6104,7786,147,1535,1.135,0.007,111.792,231.803,0,0,15.063,1.212
2019/10/11 16:00,6192,8148,34,1922,1.139,0.006,12.845,32.877,0,0,12.24,1.326
2019/10/11 17:00,5858,7991,0,2133,1.144,0.006,0,0,0,0,10.67,1.54
2019/10/11 18:00,5456,7462,0,2006,1.148,0.006,0,0,0,0,9.538,1.588
2019/10/11 19:00,4836,6918,0,2082,1.151,0.006,0,0,0,0,8.552,1.5
2019/10/11 20:00,4527,6627,0,2100,1.153,0.006,0,0,0,0,7.806,1.397
2019/10/11 21:00,4316,6142,0,1826,1.156,0.006,0,0,0,0,7.228,1.302
2019/10/11 22:00,4301,5751,0,1450,1.157,0.006,0,0,0,0,6.879,1.221
2019/10/11 23:00,4299,5474,0,1175,1.157,0.006,0,0,0,0,6.615,1.166
2019/10/12 0:00,4503,5271,0,768,1.156,0.006,0,0,0,0,6.45,1.113
2019/10/12 1:00,4535,5165,0,630,1.155,0.006,0,0,0,0,6.547,1.071
2019/10/12 2:00,4655,5194,0,539,1.153,0.006,0,0,0,0,6.72,1.081
2019/10/12 3:00,5021,5491,0,470,1.152,0.005,0,0,0,0,6.838,1.077
2019/10/12 4:00,5567,5941,0,374,1.153,0.005,0,0,0,0,6.77,1.063
2019/10/12 5:00,6190,6546,28,328,1.153,0.005,8.707,25.985,0,0,6.847,1.012
2019/10/12 6:00,6454,6843,116,273,1.153,0.006,113.533,218.101,0,0,8.725,0.745
2019/10/12 7:00,6408,6954,294,252,1.152,0.006,272.497,423.869,0,0,11.963,0.726
2019/10/12 8:00,6202,6913,442,269,1.146,0.006,421.788,592.198,0,0,14.49,0.907
2019/10/12 9:00,5985,6852,538,329,1.137,0.007,534.119,711.638,0,0,17.003,1.018
2019/10/12 10:00,5568,6561,663,330,1.13,0.007,587.382,774.03,0,0,18.94,1.049
2019/10/12 11:00,5297,6296,666,333,1.125,0.007,579.956,775.076,0,0,20.024,1.102
2019/10/12 12:00,5196,6159,606,357,1.122,0.007,515.595,714.732,0,0,20.585,1.191
2019/10/12 13:00,5242,6170,526,402,1.121,0.007,408.119,597.007,0,0,20.619,1.287
2019/10/12 14:00,5513,6194,354,327,1.121,0.007,264.761,430.024,0,0,19.748,1.258
2019/10/12 15:00,6084,6507,152,271,1.124,0.008,111.127,225.043,0,0,17.216,0.877
2019/10/12 16:00,6473,6930,34,423,1.129,0.007,9.848,29.525,0,0,14.202,0.938
2019/10/12 17:00,6172,6799,0,627,1.133,0.007,0,0,0,0,12.915,1.107
2019/10/12 18:00,5659,6364,0,705,1.136,0.007,0,0,0,0,11.998,1.107
2019/10/12 19:00,5295,5966,0,671,1.138,0.007,0,0,0,0,11.278,1.044
2019/10/12 20:00,5284,5872,0,588,1.14,0.007,0,0,0,0,10.609,0.97
2019/10/12 21:00,5061,5511,0,450,1.142,0.007,0,0,0,0,10.064,0.908
2019/10/12 22:00,4821,5129,0,308,1.143,0.007,0,0,0,0,9.834,0.858
2019/10/12 23:00,4595,4888,0,293,1.144,0.007,0,0,0,0,9.907,0.826
2019/10/13 0:00,4506,4794,0,288,1.144,0.007,0,0,0,0,10.079,0.744
2019/10/13 1:00,4413,4648,0,235,1.146,0.007,0,0,0,0,10.022,0.663
2019/10/13 2:00,4469,4626,0,157,1.147,0.007,0,0,0,0,9.607,0.703
2019/10/13 3:00,4763,4834,0,71,1.149,0.007,0,0,0,0,9.009,0.717
2019/10/13 4:00,5095,5143,0,48,1.151,0.007,0,0,0,0,8.372,0.656
2019/10/13 5:00,5539,5620,23,58,1.152,0.006,8.08,23.018,0,0,7.964,0.675
2019/10/13 6:00,5705,5916,102,109,1.153,0.007,111.358,211.338,0,0,9.675,0.571
2019/10/13 7:00,5765,6094,250,79,1.15,0.007,266.496,417.038,0,0,12.625,0.611
2019/10/13 8:00,5747,6190,378,65,1.144,0.007,408.182,585.369,0,0,14.96,0.638
2019/10/13 9:00,5766,6278,466,46,1.136,0.007,510.832,704.765,0,0,17.322,0.726
2019/10/13 10:00,5358,6006,597,51,1.13,0.007,562.686,767.118,0,0,18.949,0.898
2019/10/13 11:00,5029,5762,616,117,1.126,0.007,561.647,768.147,0,0,19.842,1.073
2019/10/13 12:00,4882,5601,568,151,1.123,0.007,506.469,707.827,0,0,20.218,1.23
2019/10/13 13:00,4929,5565,498,138,1.122,0.008,399.701,590.166,0,0,20.1,1.327
2019/10/13 14:00,5225,5740,337,178,1.122,0.008,261.745,423.205,0,0,19.307,1.294
2019/10/13 15:00,5628,6100,147,325,1.125,0.009,113.175,218.279,0,0,17.108,0.879
2019/10/13 16:00,6202,6705,32,471,1.13,0.008,10.086,26.371,0,0,13.96,0.866
2019/10/13 17:00,6154,6724,0,570,1.134,0.008,0,0,0,0,12.494,0.938
2019/10/13 18:00,5833,6389,0,556,1.138,0.008,0,0,0,0,11.656,0.916
2019/10/13 19:00,5288,6006,0,718,1.141,0.007,0,0,0,0,10.943,0.886
2019/10/13 20:00,5024,5957,0,933,1.144,0.007,0,0,0,0,10.342,0.902
2019/10/13 21:00,4600,5620,0,1020,1.145,0.007,0,0,0,0,9.895,0.922
2019/10/13 22:00,4387,5403,0,1016,1.145,0.007,0,0,0,0,9.62,0.915
2019/10/13 23:00,4209,5175,0,966,1.145,0.007,0,0,0,0,9.513,0.92
2019/10/14 0:00,4278,5123,0,845,1.144,0.007,0,0,0,0,9.53,0.922
2019/10/14 1:00,4384,5046,0,662,1.143,0.007,0,0,0,0,9.633,0.909
2019/10/14 2:00,4845,5250,0,405,1.142,0.007,0,0,0,0,9.818,0.903
2019/10/14 3:00,5782,6072,0,290,1.143,0.007,0,0,0,0,10.018,0.851
2019/10/14 4:00,7146,7429,0,283,1.145,0.007,0,0,0,0,10.008,0.741
2019/10/14 5:00,8001,8328,22,305,1.146,0.007,6.598,20.252,0,0,9.929,0.652
2019/10/14 6:00,8182,8569,98,289,1.148,0.007,102.466,204.599,0,0,11.051,0.633
2019/10/14 7:00,8022,8481,234,225,1.146,0.008,244.533,410.255,0,0,13.468,0.68
2019/10/14 8:00,8005,8491,349,137,1.139,0.008,376.6,578.488,0,0,15.642,0.815
2019/10/14 9:00,7989,8515,434,92,1.132,0.008,478.539,697.868,0,0,17.638,1.029
2019/10/14 10:00,7596,8265,557,112,1.126,0.008,530.417,760.204,0,0,19.078,1.376
2019/10/14 11:00,7434,8153,575,144,1.121,0.009,521.16,761.259,0,0,19.984,1.68
2019/10/14 12:00,7300,8042,531,211,1.118,0.009,461.932,700.92,0,0,20.369,1.873
2019/10/14 13:00,7202,8017,466,349,1.117,0.009,363.285,583.262,0,0,20.236,1.944
2019/10/14 14:00,7223,8035,317,495,1.118,0.009,235.062,416.382,0,0,19.395,1.866
2019/10/14 15:00,7396,8156,140,620,1.121,0.01,99.486,211.531,0,0,17.344,1.47
2019/10/14 16:00,7355,8580,31,1194,1.126,0.009,7.854,23.416,0,0,14.393,1.292
2019/10/14 17:00,6623,8302,0,1679,1.132,0.009,0,0,0,0,13.076,1.411
2019/10/14 18:00,5714,7682,0,1968,1.136,0.009,0,0,0,0,12.267,1.41
2019/10/14 19:00,4932,7056,0,2124,1.139,0.009,0,0,0,0,11.61,1.409
2019/10/14 20:00,4488,6681,0,2193,1.141,0.009,0,0,0,0,11.05,1.385
2019/10/14 21:00,4048,6196,0,2148,1.143,0.008,0,0,0,0,10.605,1.362
2019/10/14 22:00,3881,5905,0,2024,1.145,0.008,0,0,0,0,10.227,1.391
2019/10/14 23:00,3804,5639,0,1835,1.146,0.008,0,0,0,0,9.937,1.426
2019/10/15 0:00,3767,5512,0,1745,1.147,0.008,0,0,0,0,9.714,1.446
2019/10/15 1:00,3663,5458,0,1795,1.148,0.008,0,0,0,0,9.509,1.47
2019/10/15 2:00,3682,5579,0,1897,1.149,0.008,0,0,0,0,9.261,1.5
2019/10/15 3:00,4403,6288,0,1885,1.151,0.007,0,0,0,0,8.847,1.5
2019/10/15 4:00,5717,7547,0,1830,1.152,0.007,0,0,0,0,8.421,1.455
2019/10/15 5:00,6703,8437,23,1711,1.154,0.007,5.013,17.685,0,0,8.114,1.419
2019/10/15 6:00,6885,8636,99,1652,1.153,0.007,79.807,197.873,0,0,9.176,1.646
2019/10/15 7:00,6698,8547,231,1618,1.148,0.007,221.218,403.455,0,0,11.21,1.83
2019/10/15 8:00,6542,8595,343,1710,1.138,0.008,355.853,571.688,0,0,13.935,1.964
2019/10/15 9:00,6196,8487,426,1865,1.128,0.008,455.44,690.952,0,0,16.46,2.22
2019/10/15 10:00,5501,8171,552,2118,1.12,0.008,505.304,753.308,0,0,18.319,2.488
2019/10/15 11:00,5201,8101,578,2322,1.114,0.008,497.476,754.337,0,0,19.526,2.674
2019/10/15 12:00,5040,7999,530,2429,1.11,0.008,438.29,694.053,0,0,20.132,2.718
2019/10/15 13:00,4924,7974,459,2591,1.108,0.009,343.701,576.451,0,0,20.135,2.65
2019/10/15 14:00,5064,7962,317,2581,1.108,0.009,224.073,409.594,0,0,19.41,2.455
2019/10/15 15:00,5330,8109,143,2636,1.111,0.009,91.885,204.809,0,0,17.544,2.118
2019/10/15 16:00,5874,8514,32,2608,1.116,0.009,5.411,20.66,0.001,0.002,15.136,2.052
2019/10/15 17:00,5534,8225,0,2691,1.122,0.009,0,0,0.003,0.004,13.806,1.946
2019/10/15 18:00,4981,7609,0,2628,1.127,0.009,0,0,0.007,0.004,12.859,1.813
2019/10/15 19:00,4450,6989,0,2539,1.131,0.009,0,0,0.011,0.006,12.114,1.691
2019/10/15 20:00,4143,6650,0,2507,1.135,0.009,0,0,0.023,0.018,11.441,1.641
2019/10/15 21:00,3819,6157,0,2338,1.137,0.008,0,0,0.051,0.036,10.987,1.613
2019/10/15 22:00,3639,5838,0,2199,1.139,0.008,0,0,0.087,0.036,10.681,1.659
2019/10/15 23:00,3553,5633,0,2080,1.141,0.008,0,0,0.114,0.019,10.317,1.611
2019/10/16 0:00,3830,5506,0,1676,1.143,0.008,0,0,0.14,0.03,10.012,1.54
2019/10/16 1:00,4482,5396,0,914,1.144,0.008,0,0,0.17,0.033,9.728,1.488
2019/10/16 2:00,4833,5552,0,719,1.146,0.008,0,0,0.195,0.019,9.438,1.405
2019/10/16 3:00,5503,6263,0,760,1.148,0.008,0,0,0.206,0.006,9.165,1.427
2019/10/16 4:00,6513,7557,0,1044,1.151,0.007,0,0,0.208,0.001,8.954,1.562
2019/10/16 5:00,7234,8522,19,1269,1.154,0.007,2.602,15.316,0.208,0.001,8.772,1.68
2019/10/16 6:00,7030,8792,59,1703,1.156,0.007,48.94,191.167,0.208,0,9.068,1.726
2019/10/16 7:00,6669,8682,117,1896,1.156,0.007,143.319,396.639,0.203,0,9.847,2.04
2019/10/16 8:00,6991,8624,185,1448,1.154,0.007,265.87,564.805,0.188,0,10.89,2.366
2019/10/16 9:00,7056,8552,265,1231,1.151,0.007,389.649,684.063,0.163,0,12.298,2.414
2019/10/16 10:00,6859,8249,394,996,1.147,0.006,452.224,746.365,0.135,0,13.7,2.242
2019/10/16 11:00,6659,8133,460,1014,1.143,0.006,480.583,747.389,0.109,0,14.836,1.998
2019/10/16 12:00,6701,7965,443,821,1.139,0.006,474.027,687.135,0.088,0,15.605,1.797
2019/10/16 13:00,7019,7923,392,512,1.137,0.006,400.963,569.554,0.072,0,15.831,1.629
2019/10/16 14:00,7409,7939,273,257,1.137,0.006,264.979,402.793,0.062,0,15.384,1.384
2019/10/16 15:00,7863,8096,126,107,1.138,0.007,110.16,198.108,0.057,0,13.724,0.665
2019/10/16 16:00,8446,8508,31,31,1.142,0.006,6.64,18.1,0.055,0,11.222,0.617
2019/10/16 17:00,8244,8285,0,41,1.145,0.006,0,0,0.055,0,10.264,0.699
2019/10/16 18:00,7543,7703,0,160,1.148,0.006,0,0,0.055,0,9.154,0.846
2019/10/16 19:00,6825,7084,0,259,1.151,0.006,0,0,0.055,0,8.181,0.87
2019/10/16 20:00,6482,6766,0,284,1.153,0.006,0,0,0.054,0,7.443,0.894
2019/10/16 21:00,5995,6263,0,268,1.154,0.006,0,0,0.054,0,7.088,0.898
2019/10/16 22:00,5663,5957,0,294,1.154,0.006,0,0,0.054,0,6.835,0.875
2019/10/16 23:00,5397,5735,0,338,1.155,0.006,0,0,0.054,0,6.649,0.841
2019/10/17 0:00,5168,5571,0,403,1.156,0.006,0,0,0.054,0,6.449,0.827
2019/10/17 1:00,5132,5545,0,413,1.157,0.006,0,0,0.054,0,6.245,0.827
2019/10/17 2:00,5294,5700,0,406,1.158,0.006,0,0,0.053,0,5.999,0.833
2019/10/17 3:00,5944,6329,0,385,1.159,0.006,0,0,0.053,0,5.675,0.816
2019/10/17 4:00,7290,7620,0,330,1.162,0.006,0,0,0.053,0,5.326,0.781
2019/10/17 5:00,8122,8518,24,372,1.164,0.006,4.368,13.138,0.053,0,5.143,0.76
2019/10/17 6:00,8111,8611,100,400,1.165,0.006,84.439,184.473,0.053,0,6.875,0.834
2019/10/17 7:00,7853,8485,242,390,1.162,0.006,219.18,389.879,0.051,0,9.295,1.019
2019/10/17 8:00,7696,8333,364,273,1.154,0.006,353.123,557.911,0.046,0,11.919,1.225
2019/10/17 9:00,7570,8270,449,251,1.145,0.006,463.91,677.156,0.04,0,14.47,1.409
2019/10/17 10:00,7089,7974,565,320,1.138,0.006,528.295,739.439,0.033,0,16.228,1.468
2019/10/17 11:00,6888,7843,580,375,1.133,0.006,522.956,740.454,0.027,0,17.283,1.44
2019/10/17 12:00,6834,7746,526,386,1.13,0.006,470.349,680.197,0.022,0,17.748,1.452
2019/10/17 13:00,6849,7697,457,391,1.128,0.007,374.741,562.732,0.019,0,17.702,1.503
2019/10/17 14:00,6997,7729,304,428,1.129,0.007,241.137,396.016,0.017,0,16.981,1.485
2019/10/17 15:00,7425,8007,131,451,1.131,0.008,95.131,191.409,0.015,0,14.724,1.02
2019/10/17 16:00,7785,8434,28,621,1.135,0.007,4.605,15.737,0.015,0,11.661,1.072
2019/10/17 17:00,7454,8200,0,746,1.139,0.007,0,0,0.014,0,10.612,1.122
2019/10/17 18:00,6888,7634,0,746,1.142,0.007,0,0,0.014,0,9.812,1.08
2019/10/17 19:00,6156,6982,0,826,1.145,0.007,0,0,0.014,0,9.185,1.033
2019/10/17 20:00,5865,6679,0,814,1.148,0.007,0,0,0.014,0,8.715,0.992
2019/10/17 21:00,5471,6190,0,719,1.15,0.007,0,0,0.014,0,8.329,0.926
2019/10/17 22:00,5095,5866,0,771,1.151,0.007,0,0,0.014,0,7.945,0.869
2019/10/17 23:00,4859,5599,0,740,1.152,0.007,0,0,0.014,0,7.589,0.82
2019/10/18 0:00,4894,5479,0,585,1.153,0.007,0,0,0.014,0,7.227,0.777
2019/10/18 1:00,5055,5389,0,334,1.154,0.007,0,0,0.014,0,6.891,0.768
2019/10/18 2:00,5328,5505,0,177,1.155,0.007,0,0,0.014,0,6.616,0.762
2019/10/18 3:00,6105,6173,0,68,1.156,0.007,0,0,0.014,0,6.427,0.748
2019/10/18 4:00,7401,7443,0,42,1.158,0.006,0,0,0.014,0,6.107,0.807
2019/10/18 5:00,8351,8409,23,35,1.159,0.006,3.245,11.151,0.014,0,5.945,0.854
2019/10/18 6:00,8487,8607,97,23,1.16,0.006,77.936,177.816,0.014,0,7.506,1.179
2019/10/18 7:00,8290,8547,230,27,1.156,0.007,220.711,383.138,0.013,0,10.205,1.276
2019/10/18 8:00,8130,8495,348,17,1.148,0.007,350.263,551.106,0.012,0,12.679,1.158
2019/10/18 9:00,7920,8382,431,31,1.141,0.007,441.907,670.253,0.01,0,14.804,0.951
2019/10/18 10:00,7495,8069,552,22,1.135,0.007,498.315,732.492,0.008,0,16.184,0.819
2019/10/18 11:00,7232,7796,558,6,1.131,0.007,507.436,733.547,0.007,0,17.1,0.806
2019/10/18 12:00,7153,7652,495,4,1.128,0.007,451.008,673.363,0.005,0,17.516,0.768
2019/10/18 13:00,7183,7612,422,7,1.126,0.007,346.948,555.884,0.004,0,17.406,0.769
2019/10/18 14:00,7380,7686,282,24,1.127,0.007,211.869,389.278,0.004,0,16.73,0.808
2019/10/18 15:00,7707,7856,122,27,1.129,0.008,81.102,184.764,0.004,0,14.592,0.542
2019/10/18 16:00,8166,8214,27,21,1.133,0.007,3.689,13.568,0.004,0,11.797,0.735
2019/10/18 17:00,7839,7870,0,31,1.136,0.007,0,0,0.003,0,10.794,0.767
2019/10/18 18:00,7264,7327,0,63,1.139,0.007,0,0,0.003,0,10.279,0.754
2019/10/18 19:00,6617,6744,0,127,1.142,0.007,0,0,0.003,0,9.93,0.698
2019/10/18 20:00,6371,6450,0,79,1.144,0.007,0,0,0.003,0,9.634,0.656
2019/10/18 21:00,5922,5988,0,66,1.146,0.007,0,0,0.003,0,9.253,0.654
2019/10/18 22:00,5560,5665,0,105,1.147,0.007,0,0,0.003,0,9.05,0.591
2019/10/18 23:00,5316,5406,0,90,1.149,0.007,0,0,0.003,0,8.676,0.562
2019/10/19 0:00,5156,5233,0,77,1.151,0.007,0,0,0.003,0,8.062,0.638
2019/10/19 1:00,5108,5136,0,28,1.152,0.007,0,0,0.003,0,7.468,0.626
2019/10/19 2:00,5123,5148,0,25,1.154,0.007,0,0,0.003,0,7.088,0.564
2019/10/19 3:00,5385,5402,0,17,1.155,0.007,0,0,0.003,0,6.881,0.558
2019/10/19 4:00,5890,5906,0,16,1.157,0.007,0,0,0.003,0,6.772,0.576
2019/10/19 5:00,6510,6546,19,17,1.158,0.007,2.002,9.349,0.003,0,6.762,0.546
2019/10/19 6:00,6835,6943,81,27,1.159,0.007,51.879,171.188,0.003,0,7.767,0.568
2019/10/19 7:00,6942,7173,188,43,1.157,0.007,149.484,376.372,0.003,0,9.402,0.792
2019/10/19 8:00,6936,7270,279,55,1.149,0.007,271.324,544.29,0.003,0,11.649,1.205
2019/10/19 9:00,6809,7317,358,150,1.14,0.008,391.359,663.417,0.003,0,13.895,1.489
2019/10/19 10:00,6267,7019,480,272,1.134,0.008,444.342,725.576,0.002,0,15.61,1.618
2019/10/19 11:00,5912,6743,507,324,1.128,0.008,448.135,726.647,0.002,0,16.864,1.676
2019/10/19 12:00,5916,6648,469,263,1.124,0.008,415.345,666.416,0.002,0,17.628,1.561
2019/10/19 13:00,5895,6610,408,307,1.123,0.008,324.094,549.064,0.001,0,17.744,1.299
2019/10/19 14:00,6164,6619,276,179,1.123,0.008,203.573,382.53,0.001,0,17.102,0.985
2019/10/19 15:00,6589,6851,122,140,1.127,0.009,77.852,178.124,0.001,0,15.135,0.562
2019/10/19 16:00,6876,7188,28,284,1.131,0.008,3.466,11.593,0.001,0,12.395,0.617
2019/10/19 17:00,6366,6866,0,500,1.136,0.008,0,0,0.001,0,11.233,0.61
2019/10/19 18:00,6118,6459,0,341,1.14,0.008,0,0,0.001,0,10.413,0.678
2019/10/19 19:00,5890,6016,0,126,1.143,0.008,0,0,0.001,0,9.843,0.716
2019/10/19 20:00,5864,5891,0,27,1.146,0.008,0,0,0.001,0,9.449,0.725
2019/10/19 21:00,5526,5531,0,5,1.147,0.008,0,0,0.001,0,9.195,0.709
2019/10/19 22:00,5208,5217,0,9,1.148,0.008,0,0,0.001,0,9.024,0.71
2019/10/19 23:00,4917,4944,0,27,1.148,0.008,0,0,0.001,0,8.927,0.72
2019/10/20 0:00,4760,4848,0,88,1.149,0.008,0,0,0.001,0,8.782,0.73
2019/10/20 1:00,4445,4687,0,242,1.149,0.008,0,0,0.001,0,8.66,0.77
2019/10/20 2:00,4301,4684,0,383,1.15,0.008,0,0,0.001,0,8.594,0.819
2019/10/20 3:00,4437,4870,0,433,1.151,0.007,0,0,0.001,0,8.506,0.808
2019/10/20 4:00,4868,5154,0,286,1.152,0.007,0,0,0.001,0,8.385,0.813
2019/10/20 5:00,5452,5678,20,206,1.154,0.007,1.69,7.731,0,0,8.346,0.824
2019/10/20 6:00,5766,5998,88,144,1.154,0.007,56.665,164.609,0,0,9.256,1.017
2019/10/20 7:00,5919,6224,213,92,1.15,0.008,181.1,369.652,0,0,11.044,1.178
2019/10/20 8:00,6021,6428,318,89,1.142,0.008,335.357,537.437,0,0,13.45,1.204
2019/10/20 9:00,5996,6571,395,180,1.134,0.008,446.393,656.525,0,0,15.866,1.147
2019/10/20 10:00,5362,6326,502,462,1.126,0.008,502.493,718.696,0,0,17.838,1.338
2019/10/20 11:00,4781,6058,518,759,1.12,0.008,504.571,719.759,0,0,19.254,1.598
2019/10/20 12:00,4398,5866,473,995,1.115,0.008,447.083,659.548,0,0,20.074,1.76
2019/10/20 13:00,4280,5847,410,1157,1.112,0.009,337.441,542.282,0,0,20.213,1.829
2019/10/20 14:00,4432,5928,276,1220,1.112,0.009,198.375,375.8,0,0,19.334,1.607
2019/10/20 15:00,4667,6199,120,1412,1.116,0.009,68.941,171.533,0,0,16.982,1.236
2019/10/20 16:00,5010,6749,27,1712,1.121,0.009,2.194,9.809,0,0,14.55,1.237
2019/10/20 17:00,4715,6571,0,1856,1.127,0.008,0,0,0,0,13.576,1.3
2019/10/20 18:00,4440,6257,0,1817,1.132,0.008,0,0,0,0,12.89,1.314
2019/10/20 19:00,4298,5901,0,1603,1.135,0.008,0,0,0,0,12.205,1.23
2019/10/20 20:00,4493,5872,0,1379,1.138,0.008,0,0,0,0,11.641,1.182
2019/10/20 21:00,4456,5596,0,1140,1.14,0.008,0,0,0,0,11.218,1.13
2019/10/20 22:00,4503,5361,0,858,1.141,0.008,0,0,0,0,10.908,1.055
2019/10/20 23:00,4495,5139,0,644,1.141,0.008,0,0,0,0,10.646,0.964
2019/10/21 0:00,4629,5045,0,416,1.142,0.008,0,0,0,0,10.462,0.889
2019/10/21 1:00,4714,5002,0,288,1.143,0.008,0,0,0,0,10.32,0.832
2019/10/21 2:00,5038,5222,0,184,1.144,0.008,0,0,0,0,10.119,0.806
2019/10/21 3:00,5821,5992,0,171,1.145,0.008,0,0,0,0,9.828,0.812
2019/10/21 4:00,7251,7432,0,181,1.146,0.008,0,0,0,0,9.581,0.829
2019/10/21 5:00,8202,8403,20,181,1.146,0.008,1.769,6.291,0,0,9.477,0.824
2019/10/21 6:00,8389,8638,90,159,1.146,0.008,67.229,158.062,0,0,10.84,0.784
2019/10/21 7:00,8192,8531,215,124,1.144,0.008,188.125,362.948,0,0,13.434,1.071
2019/10/21 8:00,8125,8515,313,77,1.138,0.008,301.072,530.682,0,0,15.549,0.862
2019/10/21 9:00,8053,8495,384,58,1.132,0.009,397.061,649.619,0,0,17.557,0.812
2019/10/21 10:00,7680,8263,492,91,1.126,0.009,452.557,711.784,0,0,19.197,0.911
2019/10/21 11:00,7548,8159,510,101,1.122,0.009,445.968,712.831,0,0,20.156,1.002
2019/10/21 12:00,7520,8063,473,70,1.121,0.009,396.061,652.716,0,0,20.494,1.062
2019/10/21 13:00,7494,7969,416,59,1.12,0.009,308.382,535.491,0,0,20.293,1.048
2019/10/21 14:00,7674,7996,278,44,1.121,0.009,192.053,369.094,0,0,19.52,0.91
2019/10/21 15:00,7968,8145,120,57,1.124,0.01,66.779,164.945,0,0,17.171,0.612
2019/10/21 16:00,8397,8568,27,144,1.128,0.009,1.95,8.217,0,0,14.742,0.795
2019/10/21 17:00,7954,8254,0,300,1.131,0.009,0,0,0,0,13.755,0.841
2019/10/21 18:00,7221,7638,0,417,1.134,0.009,0,0,0,0,13.094,0.835
2019/10/21 19:00,6580,6970,0,390,1.136,0.008,0,0,0,0,12.528,0.793
2019/10/21 20:00,6548,6701,0,153,1.139,0.008,0,0,0,0,11.984,0.731
2019/10/21 21:00,6045,6155,0,110,1.141,0.008,0,0,0,0,11.461,0.696
2019/10/21 22:00,5678,5875,0,197,1.143,0.008,0,0,0,0,10.869,0.693
2019/10/21 23:00,5436,5612,0,176,1.146,0.008,0,0,0,0,10.294,0.69
2019/10/22 0:00,5402,5534,0,132,1.148,0.008,0,0,0,0,9.821,0.707
2019/10/22 1:00,5327,5422,0,95,1.15,0.008,0,0,0,0,9.431,0.744
2019/10/22 2:00,5524,5586,0,62,1.151,0.008,0,0,0,0,9.08,0.787
2019/10/22 3:00,6130,6257,0,127,1.153,0.008,0,0,0,0,8.822,0.788
2019/10/22 4:00,7358,7582,0,224,1.154,0.008,0,0,0,0,8.562,0.815
2019/10/22 5:00,8269,8541,18,254,1.156,0.007,1.426,5.023,0,0,8.352,0.87
2019/10/22 6:00,8378,8696,74,244,1.158,0.007,67.244,151.573,0,0,9.615,0.984
2019/10/22 7:00,8162,8566,168,236,1.156,0.008,199.419,356.293,0,0,12.11,1.155
2019/10/22 8:00,8126,8499,255,118,1.149,0.008,336.466,523.896,0,0,14.478,1.085
2019/10/22 9:00,8153,8508,332,23,1.141,0.009,443.243,642.807,0,0,16.687,0.873
2019/10/22 10:00,7767,8212,440,5,1.135,0.009,503.541,704.901,0,0,18.373,0.734
2019/10/22 11:00,7674,8140,462,4,1.13,0.009,506.717,705.966,0,0,19.426,0.697
2019/10/22 12:00,7566,8000,430,4,1.127,0.009,453.747,645.834,0,0,19.923,0.632
2019/10/22 13:00,7658,8039,377,4,1.125,0.009,354.328,528.722,0,0,19.888,0.609
2019/10/22 14:00,7816,8075,255,4,1.125,0.01,219.961,362.442,0,0,19.26,0.651
2019/10/22 15:00,8142,8256,110,4,1.128,0.01,76.736,158.405,0,0,16.933,0.553
2019/10/22 16:00,8655,8686,25,6,1.132,0.009,1.969,6.812,0,0,14.21,0.795
2019/10/22 17:00,8249,8258,0,9,1.137,0.009,0,0,0,0,13.214,0.795
2019/10/22 18:00,7627,7635,0,8,1.14,0.009,0,0,0,0,12.607,0.719
2019/10/22 19:00,7008,7012,0,4,1.143,0.009,0,0,0,0,12.024,0.607
2019/10/22 20:00,6726,6730,0,4,1.145,0.009,0,0,0,0,11.43,0.544
2019/10/22 21:00,6198,6202,0,4,1.146,0.009,0,0,0,0,11.028,0.523
2019/10/22 22:00,5862,5866,0,4,1.147,0.009,0,0,0,0,10.667,0.528
2019/10/22 23:00,5564,5574,0,10,1.148,0.009,0,0,0,0,10.385,0.566
2019/10/23 0:00,5423,5461,0,38,1.149,0.008,0,0,0,0,10.009,0.609
2019/10/23 1:00,5343,5398,0,55,1.149,0.008,0,0,0,0,9.724,0.657
2019/10/23 2:00,5486,5560,0,74,1.15,0.008,0,0,0,0,9.416,0.698
2019/10/23 3:00,6196,6301,0,105,1.152,0.008,0,0,0,0,8.962,0.718
2019/10/23 4:00,7469,7583,0,114,1.153,0.008,0,0,0,0,8.572,0.745
2019/10/23 5:00,8376,8539,18,145,1.154,0.008,1.105,3.923,0,0,8.358,0.781
2019/10/23 6:00,8549,8776,75,152,1.155,0.008,67.475,145.126,0,0,9.518,0.888
2019/10/23 7:00,8356,8662,171,135,1.152,0.008,201.24,349.627,0,0,11.927,1.324
2019/10/23 8:00,8197,8621,262,162,1.144,0.009,347.991,517.162,0,0,14.451,1.473
2019/10/23 9:00,8017,8590,342,231,1.133,0.009,460.914,636.005,0,0,17.162,1.696
2019/10/23 10:00,7417,8264,469,378,1.125,0.009,520.784,698.054,0,0,19.292,1.9
2019/10/23 11:00,6976,8151,500,675,1.118,0.008,521.487,699.08,0,0,20.706,2.015
2019/10/23 12:00,6651,8029,466,912,1.114,0.008,465.859,639.037,0,0,21.381,2.046
2019/10/23 13:00,6478,8026,409,1139,1.112,0.008,353.875,521.961,0,0,21.297,1.956
2019/10/23 14:00,6486,8092,270,1336,1.113,0.009,204.375,355.815,0,0,20.051,1.444
2019/10/23 15:00,6511,8244,111,1622,1.117,0.009,71.888,151.913,0,0,17.081,1.069
2019/10/23 16:00,6674,8683,25,1984,1.122,0.008,1.834,5.592,0,0,13.987,1.264
2019/10/23 17:00,6154,8319,0,2165,1.127,0.008,0,0,0,0,12.833,1.31
2019/10/23 18:00,5670,7717,0,2047,1.132,0.008,0,0,0,0,12.079,1.297
2019/10/23 19:00,5180,7094,0,1914,1.136,0.008,0,0,0,0,11.352,1.278
2019/10/23 20:00,4757,6783,0,2026,1.14,0.008,0,0,0,0,10.673,1.249
2019/10/23 21:00,4187,6266,0,2079,1.141,0.008,0,0,0,0,10.241,1.182
2019/10/23 22:00,3795,5903,0,2108,1.141,0.008,0,0,0,0,9.989,1.144
2019/10/23 23:00,3783,5612,0,1829,1.141,0.007,0,0,0,0,9.781,1.153
2019/10/24 0:00,3755,5516,0,1761,1.141,0.007,0,0,0,0,9.584,1.171
2019/10/24 1:00,3494,5427,0,1933,1.142,0.007,0,0,0,0,9.366,1.184
2019/10/24 2:00,3795,5616,0,1821,1.142,0.007,0,0,0,0,9.152,1.187
2019/10/24 3:00,4616,6316,0,1700,1.143,0.007,0,0,0,0,8.885,1.189
2019/10/24 4:00,6037,7605,0,1568,1.145,0.007,0,0,0,0,8.588,1.224
2019/10/24 5:00,6960,8575,20,1595,1.147,0.007,0.862,2.985,0,0,8.274,1.228
2019/10/24 6:00,6954,8692,87,1651,1.148,0.007,64.847,138.748,0,0,9.21,1.336
2019/10/24 7:00,6966,8564,203,1395,1.146,0.007,201.02,343.035,0,0,11.793,1.616
2019/10/24 8:00,6926,8520,299,1295,1.138,0.007,332.799,510.455,0,0,14.227,1.669
2019/10/24 9:00,6705,8528,378,1445,1.128,0.007,431.47,629.155,0,0,16.981,1.929
2019/10/24 10:00,6056,8202,495,1651,1.119,0.007,482.911,691.203,0,0,19.182,2.27
2019/10/24 11:00,5690,8083,512,1881,1.114,0.007,482.479,692.266,0,0,20.44,2.398
2019/10/24 12:00,5543,7997,469,1985,1.111,0.007,432.501,632.256,0,0,20.949,2.405
2019/10/24 13:00,5512,7940,405,2023,1.11,0.008,335.392,515.235,0,0,20.711,2.218
2019/10/24 14:00,5986,8047,262,1799,1.112,0.008,203.305,349.212,0,0,19.5,1.665
2019/10/24 15:00,6408,8270,110,1752,1.116,0.009,65.742,145.444,0,0,16.619,1.262
2019/10/24 16:00,6559,8635,25,2051,1.121,0.008,0.986,4.555,0,0.001,13.953,1.339
2019/10/24 17:00,6005,8257,0,2252,1.127,0.008,0,0,0,0,12.905,1.378
2019/10/24 18:00,5396,7659,0,2263,1.132,0.008,0,0,0,0,11.823,1.292
2019/10/24 19:00,5043,7074,0,2031,1.136,0.008,0,0,0,0.001,10.943,1.169
2019/10/24 20:00,4986,6714,0,1728,1.14,0.008,0,0,0.001,0,10.31,1.082
2019/10/24 21:00,5158,6300,0,1142,1.142,0.007,0,0,0.001,0,9.798,1.006
2019/10/24 22:00,5213,5944,0,731,1.145,0.007,0,0,0.001,0,9.481,0.952
2019/10/24 23:00,5278,5741,0,463,1.147,0.007,0,0,0.001,0,9.243,0.985
2019/10/25 0:00,5257,5574,0,317,1.149,0.007,0,0,0.001,0,8.952,1.054
2019/10/25 1:00,5209,5507,0,298,1.15,0.007,0,0,0.001,0,8.714,1.075
2019/10/25 2:00,5228,5655,0,427,1.151,0.007,0,0,0.001,0,8.527,1.081
2019/10/25 3:00,5764,6335,0,571,1.152,0.007,0,0,0.001,0,8.384,1.121
2019/10/25 4:00,6609,7512,0,903,1.154,0.007,0,0,0.001,0,8.266,1.187
2019/10/25 5:00,7292,8459,20,1147,1.155,0.007,0.529,2.201,0.001,0,8.246,1.242
2019/10/25 6:00,7438,8583,86,1059,1.157,0.007,47.039,132.428,0.001,0,9.279,1.476
2019/10/25 7:00,7288,8470,200,982,1.156,0.008,142.262,336.459,0.001,0,11.312,1.946
2019/10/25 8:00,7080,8394,294,1020,1.151,0.008,247.159,503.753,0.001,0,13.175,2.088
2019/10/25 9:00,6804,8309,360,1145,1.145,0.008,338.989,622.414,0.001,0,15.117,2.033
2019/10/25 10:00,6453,7978,458,1067,1.14,0.008,393.784,684.399,0.001,0,16.609,1.864
2019/10/25 11:00,6418,7746,460,868,1.136,0.008,406.622,685.393,0.001,0,17.558,1.711
2019/10/25 12:00,6418,7625,411,796,1.133,0.008,362.477,625.474,0.001,0,18.035,1.575
2019/10/25 13:00,6399,7577,346,832,1.132,0.008,279.084,508.539,0,0,17.978,1.464
2019/10/25 14:00,6701,7621,224,696,1.133,0.008,170.74,342.635,0,0,17.238,1.072
2019/10/25 15:00,7370,7864,98,396,1.135,0.008,59.515,139.043,0,0,14.986,0.693
2019/10/25 16:00,7755,8258,25,478,1.139,0.008,1.059,3.688,0,0,12.986,0.89
2019/10/25 17:00,7397,7858,0,461,1.142,0.007,0,0,0,0,12.278,0.892
2019/10/25 18:00,7030,7274,0,244,1.145,0.007,0,0,0,0,11.602,0.877
2019/10/25 19:00,6530,6638,0,108,1.148,0.007,0,0,0,0,10.838,0.883
2019/10/25 20:00,6204,6343,0,139,1.15,0.007,0,0,0,0,10.121,0.915
2019/10/25 21:00,5691,5867,0,176,1.151,0.007,0,0,0,0,9.488,0.93
2019/10/25 22:00,5346,5499,0,153,1.152,0.007,0,0,0,0,9.043,0.909
2019/10/25 23:00,5115,5213,0,98,1.152,0.007,0,0,0,0,8.803,0.842
2019/10/26 0:00,5065,5107,0,42,1.152,0.007,0,0,0,0,8.668,0.778
2019/10/26 1:00,4949,4962,0,13,1.153,0.007,0,0,0,0,8.396,0.745
2019/10/26 2:00,4934,4941,0,7,1.153,0.007,0,0,0,0,8.154,0.731
2019/10/26 3:00,5040,5053,0,13,1.156,0.007,0,0,0,0,7.726,0.699
2019/10/26 4:00,5346,5383,0,37,1.159,0.006,0,0,0,0,7.148,0.677
2019/10/26 5:00,5749,5928,20,159,1.162,0.006,0.398,1.559,0,0,6.524,0.68
2019/10/26 6:00,5844,6216,88,284,1.164,0.006,62.346,126.189,0,0,7.158,0.663
2019/10/26 7:00,5841,6386,206,339,1.163,0.007,199.962,329.936,0,0,10.041,1.082
2019/10/26 8:00,5784,6443,316,343,1.156,0.007,342.372,497.088,0,0,12.577,1.241
2019/10/26 9:00,5733,6362,404,225,1.146,0.007,449.924,615.672,0,0,15.383,1.456
2019/10/26 10:00,5320,6056,539,197,1.137,0.007,503.302,677.613,0,0,17.553,1.51
2019/10/26 11:00,5043,5823,558,222,1.131,0.007,504.061,678.643,0,0,18.932,1.464
2019/10/26 12:00,4931,5692,495,266,1.127,0.007,452.935,618.757,0,0,19.68,1.36
2019/10/26 13:00,5001,5642,409,232,1.125,0.007,353.12,501.885,0,0,19.699,1.223
2019/10/26 14:00,5352,5793,256,185,1.125,0.008,216.996,336.095,0,0,18.81,0.866
2019/10/26 15:00,5939,6196,105,152,1.128,0.008,69.854,132.706,0,0,15.856,0.714
2019/10/26 16:00,6424,6742,25,293,1.132,0.007,1.029,2.968,0,0,13.595,0.955
2019/10/26 17:00,6009,6512,0,503,1.136,0.007,0,0,0,0,12.417,1.125
2019/10/26 18:00,5673,6205,0,532,1.139,0.007,0,0,0,0,11.276,1.187
2019/10/26 19:00,5347,5835,0,488,1.14,0.006,0,0,0,0,10.435,1.17
2019/10/26 20:00,5286,5760,0,474,1.141,0.006,0,0,0,0,9.888,1.138
2019/10/26 21:00,5037,5383,0,346,1.141,0.006,0,0,0,0,9.572,1.122
2019/10/26 22:00,4985,5158,0,173,1.141,0.006,0,0,0,0,9.436,1.151
2019/10/26 23:00,4761,4886,0,125,1.142,0.006,0,0,0,0,9.249,1.182
2019/10/27 0:00,4655,4774,0,119,1.143,0.006,0,0,0,0,8.949,1.194
2019/10/27 1:00,4540,4650,0,110,1.143,0.006,0,0,0,0,8.564,1.186
2019/10/27 2:00,4508,4649,0,141,1.145,0.006,0,0,0,0,8.247,1.169
2019/10/27 3:00,4550,4706,0,156,1.146,0.006,0,0,0,0,7.89,1.131
2019/10/27 4:00,4823,4956,0,133,1.148,0.006,0,0,0,0,7.568,1.109
2019/10/27 5:00,5144,5274,16,114,1.15,0.006,0.265,1.05,0,0,7.249,1.117
2019/10/27 6:00,5565,5768,92,111,1.151,0.006,60.639,120.037,0,0,8.285,1.046
2019/10/27 7:00,5617,5962,218,127,1.149,0.006,204.832,323.447,0,0,11.869,1.137
2019/10/27 8:00,5638,6036,331,67,1.144,0.007,340.907,490.463,0,0,14.663,1.119
2019/10/27 9:00,5580,6040,421,39,1.135,0.007,440.729,608.953,0,0,17.426,1.287
2019/10/27 10:00,5478,6070,552,40,1.127,0.007,493.338,670.863,0,0,19.345,1.447
2019/10/27 11:00,5192,5808,572,44,1.123,0.007,493.415,671.881,0,0,20.31,1.485
2019/10/27 12:00,5064,5634,508,62,1.12,0.007,442.271,612.021,0,0,20.628,1.486
2019/10/27 13:00,5130,5607,414,63,1.119,0.007,342.146,495.273,0,0,20.317,1.386
2019/10/27 14:00,5319,5683,257,107,1.12,0.008,205.641,329.616,0,0,19.113,0.863
2019/10/27 15:00,5770,6085,107,208,1.123,0.008,60.902,126.466,0,0,16.227,0.669
2019/10/27 16:00,6509,6805,25,271,1.126,0.007,0.558,2.373,0,0,14.175,0.911
2019/10/27 17:00,6571,6923,4,348,1.13,0.007,0,0,0,0,13.359,0.983
2019/10/27 18:00,6131,6568,0,437,1.133,0.007,0,0,0,0,12.704,0.993
2019/10/27 19:00,5701,6200,0,499,1.135,0.007,0,0,0,0,12.23,0.972
2019/10/27 20:00,5138,5834,0,696,1.138,0.007,0,0,0,0,11.888,0.982
2019/10/27 21:00,5007,5885,0,878,1.14,0.007,0,0,0,0,11.493,1.022
2019/10/27 22:00,4768,5618,0,850,1.142,0.007,0,0,0,0,11.21,1.102
2019/10/27 23:00,4859,5387,0,528,1.144,0.008,0,0,0,0,10.894,1.186
2019/10/28 0:00,4766,5149,0,383,1.146,0.008,0,0,0,0,10.575,1.204
2019/10/28 1:00,4780,5113,0,333,1.148,0.008,0,0,0,0,10.256,1.152
2019/10/28 2:00,4670,5073,0,403,1.15,0.008,0,0,0,0,9.964,1.116
2019/10/28 3:00,4758,5332,0,574,1.153,0.007,0,0,0,0,9.695,1.163
2019/10/28 4:00,5423,6153,0,730,1.156,0.007,0,0,0,0,9.323,1.275
2019/10/28 5:00,6425,7442,3,1014,1.159,0.007,0.082,0.658,0,0,8.893,1.394
2019/10/28 6:00,7264,8323,32,1027,1.162,0.007,16.687,114,0,0,8.693,1.492
2019/10/28 7:00,7414,8666,60,1192,1.165,0.007,46.524,316.993,0,0,8.828,1.625
2019/10/28 8:00,7544,8740,78,1118,1.166,0.007,71.38,483.877,0,0,8.84,1.602
2019/10/28 9:00,7820,8861,102,939,1.166,0.007,104.226,602.259,0,0,9.063,1.516
2019/10/28 10:00,8189,8986,129,668,1.165,0.007,139.056,664.129,0,0,9.487,1.486
2019/10/28 11:00,8162,8808,142,504,1.163,0.007,162.908,665.16,0,0,9.86,1.501
2019/10/28 12:00,8262,8748,130,356,1.161,0.007,163.786,605.345,0,0,10.138,1.51
2019/10/28 13:00,8278,8704,108,318,1.16,0.007,136.27,488.683,0,0,10.205,1.494
2019/10/28 14:00,8335,8732,78,319,1.16,0.006,82.296,323.169,0,0,9.916,1.391
2019/10/28 15:00,8485,8834,41,308,1.161,0.006,26.171,120.339,0,0,8.966,0.963
2019/10/28 16:00,8741,9082,14,327,1.164,0.006,0.183,1.885,0,0,7.815,0.811
2019/10/28 17:00,8570,8910,4,336,1.166,0.006,0,0,0,0,7.3,0.825
2019/10/28 18:00,7918,8266,0,348,1.167,0.006,0,0,0,0,6.768,0.831
2019/10/28 19:00,7304,7686,0,382,1.169,0.006,0,0,0,0,6.279,0.861
2019/10/28 20:00,6655,7077,0,422,1.171,0.006,0,0,0,0,5.97,0.892
2019/10/28 21:00,6426,6752,0,326,1.173,0.005,0,0,0,0,5.731,0.888
2019/10/28 22:00,6018,6254,0,236,1.174,0.005,0,0,0,0,5.607,0.882
2019/10/28 23:00,5740,5967,0,227,1.175,0.005,0,0,0,0,5.507,0.893
2019/10/29 0:00,5520,5717,0,197,1.176,0.005,0,0,0,0,5.327,0.895
2019/10/29 1:00,5399,5660,0,261,1.177,0.005,0,0,0.001,0,5.106,0.875
2019/10/29 2:00,5356,5615,0,259,1.178,0.005,0,0,0.002,0.007,4.867,0.864
2019/10/29 3:00,5517,5758,0,241,1.179,0.005,0,0,0.002,0.01,4.677,0.908
2019/10/29 4:00,6306,6542,0,236,1.18,0.005,0,0,0.004,0.015,4.506,0.976
2019/10/29 5:00,7564,7749,2,183,1.181,0.005,0.011,0.371,0.008,0.008,4.339,0.999
2019/10/29 6:00,8387,8616,21,208,1.183,0.005,12.294,108.068,0.011,0.003,4.303,1.096
2019/10/29 7:00,8688,8887,35,164,1.183,0.005,50.996,310.576,0.013,0.002,4.68,1.172
2019/10/29 8:00,8780,8942,47,115,1.181,0.005,96.544,477.321,0.013,0,5.475,1.185
2019/10/29 9:00,8836,9022,66,120,1.178,0.006,144.357,595.662,0.012,0,6.317,1.319
2019/10/29 10:00,8919,9124,88,117,1.176,0.006,183.988,657.442,0.011,0,7.01,1.513
2019/10/29 11:00,8691,8950,99,160,1.174,0.005,207.976,658.448,0.01,0,7.553,1.669
2019/10/29 12:00,8553,8917,93,271,1.172,0.005,213.103,598.654,0.009,0,7.923,1.758
2019/10/29 13:00,8419,8854,78,357,1.171,0.005,170.057,482.161,0.009,0,7.952,1.77
2019/10/29 14:00,8426,8846,58,362,1.172,0.005,98.007,316.772,0.008,0,7.562,1.628
2019/10/29 15:00,8413,8884,30,441,1.173,0.005,27.729,114.346,0.008,0,6.36,0.888
2019/10/29 16:00,8645,9141,11,485,1.176,0.005,0.145,1.488,0.008,0.001,5.009,0.775
2019/10/29 17:00,8380,8971,4,587,1.178,0.005,0,0,0.008,0.002,4.618,0.85
2019/10/29 18:00,7674,8367,0,693,1.181,0.005,0,0,0.009,0.007,4.255,0.915
2019/10/29 19:00,7037,7780,0,743,1.184,0.005,0,0,0.01,0.006,3.937,0.987
2019/10/29 20:00,6489,7199,0,710,1.187,0.005,0,0,0.012,0.005,3.617,1.031
2019/10/29 21:00,6139,6893,0,754,1.189,0.005,0,0,0.015,0.008,3.243,1.048
2019/10/29 22:00,5609,6349,0,740,1.19,0.005,0,0,0.024,0.02,3.005,1.12
2019/10/29 23:00,5499,6075,0,576,1.192,0.005,0,0,0.044,0.031,2.829,1.183
2019/10/30 0:00,5255,5805,0,550,1.193,0.005,0,0,0.076,0.051,2.658,1.237
2019/10/30 1:00,5224,5716,0,492,1.194,0.005,0,0,0.119,0.068,2.459,1.233
2019/10/30 2:00,5127,5617,0,490,1.196,0.005,0,0,0.167,0.071,2.287,1.24
2019/10/30 3:00,5442,5816,0,374,1.197,0.005,0,0,0.223,0.084,2.192,1.312
2019/10/30 4:00,6257,6558,0,301,1.198,0.005,0,0,0.28,0.073,2.181,1.37
2019/10/30 5:00,7461,7808,3,344,1.198,0.005,0.015,0.179,0.33,0.068,2.178,1.398
2019/10/30 6:00,8445,8772,29,298,1.199,0.005,18.97,102.259,0.37,0.048,2.318,1.459
2019/10/30 7:00,8736,9118,53,329,1.198,0.005,81.821,304.217,0.387,0.026,2.949,1.678
2019/10/30 8:00,8816,9164,74,274,1.195,0.005,191.078,470.836,0.38,0.011,3.993,1.771
2019/10/30 9:00,8916,9266,99,251,1.191,0.005,291.282,589.03,0.355,0.003,5.167,1.791
2019/10/30 10:00,8952,9308,132,224,1.188,0.005,341.786,650.765,0.323,0,6.107,1.758
2019/10/30 11:00,8776,9028,144,108,1.185,0.005,371.123,651.858,0.289,0,6.861,1.732
2019/10/30 12:00,8721,8898,125,52,1.182,0.004,338.18,592.119,0.258,0,7.246,1.738
2019/10/30 13:00,8610,8816,98,108,1.181,0.004,254.209,475.656,0.235,0,7.135,1.725
2019/10/30 14:00,8587,8814,66,161,1.182,0.004,146.742,310.414,0.221,0,6.52,1.61
2019/10/30 15:00,8793,8962,32,137,1.184,0.004,37.269,108.491,0.215,0,4.783,0.878
2019/10/30 16:00,9079,9247,11,157,1.188,0.004,0.135,1.166,0.215,0,2.803,0.804
2019/10/30 17:00,8910,9123,4,209,1.191,0.004,0,0,0.217,0.005,2.192,0.855
2019/10/30 18:00,8340,8553,0,213,1.195,0.004,0,0,0.222,0.005,1.792,0.866
2019/10/30 19:00,7810,8024,0,214,1.197,0.004,0,0,0.227,0.006,1.516,0.876
2019/10/30 20:00,7142,7411,0,269,1.2,0.004,0,0,0.237,0.014,1.263,0.87
2019/10/30 21:00,6868,7145,0,277,1.201,0.004,0,0,0.254,0.02,1.176,0.873
2019/10/30 22:00,6381,6610,0,229,1.202,0.004,0,0,0.275,0.022,1.07,0.85
2019/10/30 23:00,6105,6300,0,195,1.202,0.004,0,0,0.297,0.021,0.832,0.811
2019/10/31 0:00,5899,6069,0,170,1.203,0.004,0,0,0.317,0.02,0.478,0.784
2019/10/31 1:00,5781,5915,0,134,1.204,0.004,0,0,0.341,0.028,0.255,0.76
2019/10/31 2:00,5766,5882,0,116,1.204,0.004,0,0,0.371,0.038,0.051,0.706
2019/10/31 3:00,5947,6055,0,108,1.205,0.004,0,0,0.405,0.038,-0.22,0.642
2019/10/31 4:00,6596,6774,0,178,1.206,0.004,0,0,0.435,0.03,-0.401,0.671
2019/10/31 5:00,7652,7860,10,198,1.207,0.004,0.008,0.068,0.46,0.027,-0.457,0.695
2019/10/31 6:00,8522,8761,57,182,1.207,0.004,28.492,96.582,0.477,0.019,-0.043,0.808
2019/10/31 7:00,8760,9043,124,159,1.204,0.004,118.508,297.897,0.481,0.01,1.376,1.037
2019/10/31 8:00,8783,9074,186,105,1.197,0.004,228.287,464.372,0.468,0.006,3.41,1.35
2019/10/31 9:00,8907,9195,241,47,1.189,0.005,329.418,582.513,0.433,0.004,5.308,1.622
2019/10/31 10:00,8890,9242,320,32,1.185,0.004,375.461,644.185,0.384,0,6.439,1.679
2019/10/31 11:00,8643,9034,343,48,1.181,0.004,384.386,645.235,0.334,0,7.168,1.657
2019/10/31 12:00,8603,8940,298,39,1.179,0.004,366.176,585.541,0.292,0,7.631,1.609
2019/10/31 13:00,8559,8837,229,49,1.177,0.004,290.828,469.203,0.261,0,7.612,1.544
2019/10/31 14:00,8564,8762,136,62,1.177,0.004,169.075,304.129,0.242,0,6.965,1.383
2019/10/31 15:00,8740,8866,58,68,1.18,0.004,44.941,102.793,0.235,0,4.756,0.731
2019/10/31 16:00,8971,9072,17,84,1.184,0.004,0.254,0.907,0.234,0.001,2.572,0.815
2019/10/31 17:00,8714,8833,4,115,1.188,0.004,0,0,0.236,0.002,1.817,0.812
2019/10/31 18:00,8101,8277,0,176,1.19,0.004,0,0,0.237,0,1.153,0.815
2019/10/31 19:00,7492,7707,0,215,1.193,0.004,0,0,0.237,0,0.609,0.786
2019/10/31 20:00,6889,7101,0,212,1.195,0.004,0,0,0.237,0.001,0.204,0.761
2019/10/31 21:00,6552,6768,0,216,1.196,0.004,0,0,0.238,0.001,0.014,0.764
2019/10/31 22:00,5977,6267,0,290,1.197,0.004,0,0,0.238,0.001,-0.248,0.775
2019/10/31 23:00,5494,5956,0,462,1.198,0.004,0,0,0.239,0.001,-0.47,0.762
2019/11/1 0:00,5212,5743,0,531,1.199,0.004,0,0,0.239,0.001,-0.63,0.742
2019/11/1 1:00,5127,5633,0,506,1.199,0.004,0,0,0.239,0.001,-0.788,0.74
2019/11/1 2:00,4807,5434,0,627,1.199,0.004,0,0,0.24,0.001,-0.991,0.755
2019/11/1 3:00,4680,5428,0,748,1.199,0.004,0,0,0.24,0.001,-1.123,0.809
2019/11/1 4:00,4899,5654,0,755,1.199,0.004,0,0,0.24,0.001,-1.261,0.837
2019/11/1 5:00,4799,5804,11,994,1.199,0.004,0.004,0.018,0.241,0.001,-1.36,0.919
2019/11/1 6:00,4998,6277,67,1212,1.199,0.004,42.645,91.062,0.241,0.001,-0.611,1.07
2019/11/1 7:00,5063,6483,150,1270,1.195,0.004,174.566,291.663,0.238,0,2.024,1.649
2019/11/1 8:00,5140,6644,229,1275,1.186,0.004,310.925,458.002,0.227,0,4.563,2.107
2019/11/1 9:00,4692,6810,300,1818,1.177,0.004,412.248,576.009,0.203,0,6.775,2.505
2019/11/1 10:00,4376,6917,398,2143,1.17,0.004,466.677,637.604,0.175,0,8.308,2.561
2019/11/1 11:00,4120,6634,430,2084,1.165,0.004,461.526,638.691,0.148,0,9.306,2.571
2019/11/1 12:00,3884,6385,386,2115,1.162,0.004,402.552,579.048,0.127,0,9.713,2.598
2019/11/1 13:00,3749,6318,308,2261,1.16,0.004,297.081,462.821,0.112,0,9.466,2.599
2019/11/1 14:00,3979,6492,180,2333,1.161,0.005,159.498,297.882,0.103,0,8.445,2.364
2019/11/1 15:00,4362,6760,74,2324,1.163,0.005,33.646,97.257,0.1,0,6.228,1.94
2019/11/1 16:00,4664,7218,20,2534,1.167,0.005,0.065,0.7,0.099,0,4.656,2.039
2019/11/1 17:00,4589,7248,4,2655,1.169,0.005,0,0,0.099,0.001,4.228,2.119
2019/11/1 18:00,4170,6840,0,2670,1.171,0.005,0,0,0.099,0.001,3.939,2.115
2019/11/1 19:00,3802,6524,0,2722,1.172,0.005,0,0,0.099,0.002,3.808,2.169
2019/11/1 20:00,3545,6217,0,2672,1.172,0.005,0,0,0.1,0.002,3.798,2.171
2019/11/1 21:00,3665,6205,0,2540,1.171,0.005,0,0,0.102,0.003,3.766,2.152
2019/11/1 22:00,3529,5791,0,2262,1.171,0.005,0,0,0.104,0.002,3.666,2.091
2019/11/1 23:00,3427,5595,0,2168,1.17,0.005,0,0,0.106,0.003,3.523,1.987
2019/11/2 0:00,3238,5319,0,2081,1.17,0.005,0,0,0.109,0.004,3.413,1.857
2019/11/2 1:00,3116,5222,0,2106,1.169,0.005,0,0,0.113,0.004,3.313,1.73
2019/11/2 2:00,3091,5097,0,2006,1.169,0.005,0,0,0.115,0.003,3.285,1.599
2019/11/2 3:00,3350,5186,0,1836,1.168,0.005,0,0,0.116,0.002,3.26,1.485
2019/11/2 4:00,3790,5560,0,1770,1.167,0.005,0,0,0.117,0.001,3.363,1.46
2019/11/2 5:00,4310,5952,7,1635,1.166,0.005,0,0.003,0.117,0.001,3.497,1.418
2019/11/2 6:00,4921,6453,64,1468,1.165,0.005,12.135,85.719,0.116,0.001,3.816,1.407
2019/11/2 7:00,5321,6841,139,1381,1.162,0.005,57.428,285.467,0.114,0.001,4.895,1.55
2019/11/2 8:00,5642,7063,203,1218,1.158,0.006,116.983,451.647,0.11,0,6.237,1.636
2019/11/2 9:00,5862,7160,264,1034,1.152,0.006,174.761,569.544,0.104,0,7.835,1.631
2019/11/2 10:00,5955,7274,348,971,1.145,0.006,208.05,631.112,0.095,0,9.369,1.616
2019/11/2 11:00,5763,7134,353,1018,1.14,0.006,199.912,632.167,0.086,0,10.477,1.515
2019/11/2 12:00,5811,6913,297,805,1.137,0.007,179.893,572.607,0.078,0,11.077,1.289
2019/11/2 13:00,5906,6817,233,678,1.134,0.007,156.14,456.476,0.07,0,11.295,1.069
2019/11/2 14:00,6015,6811,145,651,1.134,0.007,106.273,291.686,0.065,0,10.946,0.941
2019/11/2 15:00,6178,7023,64,781,1.135,0.007,30.824,91.897,0.062,0,9.207,0.908
2019/11/2 16:00,6617,7519,20,882,1.137,0.007,0.145,0.536,0.061,0,7.685,1.083
2019/11/2 17:00,6494,7383,4,885,1.139,0.007,0,0,0.06,0,7.031,1.13
2019/11/2 18:00,5980,6886,0,906,1.141,0.006,0,0,0.059,0,6.404,1.053
2019/11/2 19:00,5655,6539,0,884,1.144,0.006,0,0,0.058,0,6.101,1.008
2019/11/2 20:00,5229,6166,0,937,1.146,0.006,0,0,0.058,0.001,5.864,1.101
2019/11/2 21:00,4984,6127,0,1143,1.148,0.006,0,0,0.057,0.001,5.765,1.19
2019/11/2 22:00,4428,5686,0,1258,1.15,0.006,0,0,0.057,0.001,5.554,1.287
2019/11/2 23:00,4008,5411,0,1403,1.151,0.006,0,0,0.058,0.002,5.35,1.392
2019/11/3 0:00,3452,5169,0,1717,1.151,0.006,0,0,0.058,0.002,5.248,1.548
2019/11/3 1:00,3253,5115,0,1862,1.151,0.006,0,0,0.059,0.002,5.232,1.649
2019/11/3 2:00,3151,4949,0,1798,1.15,0.006,0,0,0.059,0.002,5.338,1.785
2019/11/3 3:00,2985,4932,0,1947,1.148,0.006,0,0,0.059,0.002,5.55,1.818
2019/11/3 4:00,3001,5143,0,2142,1.147,0.006,0,0,0.06,0.003,5.607,1.706
2019/11/3 5:00,3295,5345,6,2044,1.145,0.006,0,0,0.061,0.003,5.765,1.686
2019/11/3 6:00,3751,5748,60,1937,1.143,0.006,19.374,80.568,0.062,0.004,6.195,1.697
2019/11/3 7:00,3689,6046,132,2225,1.139,0.007,94.378,279.345,0.063,0.004,7.796,1.873
2019/11/3 8:00,3893,6352,196,2263,1.131,0.007,205.822,445.357,0.062,0.003,9.874,2.091
2019/11/3 9:00,3919,6613,259,2435,1.122,0.008,292.097,563.13,0.059,0.003,12.238,2.447
2019/11/3 10:00,3815,6799,355,2629,1.113,0.008,330.996,624.655,0.055,0.001,14.174,2.77
2019/11/3 11:00,3640,6604,376,2588,1.107,0.009,319.347,625.702,0.05,0.002,15.404,3.006
2019/11/3 12:00,3613,6369,311,2445,1.104,0.009,255.927,566.201,0.048,0.004,15.842,3.106
2019/11/3 13:00,3445,6268,229,2594,1.103,0.009,166.479,450.195,0.047,0.004,15.537,3.019
2019/11/3 14:00,3498,6261,140,2623,1.103,0.009,77.576,285.564,0.048,0.004,14.592,2.759
2019/11/3 15:00,3926,6573,60,2587,1.105,0.009,15.309,86.71,0.048,0.003,13.37,2.507
2019/11/3 16:00,4370,7005,17,2618,1.107,0.009,0.038,0.405,0.05,0.003,12.495,2.414
2019/11/3 17:00,4546,7067,4,2517,1.109,0.009,0,0,0.051,0.002,12.066,2.373
2019/11/3 18:00,4009,6706,0,2697,1.111,0.009,0,0,0.059,0.012,11.729,2.265
2019/11/3 19:00,3577,6388,0,2811,1.113,0.009,0,0,0.073,0.019,11.318,2.073
2019/11/3 20:00,3288,6022,0,2734,1.115,0.009,0,0,0.089,0.015,11.025,2.169
2019/11/3 21:00,3358,6084,0,2726,1.118,0.009,0,0,0.099,0.008,10.746,2.303
2019/11/3 22:00,3032,5738,0,2706,1.12,0.008,0,0,0.107,0.01,10.385,2.457
2019/11/3 23:00,3011,5542,0,2531,1.123,0.008,0,0,0.115,0.011,9.851,2.319
2019/11/4 0:00,3106,5364,0,2258,1.126,0.008,0,0,0.128,0.018,9.284,1.974
2019/11/4 1:00,3438,5293,0,1855,1.128,0.007,0,0,0.146,0.022,8.715,1.931
2019/11/4 2:00,3374,5257,0,1883,1.132,0.007,0,0,0.16,0.014,8.168,2.25
2019/11/4 3:00,3591,5411,0,1820,1.135,0.007,0,0,0.168,0.007,7.552,2.002
2019/11/4 4:00,4663,6179,0,1516,1.137,0.006,0,0,0.173,0.004,7.143,1.66
2019/11/4 5:00,5882,7450,1,1567,1.139,0.006,0,0,0.175,0.001,6.842,1.546
2019/11/4 6:00,6729,8366,45,1592,1.14,0.006,14.855,75.628,0.175,0,6.744,1.466
2019/11/4 7:00,7320,8669,101,1248,1.14,0.006,93.109,273.269,0.175,0,7.827,1.524
2019/11/4 8:00,7309,8641,163,1169,1.137,0.007,198.277,439.13,0.169,0,9.287,1.636
2019/11/4 9:00,7368,8495,245,882,1.132,0.006,314.198,556.831,0.155,0,10.822,2.022
2019/11/4 10:00,7597,8422,390,435,1.128,0.006,385.997,618.274,0.137,0,12.158,2.059
2019/11/4 11:00,7419,8156,440,297,1.125,0.006,396.23,619.312,0.118,0,13.092,1.858
2019/11/4 12:00,7553,8172,400,219,1.122,0.006,367.016,559.88,0.102,0,13.603,1.72
2019/11/4 13:00,7589,8182,314,279,1.121,0.006,275.559,443.975,0.091,0.001,13.558,1.573
2019/11/4 14:00,7723,8261,182,356,1.121,0.006,150.138,279.517,0.087,0.003,12.7,1.152
2019/11/4 15:00,7789,8550,74,687,1.123,0.006,33.261,81.703,0.088,0.004,10.138,0.85
2019/11/4 16:00,7707,9056,21,1328,1.127,0.006,0.07,0.3,0.09,0.002,8.53,1.113
2019/11/4 17:00,7368,8903,4,1531,1.13,0.006,0,0,0.09,0,8.13,1.275
2019/11/4 18:00,6862,8335,0,1473,1.133,0.006,0,0,0.09,0,7.523,1.22
2019/11/4 19:00,6578,7696,0,1118,1.136,0.006,0,0,0.09,0,6.993,1.151
2019/11/4 20:00,6537,7154,0,617,1.138,0.006,0,0,0.091,0.001,6.421,1.059
2019/11/4 21:00,6524,6848,0,324,1.14,0.006,0,0,0.093,0.003,5.956,0.997
2019/11/4 22:00,6168,6355,0,187,1.142,0.006,0,0,0.102,0.013,5.665,0.958
2019/11/4 23:00,5918,6041,0,123,1.143,0.006,0,0,0.128,0.038,5.418,0.925
2019/11/5 0:00,5684,5775,0,91,1.145,0.006,0,0,0.197,0.097,5.15,0.856
2019/11/5 1:00,5529,5659,0,130,1.146,0.006,0,0,0.323,0.137,4.947,0.786
2019/11/5 2:00,5410,5572,0,162,1.146,0.006,0,0,0.466,0.136,5.004,0.77
2019/11/5 3:00,5428,5731,0,303,1.148,0.006,0,0,0.613,0.146,4.924,0.718
2019/11/5 4:00,6133,6477,0,344,1.15,0.006,0,0,0.791,0.187,4.812,0.707
2019/11/5 5:00,7265,7731,1,465,1.152,0.006,0,0,1,0.215,4.844,0.726
2019/11/5 6:00,8406,8714,35,273,1.153,0.006,10.822,70.895,1.206,0.185,5.049,0.813
2019/11/5 7:00,8665,9073,68,340,1.154,0.006,48.684,267.244,1.383,0.174,5.654,0.965
2019/11/5 8:00,8768,9168,90,310,1.152,0.006,87.159,432.939,1.495,0.094,6.205,0.952
2019/11/5 9:00,8990,9349,118,241,1.15,0.006,122.369,550.504,1.564,0.104,6.869,0.982
2019/11/5 10:00,8976,9444,160,308,1.147,0.006,133.629,611.919,1.625,0.111,7.422,1.276
2019/11/5 11:00,8465,9181,181,535,1.146,0.006,132.529,613.006,1.659,0.09,7.613,1.491
2019/11/5 12:00,8614,9053,157,282,1.146,0.006,117.397,553.627,1.653,0.051,7.545,1.584
2019/11/5 13:00,8599,8973,120,254,1.147,0.006,86.045,437.831,1.63,0.031,7.217,1.569
2019/11/5 14:00,8459,8995,76,460,1.148,0.006,50.936,273.531,1.633,0.055,6.737,1.538
2019/11/5 15:00,8735,9166,34,397,1.149,0.006,11.684,76.891,1.741,0.178,6.012,1.168
2019/11/5 16:00,8976,9293,10,307,1.15,0.006,0.034,0.216,1.906,0.152,5.443,0.937
2019/11/5 17:00,8716,9084,4,364,1.151,0.006,0,0,2.053,0.143,5.247,0.883
2019/11/5 18:00,7947,8512,0,565,1.152,0.006,0,0,2.17,0.107,4.961,0.956
2019/11/5 19:00,7184,7902,0,718,1.154,0.006,0,0,2.279,0.109,4.629,1.015
2019/11/5 20:00,6719,7288,0,569,1.156,0.005,0,0,2.38,0.111,4.277,1.271
2019/11/5 21:00,6513,6964,0,451,1.158,0.005,0,0,2.459,0.053,3.944,1.314
2019/11/5 22:00,5513,6459,0,946,1.16,0.005,0,0,2.496,0.026,3.594,1.382
2019/11/5 23:00,5202,6191,0,989,1.162,0.005,0,0,2.522,0.028,3.265,1.378
2019/11/6 0:00,4811,5965,0,1154,1.163,0.005,0,0,2.549,0.023,2.968,1.384
2019/11/6 1:00,5038,5841,0,803,1.164,0.005,0,0,2.566,0.011,2.752,1.386
2019/11/6 2:00,5249,5781,0,532,1.164,0.005,0,0,2.58,0.015,2.584,1.314
2019/11/6 3:00,5330,5924,0,594,1.164,0.005,0,0,2.592,0.009,2.449,1.259
2019/11/6 4:00,6124,6612,0,488,1.165,0.005,0,0,2.597,0.003,2.323,1.181
2019/11/6 5:00,7508,7822,0,314,1.165,0.005,0,0,2.598,0.002,2.068,1.035
2019/11/6 6:00,8403,8702,54,245,1.165,0.005,21.691,66.367,2.599,0.002,2.097,1.011
2019/11/6 7:00,8513,8816,128,175,1.164,0.005,125.185,261.332,2.588,0.003,3.954,1.208
2019/11/6 8:00,8494,8772,191,87,1.159,0.005,236.428,426.85,2.528,0.004,6.033,1.115
2019/11/6 9:00,8479,8772,257,36,1.153,0.006,306.226,544.27,2.409,0.004,7.956,1.047
2019/11/6 10:00,8462,8829,356,11,1.148,0.005,332.846,605.667,2.258,0.005,9.077,1.086
2019/11/6 11:00,8221,8633,380,32,1.146,0.005,323.85,606.736,2.104,0.004,9.646,1.087
2019/11/6 12:00,8261,8650,327,62,1.144,0.005,274.205,547.394,1.968,0.004,9.804,1.08
2019/11/6 13:00,8352,8662,244,66,1.144,0.006,189.779,431.735,1.868,0.007,9.537,1.106
2019/11/6 14:00,8489,8747,138,120,1.146,0.006,85.098,267.601,1.82,0.017,8.565,0.83
2019/11/6 15:00,8674,9005,57,274,1.148,0.006,15.052,72.261,1.823,0.032,6.76,0.689
2019/11/6 16:00,8900,9302,17,385,1.151,0.006,0.022,0.15,1.858,0.042,5.773,0.771
2019/11/6 17:00,8743,9092,4,345,1.153,0.006,0,0,1.903,0.05,5.427,0.766
2019/11/6 18:00,8261,8543,0,282,1.156,0.006,0,0,1.952,0.055,5.129,0.698
2019/11/6 19:00,7674,7910,0,236,1.157,0.006,0,0,2.011,0.064,4.859,0.62
2019/11/6 20:00,7207,7338,0,131,1.159,0.006,0,0,2.073,0.062,4.655,0.551
2019/11/6 21:00,7052,7102,0,50,1.161,0.006,0,0,2.124,0.044,4.482,0.482
2019/11/6 22:00,6528,6586,0,58,1.162,0.005,0,0,2.156,0.026,4.307,0.468
2019/11/6 23:00,6134,6233,0,99,1.164,0.005,0,0,2.174,0.015,4.12,0.552
2019/11/7 0:00,5816,5958,0,142,1.165,0.005,0,0,2.185,0.009,3.87,0.661
2019/11/7 1:00,5724,5826,0,102,1.166,0.005,0,0,2.19,0.006,3.647,0.727
2019/11/7 2:00,5659,5754,0,95,1.166,0.005,0,0,2.192,0.003,3.427,0.826
2019/11/7 3:00,5877,5961,0,84,1.167,0.005,0,0,2.192,0.002,3.166,0.831
2019/11/7 4:00,6631,6683,0,52,1.168,0.005,0,0,2.191,0.001,2.779,0.781
2019/11/7 5:00,7886,7915,0,29,1.168,0.005,0,0,2.191,0.002,2.383,0.724
2019/11/7 6:00,8769,8838,58,11,1.169,0.005,17.042,62.04,2.191,0.002,2.281,0.7
2019/11/7 7:00,8796,8941,138,7,1.168,0.005,109.99,255.467,2.185,0.001,3.834,0.923
2019/11/7 8:00,8557,8772,208,7,1.164,0.005,221.104,420.832,2.147,0.001,5.477,0.945
2019/11/7 9:00,8431,8711,275,5,1.159,0.005,319.959,538.208,2.052,0.001,7.016,0.919
2019/11/7 10:00,8314,8686,367,5,1.154,0.005,386.346,599.464,1.895,0.001,8.292,1.143
2019/11/7 11:00,8044,8468,397,27,1.149,0.005,407.371,600.514,1.722,0,9.324,1.349
2019/11/7 12:00,7954,8434,361,119,1.146,0.005,362.666,541.263,1.57,0,9.903,1.441
2019/11/7 13:00,7924,8486,270,292,1.145,0.005,265.5,425.713,1.461,0,9.885,1.468
2019/11/7 14:00,7938,8588,145,505,1.145,0.006,139.538,261.752,1.404,0,9.063,1.202
2019/11/7 15:00,8220,8896,56,620,1.148,0.005,25.158,67.817,1.388,0,6.332,0.873
2019/11/7 16:00,8560,9234,16,658,1.152,0.005,0.011,0.1,1.387,0.001,4.637,1.034
2019/11/7 17:00,8365,9114,4,745,1.155,0.005,0,0,1.389,0.003,4.088,1.037
2019/11/7 18:00,7795,8562,0,767,1.158,0.005,0,0,1.396,0.007,3.61,0.957
2019/11/7 19:00,7164,8015,0,851,1.161,0.005,0,0,1.405,0.008,3.199,0.897
2019/11/7 20:00,6491,7397,0,906,1.164,0.005,0,0,1.418,0.016,2.93,0.918
2019/11/7 21:00,6435,7136,0,701,1.166,0.005,0,0,1.437,0.019,3.018,0.985
2019/11/7 22:00,6102,6565,0,463,1.167,0.005,0,0,1.462,0.028,3.096,1.058
2019/11/7 23:00,5900,6267,0,367,1.168,0.005,0,0,1.503,0.048,3.035,1.04
2019/11/8 0:00,5593,5982,0,389,1.169,0.005,0,0,1.556,0.053,2.964,0.974
2019/11/8 1:00,5496,5896,0,400,1.17,0.005,0,0,1.609,0.051,2.891,1.066
2019/11/8 2:00,5307,5801,0,494,1.17,0.005,0,0,1.657,0.046,2.814,1.156
2019/11/8 3:00,5285,5998,0,713,1.171,0.005,0,0,1.703,0.045,2.772,1.301
2019/11/8 4:00,5821,6631,0,810,1.171,0.005,0,0,1.743,0.038,2.756,1.425
2019/11/8 5:00,6872,7856,0,984,1.171,0.005,0,0,1.779,0.037,2.785,1.483
2019/11/8 6:00,7417,8730,49,1264,1.17,0.005,9.011,57.905,1.814,0.036,2.935,1.575
2019/11/8 7:00,7570,8955,110,1275,1.169,0.005,52.592,249.664,1.844,0.042,3.754,1.819
2019/11/8 8:00,7622,8949,158,1169,1.166,0.005,110.369,414.889,1.859,0.04,4.828,1.946
2019/11/8 9:00,7529,8962,216,1217,1.161,0.006,168.264,532.077,1.841,0.029,6.043,2.068
2019/11/8 10:00,7213,8897,315,1369,1.156,0.006,207.404,593.336,1.786,0.021,7.131,2.194
2019/11/8 11:00,6970,8611,317,1324,1.153,0.006,202.048,594.366,1.684,0.017,7.775,2.226
2019/11/8 12:00,7040,8474,237,1197,1.15,0.006,169.838,535.199,1.578,0.019,8.126,2.173
2019/11/8 13:00,7109,8349,159,1081,1.149,0.006,123.36,419.757,1.512,0.021,8.184,2.088
2019/11/8 14:00,7050,8363,89,1224,1.149,0.006,63.536,255.973,1.489,0.024,7.765,1.836
2019/11/8 15:00,7107,8637,37,1493,1.15,0.006,11.077,63.559,1.5,0.028,6.798,1.544
2019/11/8 16:00,7366,8922,10,1546,1.153,0.006,0.004,0.064,1.526,0.032,6.193,1.424
2019/11/8 17:00,7220,8722,4,1498,1.154,0.006,0,0,1.565,0.05,5.948,1.414
2019/11/8 18:00,6604,8139,0,1535,1.156,0.006,0,0,1.603,0.035,5.663,1.462
2019/11/8 19:00,6085,7528,0,1443,1.158,0.006,0,0,1.657,0.072,5.322,1.413
2019/11/8 20:00,5442,6987,0,1545,1.16,0.006,0,0,1.74,0.093,5.076,1.352
2019/11/8 21:00,5123,6793,0,1670,1.161,0.006,0,0,1.847,0.123,4.802,1.33
2019/11/8 22:00,4916,6355,0,1439,1.163,0.006,0,0,1.926,0.055,4.577,1.311
2019/11/8 23:00,4875,6057,0,1182,1.164,0.006,0,0,1.978,0.055,4.248,1.174
2019/11/9 0:00,4788,5807,0,1019,1.165,0.005,0,0,2.037,0.067,3.784,1.077
2019/11/9 1:00,4878,5635,0,757,1.166,0.005,0,0,2.111,0.082,3.724,1.046
2019/11/9 2:00,4806,5497,0,691,1.167,0.005,0,0,2.205,0.105,3.442,0.87
2019/11/9 3:00,4889,5578,0,689,1.168,0.005,0,0,2.323,0.136,3.198,0.823
2019/11/9 4:00,5240,5852,0,612,1.169,0.005,0,0,2.483,0.177,2.965,0.76
2019/11/9 5:00,5955,6273,0,318,1.171,0.005,0,0,2.676,0.204,2.598,0.803
2019/11/9 6:00,6651,6980,42,287,1.173,0.005,7.446,53.962,2.872,0.178,2.651,0.898
2019/11/9 7:00,7051,7504,91,362,1.174,0.005,33.381,243.957,3.012,0.113,3.062,1.151
2019/11/9 8:00,7186,7836,138,512,1.174,0.005,63.725,409.021,3.075,0.058,3.441,1.318
2019/11/9 9:00,7088,7946,190,668,1.174,0.005,98.418,526.086,3.074,0.032,3.796,1.49
2019/11/9 10:00,6848,8028,258,922,1.173,0.005,136.696,587.251,3.022,0.014,4.216,1.651
2019/11/9 11:00,6733,7817,280,804,1.171,0.005,165.286,588.324,2.934,0.01,4.701,1.735
2019/11/9 12:00,6605,7581,254,722,1.17,0.005,174.001,529.201,2.834,0.006,5.161,1.709
2019/11/9 13:00,6432,7444,190,822,1.168,0.005,151.31,413.928,2.748,0.003,5.397,1.632
2019/11/9 14:00,6466,7476,105,905,1.168,0.005,88.869,250.292,2.696,0.001,5.144,1.346
2019/11/9 15:00,6686,7753,42,1025,1.17,0.005,18.303,59.485,2.681,0.001,3.763,0.962
2019/11/9 16:00,6972,8115,13,1130,1.172,0.005,0.009,0.038,2.68,0,2.694,1.04
2019/11/9 17:00,6697,7916,4,1215,1.175,0.004,0,0,2.681,0,2.138,1.136
2019/11/9 18:00,6603,7458,0,855,1.177,0.004,0,0,2.681,0,1.51,1.146
2019/11/9 19:00,6508,7073,0,565,1.178,0.004,0,0,2.681,0,0.912,1.111
2019/11/9 20:00,6344,6682,0,338,1.18,0.004,0,0,2.682,0,0.527,1.091
2019/11/9 21:00,6438,6641,0,203,1.181,0.004,0,0,2.683,0.001,0.2,0.993
2019/11/9 22:00,5998,6256,0,258,1.182,0.004,0,0,2.685,0.002,-0.32,0.91
2019/11/9 23:00,5670,5950,0,280,1.183,0.004,0,0,2.688,0.004,-0.654,0.9
2019/11/10 0:00,5551,5708,0,157,1.184,0.004,0,0,2.691,0.004,-0.822,0.872
2019/11/10 1:00,5489,5642,0,153,1.185,0.004,0,0,2.694,0.003,-0.944,0.866
2019/11/10 2:00,5258,5492,0,234,1.186,0.004,0,0,2.696,0.002,-1.038,0.876
2019/11/10 3:00,5230,5539,0,309,1.187,0.004,0,0,2.699,0.002,-1.015,0.943
2019/11/10 4:00,5409,5729,0,320,1.188,0.004,0,0,2.701,0.002,-0.956,1.175
2019/11/10 5:00,5590,5947,0,357,1.188,0.004,0,0,2.703,0.002,-1.017,1.265
2019/11/10 6:00,5913,6400,54,433,1.189,0.004,10.965,50.219,2.705,0.002,-0.961,1.243
2019/11/10 7:00,6107,6702,136,459,1.188,0.004,74.28,238.321,2.706,0.001,0.22,1.299
2019/11/10 8:00,6122,6888,214,552,1.185,0.004,156.863,403.211,2.687,0,1.823,1.383
2019/11/10 9:00,6091,7052,281,680,1.179,0.004,235.779,520.179,2.609,0,3.437,1.454
2019/11/10 10:00,6032,7133,382,719,1.175,0.004,281.544,581.291,2.478,0,4.609,1.529
2019/11/10 11:00,5681,6869,407,781,1.172,0.004,284.341,582.35,2.338,0,5.301,1.546
2019/11/10 12:00,5374,6586,366,846,1.17,0.004,255.849,523.328,2.213,0,5.628,1.584
2019/11/10 13:00,5264,6470,263,943,1.17,0.004,194.45,408.118,2.12,0,5.52,1.478
2019/11/10 14:00,5425,6556,129,1002,1.171,0.004,107.018,244.652,2.075,0,4.757,1.11
2019/11/10 15:00,5838,7007,46,1123,1.174,0.004,21.613,55.598,2.066,0,2.971,1.07
2019/11/10 16:00,6354,7566,14,1198,1.176,0.004,0.005,0.021,2.066,0,1.825,1.105
2019/11/10 17:00,6558,7692,4,1130,1.179,0.004,0,0,2.066,0,1.092,1.103
2019/11/10 18:00,6254,7350,0,1096,1.182,0.004,0,0,2.067,0,0.415,1.066
2019/11/10 19:00,5862,7062,0,1200,1.186,0.004,0,0,2.067,0,-0.259,1.074
2019/11/10 20:00,5631,6726,0,1095,1.189,0.004,0,0,2.068,0.001,-0.88,1.109
2019/11/10 21:00,5783,6791,0,1008,1.191,0.004,0,0,2.069,0.001,-1.411,1.077
2019/11/10 22:00,5744,6453,0,709,1.192,0.004,0,0,2.07,0.001,-1.78,1.039
2019/11/10 23:00,5710,6208,0,498,1.194,0.004,0,0,2.071,0.001,-1.983,0.991
2019/11/11 0:00,5718,6035,0,317,1.196,0.003,0,0,2.072,0.001,-2.191,0.952
2019/11/11 1:00,5789,5972,0,183,1.197,0.003,0,0,2.073,0.001,-2.413,0.912
2019/11/11 2:00,5888,5968,0,80,1.198,0.003,0,0,2.075,0.001,-2.511,0.828
2019/11/11 3:00,6196,6215,0,19,1.198,0.003,0,0,2.077,0.001,-2.429,0.689
2019/11/11 4:00,6993,7000,0,7,1.199,0.003,0,0,2.079,0.002,-2.399,0.641
2019/11/11 5:00,8263,8282,0,19,1.2,0.003,0,0,2.08,0.002,-2.365,0.582
2019/11/11 6:00,9012,9159,49,98,1.2,0.003,17.562,46.652,2.082,0.002,-2.144,0.543
2019/11/11 7:00,8897,9378,122,359,1.198,0.004,119.676,232.787,2.083,0.001,-0.294,0.724
2019/11/11 8:00,8312,9274,192,770,1.191,0.004,241.466,397.485,2.071,0,1.866,1.292
2019/11/11 9:00,8006,9192,256,930,1.182,0.004,334.317,514.357,2.017,0,4.065,1.906
2019/11/11 10:00,7689,9193,343,1161,1.174,0.004,380.833,575.426,1.931,0,5.666,2.268
2019/11/11 11:00,6946,9066,364,1756,1.168,0.005,364.512,576.51,1.833,0.001,6.674,2.452
2019/11/11 12:00,6683,9075,319,2073,1.165,0.005,303.647,517.471,1.751,0.002,7.097,2.471
2019/11/11 13:00,6543,9057,230,2284,1.163,0.005,203.583,402.441,1.703,0.003,6.823,2.351
2019/11/11 14:00,6525,9077,114,2438,1.165,0.005,89.376,239.133,1.683,0.004,5.63,2.047
2019/11/11 15:00,6743,9271,42,2486,1.168,0.005,11.57,51.889,1.681,0.005,3.989,1.801
2019/11/11 16:00,7071,9451,13,2367,1.171,0.005,0.001,0.01,1.684,0.005,3.239,1.748
2019/11/11 17:00,7062,9303,4,2237,1.172,0.005,0,0,1.689,0.006,3.103,1.773
2019/11/11 18:00,6411,8734,0,2323,1.173,0.005,0,0,1.699,0.015,3.083,1.781
2019/11/11 19:00,6064,8176,0,2112,1.174,0.005,0,0,1.713,0.019,3.061,1.759
2019/11/11 20:00,5532,7664,0,2132,1.174,0.005,0,0,1.73,0.023,3.008,1.75
2019/11/11 21:00,5388,7353,0,1965,1.174,0.005,0,0,1.748,0.019,3.011,1.745
2019/11/11 22:00,4887,6850,0,1963,1.174,0.005,0,0,1.766,0.017,3.045,1.681
2019/11/11 23:00,4679,6580,0,1901,1.174,0.005,0,0,1.79,0.029,3.002,1.551
2019/11/12 0:00,4431,6335,0,1904,1.174,0.005,0,0,1.832,0.05,2.939,1.4
2019/11/12 1:00,4526,6259,0,1733,1.174,0.005,0,0,1.89,0.063,2.963,1.333
2019/11/12 2:00,4643,6136,0,1493,1.175,0.005,0,0,1.958,0.074,2.842,1.225
2019/11/12 3:00,5158,6310,0,1152,1.176,0.005,0,0,2.043,0.094,2.668,1.156
2019/11/12 4:00,6329,7018,0,689,1.177,0.005,0,0,2.143,0.104,2.598,1.157
2019/11/12 5:00,7681,8218,0,537,1.178,0.005,0,0,2.269,0.137,2.464,1.026
2019/11/12 6:00,8894,9250,19,337,1.178,0.005,5.295,43.273,2.402,0.129,2.288,0.816
2019/11/12 7:00,9263,9541,39,239,1.178,0.005,30.117,227.325,2.524,0.116,2.623,0.876
2019/11/12 8:00,9350,9573,62,161,1.177,0.005,60.784,391.87,2.614,0.081,3.114,0.868
2019/11/12 9:00,9522,9737,89,126,1.175,0.005,87.119,508.627,2.657,0.056,3.534,0.917
2019/11/12 10:00,9620,9810,111,79,1.173,0.005,110.283,569.563,2.67,0.051,3.902,1.035
2019/11/12 11:00,9489,9687,117,81,1.171,0.005,115.012,570.647,2.667,0.044,4.109,1.085
2019/11/12 12:00,9459,9652,99,94,1.17,0.005,73.426,511.746,2.666,0.051,3.929,1.118
2019/11/12 13:00,9338,9637,68,231,1.17,0.005,50.862,396.817,2.794,0.247,3.509,1.204
2019/11/12 14:00,9238,9651,38,375,1.171,0.005,24.966,233.688,3.097,0.38,2.939,1.034
2019/11/12 15:00,9367,9784,14,403,1.173,0.005,4.08,48.364,3.478,0.394,2.27,0.995
2019/11/12 16:00,9456,9869,7,406,1.175,0.005,0.001,0.004,3.867,0.394,1.828,1.235
2019/11/12 17:00,9173,9634,4,457,1.176,0.004,0,0,4.209,0.328,1.592,1.422
2019/11/12 18:00,8552,9124,0,572,1.176,0.004,0,0,4.546,0.358,1.402,1.425
2019/11/12 19:00,7923,8570,0,647,1.177,0.004,0,0,4.866,0.297,1.257,1.336
2019/11/12 20:00,7210,7986,0,776,1.177,0.004,0,0,5.138,0.261,1.139,1.266
2019/11/12 21:00,6857,7707,0,850,1.177,0.004,0,0,5.402,0.27,1.03,1.246
2019/11/12 22:00,6392,7173,0,781,1.177,0.004,0,0,5.65,0.238,0.91,1.175
2019/11/12 23:00,6180,6888,0,708,1.176,0.004,0,0,5.874,0.226,0.852,1.025
2019/11/13 0:00,5976,6660,0,684,1.176,0.004,0,0,6.096,0.232,0.801,0.964
2019/11/13 1:00,5721,6526,0,805,1.175,0.004,0,0,6.32,0.235,0.819,1.021
2019/11/13 2:00,5709,6459,0,750,1.174,0.004,0,0,6.567,0.278,0.848,1.1
2019/11/13 3:00,5918,6579,0,661,1.174,0.004,0,0,6.861,0.34,0.808,1.258
2019/11/13 4:00,6480,7234,0,754,1.174,0.004,0,0,7.24,0.447,0.762,1.32
2019/11/13 5:00,7742,8411,0,669,1.174,0.004,0,0,7.718,0.551,0.727,1.339
2019/11/13 6:00,8759,9387,14,614,1.174,0.004,2.004,40.072,8.278,0.621,0.695,1.264
2019/11/13 7:00,8872,9687,35,780,1.174,0.004,20.222,221.944,8.88,0.617,0.946,1.172
2019/11/13 8:00,8739,9750,65,946,1.173,0.004,46.239,386.32,9.424,0.561,1.46,1.196
2019/11/13 9:00,8624,9899,94,1181,1.172,0.005,72.545,502.936,9.834,0.421,1.911,1.486
2019/11/13 10:00,8710,10024,118,1196,1.171,0.005,88.375,563.843,10.108,0.353,2.117,1.841
2019/11/13 11:00,8299,9896,131,1466,1.171,0.005,98.306,564.921,10.401,0.515,2.006,2.166
2019/11/13 12:00,7820,9880,116,1944,1.174,0.004,91.195,506.077,10.961,0.85,1.55,2.45
2019/11/13 13:00,7679,9715,77,1959,1.176,0.004,67.785,391.251,11.649,0.76,1.031,2.559
2019/11/13 14:00,7773,9701,38,1890,1.179,0.004,34.578,228.335,12.252,0.609,0.586,2.554
2019/11/13 15:00,7981,9888,14,1893,1.179,0.004,7.062,45.012,12.786,0.519,0.171,2.386
2019/11/13 16:00,8198,10035,7,1830,1.18,0.004,0,0.001,13.207,0.375,-0.222,2.343
2019/11/13 17:00,7881,9817,4,1932,1.18,0.004,0,0,13.462,0.191,-0.438,2.242
2019/11/13 18:00,7317,9236,0,1919,1.182,0.004,0,0,13.592,0.109,-0.624,2.108
2019/11/13 19:00,6974,8618,0,1644,1.182,0.004,0,0,13.648,0.037,-0.891,1.954
2019/11/13 20:00,6776,7989,0,1213,1.182,0.004,0,0,13.664,0.01,-1.261,1.743
2019/11/13 21:00,6728,7732,0,1004,1.183,0.003,0,0,13.669,0.004,-2.104,1.389
2019/11/13 22:00,6733,7246,0,513,1.185,0.003,0,0,13.676,0.003,-3.071,1.17
2019/11/13 23:00,6653,6995,0,342,1.186,0.003,0,0,13.682,0.003,-3.783,1.088
2019/11/14 0:00,6406,6745,0,339,1.188,0.003,0,0,13.688,0.003,-4.203,1.038
2019/11/14 1:00,6495,6638,0,143,1.189,0.003,0,0,13.694,0.003,-4.349,0.947
2019/11/14 2:00,6539,6584,0,45,1.19,0.003,0,0,13.702,0.004,-4.17,0.813
2019/11/14 3:00,6701,6745,0,44,1.191,0.003,0,0,13.71,0.006,-3.761,0.664
2019/11/14 4:00,7393,7442,0,49,1.192,0.003,0,0,13.717,0.006,-3.546,0.591
2019/11/14 5:00,8564,8642,0,78,1.193,0.003,0,0,13.724,0.006,-3.7,0.706
2019/11/14 6:00,9283,9480,21,176,1.194,0.003,14.141,37.046,13.732,0.007,-3.655,0.812
2019/11/14 7:00,9324,9665,65,276,1.194,0.003,113.612,216.66,13.733,0.007,-1.833,0.929
2019/11/14 8:00,9030,9499,144,325,1.189,0.004,225.974,380.867,13.651,0.005,0.298,1.284
2019/11/14 9:00,8661,9370,228,481,1.182,0.004,306.319,497.387,13.348,0.004,1.838,1.545
2019/11/14 10:00,8380,9257,280,597,1.177,0.004,345.69,558.269,12.808,0.002,2.847,1.672
2019/11/14 11:00,8040,9064,290,734,1.173,0.004,345.538,559.343,12.037,0,3.673,1.782
2019/11/14 12:00,7671,9015,258,1086,1.169,0.004,306.918,500.499,11.334,0,4.181,1.798
2019/11/14 13:00,7460,8980,181,1339,1.168,0.005,228.828,385.836,10.82,0.001,4.255,1.695
2019/11/14 14:00,7544,9103,91,1468,1.168,0.005,118.786,223.071,10.55,0.001,3.513,1.206
2019/11/14 15:00,7796,9400,34,1570,1.17,0.004,16.082,41.839,10.47,0.002,1.458,1.014
2019/11/14 16:00,8182,9706,10,1514,1.173,0.004,0,0,10.431,0.005,0.57,1.158
2019/11/14 17:00,8009,9488,4,1475,1.175,0.004,0,0,10.392,0.008,0.492,1.208
2019/11/14 18:00,7283,8947,0,1664,1.176,0.004,0,0,10.354,0.01,0.606,1.232
2019/11/14 19:00,6667,8354,0,1687,1.176,0.004,0,0,10.315,0.012,0.647,1.232
2019/11/14 20:00,6150,7790,0,1640,1.176,0.004,0,0,10.278,0.015,0.699,1.253
2019/11/14 21:00,6120,7574,0,1454,1.176,0.004,0,0,10.241,0.017,0.824,1.305
2019/11/14 22:00,5674,7032,0,1358,1.175,0.004,0,0,10.196,0.019,0.986,1.359
2019/11/14 23:00,5288,6729,0,1441,1.174,0.004,0,0,10.137,0.02,1.208,1.451
2019/11/15 0:00,5056,6469,0,1413,1.173,0.005,0,0,10.067,0.022,1.456,1.564
2019/11/15 1:00,4998,6335,0,1337,1.172,0.005,0,0,9.98,0.028,1.698,1.672
2019/11/15 2:00,4827,6228,0,1401,1.171,0.005,0,0,9.857,0.028,1.834,1.704
2019/11/15 3:00,4974,6372,0,1398,1.17,0.005,0,0,9.636,0.025,2.059,1.797
2019/11/15 4:00,5393,7070,0,1677,1.169,0.005,0,0,9.363,0.024,2.239,1.856
2019/11/15 5:00,6362,8087,0,1725,1.169,0.005,0,0,9.029,0.024,2.474,1.955
2019/11/15 6:00,7149,8902,19,1734,1.168,0.005,5.224,34.188,8.676,0.021,2.71,2.074
2019/11/15 7:00,7309,9162,55,1798,1.167,0.005,43.446,211.485,8.271,0.018,3.242,2.244
2019/11/15 8:00,7372,9228,110,1746,1.166,0.005,88.566,375.517,7.742,0.015,3.876,2.286
2019/11/15 9:00,7400,9264,165,1699,1.163,0.005,132.306,491.921,7.13,0.016,4.536,2.471
2019/11/15 10:00,7463,9223,210,1550,1.161,0.006,188.116,552.743,6.521,0.015,5.366,2.579
2019/11/15 11:00,7306,8937,224,1407,1.157,0.006,215.363,553.826,5.97,0.015,6.257,2.525
2019/11/15 12:00,7273,8730,199,1258,1.154,0.006,173.386,495.062,5.517,0.021,6.758,2.367
2019/11/15 13:00,7396,8643,134,1113,1.153,0.006,98.956,380.482,5.197,0.029,6.683,2.072
2019/11/15 14:00,7645,8632,64,923,1.154,0.006,42.915,217.917,5.009,0.075,6.1,1.727
2019/11/15 15:00,7678,8885,24,1183,1.155,0.006,4.695,38.835,4.948,0.138,5.293,1.553
2019/11/15 16:00,7522,9143,8,1613,1.157,0.006,0,0,4.98,0.218,5.059,1.752
2019/11/15 17:00,7291,8927,4,1632,1.158,0.006,0,0,5.036,0.196,5.045,1.944
2019/11/15 18:00,6593,8280,0,1687,1.158,0.006,0,0,5.142,0.289,5.011,2.115
2019/11/15 19:00,6266,7682,0,1416,1.158,0.006,0,0,5.236,0.173,4.964,2.259
2019/11/15 20:00,5816,7181,0,1365,1.158,0.006,0,0,5.292,0.136,4.914,2.351
2019/11/15 21:00,5444,7050,0,1606,1.158,0.006,0,0,5.31,0.066,4.819,2.338
2019/11/15 22:00,4883,6581,0,1698,1.159,0.006,0,0,5.286,0.025,4.65,2.196
2019/11/15 23:00,4702,6276,0,1574,1.159,0.006,0,0,5.243,0.009,4.489,2.014
2019/11/16 0:00,4474,5971,0,1497,1.159,0.006,0,0,5.197,0.01,4.335,1.857
2019/11/16 1:00,4461,5801,0,1340,1.16,0.006,0,0,5.158,0.011,4.197,1.724
2019/11/16 2:00,4408,5640,0,1232,1.16,0.005,0,0,5.13,0.011,4.082,1.507
2019/11/16 3:00,4115,5779,0,1664,1.161,0.005,0,0,5.108,0.012,4.003,1.413
2019/11/16 4:00,4157,5980,0,1823,1.162,0.005,0,0,5.092,0.012,3.829,1.368
2019/11/16 5:00,4530,6352,0,1822,1.163,0.005,0,0,5.084,0.013,3.661,1.373
2019/11/16 6:00,5278,6984,14,1692,1.164,0.005,6.865,31.5,5.088,0.033,3.642,1.467
2019/11/16 7:00,5626,7421,45,1750,1.165,0.006,63.802,206.398,5.084,0.022,4.514,1.634
2019/11/16 8:00,5856,7658,100,1702,1.163,0.006,149.849,370.26,5.021,0.014,5.974,1.806
2019/11/16 9:00,5604,7771,165,2002,1.16,0.006,238.597,486.559,4.869,0.011,7.21,1.861
2019/11/16 10:00,5322,7850,237,2291,1.155,0.006,275.468,547.292,4.652,0.008,8.332,1.98
2019/11/16 11:00,5066,7542,274,2202,1.152,0.006,270.118,548.384,4.418,0.006,9.065,1.992
2019/11/16 12:00,5112,7371,254,2005,1.151,0.006,216.425,489.707,4.208,0.005,9.317,1.849
2019/11/16 13:00,5325,7333,181,1827,1.152,0.006,134.855,375.235,4.071,0.004,8.964,1.57
2019/11/16 14:00,5681,7385,96,1608,1.154,0.006,56.79,212.85,4,0.004,7.89,1.355
2019/11/16 15:00,6255,7696,35,1406,1.157,0.006,7.116,35.999,3.977,0.004,6.551,1.389
2019/11/16 16:00,6416,8016,10,1590,1.16,0.006,0,0,3.97,0.003,5.718,1.433
2019/11/16 17:00,6095,7829,4,1730,1.162,0.006,0,0,3.965,0.004,5.175,1.375
2019/11/16 18:00,5687,7266,0,1579,1.165,0.006,0,0,3.963,0.007,4.692,1.346
2019/11/16 19:00,5422,6910,0,1488,1.166,0.006,0,0,3.988,0.046,4.382,1.266
2019/11/16 20:00,5436,6597,0,1161,1.168,0.006,0,0,4.048,0.072,4.295,1.162
2019/11/16 21:00,5683,6505,0,822,1.169,0.006,0,0,4.111,0.057,4.319,1.087
2019/11/16 22:00,5471,6073,0,602,1.169,0.006,0,0,4.186,0.095,4.302,0.986
2019/11/16 23:00,5182,5741,0,559,1.169,0.005,0,0,4.332,0.186,4.33,0.904
2019/11/17 0:00,4708,5570,0,862,1.169,0.006,0,0,4.542,0.222,4.31,0.879
2019/11/17 1:00,4568,5379,0,811,1.168,0.006,0,0,4.735,0.182,4.281,0.928
2019/11/17 2:00,4473,5226,0,753,1.167,0.006,0,0,4.871,0.143,4.386,1.072
2019/11/17 3:00,4322,5216,0,894,1.166,0.006,0,0,4.964,0.116,4.584,1.247
2019/11/17 4:00,4099,5366,0,1267,1.166,0.006,0,0,5.026,0.089,4.675,1.385
2019/11/17 5:00,4169,5611,0,1442,1.166,0.006,0,0,5.069,0.072,4.776,1.501
2019/11/17 6:00,4660,6113,22,1431,1.166,0.006,4.197,28.971,5.093,0.057,4.94,1.627
2019/11/17 7:00,4968,6456,67,1421,1.165,0.006,36.893,201.405,5.086,0.05,5.39,1.863
2019/11/17 8:00,5181,6811,152,1478,1.163,0.006,84.109,365.106,5.044,0.052,6.075,2.064
2019/11/17 9:00,5482,7034,250,1302,1.159,0.006,134.91,481.266,4.965,0.061,7.025,2.229
2019/11/17 10:00,5658,7206,312,1236,1.154,0.007,196.577,541.912,4.884,0.113,8.212,2.418
2019/11/17 11:00,5291,6990,310,1389,1.148,0.007,231.796,543.065,4.803,0.094,9.403,2.614
2019/11/17 12:00,4902,6771,264,1605,1.143,0.007,207.372,484.413,4.718,0.097,10.183,2.778
2019/11/17 13:00,4876,6617,184,1557,1.141,0.007,127.36,370.109,4.632,0.072,10.243,2.678
2019/11/17 14:00,4713,6687,96,1878,1.141,0.007,48.594,207.875,4.556,0.051,9.627,2.395
2019/11/17 15:00,4999,7036,37,2000,1.143,0.007,5.781,33.325,4.537,0.077,8.735,2.259
2019/11/17 16:00,5253,7450,10,2187,1.144,0.007,0,0,4.591,0.123,8.247,2.34
2019/11/17 17:00,5204,7437,4,2229,1.146,0.007,0,0,4.697,0.149,7.885,2.371
2019/11/17 18:00,5192,7031,0,1839,1.148,0.007,0,0,4.797,0.083,7.438,2.282
2019/11/17 19:00,5192,6722,0,1530,1.149,0.007,0,0,4.846,0.036,7.163,2.094
2019/11/17 20:00,4790,6396,0,1606,1.151,0.007,0,0,4.866,0.024,6.9,1.907
2019/11/17 21:00,5087,6495,0,1408,1.151,0.006,0,0,4.878,0.013,6.666,1.8
2019/11/17 22:00,4664,6117,0,1453,1.152,0.006,0,0,4.88,0.007,6.417,1.695
2019/11/17 23:00,4213,5911,0,1698,1.154,0.006,0,0,4.878,0.006,6.202,1.659
2019/11/18 0:00,3847,5750,0,1903,1.155,0.006,0,0,4.874,0.005,5.883,1.562
2019/11/18 1:00,3934,5640,0,1706,1.156,0.006,0,0,4.867,0.005,5.586,1.473
2019/11/18 2:00,3913,5576,0,1663,1.158,0.006,0,0,4.862,0.005,5.344,1.449
2019/11/18 3:00,4109,5855,0,1746,1.159,0.006,0,0,4.856,0.004,5.089,1.559
2019/11/18 4:00,4938,6620,0,1682,1.16,0.006,0,0,4.852,0.004,4.78,1.569
2019/11/18 5:00,6230,7849,0,1619,1.161,0.006,0,0,4.852,0.005,4.569,1.577
2019/11/18 6:00,7362,8752,14,1376,1.163,0.006,3.38,26.601,4.855,0.006,4.235,1.466
2019/11/18 7:00,7682,9044,44,1318,1.165,0.006,44.099,196.529,4.859,0.005,4.522,1.576
2019/11/18 8:00,7700,9053,110,1243,1.165,0.006,119.635,360.06,4.849,0.004,5.318,1.693
2019/11/18 9:00,7753,9089,200,1136,1.164,0.006,220.295,476.115,4.786,0.004,6.27,1.767
2019/11/18 10:00,7488,9080,287,1305,1.161,0.006,306.689,536.703,4.674,0.005,7.384,1.936
2019/11/18 11:00,7264,8798,338,1196,1.158,0.005,340.437,537.857,4.551,0.006,8.281,1.995
2019/11/18 12:00,7259,8736,317,1160,1.156,0.005,318.79,479.264,4.442,0.005,8.788,1.905
2019/11/18 13:00,7441,8702,224,1037,1.156,0.005,229.651,365.086,4.361,0.003,8.69,1.565
2019/11/18 14:00,8028,8814,112,674,1.157,0.005,109.895,203.026,4.321,0.003,7.407,0.726
2019/11/18 15:00,8664,9191,42,485,1.161,0.005,11.229,30.813,4.316,0.002,5.144,0.614
2019/11/18 16:00,9194,9473,13,266,1.165,0.004,0,0,4.319,0.003,3.855,0.702
2019/11/18 17:00,9215,9346,4,127,1.169,0.004,0,0,4.322,0.003,2.909,0.799
2019/11/18 18:00,8701,8795,0,94,1.172,0.004,0,0,4.325,0.003,2.247,0.851
2019/11/18 19:00,8074,8227,0,153,1.175,0.004,0,0,4.331,0.006,1.824,0.871
2019/11/18 20:00,7319,7613,0,294,1.178,0.004,0,0,4.342,0.012,1.626,0.835
2019/11/18 21:00,6783,7317,0,534,1.179,0.004,0,0,4.356,0.014,1.555,0.824
2019/11/18 22:00,6222,6850,0,628,1.179,0.004,0,0,4.371,0.013,1.779,0.819
2019/11/18 23:00,5702,6531,0,829,1.178,0.004,0,0,4.386,0.014,1.94,0.808
2019/11/19 0:00,5264,6306,0,1042,1.178,0.005,0,0,4.401,0.013,2.19,0.8
2019/11/19 1:00,5061,6218,0,1157,1.178,0.005,0,0,4.414,0.011,2.416,0.826
2019/11/19 2:00,5024,6141,0,1117,1.179,0.005,0,0,4.424,0.009,2.629,0.887
2019/11/19 3:00,5134,6311,0,1177,1.179,0.005,0,0,4.433,0.008,2.8,0.914
2019/11/19 4:00,5621,7027,0,1406,1.18,0.005,0,0,4.441,0.008,2.78,0.964
2019/11/19 5:00,6889,8217,0,1328,1.18,0.005,0,0,4.449,0.008,2.638,1.079
2019/11/19 6:00,7897,9079,20,1162,1.181,0.005,4.53,24.382,4.456,0.007,2.513,1.163
2019/11/19 7:00,8231,9265,62,972,1.181,0.005,55.331,191.754,4.461,0.007,3.422,1.24
2019/11/19 8:00,8252,9194,145,797,1.178,0.005,131.39,355.104,4.456,0.006,4.952,1.397
2019/11/19 9:00,8232,9173,230,711,1.173,0.005,212.051,471.046,4.408,0.007,6.48,1.608
2019/11/19 10:00,8253,9133,283,597,1.167,0.006,274.674,531.599,4.325,0.006,8.023,1.887
2019/11/19 11:00,8029,8903,290,584,1.162,0.006,255.245,532.688,4.235,0.006,8.995,2.023
2019/11/19 12:00,7955,8916,259,702,1.16,0.006,179.288,474.226,4.159,0.006,9.089,1.808
2019/11/19 13:00,7774,8888,186,928,1.16,0.006,111.989,360.159,4.112,0.008,8.564,1.422
2019/11/19 14:00,7804,8944,94,1046,1.161,0.006,52.913,198.27,4.09,0.006,7.554,1.048
2019/11/19 15:00,8025,9282,34,1223,1.164,0.006,5.718,28.453,4.086,0.005,6.017,1.012
2019/11/19 16:00,8185,9478,10,1283,1.167,0.006,0,0,4.088,0.006,5.098,1.069
2019/11/19 17:00,8017,9265,4,1244,1.171,0.006,0,0,4.092,0.006,4.673,1.129
2019/11/19 18:00,7306,8658,0,1352,1.173,0.006,0,0,4.094,0.002,4.327,1.121
2019/11/19 19:00,6845,8106,0,1261,1.175,0.006,0,0,4.094,0.002,4.141,1.086
2019/11/19 20:00,6408,7503,0,1095,1.177,0.006,0,0,4.094,0.003,4.02,0.997
2019/11/19 21:00,6193,7260,0,1067,1.178,0.005,0,0,4.094,0.001,3.961,0.94
2019/11/19 22:00,5713,6787,0,1074,1.179,0.005,0,0,4.093,0.001,3.78,0.846
2019/11/19 23:00,5459,6412,0,953,1.179,0.005,0,0,4.092,0.001,3.556,0.761
2019/11/20 0:00,5403,6170,0,767,1.179,0.005,0,0,4.09,0,3.418,0.719
2019/11/20 1:00,5550,6099,0,549,1.179,0.005,0,0,4.089,0.001,3.343,0.691
2019/11/20 2:00,5625,5998,0,373,1.178,0.005,0,0,4.088,0,3.336,0.62
2019/11/20 3:00,5795,6184,0,389,1.179,0.005,0,0,4.088,0,3.267,0.608
2019/11/20 4:00,6492,6833,0,341,1.179,0.005,0,0,4.087,0,3.191,0.665
2019/11/20 5:00,7773,8074,0,301,1.18,0.005,0,0,4.086,0,3.062,0.737
2019/11/20 6:00,8755,9074,16,303,1.18,0.005,3.056,22.308,4.086,0,3.086,0.728
2019/11/20 7:00,9092,9364,47,225,1.18,0.005,36.891,187.089,4.084,0,3.644,0.786
2019/11/20 8:00,9095,9369,98,176,1.178,0.005,81.844,350.284,4.066,0,4.586,0.936
2019/11/20 9:00,9249,9495,130,116,1.174,0.006,126.976,466.085,4.011,0,5.506,1.061
2019/11/20 10:00,9269,9538,136,133,1.17,0.006,160.971,526.61,3.928,0,6.316,1.133
2019/11/20 11:00,9072,9398,134,192,1.167,0.006,155.702,527.683,3.827,0,6.779,1.176
2019/11/20 12:00,9064,9408,117,227,1.166,0.006,109.102,469.275,3.735,0.001,6.746,1.174
2019/11/20 13:00,8964,9376,81,331,1.166,0.006,67.133,355.337,3.664,0.001,6.399,1.126
2019/11/20 14:00,8899,9396,44,453,1.166,0.006,30.155,193.622,3.635,0.001,5.855,1.075
2019/11/20 15:00,8838,9611,18,755,1.167,0.006,3.701,26.242,3.631,0.001,5.335,1.065
2019/11/20 16:00,8651,9658,7,1000,1.167,0.006,0,0,3.631,0.002,5.128,1.103
2019/11/20 17:00,8287,9373,4,1082,1.168,0.006,0,0,3.633,0.003,5.044,1.035
2019/11/20 18:00,7780,8766,0,986,1.168,0.006,0,0,3.637,0.005,4.969,0.988
2019/11/20 19:00,7357,8212,0,855,1.168,0.006,0,0,3.649,0.015,4.884,0.944
2019/11/20 20:00,6766,7643,0,877,1.168,0.006,0,0,3.662,0.011,4.804,0.827
2019/11/20 21:00,6567,7370,0,803,1.168,0.006,0,0,3.67,0.006,4.703,0.697
2019/11/20 22:00,6127,6843,0,716,1.168,0.006,0,0,3.676,0.005,4.6,0.615
2019/11/20 23:00,5926,6487,0,561,1.168,0.006,0,0,3.681,0.006,4.55,0.579
2019/11/21 0:00,5708,6199,0,491,1.168,0.006,0,0,3.69,0.01,4.515,0.577
2019/11/21 1:00,5637,6088,0,451,1.168,0.006,0,0,3.699,0.01,4.408,0.613
2019/11/21 2:00,5446,5976,0,530,1.168,0.006,0,0,3.707,0.006,4.254,0.67
2019/11/21 3:00,5614,6218,0,604,1.169,0.005,0,0,3.711,0.004,4.114,0.709
2019/11/21 4:00,6168,6814,0,646,1.169,0.005,0,0,3.714,0.003,3.928,0.704
2019/11/21 5:00,7470,7987,0,517,1.17,0.005,0,0,3.716,0.002,3.702,0.709
2019/11/21 6:00,8594,8966,14,358,1.17,0.005,3.27,20.376,3.716,0.001,3.495,0.71
2019/11/21 7:00,8866,9229,41,322,1.171,0.005,49.188,182.52,3.715,0.001,4.162,0.967
2019/11/21 8:00,8653,9200,97,450,1.169,0.006,124.955,345.548,3.707,0.001,5.135,1.203
2019/11/21 9:00,8455,9299,168,676,1.165,0.006,218.428,461.239,3.682,0.001,6.288,1.48
2019/11/21 10:00,8023,9234,216,995,1.161,0.006,277.434,521.689,3.629,0.001,7.421,1.744
2019/11/21 11:00,7676,9052,220,1156,1.157,0.006,286.113,522.776,3.562,0.002,8.431,1.907
2019/11/21 12:00,7482,9042,195,1365,1.153,0.006,258.207,464.469,3.501,0.002,9.01,1.955
2019/11/21 13:00,7616,8965,150,1199,1.152,0.006,179.557,350.612,3.457,0.002,8.962,1.797
2019/11/21 14:00,7770,9007,88,1149,1.153,0.006,79.293,189.086,3.435,0.002,7.847,1.367
2019/11/21 15:00,7921,9271,35,1315,1.157,0.006,7.254,24.173,3.431,0.002,5.923,1.381
2019/11/21 16:00,8028,9418,10,1380,1.16,0.006,0,0,3.432,0.002,5.042,1.547
2019/11/21 17:00,7561,9179,4,1614,1.162,0.006,0,0,3.433,0.002,4.602,1.588
2019/11/21 18:00,6690,8649,0,1959,1.164,0.006,0,0,3.434,0.001,4.372,1.569
2019/11/21 19:00,6055,8125,0,2070,1.166,0.006,0,0,3.435,0.001,4.245,1.541
2019/11/21 20:00,5561,7599,0,2038,1.167,0.006,0,0,3.435,0.001,4.156,1.52
2019/11/21 21:00,5372,7316,0,1944,1.169,0.006,0,0,3.435,0.001,4.055,1.487
2019/11/21 22:00,5188,6813,0,1625,1.17,0.005,0,0,3.435,0.001,3.949,1.407
2019/11/21 23:00,5255,6473,0,1218,1.171,0.005,0,0,3.435,0.001,3.805,1.359
2019/11/22 0:00,5071,6198,0,1127,1.172,0.005,0,0,3.436,0.001,3.612,1.339
2019/11/22 1:00,4766,6080,0,1314,1.172,0.005,0,0,3.436,0.001,3.435,1.332
2019/11/22 2:00,4606,6048,0,1442,1.173,0.005,0,0,3.437,0.001,3.352,1.376
2019/11/22 3:00,4557,6241,0,1684,1.174,0.005,0,0,3.438,0.001,3.248,1.362
2019/11/22 4:00,5041,6908,0,1867,1.175,0.005,0,0,3.44,0.001,3.109,1.374
2019/11/22 5:00,6178,7926,0,1748,1.175,0.005,0,0,3.441,0.001,3.016,1.407
2019/11/22 6:00,7323,8924,20,1581,1.176,0.005,3.257,18.579,3.443,0.001,2.921,1.383
2019/11/22 7:00,7622,9152,65,1465,1.176,0.005,50.858,178.065,3.444,0.001,3.556,1.482
2019/11/22 8:00,7473,9158,154,1531,1.173,0.005,130.77,340.943,3.439,0.001,4.834,1.649
2019/11/22 9:00,7316,9159,261,1582,1.169,0.006,220.943,456.559,3.423,0.001,6.236,1.852
2019/11/22 10:00,7056,9079,341,1682,1.164,0.006,269.434,516.929,3.395,0.001,7.511,2.045
2019/11/22 11:00,6717,8861,367,1777,1.159,0.006,295.504,518.042,3.358,0.001,8.482,2.219
2019/11/22 12:00,6534,8642,320,1788,1.156,0.006,262.955,459.754,3.317,0.001,8.894,2.319
2019/11/22 13:00,6439,8509,215,1855,1.156,0.006,178.532,346.047,3.287,0.001,8.601,2.259
2019/11/22 14:00,6580,8582,105,1897,1.157,0.006,77.146,184.658,3.273,0.002,7.361,1.937
2019/11/22 15:00,6967,8872,35,1870,1.16,0.006,6.524,22.244,3.27,0.002,5.471,1.738
2019/11/22 16:00,7075,9062,9,1978,1.163,0.006,0,0,3.271,0.002,4.806,1.78
2019/11/22 17:00,6859,8852,4,1989,1.165,0.006,0,0,3.272,0.002,4.621,1.788
2019/11/22 18:00,6351,8244,0,1893,1.167,0.006,0,0,3.275,0.005,4.503,1.788
2019/11/22 19:00,5921,7750,0,1829,1.168,0.006,0,0,3.279,0.005,4.478,1.859
2019/11/22 20:00,5475,7257,0,1782,1.169,0.006,0,0,3.284,0.005,4.37,1.852
2019/11/22 21:00,5207,7091,0,1884,1.169,0.005,0,0,3.287,0.005,4.287,1.958
2019/11/22 22:00,4707,6644,0,1937,1.169,0.005,0,0,3.29,0.005,4.141,2.057
2019/11/22 23:00,4342,6285,0,1943,1.169,0.005,0,0,3.291,0.005,3.983,2.042
2019/11/23 0:00,4151,5996,0,1845,1.17,0.005,0,0,3.292,0.005,3.867,2.048
2019/11/23 1:00,4000,5862,0,1862,1.17,0.005,0,0,3.292,0.004,3.759,2.074
2019/11/23 2:00,3747,5749,0,2002,1.171,0.005,0,0,3.291,0.004,3.645,2.079
2019/11/23 3:00,3751,5758,0,2007,1.172,0.005,0,0,3.288,0.004,3.489,2.067
2019/11/23 4:00,4007,6013,0,2006,1.173,0.005,0,0,3.283,0.005,3.301,2.124
2019/11/23 5:00,4283,6392,0,2109,1.173,0.005,0,0,3.278,0.004,3.185,2.184
2019/11/23 6:00,4871,7018,14,2133,1.173,0.005,2.957,16.908,3.273,0.004,3.034,2.234
2019/11/23 7:00,5363,7430,46,2021,1.172,0.005,51.031,173.751,3.266,0.004,3.518,2.424
2019/11/23 8:00,5585,7644,111,1948,1.169,0.005,134.885,336.471,3.247,0.005,4.773,2.678
2019/11/23 9:00,5561,7721,191,1969,1.164,0.005,220.098,451.961,3.213,0.005,6.19,2.858
2019/11/23 10:00,5435,7775,248,2092,1.159,0.005,265.457,512.308,3.169,0.005,7.365,2.941
2019/11/23 11:00,5055,7533,265,2213,1.155,0.006,265.271,513.412,3.112,0.005,8.175,2.999
2019/11/23 12:00,4810,7394,238,2346,1.152,0.006,227.343,455.164,3.06,0.005,8.532,3.013
2019/11/23 13:00,5025,7350,168,2157,1.151,0.006,156.862,341.578,3.021,0.004,8.334,2.848
2019/11/23 14:00,5240,7412,86,2086,1.153,0.006,65.903,180.366,2.993,0.003,7.45,2.466
2019/11/23 15:00,5671,7708,29,2008,1.155,0.006,4.869,20.447,2.974,0.003,6.236,2.235
2019/11/23 16:00,5997,7918,8,1913,1.157,0.006,0,0,2.956,0.002,5.764,2.261
2019/11/23 17:00,5849,7753,4,1900,1.159,0.006,0,0,2.936,0.002,5.53,2.24
2019/11/23 18:00,5395,7226,0,1831,1.16,0.006,0,0,2.915,0.002,5.288,2.128
2019/11/23 19:00,5038,6829,0,1791,1.162,0.006,0,0,2.893,0.002,5.038,2.031
2019/11/23 20:00,4686,6476,0,1790,1.163,0.005,0,0,2.869,0.002,4.831,1.96
2019/11/23 21:00,4723,6458,0,1735,1.163,0.005,0,0,2.837,0.002,4.797,1.86
2019/11/23 22:00,4274,6065,0,1791,1.163,0.005,0,0,2.801,0.001,4.784,1.761
2019/11/23 23:00,3909,5750,0,1841,1.163,0.005,0,0,2.76,0.001,4.624,1.674
2019/11/24 0:00,3566,5500,0,1934,1.164,0.005,0,0,2.721,0.001,4.405,1.645
2019/11/24 1:00,3380,5406,0,2026,1.165,0.005,0,0,2.689,0.001,4.25,1.66
2019/11/24 2:00,3320,5269,0,1949,1.165,0.005,0,0,2.669,0.001,4.214,1.716
2019/11/24 3:00,3322,5248,0,1926,1.166,0.005,0,0,2.653,0.002,4.067,1.759
2019/11/24 4:00,3466,5416,0,1950,1.167,0.005,0,0,2.644,0.002,3.861,1.768
2019/11/24 5:00,3676,5658,0,1982,1.169,0.005,0,0,2.635,0.002,3.691,1.746
2019/11/24 6:00,4199,6150,18,1933,1.169,0.005,2.465,15.365,2.625,0.001,3.638,1.753
2019/11/24 7:00,4606,6481,56,1819,1.169,0.005,47.787,169.535,2.614,0.001,4.304,1.821
2019/11/24 8:00,4940,6730,139,1651,1.166,0.006,129.681,332.106,2.593,0.001,5.813,1.898
2019/11/24 9:00,5133,6959,236,1590,1.161,0.006,207.637,447.482,2.56,0.001,7.312,2.056
2019/11/24 10:00,5146,7127,311,1670,1.156,0.006,267.595,507.783,2.514,0.001,8.697,2.088
2019/11/24 11:00,4952,6912,338,1622,1.151,0.006,280.514,508.868,2.463,0.001,9.712,2.072
2019/11/24 12:00,4778,6679,300,1601,1.149,0.006,251.423,450.718,2.415,0.001,10.209,2.057
2019/11/24 13:00,4796,6567,206,1565,1.148,0.006,176.668,337.226,2.379,0.001,9.956,1.876
2019/11/24 14:00,4916,6603,104,1583,1.151,0.006,76.095,176.181,2.359,0.001,8.592,1.425
2019/11/24 15:00,5334,7024,34,1656,1.155,0.006,5.154,18.779,2.354,0.001,6.358,1.202
2019/11/24 16:00,5614,7324,9,1701,1.159,0.006,0,0,2.354,0.001,5.483,1.333
2019/11/24 17:00,5659,7376,4,1713,1.162,0.006,0,0,2.353,0.001,5.034,1.36
2019/11/24 18:00,5482,7068,0,1586,1.165,0.006,0,0,2.352,0,4.748,1.361
2019/11/24 19:00,5271,6758,0,1487,1.167,0.006,0,0,2.35,0,4.558,1.37
2019/11/24 20:00,5048,6439,0,1391,1.169,0.006,0,0,2.349,0,4.431,1.371
2019/11/24 21:00,5203,6510,0,1307,1.169,0.006,0,0,2.348,0,4.215,1.209
2019/11/24 22:00,4845,6101,0,1256,1.17,0.005,0,0,2.348,0,4.104,1.193
2019/11/24 23:00,4663,5856,0,1193,1.171,0.005,0,0,2.347,0,3.996,1.194
2019/11/25 0:00,4569,5684,0,1115,1.171,0.005,0,0,2.347,0,3.895,1.187
2019/11/25 1:00,4607,5654,0,1047,1.172,0.005,0,0,2.348,0,3.75,1.223
2019/11/25 2:00,4706,5598,0,892,1.172,0.005,0,0,2.348,0,3.633,1.241
2019/11/25 3:00,4998,5844,0,846,1.173,0.005,0,0,2.348,0,3.443,1.243
2019/11/25 4:00,5773,6577,0,804,1.175,0.005,0,0,2.348,0,3.294,1.297
2019/11/25 5:00,7065,7851,0,786,1.176,0.005,0,0,2.348,0,3.047,1.309
2019/11/25 6:00,8212,8888,14,662,1.177,0.005,2.137,13.947,2.348,0,2.878,1.286
2019/11/25 7:00,8586,9195,46,563,1.177,0.005,41.134,165.444,2.348,0,3.316,1.311
2019/11/25 8:00,8659,9231,110,462,1.174,0.005,118.105,327.879,2.343,0,4.511,1.335
2019/11/25 9:00,8710,9312,181,421,1.17,0.005,207.442,443.145,2.325,0,5.858,1.28
2019/11/25 10:00,8742,9320,228,350,1.165,0.005,254.58,503.372,2.284,0,7.076,1.247
2019/11/25 11:00,8601,9137,238,298,1.161,0.005,264.822,504.48,2.231,0,7.93,1.283
2019/11/25 12:00,8736,9175,208,231,1.159,0.006,240.137,446.38,2.177,0,8.354,1.354
2019/11/25 13:00,8778,9146,146,222,1.158,0.006,168.237,333.04,2.135,0,8.1,1.417
2019/11/25 14:00,8928,9180,75,177,1.161,0.006,74.233,172.11,2.114,0,6.786,1.384
2019/11/25 15:00,9173,9415,26,216,1.166,0.005,5.543,17.233,2.111,0,4.644,1.32
2019/11/25 16:00,9237,9434,8,189,1.17,0.005,0,0,2.111,0,3.902,1.355
2019/11/25 17:00,9010,9197,4,183,1.173,0.005,0,0,2.111,0,3.593,1.328
2019/11/25 18:00,8398,8643,0,245,1.174,0.005,0,0,2.111,0,3.449,1.309
2019/11/25 19:00,7765,8048,0,283,1.175,0.005,0,0,2.111,0,3.267,1.211
2019/11/25 20:00,7078,7422,0,344,1.176,0.005,0,0,2.111,0,3.123,1.194
2019/11/25 21:00,6797,7185,0,388,1.177,0.005,0,0,2.111,0,3.098,1.128
2019/11/25 22:00,6279,6656,0,377,1.176,0.005,0,0,2.111,0,3.104,1.051
2019/11/25 23:00,5864,6305,0,441,1.176,0.005,0,0,2.112,0,3.07,0.97
2019/11/26 0:00,5569,6086,0,517,1.176,0.005,0,0,2.112,0,3.026,0.908
2019/11/26 1:00,5491,5958,0,467,1.176,0.005,0,0,2.113,0,2.937,0.819
2019/11/26 2:00,5656,5891,0,235,1.176,0.005,0,0,2.113,0,2.834,0.769
2019/11/26 3:00,5953,6086,0,133,1.176,0.005,0,0,2.114,0.001,2.686,0.706
2019/11/26 4:00,6726,6844,0,118,1.176,0.005,0,0,2.115,0.001,2.577,0.662
2019/11/26 5:00,7922,8015,0,93,1.177,0.005,0,0,2.116,0.001,2.566,0.67
2019/11/26 6:00,8952,9058,13,93,1.177,0.005,2.093,12.639,2.118,0.002,2.584,0.681
2019/11/26 7:00,9137,9306,41,128,1.177,0.005,35.897,161.476,2.119,0.001,3.289,0.809
2019/11/26 8:00,9043,9267,99,125,1.175,0.005,90.792,323.761,2.117,0.001,4.268,1.008
2019/11/26 9:00,9019,9358,164,175,1.172,0.005,149.899,438.914,2.11,0,5.31,1.037
2019/11/26 10:00,8940,9410,216,254,1.168,0.005,194.897,499.095,2.094,0,6.355,1.079
2019/11/26 11:00,8694,9220,239,287,1.164,0.005,220.72,500.227,2.067,0,7.216,1.054
2019/11/26 12:00,8675,9211,221,315,1.161,0.005,196.812,442.172,2.033,0,7.591,0.976
2019/11/26 13:00,8621,9160,162,377,1.16,0.005,134.725,328.939,2.001,0,7.439,0.9
2019/11/26 14:00,8646,9197,86,465,1.162,0.006,57.405,168.18,1.985,0,6.366,0.632
2019/11/26 15:00,8928,9413,28,457,1.164,0.005,3.88,15.803,1.981,0,4.605,0.682
2019/11/26 16:00,8985,9541,8,548,1.166,0.005,0,0,1.98,0,3.7,0.792
2019/11/26 17:00,8691,9285,4,590,1.168,0.005,0,0,1.98,0,3.148,0.844
2019/11/26 18:00,8050,8727,0,677,1.169,0.005,0,0,1.979,0,2.748,0.899
2019/11/26 19:00,7476,8228,0,752,1.17,0.005,0,0,1.979,0,2.476,0.963
2019/11/26 20:00,6806,7659,0,853,1.171,0.005,0,0,1.979,0,2.343,1.021
2019/11/26 21:00,6263,7357,0,1094,1.172,0.005,0,0,1.979,0,2.294,1.132
2019/11/26 22:00,5670,6815,0,1145,1.172,0.005,0,0,1.979,0,2.217,1.199
2019/11/26 23:00,5385,6488,0,1103,1.172,0.005,0,0,1.979,0,2.258,1.273
2019/11/27 0:00,4964,6252,0,1288,1.172,0.005,0,0,1.978,0.001,2.427,1.428
2019/11/27 1:00,4874,6114,0,1240,1.172,0.005,0,0,1.977,0.001,2.465,1.508
2019/11/27 2:00,4609,6001,0,1392,1.171,0.005,0,0,1.976,0.001,2.566,1.601
2019/11/27 3:00,4691,6218,0,1527,1.17,0.005,0,0,1.975,0.001,2.608,1.745
2019/11/27 4:00,5241,6964,0,1723,1.17,0.005,0,0,1.974,0.001,2.615,1.91
2019/11/27 5:00,6142,8158,0,2016,1.169,0.005,0,0,1.973,0.001,2.66,1.987
2019/11/27 6:00,6978,9207,14,2215,1.168,0.005,1.258,11.432,1.974,0.002,2.793,2.109
2019/11/27 7:00,7236,9436,42,2158,1.167,0.005,24.72,157.639,1.979,0.007,3.132,2.315
2019/11/27 8:00,7155,9485,93,2237,1.165,0.005,61.89,319.779,1.992,0.016,3.768,2.468
2019/11/27 9:00,7194,9606,156,2256,1.162,0.005,89.326,434.834,2.007,0.016,4.523,2.47
2019/11/27 10:00,7222,9668,200,2246,1.159,0.005,109.667,494.971,2.017,0.013,5.299,2.487
2019/11/27 11:00,7223,9499,195,2081,1.155,0.006,114.421,496.098,2.025,0.01,6.043,2.54
2019/11/27 12:00,7941,9478,145,1392,1.152,0.006,106.85,438.103,2.027,0.005,6.562,2.281
2019/11/27 13:00,8445,9370,88,837,1.151,0.006,68.954,324.951,2.026,0.003,6.598,1.636
2019/11/27 14:00,8806,9321,42,473,1.151,0.006,26.564,164.359,2.023,0.002,5.821,0.987
2019/11/27 15:00,9344,9595,15,236,1.152,0.006,2.335,14.484,2.024,0.001,4.938,0.871
2019/11/27 16:00,9479,9667,7,181,1.152,0.006,0,0,2.025,0.001,4.649,0.914
2019/11/27 17:00,9301,9386,4,81,1.152,0.006,0,0,2.026,0.001,4.547,0.911
2019/11/27 18:00,8782,8799,0,17,1.152,0.006,0,0,2.028,0.002,4.395,0.87
2019/11/27 19:00,8307,8318,0,11,1.152,0.005,0,0,2.03,0.002,4.216,0.823
2019/11/27 20:00,7647,7678,0,31,1.152,0.005,0,0,2.032,0.001,4.066,0.823
2019/11/27 21:00,7371,7428,0,57,1.152,0.005,0,0,2.033,0.001,3.917,0.836
2019/11/27 22:00,6781,6891,0,110,1.153,0.005,0,0,2.034,0.001,3.78,0.844
2019/11/27 23:00,6385,6496,0,111,1.153,0.005,0,0,2.035,0.001,3.719,0.855
2019/11/28 0:00,6137,6218,0,81,1.153,0.005,0,0,2.037,0.001,3.609,0.875
2019/11/28 1:00,5961,6087,0,126,1.153,0.005,0,0,2.038,0.001,3.537,0.908
2019/11/28 2:00,5820,6038,0,218,1.153,0.005,0,0,2.04,0.001,3.55,0.932
2019/11/28 3:00,6014,6229,0,215,1.152,0.005,0,0,2.042,0.001,3.73,0.909
2019/11/28 4:00,6725,6914,0,189,1.151,0.005,0,0,2.044,0.002,3.963,0.898
2019/11/28 5:00,7972,8167,0,195,1.151,0.005,0,0,2.047,0.003,4.207,0.913
2019/11/28 6:00,8931,9168,12,225,1.15,0.005,1.432,10.333,2.05,0.003,4.278,0.928
2019/11/28 7:00,9089,9347,37,221,1.15,0.005,30.324,153.92,2.053,0.003,4.897,0.868
2019/11/28 8:00,9029,9313,87,197,1.149,0.006,77.712,315.929,2.054,0.003,6.16,0.774
2019/11/28 9:00,9188,9425,143,94,1.148,0.006,115.415,430.874,2.052,0.002,7.249,0.886
2019/11/28 10:00,9253,9485,178,54,1.147,0.006,139.229,490.984,2.044,0.002,7.932,1.017
2019/11/28 11:00,9018,9279,190,71,1.145,0.006,141.266,492.104,2.03,0.002,8.282,1.113
2019/11/28 12:00,8909,9229,175,145,1.145,0.006,121.354,434.168,2.021,0.003,8.209,1.088
2019/11/28 13:00,8829,9182,131,222,1.145,0.006,85.619,321.14,2.017,0.006,7.705,0.917
2019/11/28 14:00,8868,9187,72,247,1.147,0.006,35.664,160.673,2.024,0.011,6.611,0.862
2019/11/28 15:00,9095,9468,22,351,1.149,0.006,2.256,13.273,2.035,0.011,5.474,1.006
2019/11/28 16:00,9066,9582,7,509,1.151,0.006,0,0,2.043,0.009,4.956,1.161
2019/11/28 17:00,8708,9271,4,559,1.152,0.005,0,0,2.05,0.007,4.589,1.267
2019/11/28 18:00,8147,8698,0,551,1.153,0.005,0,0,2.054,0.005,4.378,1.387
2019/11/28 19:00,7487,8215,0,728,1.154,0.005,0,0,2.058,0.006,4.126,1.462
2019/11/28 20:00,6724,7708,0,984,1.154,0.005,0,0,2.063,0.006,4.081,1.536
2019/11/28 21:00,6298,7482,0,1184,1.155,0.005,0,0,2.069,0.008,4.038,1.585
2019/11/28 22:00,6107,6959,0,852,1.155,0.005,0,0,2.076,0.008,3.819,1.584
2019/11/28 23:00,5804,6513,0,709,1.156,0.005,0,0,2.083,0.008,3.797,1.638
2019/11/29 0:00,5412,6268,0,856,1.156,0.005,0,0,2.092,0.009,3.865,1.702
2019/11/29 1:00,5067,6139,0,1072,1.156,0.005,0,0,2.102,0.012,3.759,1.708
2019/11/29 2:00,4922,6017,0,1095,1.157,0.005,0,0,2.113,0.013,3.564,1.752
2019/11/29 3:00,5245,6167,0,922,1.157,0.005,0,0,2.122,0.01,3.401,1.773
2019/11/29 4:00,5879,6869,0,990,1.158,0.005,0,0,2.129,0.009,3.331,1.767
2019/11/29 5:00,7003,8040,0,1037,1.158,0.005,0,0,2.136,0.009,3.369,1.76
2019/11/29 6:00,7881,9028,13,1134,1.158,0.005,2.226,9.335,2.145,0.013,3.465,1.762
2019/11/29 7:00,7890,9251,46,1315,1.158,0.005,37.333,150.338,2.156,0.015,4.41,1.749
2019/11/29 8:00,7744,9308,107,1457,1.157,0.005,83.104,312.209,2.169,0.015,5.696,1.847
2019/11/29 9:00,7808,9254,172,1274,1.156,0.006,114.477,427.087,2.179,0.015,6.48,1.994
2019/11/29 10:00,7896,9206,223,1087,1.155,0.006,138.63,487.12,2.188,0.017,7.022,2.123
2019/11/29 11:00,7609,9013,247,1157,1.154,0.006,159.906,488.26,2.198,0.021,7.468,2.289
2019/11/29 12:00,7346,8849,216,1287,1.153,0.006,149.145,430.371,2.214,0.029,7.643,2.337
2019/11/29 13:00,7344,8695,146,1205,1.154,0.006,103.207,317.449,2.236,0.029,7.345,2.123
2019/11/29 14:00,7671,8713,76,966,1.156,0.006,40.759,157.137,2.259,0.029,6.34,1.783
2019/11/29 15:00,7772,9029,23,1234,1.159,0.005,1.819,12.161,2.284,0.032,5.164,1.641
2019/11/29 16:00,7718,9216,7,1491,1.162,0.005,0,0,2.316,0.042,4.578,1.624
2019/11/29 17:00,7359,8977,4,1614,1.165,0.005,0,0,2.361,0.056,4.043,1.525
2019/11/29 18:00,6651,8503,0,1852,1.169,0.005,0,0,2.442,0.104,3.573,1.554
2019/11/29 19:00,5819,8000,0,2181,1.173,0.005,0,0,2.532,0.088,2.929,1.653
2019/11/29 20:00,5215,7486,0,2271,1.178,0.004,0,0,2.603,0.067,2.205,1.763
2019/11/29 21:00,5487,7323,0,1836,1.183,0.004,0,0,2.659,0.057,1.51,1.835
2019/11/29 22:00,4894,6905,0,2011,1.186,0.004,0,0,2.704,0.05,1.003,1.976
2019/11/29 23:00,4472,6636,0,2164,1.19,0.004,0,0,2.744,0.047,0.548,2.039
2019/11/30 0:00,4228,6359,0,2131,1.192,0.004,0,0,2.78,0.042,0.099,2.008
2019/11/30 1:00,4241,6209,0,1968,1.195,0.004,0,0,2.809,0.04,-0.343,1.895
2019/11/30 2:00,4061,6039,0,1978,1.197,0.004,0,0,2.835,0.037,-0.592,1.973
2019/11/30 3:00,3930,6116,0,2186,1.199,0.004,0,0,2.858,0.034,-0.873,1.914
2019/11/30 4:00,4395,6456,0,2061,1.2,0.003,0,0,2.877,0.028,-1.177,1.748
2019/11/30 5:00,4890,6883,0,1993,1.202,0.003,0,0,2.892,0.027,-1.459,1.652
2019/11/30 6:00,5694,7534,14,1826,1.203,0.003,2.552,8.415,2.906,0.025,-1.607,1.588
2019/11/30 7:00,6201,7919,53,1665,1.203,0.003,64.216,146.906,2.918,0.021,-0.745,1.699
2019/11/30 8:00,6482,8118,136,1500,1.202,0.004,160.736,308.626,2.929,0.021,0.737,1.941
2019/11/30 9:00,6703,8162,225,1234,1.199,0.004,253.148,423.388,2.928,0.013,1.934,2.174
2019/11/30 10:00,6817,8164,274,1073,1.195,0.004,303.232,483.41,2.913,0.008,2.863,2.242
2019/11/30 11:00,6809,7991,273,909,1.193,0.003,299.385,484.534,2.893,0.007,3.449,2.19
2019/11/30 12:00,6940,7811,224,647,1.191,0.003,251.864,426.735,2.869,0.003,3.626,2.044
2019/11/30 13:00,7079,7773,146,548,1.191,0.003,171.084,313.893,2.851,0.004,3.362,1.646
2019/11/30 14:00,7433,7918,73,412,1.192,0.004,71.494,153.715,2.845,0.003,1.996,0.832
2019/11/30 15:00,7931,8318,22,365,1.195,0.003,4.097,11.144,2.845,0.002,-0.157,0.872
2019/11/30 16:00,8293,8636,7,336,1.197,0.003,0,0,2.847,0.004,-0.955,0.892
2019/11/30 17:00,8218,8470,4,248,1.2,0.003,0,0,2.849,0.001,-1.569,0.871
2019/11/30 18:00,7793,7991,0,198,1.202,0.003,0,0,2.849,0,-2.095,0.852
2019/11/30 19:00,7557,7703,0,146,1.203,0.003,0,0,2.85,0,-2.495,0.829
2019/11/30 20:00,7250,7338,0,88,1.205,0.003,0,0,2.85,0,-2.745,0.822
2019/11/30 21:00,7287,7314,0,27,1.206,0.003,0,0,2.851,0.001,-2.919,0.804
2019/11/30 22:00,6871,6879,0,8,1.207,0.003,0,0,2.852,0.001,-3.069,0.777
2019/11/30 23:00,6616,6620,0,4,1.207,0.003,0,0,2.853,0.001,-3.08,0.717
2019/12/1 0:00,6360,6364,0,4,1.208,0.003,0,0,2.854,0.001,-2.94,0.64
2019/12/1 1:00,6264,6271,0,7,1.208,0.003,0,0,2.855,0.001,-2.759,0.574
2019/12/1 2:00,6072,6094,0,22,1.208,0.003,0,0,2.856,0.002,-2.809,0.682
2019/12/1 3:00,6046,6097,0,51,1.209,0.003,0,0,2.858,0.002,-3.126,0.798
2019/12/1 4:00,6112,6255,0,143,1.21,0.003,0,0,2.86,0.003,-3.325,0.834
2019/12/1 5:00,6125,6436,0,311,1.21,0.003,0,0,2.862,0.004,-3.268,0.926
2019/12/1 6:00,6488,6949,8,453,1.211,0.003,2.242,7.587,2.865,0.004,-2.993,1.072
2019/12/1 7:00,6435,7219,31,753,1.21,0.003,54.758,143.588,2.867,0.004,-1.747,1.649
2019/12/1 8:00,6273,7455,84,1098,1.207,0.003,121.046,305.173,2.868,0.004,-0.396,2.008
2019/12/1 9:00,6144,7545,142,1259,1.201,0.003,165.977,419.882,2.867,0.004,0.862,2.308
2019/12/1 10:00,5930,7635,181,1524,1.196,0.003,229.926,479.817,2.861,0.006,1.991,2.659
2019/12/1 11:00,5472,7458,190,1796,1.191,0.004,221.488,480.98,2.852,0.006,2.639,2.76
2019/12/1 12:00,5073,7259,162,2024,1.189,0.004,163.965,423.224,2.84,0.005,2.656,2.608
2019/12/1 13:00,5001,7185,108,2076,1.189,0.004,94.342,310.46,2.831,0.005,2.159,2.262
2019/12/1 14:00,5032,7220,52,2136,1.19,0.004,28.869,150.427,2.829,0.006,1.31,1.949
2019/12/1 15:00,5375,7568,16,2177,1.192,0.004,1.327,10.219,2.835,0.008,0.521,1.874
2019/12/1 16:00,5693,7812,5,2114,1.194,0.004,0,0,2.844,0.012,0.206,1.911
2019/12/1 17:00,5692,7810,4,2114,1.195,0.004,0,0,2.857,0.019,0.002,1.896
2019/12/1 18:00,5280,7508,0,2228,1.195,0.004,0,0,2.889,0.05,-0.123,1.873
2019/12/1 19:00,4959,7194,0,2235,1.195,0.004,0,0,2.924,0.049,-0.14,1.826
2019/12/1 20:00,4730,6817,0,2087,1.195,0.004,0,0,2.968,0.061,-0.121,1.721
2019/12/1 21:00,4884,6855,0,1971,1.195,0.004,0,0,3.044,0.107,-0.135,1.56
2019/12/1 22:00,4746,6468,0,1722,1.195,0.004,0,0,3.154,0.137,-0.136,1.454
2019/12/1 23:00,4634,6264,0,1630,1.195,0.004,0,0,3.304,0.17,-0.211,1.253
2019/12/2 0:00,4830,6047,0,1217,1.196,0.004,0,0,3.483,0.198,-0.378,1.157
2019/12/2 1:00,5128,5958,0,830,1.196,0.004,0,0,3.7,0.234,-0.489,1.049
2019/12/2 2:00,5343,5906,0,563,1.196,0.004,0,0,3.954,0.275,-0.535,0.899
2019/12/2 3:00,5856,6146,0,290,1.196,0.004,0,0,4.294,0.385,-0.592,0.784
2019/12/2 4:00,6843,6991,0,148,1.197,0.004,0,0,4.728,0.47,-0.631,0.708
2019/12/2 5:00,8160,8256,0,96,1.198,0.004,0,0,5.207,0.476,-0.769,0.539
2019/12/2 6:00,9319,9380,8,53,1.2,0.004,0.356,6.84,5.667,0.438,-0.916,0.733
2019/12/2 7:00,9770,9847,12,65,1.202,0.004,18.106,140.426,6.018,0.281,-0.854,1.2
2019/12/2 8:00,9750,9955,29,176,1.203,0.004,65.139,301.895,6.217,0.154,-0.403,1.609
2019/12/2 9:00,9442,10085,52,591,1.201,0.004,133.868,416.512,6.286,0.07,0.279,1.944
2019/12/2 10:00,8718,10182,72,1392,1.199,0.004,187.74,476.427,6.252,0.033,0.969,2.362
2019/12/2 11:00,8331,10060,91,1638,1.197,0.004,218.27,477.547,6.166,0.02,1.466,2.625
2019/12/2 12:00,8073,10021,106,1842,1.196,0.004,204.06,419.857,6.075,0.014,1.666,2.643
2019/12/2 13:00,7930,9931,87,1914,1.197,0.003,151.453,307.178,6.014,0.012,1.425,2.411
2019/12/2 14:00,7911,9959,47,2001,1.199,0.003,58.31,147.292,5.993,0.01,0.405,1.85
2019/12/2 15:00,8310,10269,15,1944,1.202,0.003,2.425,9.376,5.997,0.01,-1.214,1.555
2019/12/2 16:00,8387,10403,5,2011,1.205,0.003,0,0,6.004,0.007,-2.121,1.493
2019/12/2 17:00,8186,10216,4,2026,1.208,0.003,0,0,6.009,0.004,-2.646,1.539
2019/12/2 18:00,7410,9623,0,2213,1.21,0.003,0,0,6.013,0.003,-2.985,1.659
2019/12/2 19:00,6831,9049,0,2218,1.212,0.003,0,0,6.016,0.002,-3.159,1.77
2019/12/2 20:00,6336,8488,0,2152,1.214,0.003,0,0,6.018,0.002,-3.327,1.807
2019/12/2 21:00,6212,8264,0,2052,1.215,0.003,0,0,6.02,0.001,-3.412,1.816
2019/12/2 22:00,5757,7711,0,1954,1.216,0.003,0,0,6.022,0.001,-3.574,1.692
2019/12/2 23:00,5448,7345,0,1897,1.217,0.003,0,0,6.025,0.002,-3.697,1.657
2019/12/3 0:00,5053,7127,0,2074,1.217,0.003,0,0,6.028,0.004,-3.76,1.704
2019/12/3 1:00,4916,7039,0,2123,1.217,0.003,0,0,6.034,0.006,-3.783,1.804
2019/12/3 2:00,4885,6938,0,2053,1.217,0.003,0,0,6.043,0.01,-3.507,2.092
2019/12/3 3:00,5234,7086,0,1852,1.217,0.003,0,0,6.053,0.01,-3.358,2.063
2019/12/3 4:00,6026,7794,0,1768,1.216,0.003,0,0,6.062,0.008,-3.327,1.926
2019/12/3 5:00,7241,9089,0,1848,1.216,0.003,0,0,6.069,0.006,-3.248,1.774
2019/12/3 6:00,8467,10144,8,1669,1.217,0.003,1.682,6.154,6.076,0.006,-3.332,1.604
2019/12/3 7:00,9125,10406,20,1261,1.217,0.003,57.265,137.398,6.082,0.005,-2.432,1.72
2019/12/3 8:00,9176,10334,53,1105,1.214,0.003,156.072,298.726,6.073,0.004,-0.717,1.854
2019/12/3 9:00,9146,10311,94,1071,1.21,0.003,246.287,413.265,6.016,0.002,0.658,1.99
2019/12/3 10:00,9034,10195,125,1036,1.206,0.003,305.172,473.143,5.904,0.002,1.543,2.077
2019/12/3 11:00,8824,9979,133,1022,1.204,0.003,307.499,474.288,5.77,0.002,1.987,2.025
2019/12/3 12:00,8849,9900,120,931,1.203,0.003,263.558,416.637,5.652,0.002,2.063,1.886
2019/12/3 13:00,9175,9907,82,650,1.203,0.003,176.976,304.061,5.578,0.001,1.664,1.4
2019/12/3 14:00,9555,10008,39,414,1.204,0.003,72.201,144.283,5.556,0,-0.027,0.743
2019/12/3 15:00,10074,10393,14,305,1.206,0.003,3.356,8.612,5.557,0,-2.07,0.867
2019/12/3 16:00,10440,10613,5,168,1.208,0.003,0,0,5.557,0,-2.579,0.89
2019/12/3 17:00,10309,10415,4,102,1.21,0.003,0,0,5.558,0,-2.771,0.857
2019/12/3 18:00,9773,9818,0,45,1.211,0.003,0,0,5.56,0.002,-3.059,0.802
2019/12/3 19:00,9200,9223,0,23,1.212,0.003,0,0,5.562,0.001,-3.154,0.754
2019/12/3 20:00,8611,8624,0,13,1.213,0.003,0,0,5.564,0.001,-3.249,0.732
2019/12/3 21:00,8320,8332,0,12,1.214,0.003,0,0,5.565,0.001,-3.269,0.699
2019/12/3 22:00,7786,7795,0,9,1.214,0.003,0,0,5.566,0,-3.34,0.664
2019/12/3 23:00,7475,7485,0,10,1.214,0.003,0,0,5.567,0,-3.444,0.677
2019/12/4 0:00,7185,7223,0,38,1.214,0.003,0,0,5.567,0,-3.643,0.684
2019/12/4 1:00,7018,7119,0,101,1.214,0.003,0,0,5.568,0,-3.818,0.734
2019/12/4 2:00,6894,7027,0,133,1.214,0.003,0,0,5.568,0,-3.976,0.787
2019/12/4 3:00,6973,7176,0,203,1.214,0.003,0,0,5.569,0,-4.105,0.829
2019/12/4 4:00,7579,7860,0,281,1.214,0.002,0,0,5.569,0,-4.231,0.86
2019/12/4 5:00,8614,9064,0,450,1.215,0.002,0,0,5.57,0,-4.315,0.892
2019/12/4 6:00,9561,10077,9,507,1.216,0.002,1.858,5.554,5.571,0,-4.364,0.968
2019/12/4 7:00,9699,10234,31,504,1.216,0.003,74.094,134.504,5.571,0,-3.148,1.253
2019/12/4 8:00,9417,10052,89,546,1.213,0.003,195.416,295.717,5.564,0,-0.96,1.629
2019/12/4 9:00,9025,9830,166,639,1.207,0.003,289.574,410.183,5.512,0,0.844,1.891
2019/12/4 10:00,8629,9628,230,769,1.202,0.003,340.415,470.027,5.38,0,2.042,2.092
2019/12/4 11:00,8198,9351,248,905,1.198,0.003,341.409,471.175,5.202,0,2.698,2.208
2019/12/4 12:00,7899,9335,218,1218,1.196,0.003,292.382,413.552,5.033,0,2.822,2.237
2019/12/4 13:00,7731,9411,144,1536,1.196,0.003,199.761,301.071,4.923,0,2.222,2.01
2019/12/4 14:00,7718,9574,64,1792,1.2,0.003,79.556,141.426,4.884,0,0.317,1.574
2019/12/4 15:00,8092,10107,17,1998,1.205,0.003,2.943,7.925,4.88,0,-1.999,1.677
2019/12/4 16:00,8431,10264,5,1828,1.21,0.003,0,0,4.878,0,-2.679,1.888
2019/12/4 17:00,8134,10050,4,1912,1.214,0.003,0,0,4.877,0.001,-3.056,1.973
2019/12/4 18:00,7378,9460,0,2082,1.216,0.003,0,0,4.878,0.003,-3.29,2.047
2019/12/4 19:00,6678,8902,0,2224,1.217,0.003,0,0,4.882,0.004,-3.424,2.141
2019/12/4 20:00,5887,8318,0,2431,1.218,0.003,0,0,4.887,0.006,-3.527,2.195
2019/12/4 21:00,5609,8089,0,2480,1.218,0.003,0,0,4.892,0.004,-3.631,2.143
2019/12/4 22:00,5098,7580,0,2482,1.218,0.003,0,0,4.895,0.002,-3.757,2.091
2019/12/4 23:00,4687,7254,0,2567,1.218,0.003,0,0,4.896,0.001,-3.918,2.107
2019/12/5 0:00,4428,7001,0,2573,1.218,0.003,0,0,4.896,0.001,-4.026,2.115
2019/12/5 1:00,4349,6878,0,2529,1.218,0.003,0,0,4.897,0.001,-4.084,2.104
2019/12/5 2:00,4226,6824,0,2598,1.218,0.003,0,0,4.897,0.001,-4.101,2.097
2019/12/5 3:00,4341,6984,0,2643,1.218,0.002,0,0,4.898,0.001,-4.078,2.162
2019/12/5 4:00,5041,7658,0,2617,1.218,0.002,0,0,4.9,0.001,-4.076,2.226
2019/12/5 5:00,6308,8820,0,2512,1.218,0.002,0,0,4.901,0.002,-4.09,2.203
2019/12/5 6:00,7451,9889,9,2429,1.219,0.002,1.583,5.001,4.905,0.003,-4.121,2.098
2019/12/5 7:00,7862,10180,32,2286,1.218,0.002,68.941,131.768,4.907,0.002,-3.406,2.159
2019/12/5 8:00,7798,10146,86,2262,1.215,0.003,186.742,292.854,4.903,0.001,-1.646,2.23
2019/12/5 9:00,7638,10016,166,2212,1.21,0.003,282.77,407.227,4.859,0.001,0.111,2.198
2019/12/5 10:00,7576,9935,232,2127,1.205,0.003,335.21,467.068,4.761,0,1.345,2.12
2019/12/5 11:00,7460,9757,252,2045,1.201,0.003,337.01,468.233,4.633,0,2.097,2.049
2019/12/5 12:00,7692,9701,220,1789,1.199,0.003,288.92,410.652,4.5,0,2.299,1.95
2019/12/5 13:00,7848,9704,142,1714,1.199,0.004,196.645,298.268,4.411,0,1.806,1.747
2019/12/5 14:00,7989,9809,59,1761,1.201,0.003,77.694,138.703,4.384,0.001,0.178,1.429
2019/12/5 15:00,8486,10143,15,1642,1.205,0.003,2.868,7.303,4.384,0.001,-1.737,1.449
2019/12/5 16:00,8686,10171,4,1481,1.208,0.003,0,0,4.385,0.001,-2.363,1.522
2019/12/5 17:00,8459,9882,4,1419,1.211,0.003,0,0,4.387,0.002,-2.713,1.478
2019/12/5 18:00,7963,9298,0,1335,1.212,0.003,0,0,4.389,0.003,-2.897,1.456
2019/12/5 19:00,7652,8795,0,1143,1.212,0.003,0,0,4.393,0.003,-3.056,1.412
2019/12/5 20:00,7331,8230,0,899,1.213,0.003,0,0,4.397,0.003,-3.205,1.352
2019/12/5 21:00,7154,8016,0,862,1.212,0.003,0,0,4.4,0.002,-3.264,1.301
2019/12/5 22:00,6605,7501,0,896,1.21,0.003,0,0,4.403,0.002,-3.259,1.273
2019/12/5 23:00,6367,7126,0,759,1.209,0.003,0,0,4.405,0.002,-3.077,1.238
2019/12/6 0:00,6175,6869,0,694,1.208,0.003,0,0,4.407,0.002,-2.89,1.209
2019/12/6 1:00,6097,6765,0,668,1.208,0.003,0,0,4.41,0.002,-2.769,1.186
2019/12/6 2:00,6030,6660,0,630,1.207,0.003,0,0,4.413,0.003,-2.741,1.151
2019/12/6 3:00,6288,6818,0,530,1.208,0.003,0,0,4.416,0.003,-2.783,1.2
2019/12/6 4:00,7015,7511,0,496,1.208,0.003,0,0,4.42,0.004,-2.823,1.317
2019/12/6 5:00,8209,8657,0,448,1.208,0.003,0,0,4.424,0.004,-2.859,1.358
2019/12/6 6:00,9335,9760,8,417,1.207,0.003,1.02,4.52,4.427,0.003,-2.859,1.333
2019/12/6 7:00,9725,10092,26,341,1.206,0.003,48.988,129.177,4.43,0.003,-2.288,1.342
2019/12/6 8:00,9597,10086,84,405,1.204,0.003,143.995,290.139,4.429,0.002,-0.781,1.273
2019/12/6 9:00,9514,10073,173,386,1.2,0.003,228.888,404.47,4.394,0.001,0.881,1.213
2019/12/6 10:00,9252,9908,251,405,1.196,0.004,278.967,464.239,4.307,0.001,2.201,1.221
2019/12/6 11:00,8888,9636,278,470,1.192,0.004,282.531,465.412,4.195,0.001,2.866,1.238
2019/12/6 12:00,8714,9441,246,481,1.19,0.004,240.317,407.879,4.089,0.001,2.968,1.227
2019/12/6 13:00,8668,9344,160,516,1.189,0.004,159.916,295.555,4.025,0.001,2.194,1.123
2019/12/6 14:00,8727,9392,67,598,1.19,0.004,62.116,136.125,4.01,0.001,0.459,1.184
2019/12/6 15:00,9150,9797,16,631,1.192,0.003,2.509,6.75,4.012,0.003,-1.01,1.395
2019/12/6 16:00,9347,9962,4,611,1.192,0.003,0,0,4.017,0.006,-1.193,1.501
2019/12/6 17:00,9005,9674,4,665,1.192,0.003,0,0,4.024,0.007,-1.252,1.479
2019/12/6 18:00,8436,9050,0,614,1.192,0.003,0,0,4.032,0.009,-1.272,1.442
2019/12/6 19:00,7927,8519,0,592,1.192,0.003,0,0,4.041,0.009,-1.368,1.421
2019/12/6 20:00,7394,7991,0,597,1.191,0.003,0,0,4.05,0.008,-1.527,1.377
2019/12/6 21:00,7288,7805,0,517,1.19,0.003,0,0,4.056,0.005,-1.621,1.346
2019/12/6 22:00,6915,7351,0,436,1.188,0.003,0,0,4.06,0.003,-1.603,1.306
2019/12/6 23:00,6610,6988,0,378,1.186,0.003,0,0,4.063,0.003,-1.543,1.315
2019/12/7 0:00,6351,6725,0,374,1.184,0.003,0,0,4.066,0.003,-1.367,1.355
2019/12/7 1:00,6164,6560,0,396,1.183,0.003,0,0,4.07,0.003,-1.12,1.391
2019/12/7 2:00,5965,6383,0,418,1.182,0.003,0,0,4.074,0.004,-0.862,1.424
2019/12/7 3:00,5994,6386,0,392,1.182,0.003,0,0,4.078,0.005,-0.721,1.48
2019/12/7 4:00,6272,6655,0,383,1.183,0.003,0,0,4.077,0.006,-0.519,1.64
2019/12/7 5:00,6663,7013,0,350,1.183,0.003,0,0,4.068,0.007,-0.237,1.761
2019/12/7 6:00,7426,7725,8,291,1.184,0.003,0.997,4.08,4.062,0.014,0.064,1.764
2019/12/7 7:00,7946,8207,18,243,1.183,0.004,32.927,126.723,4.055,0.013,0.858,1.672
2019/12/7 8:00,8152,8484,46,286,1.181,0.004,80.92,287.6,4.039,0.018,2.041,1.613
2019/12/7 9:00,8121,8550,83,346,1.179,0.004,167.704,401.847,3.978,0.004,3.538,1.671
2019/12/7 10:00,8012,8476,136,328,1.177,0.005,218.779,461.598,3.87,0.002,4.57,1.796
2019/12/7 11:00,7898,8303,164,241,1.175,0.005,218.212,462.765,3.754,0.002,5.06,1.811
2019/12/7 12:00,7674,8135,150,311,1.173,0.005,177.729,405.277,3.651,0.001,5.057,1.652
2019/12/7 13:00,7515,8066,104,447,1.173,0.005,100.129,293.039,3.579,0.001,4.135,1.352
2019/12/7 14:00,7533,8149,50,566,1.175,0.005,32.613,133.701,3.541,0.001,2.896,1.267
2019/12/7 15:00,7657,8360,16,687,1.176,0.005,1.155,6.252,3.522,0.001,2.176,1.289
2019/12/7 16:00,7633,8534,7,894,1.177,0.005,0,0,3.507,0.001,2.004,1.305
2019/12/7 17:00,7476,8310,4,830,1.178,0.005,0,0,3.494,0.001,1.831,1.316
2019/12/7 18:00,6896,7785,0,889,1.179,0.004,0,0,3.486,0,1.518,1.319
2019/12/7 19:00,6534,7396,0,862,1.18,0.004,0,0,3.479,0.001,1.382,1.379
2019/12/7 20:00,6292,7017,0,725,1.181,0.004,0,0,3.473,0.001,1.333,1.359
2019/12/7 21:00,6181,6982,0,801,1.182,0.004,0,0,3.468,0,1.431,1.346
2019/12/7 22:00,5723,6546,0,823,1.182,0.004,0,0,3.46,0,1.606,1.341
2019/12/7 23:00,5320,6225,0,905,1.181,0.004,0,0,3.451,0,1.624,1.287
2019/12/8 0:00,4883,5950,0,1067,1.181,0.004,0,0,3.443,0,1.404,1.232
2019/12/8 1:00,4892,5809,0,917,1.18,0.004,0,0,3.437,0,1.005,1.239
2019/12/8 2:00,4725,5646,0,921,1.18,0.004,0,0,3.433,0,0.659,1.24
2019/12/8 3:00,5085,5692,0,607,1.18,0.004,0,0,3.431,0,0.391,1.211
2019/12/8 4:00,5450,5911,0,461,1.18,0.004,0,0,3.429,0,0.413,1.2
2019/12/8 5:00,5608,6120,0,512,1.179,0.004,0,0,3.428,0,0.419,1.179
2019/12/8 6:00,6071,6688,8,609,1.178,0.004,1.023,3.701,3.427,0,0.231,1.215
2019/12/8 7:00,6395,6998,34,569,1.177,0.004,59.32,124.431,3.424,0,0.869,1.149
2019/12/8 8:00,6619,7274,102,553,1.175,0.005,169.677,285.181,3.4,0,3.172,1.055
2019/12/8 9:00,6700,7377,199,478,1.173,0.005,260.772,399.383,3.339,0,5.039,1.324
2019/12/8 10:00,6671,7400,272,457,1.17,0.005,319.568,459.099,3.252,0,6.017,1.493
2019/12/8 11:00,6484,7158,296,378,1.166,0.005,322.577,460.285,3.157,0,6.642,1.565
2019/12/8 12:00,6283,6975,260,432,1.164,0.005,273.345,402.86,3.073,0,6.719,1.445
2019/12/8 13:00,6100,6900,166,634,1.164,0.005,182.296,290.666,3.013,0,5.574,1.046
2019/12/8 14:00,6148,7044,69,827,1.166,0.005,66.172,131.417,2.992,0,2.875,1.029
2019/12/8 15:00,6466,7527,17,1044,1.168,0.004,1.796,5.811,2.99,0,0.802,1.223
2019/12/8 16:00,6868,7861,5,988,1.17,0.004,0,0,2.988,0,0.624,1.305
2019/12/8 17:00,7077,7899,4,818,1.171,0.004,0,0,2.985,0.001,0.53,1.316
2019/12/8 18:00,6946,7590,0,644,1.171,0.004,0,0,2.986,0.005,0.355,1.288
2019/12/8 19:00,6776,7253,0,477,1.171,0.004,0,0,2.991,0.009,0.248,1.265
2019/12/8 20:00,6544,6910,0,366,1.171,0.004,0,0,2.999,0.009,0.201,1.209
2019/12/8 21:00,6484,6959,0,475,1.171,0.004,0,0,3.008,0.008,0.26,1.164
2019/12/8 22:00,6032,6618,0,586,1.17,0.004,0,0,3.018,0.01,0.365,1.174
2019/12/8 23:00,5803,6353,0,550,1.171,0.004,0,0,3.033,0.018,0.498,1.314
2019/12/9 0:00,5616,6168,0,552,1.172,0.004,0,0,3.051,0.017,0.571,1.374
2019/12/9 1:00,5554,6088,0,534,1.173,0.004,0,0,3.065,0.013,0.464,1.29
2019/12/9 2:00,5445,6012,0,567,1.175,0.004,0,0,3.077,0.014,0.132,1.088
2019/12/9 3:00,5754,6245,0,491,1.176,0.004,0,0,3.087,0.012,0.069,1.023
2019/12/9 4:00,6566,7028,0,462,1.176,0.004,0,0,3.096,0.014,0.151,0.963
2019/12/9 5:00,7986,8330,0,344,1.175,0.004,0,0,3.109,0.019,0.215,0.955
2019/12/9 6:00,9108,9447,8,331,1.175,0.004,0.739,3.355,3.128,0.022,0.415,0.986
2019/12/9 7:00,9495,9842,22,325,1.174,0.004,37.815,122.278,3.151,0.031,1.137,1.01
2019/12/9 8:00,9686,9938,52,200,1.173,0.005,93.743,282.933,3.179,0.047,2.554,1.133
2019/12/9 9:00,9853,10048,76,119,1.171,0.005,134.801,397.094,3.202,0.052,3.574,1.244
2019/12/9 10:00,9935,10131,83,113,1.168,0.005,154.373,456.801,3.216,0.054,4.233,1.26
2019/12/9 11:00,9846,10031,78,107,1.167,0.005,151.601,457.96,3.225,0.054,4.569,1.207
2019/12/9 12:00,9769,10023,64,190,1.165,0.005,121.05,400.55,3.244,0.058,4.42,0.996
2019/12/9 13:00,9504,9908,45,359,1.165,0.005,76.476,288.442,3.278,0.062,3.695,0.867
2019/12/9 14:00,9465,9906,23,418,1.166,0.005,27.633,129.287,3.335,0.068,2.551,0.905
2019/12/9 15:00,9609,10117,9,499,1.167,0.004,0.881,5.421,3.403,0.067,1.677,0.959
2019/12/9 16:00,9825,10201,4,372,1.168,0.004,0,0,3.472,0.07,1.448,0.974
2019/12/9 17:00,9713,9969,4,252,1.168,0.004,0,0,3.552,0.085,1.304,0.934
2019/12/9 18:00,9189,9363,0,174,1.17,0.004,0,0,3.659,0.119,1.181,0.914
2019/12/9 19:00,8546,8714,0,168,1.171,0.004,0,0,3.779,0.116,1.09,0.968
2019/12/9 20:00,7964,8071,0,107,1.173,0.004,0,0,3.893,0.107,1.002,1.029
2019/12/9 21:00,7676,7802,0,126,1.174,0.004,0,0,3.999,0.099,0.983,1.068
2019/12/9 22:00,7132,7280,0,148,1.177,0.004,0,0,4.11,0.117,0.821,1.118
2019/12/9 23:00,6731,6975,0,244,1.179,0.004,0,0,4.224,0.114,0.601,1.195
2019/12/10 0:00,6285,6705,0,420,1.181,0.004,0,0,4.35,0.135,0.542,1.277
2019/12/10 1:00,5960,6595,0,635,1.183,0.004,0,0,4.49,0.151,0.481,1.351
2019/12/10 2:00,5534,6568,0,1034,1.184,0.004,0,0,4.644,0.169,0.615,1.677
2019/12/10 3:00,4996,6813,0,1817,1.186,0.004,0,0,4.804,0.164,0.64,1.908
2019/12/10 4:00,5275,7545,0,2270,1.187,0.004,0,0,4.947,0.148,0.572,2.135
2019/12/10 5:00,6432,8716,0,2284,1.19,0.004,0,0,5.075,0.13,0.252,2.136
2019/12/10 6:00,7358,9847,8,2481,1.194,0.004,0.651,3.06,5.178,0.099,-0.089,2.165
2019/12/10 7:00,7442,10063,28,2593,1.197,0.004,41.895,120.278,5.25,0.065,0.036,2.294
2019/12/10 8:00,7447,10034,74,2513,1.199,0.004,130.154,280.864,5.283,0.045,0.872,2.569
2019/12/10 9:00,7313,10060,140,2607,1.199,0.004,220.523,394.963,5.282,0.036,1.533,3.013
2019/12/10 10:00,7059,10027,200,2768,1.198,0.004,277.918,454.623,5.252,0.028,1.983,3.25
2019/12/10 11:00,6822,9882,220,2840,1.197,0.003,280.764,455.799,5.211,0.024,2.283,3.226
2019/12/10 12:00,6855,9882,191,2836,1.197,0.003,239.478,398.418,5.173,0.02,2.269,3.161
2019/12/10 13:00,6990,9873,124,2759,1.198,0.003,156.991,286.386,5.153,0.019,1.832,2.811
2019/12/10 14:00,7659,9982,53,2270,1.2,0.003,55.972,127.313,5.155,0.015,0.574,2.067
2019/12/10 15:00,8434,10388,14,1940,1.203,0.003,1.515,5.073,5.165,0.01,-1.266,1.724
2019/12/10 16:00,8655,10617,4,1958,1.205,0.003,0,0,5.174,0.007,-2.068,1.641
2019/12/10 17:00,8493,10414,4,1917,1.208,0.003,0,0,5.18,0.005,-2.67,1.583
2019/12/10 18:00,8137,9826,0,1689,1.21,0.003,0,0,5.183,0.001,-3.28,1.537
2019/12/10 19:00,7812,9307,0,1495,1.211,0.003,0,0,5.185,0.001,-3.752,1.462
2019/12/10 20:00,7225,8748,0,1523,1.212,0.003,0,0,5.186,0.001,-4.176,1.343
2019/12/10 21:00,7059,8534,0,1475,1.213,0.003,0,0,5.188,0.001,-4.49,1.247
2019/12/10 22:00,6869,8018,0,1149,1.215,0.003,0,0,5.189,0.001,-4.766,1.125
2019/12/10 23:00,6802,7676,0,874,1.215,0.003,0,0,5.191,0.001,-5,1.021
2019/12/11 0:00,6788,7448,0,660,1.215,0.003,0,0,5.192,0.001,-5.073,0.997
2019/12/11 1:00,6819,7348,0,529,1.215,0.003,0,0,5.193,0.001,-5.018,1.017
2019/12/11 2:00,6775,7266,0,491,1.215,0.003,0,0,5.195,0.001,-4.915,1.092
2019/12/11 3:00,7059,7420,0,361,1.214,0.002,0,0,5.197,0.001,-4.819,1.058
2019/12/11 4:00,7978,8121,0,143,1.213,0.002,0,0,5.198,0.001,-4.814,0.954
2019/12/11 5:00,9232,9284,0,52,1.213,0.002,0,0,5.199,0.001,-4.83,0.878
2019/12/11 6:00,10430,10457,9,18,1.212,0.002,0.857,2.799,5.2,0.001,-4.807,0.841
2019/12/11 7:00,10583,10623,29,11,1.211,0.002,61.623,118.433,5.201,0,-3.948,0.9
2019/12/11 8:00,10312,10403,82,9,1.207,0.003,180.639,278.915,5.199,0,-1.925,0.997
2019/12/11 9:00,10014,10180,158,8,1.2,0.003,280.218,392.987,5.178,0,0.04,0.988
2019/12/11 10:00,9746,9978,218,14,1.195,0.003,330.69,452.626,5.104,0,1.334,1.199
2019/12/11 11:00,9445,9723,240,38,1.19,0.003,330.688,453.812,4.994,0,2.127,1.472
2019/12/11 12:00,9289,9641,205,147,1.187,0.003,279.078,396.49,4.889,0,2.257,1.569
2019/12/11 13:00,9270,9715,130,315,1.187,0.003,183.833,284.495,4.826,0,1.52,1.235
2019/12/11 14:00,9331,9924,53,540,1.189,0.003,65.494,125.481,4.812,0,-0.949,0.945
2019/12/11 15:00,9482,10401,13,906,1.192,0.003,1.222,4.774,4.814,0.001,-3.008,1.187
2019/12/11 16:00,9187,10572,4,1381,1.195,0.003,0,0,4.816,0.003,-3.321,1.385
2019/12/11 17:00,8589,10397,4,1804,1.197,0.002,0,0,4.821,0.004,-3.563,1.533
2019/12/11 18:00,7742,9857,0,2115,1.199,0.002,0,0,4.828,0.008,-3.883,1.611
2019/12/11 19:00,7069,9342,0,2273,1.2,0.002,0,0,4.839,0.013,-4.039,1.68
2019/12/11 20:00,6436,8797,0,2361,1.201,0.002,0,0,4.857,0.019,-4.035,1.763
2019/12/11 21:00,6234,8576,0,2342,1.2,0.002,0,0,4.878,0.023,-3.967,1.722
2019/12/11 22:00,5880,8052,0,2172,1.199,0.002,0,0,4.903,0.025,-3.866,1.564
2019/12/11 23:00,5935,7722,0,1787,1.198,0.002,0,0,4.929,0.025,-3.825,1.445
2019/12/12 0:00,6140,7472,0,1332,1.197,0.003,0,0,4.956,0.027,-3.795,1.308
2019/12/12 1:00,6176,7363,0,1187,1.196,0.003,0,0,4.986,0.03,-3.762,1.164
2019/12/12 2:00,6149,7230,0,1081,1.196,0.003,0,0,5.019,0.034,-3.731,1.038
2019/12/12 3:00,6510,7376,0,866,1.196,0.003,0,0,5.058,0.04,-3.776,0.932
2019/12/12 4:00,7323,8082,0,759,1.196,0.003,0,0,5.102,0.045,-3.823,0.851
2019/12/12 5:00,8625,9204,0,579,1.196,0.003,0,0,5.15,0.049,-3.779,0.79
2019/12/12 6:00,9915,10299,8,376,1.196,0.003,0.512,2.565,5.202,0.052,-3.574,0.74
2019/12/12 7:00,10226,10548,14,308,1.195,0.003,35.584,116.736,5.258,0.057,-2.761,0.869
2019/12/12 8:00,10384,10636,34,218,1.194,0.003,98.551,277.149,5.314,0.057,-1.396,1.015
2019/12/12 9:00,10505,10736,62,169,1.189,0.003,155.717,391.152,5.356,0.052,-0.067,1.009
2019/12/12 10:00,10510,10689,75,104,1.185,0.004,181.647,450.803,5.377,0.045,0.844,0.964
2019/12/12 11:00,10399,10527,71,57,1.182,0.004,175.639,452.022,5.379,0.037,1.243,0.848
2019/12/12 12:00,10375,10461,61,25,1.181,0.004,142.135,394.667,5.378,0.035,1.237,0.744
2019/12/12 13:00,10337,10392,44,11,1.181,0.004,89.254,282.757,5.392,0.041,0.761,0.613
2019/12/12 14:00,10365,10412,20,27,1.183,0.004,31.142,123.812,5.431,0.048,-0.47,0.458
2019/12/12 15:00,10687,10714,7,20,1.184,0.004,0.847,4.509,5.485,0.056,-1.526,0.556
2019/12/12 16:00,10763,10779,4,12,1.186,0.004,0,0,5.54,0.054,-1.783,0.541
2019/12/12 17:00,10511,10520,4,5,1.186,0.003,0,0,5.598,0.06,-1.943,0.506
2019/12/12 18:00,9922,9926,0,4,1.187,0.003,0,0,5.666,0.073,-2.159,0.505
2019/12/12 19:00,9324,9328,0,4,1.187,0.003,0,0,5.735,0.063,-2.38,0.506
2019/12/12 20:00,8659,8663,0,4,1.186,0.003,0,0,5.79,0.048,-2.639,0.504
2019/12/12 21:00,8414,8418,0,4,1.185,0.003,0,0,5.83,0.031,-2.862,0.524
2019/12/12 22:00,7890,7894,0,4,1.185,0.003,0,0,5.855,0.018,-3.136,0.593
2019/12/12 23:00,7570,7576,0,6,1.184,0.003,0,0,5.869,0.012,-3.519,0.701
2019/12/13 0:00,7265,7279,0,14,1.184,0.003,0,0,5.881,0.01,-3.931,0.835
2019/12/13 1:00,7089,7150,0,61,1.183,0.003,0,0,5.893,0.014,-3.998,1.028
2019/12/13 2:00,6835,7042,0,207,1.183,0.003,0,0,5.908,0.015,-3.979,1.291
2019/12/13 3:00,6802,7185,0,383,1.183,0.003,0,0,5.92,0.012,-3.907,1.574
2019/12/13 4:00,7256,7867,0,611,1.182,0.003,0,0,5.928,0.009,-3.882,1.849
2019/12/13 5:00,8131,9032,0,901,1.181,0.003,0,0,5.936,0.012,-3.837,2.043
2019/12/13 6:00,8849,10082,8,1225,1.179,0.003,0.403,2.371,5.951,0.023,-3.747,2.2
2019/12/13 7:00,8736,10395,23,1636,1.177,0.003,37.868,115.199,5.976,0.03,-3.289,2.455
2019/12/13 8:00,8452,10396,62,1882,1.173,0.003,111.836,275.542,6.002,0.034,-2.078,2.858
2019/12/13 9:00,8116,10326,112,2098,1.167,0.003,174.327,389.512,6.019,0.037,-0.789,3.087
2019/12/13 10:00,7746,10154,146,2262,1.161,0.003,183.605,449.139,6.018,0.042,0.279,3.044
2019/12/13 11:00,7359,9901,150,2392,1.157,0.004,145.418,450.346,6.016,0.059,0.872,2.775
2019/12/13 12:00,7016,9641,120,2505,1.156,0.004,94.461,393.043,6.05,0.102,0.903,2.338
2019/12/13 13:00,7242,9543,64,2237,1.156,0.004,52.828,281.146,6.131,0.125,0.517,1.972
2019/12/13 14:00,7775,9526,23,1728,1.158,0.004,18.039,122.287,6.263,0.17,-0.189,1.72
2019/12/13 15:00,8291,9853,8,1554,1.16,0.004,0.491,4.277,6.464,0.232,-0.769,1.574
2019/12/13 16:00,8674,9945,4,1267,1.161,0.004,0,0,6.718,0.274,-0.874,1.539
2019/12/13 17:00,8924,9646,4,718,1.162,0.004,0,0,7.01,0.311,-0.907,1.511
2019/12/13 18:00,8619,9025,0,406,1.163,0.004,0,0,7.375,0.409,-0.89,1.401
2019/12/13 19:00,7865,8515,0,650,1.164,0.004,0,0,7.721,0.285,-0.929,1.281
2019/12/13 20:00,7219,7959,0,740,1.165,0.004,0,0,7.927,0.136,-0.804,1.276
2019/12/13 21:00,7116,7795,0,679,1.164,0.004,0,0,8.026,0.071,-0.583,1.273
2019/12/13 22:00,6755,7274,0,519,1.163,0.004,0,0,8.082,0.049,-0.535,1.282
2019/12/13 23:00,6584,6958,0,374,1.163,0.004,0,0,8.117,0.037,-0.526,1.277
2019/12/14 0:00,6414,6653,0,239,1.163,0.004,0,0,8.144,0.028,-0.497,1.307
2019/12/14 1:00,6246,6494,0,248,1.163,0.004,0,0,8.163,0.015,-0.619,1.362
2019/12/14 2:00,6013,6345,0,332,1.163,0.004,0,0,8.18,0.018,-0.832,1.345
2019/12/14 3:00,5946,6389,0,443,1.164,0.004,0,0,8.209,0.031,-1.216,1.223
2019/12/14 4:00,6283,6698,0,415,1.165,0.004,0,0,8.25,0.04,-1.503,1.187
2019/12/14 5:00,6809,7108,0,299,1.165,0.003,0,0,8.283,0.038,-1.97,1.222
2019/12/14 6:00,7597,7801,8,196,1.166,0.003,0.591,2.202,8.297,0.05,-2.423,1.293
2019/12/14 7:00,7834,8246,25,387,1.167,0.004,49.235,113.83,8.332,0.14,-1.319,1.423
2019/12/14 8:00,7702,8542,62,778,1.166,0.004,127.219,274.082,8.356,0.13,1.025,1.96
2019/12/14 9:00,7300,8719,98,1321,1.163,0.004,160.553,388.048,8.261,0.086,2.233,2.388
2019/12/14 10:00,6903,8715,94,1718,1.16,0.005,178.775,447.643,7.996,0.015,2.963,2.667
2019/12/14 11:00,6261,8411,72,2078,1.157,0.005,203.391,448.894,7.614,0.002,3.638,2.904
2019/12/14 12:00,6151,8051,77,1823,1.155,0.005,201.886,391.624,7.241,0.001,4.162,2.878
2019/12/14 13:00,6169,7923,64,1690,1.155,0.005,142.581,279.76,6.958,0,4.096,2.712
2019/12/14 14:00,6111,8049,37,1901,1.156,0.005,52.909,120.939,6.805,0,2.941,2.452
2019/12/14 15:00,6373,8375,14,1988,1.159,0.004,1.337,4.081,6.738,0,1.518,2.329
2019/12/14 16:00,7014,8596,4,1578,1.162,0.004,0,0,6.697,0,0.977,2.293
2019/12/14 17:00,6848,8390,4,1538,1.165,0.004,0,0,6.67,0,0.618,2.21
2019/12/14 18:00,6138,7910,0,1772,1.166,0.004,0,0,6.652,0,0.216,2.013
2019/12/14 19:00,6498,7480,0,982,1.168,0.004,0,0,6.641,0,-0.185,1.808
2019/12/14 20:00,6341,7042,0,701,1.169,0.004,0,0,6.636,0,-0.526,1.657
2019/12/14 21:00,6300,7057,0,757,1.169,0.004,0,0,6.634,0,-0.78,1.525
2019/12/14 22:00,5820,6624,0,804,1.169,0.004,0,0,6.634,0,-0.794,1.498
2019/12/14 23:00,5398,6271,0,873,1.168,0.004,0,0,6.634,0,-0.643,1.523
2019/12/15 0:00,5156,5990,0,834,1.167,0.003,0,0,6.635,0,-0.458,1.511
2019/12/15 1:00,4930,5889,0,959,1.165,0.003,0,0,6.635,0,-0.288,1.46
2019/12/15 2:00,4961,5779,0,818,1.164,0.003,0,0,6.634,0,0.055,1.426
2019/12/15 3:00,4980,5780,0,800,1.164,0.004,0,0,6.632,0,0.47,1.373
2019/12/15 4:00,5449,5965,0,516,1.166,0.004,0,0,6.627,0,0.508,1.332
2019/12/15 5:00,5823,6153,0,330,1.169,0.004,0,0,6.619,0,0.577,1.388
2019/12/15 6:00,5833,6781,8,940,1.17,0.004,0.304,2.054,6.611,0,0.438,1.375
2019/12/15 7:00,6066,7236,20,1150,1.172,0.004,33.098,112.594,6.602,0,0.879,1.449
2019/12/15 8:00,6495,7532,60,977,1.172,0.004,117.94,272.803,6.567,0,2.424,1.679
2019/12/15 9:00,6754,7689,136,799,1.17,0.004,210.333,386.742,6.453,0,3.821,1.88
2019/12/15 10:00,6745,7773,223,805,1.167,0.004,268.174,446.35,6.25,0,4.969,1.831
2019/12/15 11:00,6628,7600,271,701,1.162,0.005,270.574,447.561,5.999,0,5.903,1.638
2019/12/15 12:00,6474,7349,249,626,1.16,0.005,210.243,390.299,5.773,0,6.136,1.276
2019/12/15 13:00,6560,7223,163,500,1.159,0.005,112.699,278.506,5.619,0,5.086,0.943
2019/12/15 14:00,6609,7365,70,686,1.159,0.005,37.839,119.744,5.552,0,3.605,0.955
2019/12/15 15:00,6968,7738,20,750,1.16,0.005,1.025,3.912,5.536,0,2.529,1.059
2019/12/15 16:00,7166,7998,4,828,1.162,0.004,0,0,5.526,0,2.272,1.084
2019/12/15 17:00,7276,8012,4,732,1.163,0.004,0,0,5.513,0,2.339,1.098
2019/12/15 18:00,7066,7700,0,634,1.163,0.004,0,0,5.5,0,2.416,1.102
2019/12/15 19:00,6852,7408,0,556,1.164,0.004,0,0,5.486,0,2.485,1.065
2019/12/15 20:00,6567,7032,0,465,1.166,0.004,0,0,5.472,0,2.484,1.02
2019/12/15 21:00,6715,7058,0,343,1.168,0.004,0,0,5.458,0,2.398,0.966
2019/12/15 22:00,6513,6701,0,188,1.17,0.004,0,0,5.445,0,2.263,0.852
2019/12/15 23:00,6325,6476,0,151,1.172,0.004,0,0,5.433,0,2.111,0.672
2019/12/16 0:00,6122,6262,0,140,1.175,0.004,0,0,5.422,0,1.722,0.696
2019/12/16 1:00,5990,6163,0,173,1.178,0.004,0,0,5.41,0.001,1.35,0.739
2019/12/16 2:00,5869,6115,0,246,1.181,0.004,0,0,5.4,0.002,0.766,0.871
2019/12/16 3:00,6004,6297,0,293,1.183,0.004,0,0,5.39,0.001,0.259,0.88
2019/12/16 4:00,6720,7074,0,354,1.184,0.004,0,0,5.381,0.002,0.038,0.902
2019/12/16 5:00,8028,8395,0,367,1.185,0.004,0,0,5.37,0.002,0.149,0.903
2019/12/16 6:00,9013,9518,8,497,1.186,0.004,0.338,1.931,5.352,0.001,0.289,0.97
2019/12/16 7:00,9286,9801,28,487,1.185,0.004,31.316,111.527,5.317,0,0.925,1.132
2019/12/16 8:00,9120,9791,80,591,1.183,0.005,92.736,271.692,5.244,0.001,2.331,1.537
2019/12/16 9:00,9043,9760,158,559,1.18,0.005,130.62,385.578,5.122,0,3.34,1.754
2019/12/16 10:00,8811,9656,228,617,1.177,0.005,171.417,445.211,4.953,0,4.176,1.834
2019/12/16 11:00,8401,9428,258,769,1.173,0.005,194.421,446.432,4.76,0,5,1.824
2019/12/16 12:00,8464,9395,228,703,1.169,0.006,184.994,389.191,4.577,0,5.536,1.711
2019/12/16 13:00,8637,9419,150,632,1.168,0.006,119.339,277.402,4.427,0,5.292,1.449
2019/12/16 14:00,9079,9453,66,308,1.168,0.005,40.765,118.693,4.323,0,4.058,1.215
2019/12/16 15:00,9603,9720,17,100,1.171,0.005,0.994,3.769,4.256,0,3.005,1.191
2019/12/16 16:00,9744,9805,7,54,1.173,0.005,0,0,4.199,0,2.928,1.257
2019/12/16 17:00,9536,9600,4,60,1.175,0.005,0,0,4.145,0,2.76,1.268
2019/12/16 18:00,8860,8956,0,96,1.176,0.005,0,0,4.094,0.001,2.634,1.253
2019/12/16 19:00,8361,8441,0,80,1.176,0.005,0,0,4.042,0.001,2.639,1.241
2019/12/16 20:00,7809,7902,0,93,1.176,0.005,0,0,3.989,0.001,2.563,1.164
2019/12/16 21:00,7531,7617,0,86,1.175,0.005,0,0,3.937,0.001,2.554,1.138
2019/12/16 22:00,6970,7099,0,129,1.174,0.005,0,0,3.88,0.001,2.619,1.128
2019/12/16 23:00,6529,6740,0,211,1.173,0.005,0,0,3.821,0.001,2.687,1.084
2019/12/17 0:00,6110,6435,0,325,1.172,0.005,0,0,3.764,0.001,2.755,1.016
2019/12/17 1:00,5807,6308,0,501,1.171,0.005,0,0,3.708,0.001,2.832,1.018
2019/12/17 2:00,5408,6200,0,792,1.17,0.005,0,0,3.652,0.001,2.955,1.069
2019/12/17 3:00,5389,6389,0,1000,1.17,0.005,0,0,3.601,0.001,2.921,1.102
2019/12/17 4:00,6073,7067,0,994,1.17,0.005,0,0,3.556,0.001,2.968,1.182
2019/12/17 5:00,7494,8238,0,744,1.17,0.005,0,0,3.516,0.002,3.092,1.263
2019/12/17 6:00,8476,9305,9,820,1.17,0.005,0.252,1.832,3.478,0.002,3.179,1.344
2019/12/17 7:00,8500,9604,26,1078,1.17,0.005,26.796,110.613,3.437,0.001,3.52,1.428
2019/12/17 8:00,8317,9584,66,1201,1.168,0.005,88.03,270.731,3.387,0.001,4.659,1.554
2019/12/17 9:00,8259,9604,120,1225,1.165,0.006,156.99,384.648,3.324,0.001,6.072,1.777
2019/12/17 10:00,8383,9602,166,1053,1.16,0.006,215.892,444.243,3.252,0.001,7.421,1.793
2019/12/17 11:00,8337,9409,186,886,1.156,0.006,216.176,445.465,3.179,0.001,8.331,1.605
2019/12/17 12:00,8468,9352,171,713,1.154,0.006,171.618,388.266,3.11,0.001,8.58,1.393
2019/12/17 13:00,8619,9294,120,555,1.154,0.006,102.063,276.492,3.051,0.001,7.898,1.146
2019/12/17 14:00,8870,9348,59,419,1.155,0.006,32.926,117.812,3.002,0.001,6.561,1.135
2019/12/17 15:00,9142,9583,18,423,1.157,0.006,0.613,3.65,2.964,0.001,5.524,1.154
2019/12/17 16:00,9173,9684,7,504,1.159,0.006,0,0,2.931,0.001,5.264,1.155
2019/12/17 17:00,8738,9462,4,720,1.16,0.006,0,0,2.9,0.001,5.102,1.118
2019/12/17 18:00,7972,8822,0,850,1.162,0.006,0,0,2.872,0.001,4.967,1.081
2019/12/17 19:00,7380,8293,0,913,1.163,0.006,0,0,2.845,0.001,4.925,1.107
2019/12/17 20:00,6762,7691,0,929,1.163,0.006,0,0,2.819,0.001,4.925,1.177
2019/12/17 21:00,6650,7490,0,840,1.163,0.006,0,0,2.795,0.001,4.967,1.197
2019/12/17 22:00,6240,7012,0,772,1.162,0.006,0,0,2.772,0.001,5.023,1.14
2019/12/17 23:00,5746,6625,0,879,1.162,0.006,0,0,2.75,0.001,5.038,1.122
2019/12/18 0:00,5539,6320,0,781,1.161,0.006,0,0,2.732,0.001,5,1.107
2019/12/18 1:00,5356,6178,0,822,1.161,0.006,0,0,2.716,0.001,4.949,1.097
2019/12/18 2:00,5310,6078,0,768,1.161,0.006,0,0,2.705,0.001,4.821,1.083
2019/12/18 3:00,5509,6275,0,766,1.163,0.006,0,0,2.699,0.001,4.619,1.043
2019/12/18 4:00,6348,6949,0,601,1.164,0.006,0,0,2.695,0.001,4.345,0.991
2019/12/18 5:00,7694,8127,0,433,1.166,0.005,0,0,2.692,0.001,4.034,0.962
2019/12/18 6:00,8954,9163,9,200,1.167,0.005,0.365,1.752,2.689,0.001,3.747,0.947
2019/12/18 7:00,9283,9403,26,94,1.169,0.005,40.963,109.853,2.686,0.001,4.274,0.917
2019/12/18 8:00,9139,9330,76,115,1.169,0.006,132.425,269.959,2.674,0.001,6.442,0.941
2019/12/18 9:00,9002,9231,157,72,1.167,0.006,217.64,383.826,2.651,0.001,8.211,1.117
2019/12/18 10:00,8828,9108,251,29,1.162,0.006,265.623,443.42,2.62,0.001,9.532,1.067
2019/12/18 11:00,8503,8814,302,9,1.158,0.007,266.133,444.687,2.581,0.001,10.52,0.987
2019/12/18 12:00,8511,8802,280,11,1.156,0.007,222.891,387.5,2.542,0.001,10.841,0.794
2019/12/18 13:00,8628,8830,190,12,1.156,0.007,145.47,275.741,2.514,0.001,10.29,0.552
2019/12/18 14:00,8916,9032,88,28,1.158,0.006,49.202,117.088,2.502,0.001,8.431,0.622
2019/12/18 15:00,9203,9330,24,103,1.161,0.006,1.027,3.555,2.5,0.001,6.524,0.806
2019/12/18 16:00,9291,9493,7,195,1.164,0.006,0,0,2.5,0.001,5.502,0.86
2019/12/18 17:00,9123,9299,4,172,1.167,0.006,0,0,2.499,0.001,4.831,0.847
2019/12/18 18:00,8640,8753,0,113,1.169,0.006,0,0,2.499,0,4.325,0.784
2019/12/18 19:00,8108,8220,0,112,1.171,0.006,0,0,2.499,0,3.954,0.755
2019/12/18 20:00,7543,7661,0,118,1.173,0.005,0,0,2.498,0,3.68,0.752
2019/12/18 21:00,7323,7436,0,113,1.175,0.005,0,0,2.497,0,3.552,0.735
2019/12/18 22:00,6829,6974,0,145,1.177,0.005,0,0,2.497,0.001,3.366,0.691
2019/12/18 23:00,6388,6581,0,193,1.178,0.005,0,0,2.496,0.001,3.115,0.643
2019/12/19 0:00,6119,6246,0,127,1.18,0.005,0,0,2.495,0,2.856,0.588
2019/12/19 1:00,5994,6132,0,138,1.181,0.005,0,0,2.494,0.001,2.761,0.587
2019/12/19 2:00,5740,6014,0,274,1.183,0.005,0,0,2.493,0.001,2.733,0.706
2019/12/19 3:00,5667,6171,0,504,1.183,0.005,0,0,2.492,0.001,2.772,0.896
2019/12/19 4:00,6087,6866,0,779,1.183,0.005,0,0,2.491,0.001,2.995,1.095
2019/12/19 5:00,6899,8031,0,1132,1.183,0.005,0,0,2.489,0,3.252,1.255
2019/12/19 6:00,7457,9106,8,1641,1.182,0.005,0.116,1.689,2.488,0,3.485,1.366
2019/12/19 7:00,7350,9426,23,2053,1.181,0.005,16.075,109.249,2.485,0,3.848,1.5
2019/12/19 8:00,7237,9368,68,2063,1.179,0.006,61.086,269.334,2.48,0.001,4.855,1.626
2019/12/19 9:00,7101,9358,124,2133,1.174,0.006,112.918,383.21,2.471,0.001,6.238,1.786
2019/12/19 10:00,7051,9301,182,2068,1.169,0.006,144.982,442.804,2.458,0.001,7.528,1.832
2019/12/19 11:00,6693,9084,214,2177,1.164,0.007,143.232,444.07,2.443,0.001,8.333,1.804
2019/12/19 12:00,6576,8978,200,2202,1.161,0.007,115.977,386.893,2.42,0.001,8.537,1.767
2019/12/19 13:00,6486,8926,144,2296,1.16,0.007,71.719,275.161,2.397,0.001,8.171,1.684
2019/12/19 14:00,6551,8941,70,2320,1.16,0.007,27.413,116.524,2.381,0,7.381,1.677
2019/12/19 15:00,6852,9165,20,2293,1.161,0.006,0.772,3.482,2.372,0.001,6.614,1.736
2019/12/19 16:00,7041,9263,7,2215,1.162,0.006,0,0,2.366,0.001,6.295,1.813
2019/12/19 17:00,7079,9009,4,1926,1.163,0.006,0,0,2.36,0.001,6.212,1.849
2019/12/19 18:00,6905,8457,0,1552,1.165,0.006,0,0,2.358,0.002,6.088,1.846
2019/12/19 19:00,6503,7905,0,1402,1.165,0.006,0,0,2.356,0.002,5.95,1.863
2019/12/19 20:00,6126,7319,0,1193,1.166,0.006,0,0,2.355,0.002,5.809,1.928
2019/12/19 21:00,5838,7113,0,1275,1.166,0.006,0,0,2.354,0.002,5.637,2.104
2019/12/19 22:00,5350,6600,0,1250,1.166,0.006,0,0,2.353,0.002,5.439,2.153
2019/12/19 23:00,4802,6224,0,1422,1.166,0.006,0,0,2.352,0.002,5.285,2.132
2019/12/20 0:00,4316,5947,0,1631,1.166,0.006,0,0,2.351,0.002,5.187,2.112
2019/12/20 1:00,4217,5864,0,1647,1.165,0.006,0,0,2.349,0.002,5.044,2.141
2019/12/20 2:00,4016,5775,0,1759,1.165,0.006,0,0,2.348,0.002,4.927,2.17
2019/12/20 3:00,4070,5949,0,1879,1.164,0.006,0,0,2.347,0.002,4.872,2.139
2019/12/20 4:00,4758,6564,0,1806,1.163,0.006,0,0,2.346,0.002,4.796,2.148
2019/12/20 5:00,5555,7602,0,2047,1.162,0.006,0,0,2.346,0.003,4.688,2.214
2019/12/20 6:00,6274,8589,10,2305,1.161,0.006,0.128,1.642,2.346,0.004,4.571,2.302
2019/12/20 7:00,6240,8777,36,2501,1.16,0.006,25.749,108.803,2.346,0.004,4.83,2.472
2019/12/20 8:00,6048,8603,98,2457,1.158,0.006,88.908,268.865,2.345,0.004,5.845,2.708
2019/12/20 9:00,5604,8484,179,2701,1.153,0.006,159.917,382.78,2.341,0.005,7.127,2.983
2019/12/20 10:00,5262,8314,247,2805,1.147,0.006,208.257,442.389,2.335,0.005,8.3,3.355
2019/12/20 11:00,4940,8094,273,2881,1.142,0.006,235.844,443.66,2.329,0.005,9.206,3.556
2019/12/20 12:00,4858,7997,242,2897,1.138,0.006,196.303,386.453,2.322,0.005,9.54,3.579
2019/12/20 13:00,4908,7984,171,2905,1.136,0.006,124.196,274.73,2.316,0.005,9.264,3.384
2019/12/20 14:00,5083,8086,86,2917,1.136,0.006,35.815,116.114,2.312,0.005,8.421,3.118
2019/12/20 15:00,5454,8394,26,2914,1.137,0.006,0.454,3.431,2.312,0.005,7.613,2.979
2019/12/20 16:00,5706,8620,7,2907,1.137,0.006,0,0,2.318,0.006,7.323,2.936
2019/12/20 17:00,5525,8396,4,2867,1.138,0.006,0,0,2.327,0.008,7.028,2.877
2019/12/20 18:00,5006,7798,0,2792,1.139,0.006,0,0,2.338,0.015,6.754,2.73
2019/12/20 19:00,4572,7310,0,2738,1.139,0.006,0,0,2.355,0.021,6.569,2.632
2019/12/20 20:00,4029,6808,0,2779,1.139,0.006,0,0,2.389,0.04,6.474,2.505
2019/12/20 21:00,3918,6701,0,2783,1.14,0.006,0,0,2.445,0.063,6.222,2.226
2019/12/20 22:00,3506,6259,0,2753,1.14,0.006,0,0,2.517,0.075,6.145,2.066
2019/12/20 23:00,3170,5919,0,2749,1.141,0.006,0,0,2.593,0.068,5.92,1.956
2019/12/21 0:00,2935,5681,0,2746,1.141,0.006,0,0,2.648,0.034,5.546,1.85
2019/12/21 1:00,2888,5508,0,2620,1.142,0.006,0,0,2.671,0.01,5.353,1.835
2019/12/21 2:00,2985,5307,0,2322,1.144,0.006,0,0,2.679,0.005,5.225,1.873
2019/12/21 3:00,3296,5384,0,2088,1.146,0.006,0,0,2.684,0.005,5.09,1.75
2019/12/21 4:00,4273,5668,0,1395,1.147,0.006,0,0,2.691,0.007,4.956,1.483
2019/12/21 5:00,5593,5991,0,398,1.148,0.006,0,0,2.706,0.018,4.684,1.17
2019/12/21 6:00,6669,6718,8,41,1.148,0.006,0.18,1.611,2.74,0.039,4.297,0.939
2019/12/21 7:00,7193,7274,18,63,1.148,0.006,22.984,108.515,2.791,0.053,4.606,0.832
2019/12/21 8:00,7554,7700,35,111,1.148,0.006,64.19,268.599,2.857,0.07,5.698,0.911
2019/12/21 9:00,7613,7897,58,226,1.147,0.006,74.973,382.521,2.93,0.083,6.164,0.939
2019/12/21 10:00,7667,8121,76,378,1.146,0.006,72.62,442.136,3.028,0.128,6.272,1.198
2019/12/21 11:00,7450,8090,84,556,1.145,0.006,66.013,443.4,3.181,0.201,6.104,1.448
2019/12/21 12:00,7049,7965,82,834,1.145,0.006,48.361,386.203,3.394,0.262,5.781,1.549
2019/12/21 13:00,6672,7843,67,1104,1.144,0.006,30.371,274.481,3.695,0.364,5.478,1.696
2019/12/21 14:00,6443,7847,40,1364,1.144,0.006,11.692,115.866,4.075,0.42,5.102,1.806
2019/12/21 15:00,6386,8039,14,1639,1.144,0.006,0.519,3.401,4.445,0.334,4.822,1.962
2019/12/21 16:00,6410,8113,7,1696,1.144,0.006,0,0,4.707,0.213,4.529,1.918
2019/12/21 17:00,6877,7852,4,971,1.145,0.006,0,0,4.849,0.107,3.977,1.509
2019/12/21 18:00,6040,7372,0,1332,1.148,0.005,0,0,4.907,0.033,3.036,1.871
2019/12/21 19:00,5048,6980,0,1932,1.154,0.005,0,0,4.921,0.015,1.747,2.627
2019/12/21 20:00,4222,6595,0,2373,1.156,0.004,0,0,4.924,0.009,0.852,2.694
2019/12/21 21:00,4099,6593,0,2494,1.157,0.004,0,0,4.924,0.005,0.574,2.547
2019/12/21 22:00,3847,6113,0,2266,1.156,0.004,0,0,4.925,0.005,0.483,2.314
2019/12/21 23:00,4107,5695,0,1588,1.157,0.004,0,0,4.928,0.006,0.257,1.959
2019/12/22 0:00,4335,5400,0,1065,1.157,0.004,0,0,4.933,0.006,-0.011,1.669
2019/12/22 1:00,4401,5322,0,921,1.157,0.004,0,0,4.938,0.005,-0.212,1.397
2019/12/22 2:00,4564,5162,0,598,1.156,0.004,0,0,4.942,0.004,-0.274,1.134
2019/12/22 3:00,5063,5193,0,130,1.155,0.004,0,0,4.95,0.012,-0.092,0.983
2019/12/22 4:00,5217,5384,0,167,1.154,0.004,0,0,4.989,0.059,0.187,0.804
2019/12/22 5:00,5601,5658,0,57,1.154,0.004,0,0,5.072,0.09,0.569,0.645
2019/12/22 6:00,6123,6209,8,78,1.153,0.004,0.107,1.596,5.146,0.056,0.946,0.627
2019/12/22 7:00,6519,6648,19,110,1.153,0.004,14.477,108.389,5.199,0.05,1.335,0.493
2019/12/22 8:00,6904,7096,48,144,1.153,0.004,56.783,268.477,5.241,0.043,2.05,0.657
2019/12/22 9:00,7163,7400,78,159,1.153,0.005,111.957,382.407,5.249,0.033,2.899,1.08
2019/12/22 10:00,7328,7631,101,202,1.151,0.005,134.79,442.037,5.222,0.026,3.523,1.154
2019/12/22 11:00,7090,7480,104,286,1.15,0.005,107.047,443.317,5.187,0.036,3.71,1.232
2019/12/22 12:00,6868,7282,86,328,1.151,0.005,64.302,386.134,5.171,0.05,3.438,1.357
2019/12/22 13:00,6696,7140,56,388,1.152,0.005,37.022,274.413,5.183,0.065,2.965,1.551
2019/12/22 14:00,6374,7095,28,693,1.154,0.005,13.031,115.78,5.22,0.066,2.367,1.654
2019/12/22 15:00,6538,7331,10,783,1.156,0.005,0.392,3.389,5.287,0.09,1.804,1.731
2019/12/22 16:00,6805,7519,4,710,1.157,0.005,0,0,5.363,0.083,1.587,1.896
2019/12/22 17:00,6409,7524,4,1111,1.157,0.005,0,0,5.425,0.067,1.65,1.974
2019/12/22 18:00,5688,7112,0,1424,1.157,0.005,0,0,5.5,0.11,1.835,1.937
2019/12/22 19:00,5285,6816,0,1531,1.156,0.005,0,0,5.564,0.079,2.002,1.917
2019/12/22 20:00,4866,6349,0,1483,1.156,0.005,0,0,5.617,0.101,2.062,1.95
2019/12/22 21:00,4860,6337,0,1477,1.156,0.005,0,0,5.661,0.094,2.078,2.035
2019/12/22 22:00,4514,5942,0,1428,1.156,0.005,0,0,5.701,0.111,2.118,2.279
2019/12/22 23:00,4028,5627,0,1599,1.157,0.005,0,0,5.758,0.129,2.128,2.451
2019/12/23 0:00,3432,5383,0,1951,1.158,0.005,0,0,5.833,0.145,2.211,2.683
2019/12/23 1:00,3200,5274,0,2074,1.158,0.005,0,0,5.905,0.133,2.289,2.879
2019/12/23 2:00,2810,5188,0,2378,1.159,0.005,0,0,5.958,0.113,2.306,3.073
2019/12/23 3:00,2783,5382,0,2599,1.16,0.005,0,0,6.003,0.112,2.283,3.234
2019/12/23 4:00,3145,5874,0,2729,1.162,0.005,0,0,6.048,0.114,2.263,3.39
2019/12/23 5:00,3734,6545,0,2811,1.163,0.005,0,0,6.096,0.112,2.256,3.433
2019/12/23 6:00,4536,7408,8,2864,1.164,0.005,0.092,1.597,6.15,0.121,2.258,3.5
2019/12/23 7:00,4910,7847,16,2921,1.165,0.005,12.76,108.414,6.205,0.118,2.409,3.602
2019/12/23 8:00,5040,8005,36,2929,1.165,0.005,42.27,268.503,6.247,0.112,2.792,3.677
2019/12/23 9:00,5055,8063,59,2949,1.165,0.005,73.19,382.473,6.267,0.102,3.221,3.768
2019/12/23 10:00,5070,8116,82,2964,1.164,0.005,90.627,442.136,6.261,0.094,3.575,3.945
2019/12/23 11:00,4995,8046,102,2949,1.164,0.005,92.079,443.413,6.243,0.094,3.803,3.993
2019/12/23 12:00,4935,7970,102,2933,1.164,0.005,78.515,386.25,6.228,0.095,3.88,3.901
2019/12/23 13:00,4887,7912,80,2945,1.165,0.005,53.402,274.493,6.228,0.095,3.784,3.74
2019/12/23 14:00,4955,7935,45,2935,1.166,0.005,19.505,115.863,6.248,0.099,3.488,3.527
2019/12/23 15:00,5279,8239,16,2944,1.168,0.005,0.437,3.397,6.291,0.105,3.165,3.389
2019/12/23 16:00,5460,8373,7,2906,1.169,0.005,0,0,6.344,0.109,3.082,3.391
2019/12/23 17:00,5247,8191,4,2940,1.17,0.005,0,0,6.402,0.108,3.016,3.389
2019/12/23 18:00,4741,7679,0,2938,1.171,0.005,0,0,6.481,0.14,2.948,3.399
2019/12/23 19:00,4332,7236,0,2904,1.173,0.005,0,0,6.574,0.13,2.876,3.428
2019/12/23 20:00,3836,6713,0,2877,1.174,0.005,0,0,6.655,0.116,2.823,3.549
2019/12/23 21:00,3749,6647,0,2898,1.176,0.005,0,0,6.732,0.111,2.644,3.533
2019/12/23 22:00,3231,6172,0,2941,1.178,0.004,0,0,6.807,0.099,2.344,3.451
2019/12/23 23:00,2850,5786,0,2936,1.18,0.004,0,0,6.875,0.086,2.039,3.364
2019/12/24 0:00,2557,5477,0,2920,1.182,0.004,0,0,6.932,0.073,1.803,3.265
2019/12/24 1:00,2448,5340,0,2892,1.183,0.004,0,0,6.981,0.065,1.598,3.13
2019/12/24 2:00,2321,5201,0,2880,1.184,0.004,0,0,7.023,0.054,1.421,2.996
2019/12/24 3:00,2443,5330,0,2887,1.184,0.004,0,0,7.049,0.035,1.339,2.931
2019/12/24 4:00,2859,5650,0,2791,1.184,0.004,0,0,7.061,0.023,1.38,2.881
2019/12/24 5:00,3330,6112,0,2782,1.183,0.004,0,0,7.066,0.017,1.369,2.899
2019/12/24 6:00,4128,6870,8,2734,1.184,0.004,0.365,1.614,7.068,0.015,1.257,2.892
2019/12/24 7:00,4573,7232,23,2636,1.184,0.004,39.64,108.595,7.068,0.012,1.432,2.785
2019/12/24 8:00,4668,7382,60,2654,1.183,0.004,120.791,268.736,7.059,0.013,2.537,2.83
2019/12/24 9:00,4727,7363,96,2540,1.181,0.004,193.735,382.723,7.028,0.013,3.652,2.847
2019/12/24 10:00,4776,7179,136,2267,1.178,0.004,231.487,442.389,6.971,0.02,4.439,2.794
2019/12/24 11:00,5047,6963,162,1754,1.175,0.004,225.937,443.693,6.917,0.035,4.964,2.633
2019/12/24 12:00,5486,6702,154,1062,1.173,0.004,170.161,386.509,6.889,0.046,5.113,2.243
2019/12/24 13:00,5966,6650,106,578,1.172,0.005,97.768,274.768,6.869,0.032,4.75,1.471
2019/12/24 14:00,6416,6811,48,347,1.171,0.005,28.965,116.092,6.853,0.023,3.493,0.921
2019/12/24 15:00,7015,7187,14,158,1.171,0.004,0.491,3.425,6.857,0.038,2.654,0.957
2019/12/24 16:00,7287,7341,4,50,1.172,0.004,0,0,6.885,0.067,2.531,1.12
2019/12/24 17:00,6904,6996,4,88,1.174,0.004,0,0,6.906,0.066,2.413,1.276
2019/12/24 18:00,5796,6447,0,651,1.175,0.005,0,0,6.893,0.062,2.414,1.45
2019/12/24 19:00,5555,6158,0,603,1.175,0.005,0,0,6.847,0.021,2.38,1.719
2019/12/24 20:00,5660,5957,0,297,1.175,0.005,0,0,6.792,0.022,2.201,2.029
2019/12/24 21:00,5428,6075,0,647,1.175,0.005,0,0,6.749,0.027,2.193,2.312
2019/12/24 22:00,4915,5748,0,833,1.176,0.004,0,0,6.724,0.036,2.145,2.517
2019/12/24 23:00,4596,5444,0,848,1.177,0.004,0,0,6.721,0.053,1.978,2.555
2019/12/25 0:00,3741,5157,0,1416,1.177,0.004,0,0,6.737,0.066,1.821,2.467
2019/12/25 1:00,3719,5022,0,1303,1.178,0.004,0,0,6.772,0.08,1.681,2.35
2019/12/25 2:00,3581,4859,0,1278,1.178,0.004,0,0,6.824,0.096,1.507,2.163
2019/12/25 3:00,3337,4901,0,1564,1.179,0.004,0,0,6.884,0.098,1.549,2.219
2019/12/25 4:00,3030,5128,0,2098,1.179,0.004,0,0,6.946,0.095,1.727,2.336
2019/12/25 5:00,3305,5317,0,2012,1.179,0.004,0,0,7.005,0.084,1.879,2.388
2019/12/25 6:00,4034,5873,8,1831,1.178,0.005,0.355,1.647,7.069,0.091,1.94,2.341
2019/12/25 7:00,4563,6244,23,1658,1.178,0.005,35.817,108.934,7.127,0.074,2.518,2.442
2019/12/25 8:00,5016,6643,70,1557,1.177,0.005,102.046,269.118,7.15,0.064,3.663,2.551
2019/12/25 9:00,5199,6883,131,1553,1.175,0.005,152.553,383.157,7.175,0.142,4.544,2.603
2019/12/25 10:00,5218,6968,181,1569,1.173,0.005,180.111,442.841,7.281,0.299,5.055,2.771
2019/12/25 11:00,5120,6736,189,1427,1.171,0.005,186.227,444.122,7.454,0.338,5.359,2.821
2019/12/25 12:00,5064,6508,147,1297,1.171,0.005,150.068,386.943,7.645,0.331,5.295,2.66
2019/12/25 13:00,5229,6405,92,1084,1.172,0.005,80.287,275.176,7.839,0.257,4.707,2.317
2019/12/25 14:00,5563,6403,43,797,1.175,0.005,23.921,116.484,7.978,0.165,3.851,2.124
2019/12/25 15:00,5884,6716,14,818,1.178,0.005,0.558,3.473,8.056,0.132,3.066,2.216
2019/12/25 16:00,5469,7004,7,1528,1.181,0.005,0,0,8.168,0.223,2.551,2.395
2019/12/25 17:00,4996,6987,4,1987,1.183,0.005,0,0,8.359,0.265,2.212,2.445
2019/12/25 18:00,4366,6679,0,2313,1.185,0.004,0,0,8.521,0.145,1.792,2.356
2019/12/25 19:00,4048,6427,0,2379,1.188,0.004,0,0,8.636,0.131,1.364,2.286
2019/12/25 20:00,3471,6101,0,2630,1.19,0.004,0,0,8.744,0.123,1.047,2.323
2019/12/25 21:00,3402,6109,0,2707,1.193,0.004,0,0,8.845,0.113,0.795,2.363
2019/12/25 22:00,2968,5761,0,2793,1.194,0.004,0,0,8.937,0.106,0.58,2.338
2019/12/25 23:00,2853,5455,0,2602,1.196,0.004,0,0,9.019,0.096,0.374,2.25
2019/12/26 0:00,2884,5185,0,2301,1.198,0.004,0,0,9.088,0.082,0.203,2.217
2019/12/26 1:00,3030,5108,0,2078,1.199,0.004,0,0,9.145,0.069,0.019,2.186
2019/12/26 2:00,2924,4981,0,2057,1.2,0.004,0,0,9.197,0.057,-0.166,2.156
2019/12/26 3:00,2910,5048,0,2138,1.2,0.004,0,0,9.242,0.049,-0.321,2.128
2019/12/26 4:00,3105,5298,0,2193,1.201,0.004,0,0,9.281,0.044,-0.517,2.119
2019/12/26 5:00,3248,5596,0,2348,1.202,0.004,0,0,9.315,0.038,-0.745,2.028
2019/12/26 6:00,4072,6173,8,2093,1.202,0.004,0.401,1.697,9.348,0.037,-0.995,1.93
2019/12/26 7:00,4734,6565,23,1808,1.203,0.004,41.905,109.44,9.378,0.032,-0.701,1.933
2019/12/26 8:00,5280,6919,66,1573,1.202,0.004,128.498,269.714,9.394,0.024,0.61,1.983
2019/12/26 9:00,5402,7061,126,1533,1.199,0.004,206.543,383.767,9.38,0.016,1.964,2.167
2019/12/26 10:00,5359,7093,174,1560,1.196,0.004,259.658,443.463,9.327,0.009,2.876,2.248
2019/12/26 11:00,5092,6831,182,1557,1.193,0.004,275.071,444.787,9.241,0.005,3.491,2.176
2019/12/26 12:00,5298,6587,157,1132,1.191,0.004,229.739,387.563,9.149,0.004,3.658,1.97
2019/12/26 13:00,5671,6508,110,727,1.191,0.004,145.675,275.787,9.09,0.002,3.349,1.461
2019/12/26 14:00,5908,6599,52,639,1.192,0.004,46.841,117.039,9.074,0.001,1.915,0.894
2019/12/26 15:00,6359,6995,14,622,1.193,0.003,0.774,3.542,9.074,0.002,0.494,0.923
2019/12/26 16:00,6769,7406,4,633,1.195,0.003,0,0,9.075,0.001,-0.07,0.928
2019/12/26 17:00,6785,7441,4,652,1.196,0.003,0,0,9.077,0.001,-0.664,0.928
2019/12/26 18:00,6538,7099,0,561,1.198,0.003,0,0,9.079,0.001,-1.077,0.924
2019/12/26 19:00,6444,6800,0,356,1.199,0.003,0,0,9.08,0.001,-1.388,0.942
2019/12/26 20:00,6045,6435,0,390,1.201,0.003,0,0,9.082,0.002,-1.433,0.959
2019/12/26 21:00,5900,6412,0,512,1.202,0.003,0,0,9.087,0.006,-1.468,0.983
2019/12/26 22:00,5455,6005,0,550,1.202,0.003,0,0,9.098,0.011,-1.522,1.023
2019/12/26 23:00,4986,5645,0,659,1.202,0.003,0,0,9.119,0.025,-1.436,1.039
2019/12/27 0:00,4703,5374,0,671,1.203,0.003,0,0,9.156,0.04,-1.462,1.02
2019/12/27 1:00,4559,5238,0,679,1.203,0.003,0,0,9.205,0.05,-1.544,1.015
2019/12/27 2:00,4469,5120,0,651,1.203,0.003,0,0,9.262,0.055,-1.62,1.032
2019/12/27 3:00,4747,5249,0,502,1.203,0.003,0,0,9.324,0.057,-1.613,1.021
2019/12/27 4:00,5288,5709,0,421,1.203,0.003,0,0,9.388,0.057,-1.706,0.989
2019/12/27 5:00,5977,6332,0,355,1.203,0.003,0,0,9.459,0.064,-1.866,0.951
2019/12/27 6:00,6788,7170,8,374,1.203,0.003,0.336,1.762,9.544,0.08,-1.967,0.923
2019/12/27 7:00,7109,7601,18,474,1.203,0.003,34.231,110.088,9.648,0.093,-1.269,0.89
2019/12/27 8:00,7350,7891,49,492,1.203,0.004,105.847,270.437,9.751,0.097,0.484,1.174
2019/12/27 9:00,7421,7998,99,478,1.2,0.004,168.211,384.524,9.817,0.088,1.713,1.244
2019/12/27 10:00,7267,8043,146,630,1.197,0.004,202.764,444.262,9.846,0.087,2.543,1.383
2019/12/27 11:00,7022,7980,162,796,1.196,0.004,199.354,445.574,9.859,0.089,2.819,1.561
2019/12/27 12:00,6772,7836,140,924,1.196,0.004,167.955,388.385,9.879,0.096,2.733,1.691
2019/12/27 13:00,6598,7746,94,1054,1.197,0.004,106.539,276.549,9.92,0.083,2.269,1.497
2019/12/27 14:00,6623,7823,46,1154,1.199,0.004,36.578,117.75,9.981,0.069,0.922,1.062
2019/12/27 15:00,6612,8137,14,1511,1.202,0.003,0.546,3.634,10.039,0.05,-0.465,1.16
2019/12/27 16:00,6545,8386,4,1837,1.205,0.003,0,0,10.085,0.042,-0.936,1.474
2019/12/27 17:00,6414,8242,4,1824,1.208,0.003,0,0,10.126,0.038,-1.339,1.688
2019/12/27 18:00,5755,7730,0,1975,1.211,0.003,0,0,10.164,0.033,-1.677,1.804
2019/12/27 19:00,5171,7216,0,2045,1.213,0.003,0,0,10.196,0.029,-2.029,1.793
2019/12/27 20:00,4504,6733,0,2229,1.216,0.003,0,0,10.223,0.025,-2.278,1.821
2019/12/27 21:00,4228,6708,0,2480,1.217,0.003,0,0,10.249,0.026,-2.432,1.939
2019/12/27 22:00,3674,6280,0,2606,1.218,0.003,0,0,10.278,0.031,-2.437,2.11
2019/12/27 23:00,3266,5884,0,2618,1.22,0.003,0,0,10.313,0.036,-2.486,2.198
2019/12/28 0:00,3234,5650,0,2416,1.221,0.003,0,0,10.348,0.036,-2.595,2.214
2019/12/28 1:00,3095,5534,0,2439,1.222,0.003,0,0,10.386,0.039,-2.69,2.175
2019/12/28 2:00,2851,5396,0,2545,1.222,0.003,0,0,10.429,0.047,-2.708,2.277
2019/12/28 3:00,3035,5489,0,2454,1.223,0.003,0,0,10.475,0.044,-2.762,2.345
2019/12/28 4:00,3350,5813,0,2463,1.224,0.003,0,0,10.518,0.045,-2.99,2.329
2019/12/28 5:00,3870,6203,0,2333,1.226,0.003,0,0,10.56,0.039,-3.249,2.375
2019/12/28 6:00,4533,6925,8,2384,1.228,0.003,0.411,1.845,10.599,0.041,-3.559,2.392
2019/12/28 7:00,4805,7338,18,2515,1.229,0.003,43.444,110.903,10.632,0.032,-3.286,2.599
2019/12/28 8:00,5184,7682,50,2448,1.229,0.003,131.23,271.333,10.655,0.027,-2.189,2.944
2019/12/28 9:00,5230,7870,94,2546,1.227,0.003,203.718,385.453,10.669,0.029,-1.217,3.28
2019/12/28 10:00,5152,7908,117,2639,1.226,0.003,243.785,445.242,10.67,0.03,-0.729,3.415
2019/12/28 11:00,5036,7790,107,2647,1.225,0.003,254.403,446.568,10.66,0.026,-0.539,3.423
2019/12/28 12:00,4861,7661,85,2715,1.225,0.003,199.997,389.33,10.647,0.02,-0.693,3.246
2019/12/28 13:00,4861,7591,59,2671,1.225,0.003,131.805,277.466,10.641,0.015,-1.112,2.963
2019/12/28 14:00,5041,7681,28,2612,1.227,0.003,46.151,118.63,10.645,0.012,-2.081,2.509
2019/12/28 15:00,5390,8040,10,2640,1.23,0.002,1.243,3.749,10.654,0.011,-3.279,2.426
2019/12/28 16:00,5691,8392,4,2697,1.233,0.002,0,0,10.663,0.01,-3.831,2.583
2019/12/28 17:00,5435,8227,4,2788,1.235,0.002,0,0,10.669,0.007,-4.184,2.629
2019/12/28 18:00,4863,7756,0,2893,1.237,0.002,0,0,10.673,0.004,-4.418,2.594
2019/12/28 19:00,4491,7373,0,2882,1.238,0.002,0,0,10.675,0.003,-4.643,2.542
2019/12/28 20:00,4177,6984,0,2807,1.239,0.002,0,0,10.677,0.002,-4.823,2.455
2019/12/28 21:00,4167,6979,0,2812,1.239,0.002,0,0,10.678,0.002,-4.979,2.406
2019/12/28 22:00,3785,6567,0,2782,1.239,0.002,0,0,10.679,0.002,-5.074,2.369
2019/12/28 23:00,3566,6245,0,2679,1.239,0.002,0,0,10.68,0.001,-5.161,2.293
2019/12/29 0:00,3369,5981,0,2612,1.239,0.002,0,0,10.681,0.002,-5.226,2.262
2019/12/29 1:00,3331,5888,0,2557,1.239,0.002,0,0,10.683,0.003,-5.199,2.257
2019/12/29 2:00,3230,5726,0,2496,1.239,0.002,0,0,10.685,0.002,-5.14,2.236
2019/12/29 3:00,3250,5753,0,2503,1.239,0.002,0,0,10.686,0.002,-5.127,2.26
2019/12/29 4:00,3505,5903,0,2398,1.239,0.002,0,0,10.688,0.002,-5.26,2.182
2019/12/29 5:00,3753,6126,0,2373,1.24,0.002,0,0,10.688,0.001,-5.378,2.137
2019/12/29 6:00,4346,6729,8,2375,1.24,0.002,0.45,1.947,10.689,0.001,-5.489,2.108
2019/12/29 7:00,4590,7094,20,2484,1.24,0.002,49.932,111.875,10.689,0.001,-5.022,2.31
2019/12/29 8:00,4959,7384,58,2367,1.237,0.002,153.919,272.396,10.688,0.002,-3.627,2.513
2019/12/29 9:00,5165,7498,114,2219,1.234,0.002,236.134,386.577,10.68,0.001,-2.182,2.582
2019/12/29 10:00,5583,7505,161,1761,1.231,0.002,268.806,446.388,10.64,0.001,-1.197,2.513
2019/12/29 11:00,5392,7410,180,1838,1.228,0.003,270.386,447.707,10.575,0,-0.682,2.443
2019/12/29 12:00,5192,7225,163,1870,1.226,0.003,243.746,390.473,10.514,0,-0.484,2.31
2019/12/29 13:00,5176,7143,112,1855,1.226,0.003,172.119,278.58,10.476,0,-0.733,2.001
2019/12/29 14:00,5642,7207,53,1512,1.227,0.003,61.466,119.664,10.468,0,-2.046,1.359
2019/12/29 15:00,6218,7548,15,1315,1.229,0.002,1.453,3.889,10.468,0.001,-3.668,1.208
2019/12/29 16:00,6765,8006,5,1236,1.231,0.002,0,0,10.469,0,-4.232,1.248
2019/12/29 17:00,6800,8028,4,1224,1.233,0.002,0,0,10.47,0,-4.746,1.168
2019/12/29 18:00,6671,7680,0,1009,1.234,0.002,0,0,10.471,0,-5.316,1.121
2019/12/29 19:00,6474,7357,0,883,1.235,0.002,0,0,10.471,0,-5.614,1.093
2019/12/29 20:00,6077,7000,0,923,1.236,0.002,0,0,10.471,0,-5.839,1.08
2019/12/29 21:00,6167,6985,0,818,1.236,0.002,0,0,10.472,0,-5.935,1.113
2019/12/29 22:00,5872,6602,0,730,1.237,0.002,0,0,10.472,0,-6.017,1.144
2019/12/29 23:00,5734,6340,0,606,1.237,0.002,0,0,10.472,0,-6.167,1.144
2019/12/30 0:00,5621,6110,0,489,1.237,0.002,0,0,10.472,0,-6.285,1.09
2019/12/30 1:00,5689,5985,0,296,1.237,0.002,0,0,10.472,0,-6.273,1.064
2019/12/30 2:00,5656,5860,0,204,1.236,0.002,0,0,10.473,0,-6.191,1.076
2019/12/30 3:00,5817,6005,0,188,1.236,0.002,0,0,10.473,0,-6.145,1.086
2019/12/30 4:00,6265,6449,0,184,1.235,0.002,0,0,10.473,0,-6.11,1.116
2019/12/30 5:00,6931,7038,0,107,1.235,0.002,0,0,10.473,0,-6.025,1.113
2019/12/30 6:00,7648,7790,8,134,1.234,0.002,0.595,2.075,10.473,0,-5.956,1.111
2019/12/30 7:00,8069,8192,22,101,1.232,0.002,59.252,113.001,10.473,0,-4.938,1.264
2019/12/30 8:00,8178,8304,69,57,1.229,0.002,172.985,273.604,10.471,0,-2.497,1.21
2019/12/30 9:00,8042,8214,148,24,1.224,0.002,260.573,387.884,10.441,0,-0.32,1.026
2019/12/30 10:00,7836,8076,217,23,1.218,0.003,306.514,447.711,10.347,0,1.249,0.909
2019/12/30 11:00,7728,8002,240,34,1.212,0.003,306.224,449.061,10.2,0,2.242,0.864
2019/12/30 12:00,7681,7913,210,22,1.208,0.003,256.83,391.791,10.037,0,2.647,0.775
2019/12/30 13:00,7720,7884,142,22,1.207,0.003,167.446,279.838,9.925,0,2.25,0.501
2019/12/30 14:00,7816,7955,63,76,1.206,0.003,58.09,120.856,9.888,0,0.612,0.609
2019/12/30 15:00,8067,8258,16,175,1.207,0.003,1.296,4.054,9.885,0,-0.85,0.866
2019/12/30 16:00,8200,8588,4,384,1.207,0.003,0,0,9.885,0,-1.42,1.001
2019/12/30 17:00,8073,8462,4,385,1.206,0.003,0,0,9.885,0,-1.686,1.052
2019/12/30 18:00,7608,7936,0,328,1.205,0.003,0,0,9.885,0,-1.865,1.06
2019/12/30 19:00,7031,7397,0,366,1.204,0.003,0,0,9.885,0,-1.967,1.068
2019/12/30 20:00,6633,6921,0,288,1.203,0.003,0,0,9.886,0,-1.931,1.071
2019/12/30 21:00,6513,6811,0,298,1.201,0.003,0,0,9.886,0,-1.761,1.073
2019/12/30 22:00,5970,6348,0,378,1.199,0.003,0,0,9.886,0,-1.499,1.069
2019/12/30 23:00,5649,6021,0,372,1.198,0.003,0,0,9.886,0,-1.27,1.074
2019/12/31 0:00,5351,5725,0,374,1.197,0.003,0,0,9.887,0,-0.996,1.125
2019/12/31 1:00,5230,5580,0,350,1.196,0.003,0,0,9.888,0,-0.704,1.163
2019/12/31 2:00,5130,5402,0,272,1.195,0.003,0,0,9.888,0,-0.495,1.198
2019/12/31 3:00,5161,5496,0,335,1.195,0.003,0,0,9.888,0,-0.372,1.247
2019/12/31 4:00,5552,5886,0,334,1.195,0.003,0,0,9.888,0,-0.359,1.334
2019/12/31 5:00,5929,6320,0,391,1.195,0.003,0,0,9.887,0,-0.513,1.424
2019/12/31 6:00,6570,7039,8,461,1.196,0.003,0.507,2.227,9.885,0,-0.712,1.524
2019/12/31 7:00,6872,7455,29,554,1.196,0.003,53.142,114.294,9.883,0,-0.177,1.67
2019/12/31 8:00,6908,7596,98,590,1.196,0.004,164.454,275.02,9.861,0,1.697,1.952
2019/12/31 9:00,6717,7504,197,590,1.192,0.004,264.619,389.353,9.773,0,3.548,2.054
2019/12/31 10:00,6423,7338,274,641,1.189,0.004,317.551,449.218,9.613,0,4.767,2.148
2019/12/31 11:00,6044,7184,286,854,1.187,0.004,311.096,450.564,9.381,0,5.264,2.143
2019/12/31 12:00,5662,7102,233,1207,1.186,0.004,248.825,393.28,9.156,0,5.104,2.074
2019/12/31 13:00,5211,7155,150,1794,1.188,0.004,151.638,281.288,9.012,0,4.129,1.964
2019/12/31 14:00,4913,7253,67,2273,1.192,0.004,49.894,122.212,8.964,0,2.508,1.886
2019/12/31 15:00,5266,7528,19,2243,1.196,0.004,1.279,4.247,8.958,0.001,0.788,1.847
2019/12/31 16:00,5752,7807,7,2048,1.201,0.004,0,0,8.957,0,-0.113,1.835
2019/12/31 17:00,5629,7721,4,2088,1.205,0.003,0,0,8.958,0,-0.774,1.752
2019/12/31 18:00,5152,7151,0,1999,1.208,0.003,0,0,8.958,0,-1.116,1.787
2019/12/31 19:00,4948,6748,0,1800,1.21,0.003,0,0,8.959,0,-1.352,1.777
2019/12/31 20:00,4472,6429,0,1957,1.212,0.003,0,0,8.96,0,-1.629,1.691
2019/12/31 21:00,4464,6492,0,2028,1.213,0.003,0,0,8.961,0,-1.959,1.665
2019/12/31 22:00,4262,6206,0,1944,1.215,0.003,0,0,8.962,0,-2.162,1.689
2019/12/31 23:00,4076,5967,0,1891,1.216,0.003,0,0,8.963,0,-2.25,1.694
